"ID","ContinentID","X","Y","Z","Radius","Box_Length","Box_Width","Box_Height","Box_Yaw"
"45","0","2924.3798828125","-798.4290161132812","161.61099243164062","8","0","0","0","0"
"71","0","-10645.900390625","1179.06005859375","48.1781005859375","27","0","0","0","0"
"78","0","-11208.5","1685.3399658203125","25.761199951171875","7","0","0","0","0"
"84","0","16449.900390625","16393.19921875","69.44439697265625","15","0","0","0","0"
"87","0","-9077.33984375","-552.9249877929688","60.347599029541016","30","0","0","0","0"
"88","0","-9843.5400390625","127.5250015258789","5.369800090789795","10","0","0","0","0"
"97","0","-5660.330078125","755.2990112304688","389.6050109863281","15","0","0","0","0"
"98","0","-11634.7998046875","-54.069698333740234","13.443900108337402","30","0","0","0","0"
"100","0","2019.349365234375","1904.359375","105.14444732666016","7","0","0","0","0"
"101","0","-8761.849609375","848.5570068359375","87.8051986694336","0","4.9720001220703125","9.694000244140625","7.443999767303467","0.6632000207901001"
"107","0","-8667.5595703125","623.56298828125","85.40540313720703","7","0","0","0","0"
"145","0","-229.49000549316406","1576.3499755859375","78.89089965820312","7","0","0","0","0"
"168","0","-5584.20654296875","759.8321533203125","384.2901611328125","15","0","0","0","0"
"169","0","-5586.4599609375","679.2979736328125","384.9549865722656","8","0","0","0","0"
"171","0","-5763.72021484375","-3439.580078125","306.3659973144531","50","0","0","0","0"
"173","0","1058.1099853515625","1554.6800537109375","-15","90","0","0","0","0"
"175","0","-4086.360107421875","-2610.949951171875","46.01430130004883","20","0","0","0","0"
"178","0","683.77099609375","-912.1439819335938","174.5","5","0","0","0","0"
"196","0","-12153.62109375","894.0137329101562","9.538912773132324","80","0","0","0","0"
"197","0","-9796.1796875","157.7729949951172","25.387800216674805","9","0","0","0","0"
"284","0","-8681.3701171875","434.406005859375","99.25789642333984","7","0","0","0","0"
"286","0","-6053.72998046875","-2954.6298828125","213.68600463867188","10","0","0","0","0"
"324","0","-5161.330078125","939.6229858398438","258.2879943847656","10","0","0","0","0"
"342","0","-9029.173828125","-608.328857421875","56.467899322509766","30","0","0","0","0"
"362","0","-10429.4345703125","-3828.8408203125","-31.62964630126953","150","0","0","0","0"
"382","0","-8681.400390625","434.4389953613281","99.25900268554688","7","0","0","0","0"
"446","0","-10162.7001953125","-3998.64990234375","-107.97799682617188","11","0","0","0","0"
"482","0","-8932.7802734375","-1986.4000244140625","139.90499877929688","12","0","0","0","0"
"523","0","-4858.27001953125","785.030029296875","241.05999755859375","12","0","0","0","0"
"562","0","-9465.580078125","16.847200393676758","65.9209976196289","30","0","0","0","0"
"610","0","2925.179931640625","-820.5449829101562","161.63400268554688","8","0","0","0","0"
"612","0","2877.97998046875","-839.2670288085938","163.0489959716797","6","0","0","0","0"
"614","0","2859.72998046875","-824.9099731445312","162.08299255371094","8","0","0","0","0"
"682","0","-9219.3701171875","-2149.93994140625","70.60600280761719","30","0","0","0","0"
"702","0","-9023.259765625","892.3980102539062","33.50960159301758","7","0","0","0","0"
"704","0","-9020.08984375","880.5020141601562","151.5760040283203","7","0","0","0","0"
"707","0","-10517","-1158.3900146484375","39.05419921875","30","0","0","0","0"
"708","0","-854.5469970703125","-576.3140258789062","18.465900421142578","0","56.189998626708984","27.530000686645508","28.530000686645508","4.711999893188477"
"710","0","-5601.4599609375","-530.7470092773438","395.4830017089844","35","0","0","0","0"
"712","0","-5390.18017578125","-2953.929931640625","322.0299987792969","36","0","0","0","0"
"713","0","-3823.06005859375","-834.5260009765625","18.278900146484375","30","0","0","0","0"
"719","0","2266.679931640625","245.9929962158203","44.41450119018555","30","0","0","0","0"
"720","0","511.5360107421875","1638.6300048828125","75.41729736328125","50","0","0","0","0"
"721","0","-4.944439888000488","-934.9099731445312","62.46860122680664","0","24.559999465942383","25.719999313354492","11.579999923706055","5.828999996185303"
"802","0","-3752.81005859375","-851.5579833984375","10.115300178527832","20","0","0","0","0"
"803","0","-3668.340087890625","-823.8389892578125","9.899149894714355","12","0","0","0","0"
"844","0","-10487.2998046875","-3256.8701171875","39.896400451660156","30","0","0","0","0"
"862","0","-14457","496.45001220703125","39.139198303222656","28","0","0","0","0"
"902","0","-6606.47998046875","-3762.18994140625","266.9100036621094","12","0","0","0","0"
"1042","0","357.2200012207031","-2106.090087890625","121.83899688720703","60","0","0","0","0"
"1103","0","-14468","457.51300048828125","15.982199668884277","2","0","0","0","0"
"1104","0","-5096.759765625","750.2050170898438","260.54998779296875","2","0","0","0","0"
"1125","0","-8561.5400390625","823.3829956054688","106.51899719238281","3","0","0","0","0"
"1205","0","-295.6390075683594","-3460.679931640625","193.88400268554688","14","0","0","0","0"
"1426","0","-11204.5","-2730.610107421875","14.897199630737305","2","0","0","0","0"
"1427","0","-11079.7001953125","-2855.639892578125","10.691100120544434","2","0","0","0","0"
"1428","0","-11208.099609375","-2960.47998046875","9.214489936828613","2","0","0","0","0"
"1429","0","-11337.400390625","-2848.929931640625","9.344039916992188","2","0","0","0","0"
"1446","0","-11185.099609375","-2834.6298828125","116.4739990234375","2","0","0","0","0"
"1466","0","-7176.6298828125","-937.6669921875","170.20599365234375","13","0","0","0","0"
"1468","0","-7518.18994140625","-1239.1300048828125","287.2430114746094","10","0","0","0","0"
"1506","0","-7921.14013671875","-2604.179931640625","223.3459930419922","8","0","0","0","0"
"1606","0","-6657.35009765625","-2157.10009765625","264.13299560546875","30","0","0","0","0"
"1646","0","-907.864990234375","-3534.239990234375","83.78780364990234","30","0","0","0","0"
"2146","0","16299.2001953125","16277.2998046875","73.97229766845703","0","41.279998779296875","4.666999816894531","9.305999755859375","0"
"2173","0","-8346.4599609375","514.031005859375","96.5988998413086","10","0","0","0","0"
"2175","0","-4840.259765625","-1330.4599609375","508.1719970703125","10","0","0","0","0"
"2214","0","3237.4599609375","-4060.60009765625","112.01000213623047","0","10","10","10","0"
"2216","0","3392.4599609375","-3396.77001953125","143.072998046875","0","22.829999923706055","8.083000183105469","34.689998626708984","0"
"2217","0","3392.56005859375","-3361.780029296875","142.802001953125","0","27.940000534057617","7.083000183105469","35.189998626708984","0"
"2246","0","1757.260009765625","-1165.9300537109375","59.602500915527344","20","0","0","0","0"
"2248","0","1855.1300048828125","-1569.219970703125","59.182498931884766","20","0.33329999446868896","0.33329999446868896","0.33329999446868896","0"
"2250","0","1462.1300048828125","-1864.02001953125","58.70280075073242","20","0.33329999446868896","0.33329999446868896","0.33329999446868896","0"
"2252","0","1668.1199951171875","-2282.56005859375","59.22209930419922","20","0","0","0","0"
"2387","0","-9897.2099609375","-3725.090087890625","24.66710090637207","15","0","0","0","0"
"2412","0","97.43199920654297","-176.2740020751953","127.86599731445312","0","10.5600004196167","16.5","22.170000076293945","5.252999782562256"
"2413","0","544.8300170898438","-1079.949951171875","109.49400329589844","0","12.170000076293945","19.059999465942383","12.0600004196167","3.822000026702881"
"2567","0","1282.050048828125","-2548.72998046875","85.39939880371094","0","10.5600004196167","13.029999732971191","21.670000076293945","0.47119998931884766"
"2626","0","1756.7900390625","-1200.1500244140625","60.735198974609375","20","0","0","0","0"
"2627","0","1723.3199462890625","-1198.3800048828125","60.00960159301758","20","0","0","0","0"
"2628","0","1723.0999755859375","-1166.7099609375","59.57749938964844","20","0","0","0","0"
"2629","0","1879.5985107421875","-1546.0826416015625","59.03010940551758","20","0","0","0","0"
"2630","0","1903","-1570.260009765625","59.70349884033203","20","0","0","0","0"
"2631","0","1878.0799560546875","-1593.739990234375","59.473899841308594","20","0","0","0","0"
"2632","0","1487.030029296875","-1840.9100341796875","58.66749954223633","20","0","0","0","0"
"2633","0","1510.4599609375","-1863.239990234375","59.10599899291992","20","0","0","0","0"
"2634","0","1485.6099853515625","-1888.68994140625","59.0901985168457","20","0","0","0","0"
"2635","0","1681.1168212890625","-2250.931884765625","59.0211181640625","20","0","0","0","0"
"2636","0","1712.75","-2263.280029296875","64.08889770507812","20","0","0","0","0"
"2637","0","1700.25","-2295.360107421875","58.98460006713867","20","0","0","0","0"
"2647","0","2841.81005859375","-1544.52001953125","190.51600646972656","7","0","0","0","0"
"2706","0","2964.56005859375","-2712.889892578125","98.74459838867188","10","0.33329999446868896","0.33329999446868896","0.33329999446868896","0"
"2707","0","2980.10009765625","-2720.919921875","99.93370056152344","10","0.2777999937534332","0.2777999937534332","0.2777999937534332","0"
"2726","0","1868.9599609375","-3223.389892578125","123.06500244140625","35","0","0","0","0"
"2746","0","-8821.3603515625","633.2969970703125","94.07579803466797","15","0.2777999937534332","0.2777999937534332","0.2777999937534332","0"
"2786","0","-9050.8701171875","445.4580078125","93.05580139160156","1","0.2777999937534332","0.2777999937534332","0.2777999937534332","0"
"3066","0","40.96730041503906","-1490.3699951171875","174.51600646972656","8","0","0","0","0"
"3106","0","-30.053300857543945","-1576.5","194.4530029296875","5","0","0","0","0"
"3366","0","2832.070068359375","-1540.47998046875","190.1649932861328","7","0","0","0","0"
"3367","0","2843.39990234375","-1553.260009765625","190.7209930419922","7","0","0","0","0"
"3528","0","-7510.8701171875","-1035.8699951171875","182.95199584960938","0","3.8329999446868896","0.3610999882221222","2.055999994277954","0.7156000137329102"
"3529","0","-7512.16015625","-1034.780029296875","177.20799255371094","4","0","0","0","0"
"3530","0","-8536.1796875","452.1650085449219","104.91699981689453","10","0.33329999446868896","0.33329999446868896","0.33329999446868896","0"
"3547","0","1642.0999755859375","239.84300231933594","62.59159851074219","13","0","0","0","0"
"3548","0","-4754.56005859375","-3313.800048828125","313.5639953613281","14","0","0","0","0"
"3552","0","-11413.599609375","1954.9100341796875","14.240900039672852","22","0","0","0","0"
"3606","0","-7514.81005859375","-1033.1199951171875","163.80599975585938","10","0","0","0","0"
"3690","0","-622.1420288085938","-4582.14013671875","21","0","27.389999389648438","27.170000076293945","21.639999389648438","3.194000005722046"
"3847","0","-7663.39990234375","-1218.3699951171875","287.7879943847656","3","0","0","0","0"
"3886","0","-12432.7998046875","205.16900634765625","2.365149974822998","18","0","0","0","0"
"3928","0","-11915.7998046875","-1236.4300537109375","96.15019989013672","10","0","0","0","0"
"3953","0","-1189.27001953125","-2532.18994140625","22.704999923706055","0","7.5","13.5","17.309999465942383","0.03491000086069107"
"3954","0","-811.4249877929688","-3505.820068359375","73.13770294189453","0","5.166999816894531","14.3100004196167","16.920000076293945","0.6632000207901001"
"3991","0","1733.3199462890625","526.4739990234375","34.2494010925293","35","0","0","0","0"
"4017","0","-10636.2001953125","-391.3070068359375","101.87799835205078","10","0","0","0","0"
"4026","0","-5049.33984375","-818.4539794921875","495.2950134277344","2","0","0","0","0"
"4028","0","2051.360107421875","272.5719909667969","57.16339874267578","2","0","0","0","0"
"4029","0","-14294.2998046875","516.0880126953125","8.95398998260498","2","0","0","0","0"
"4030","0","-3755.10498046875","-775.7047729492188","9.888010025024414","2","0","0","0","0"
"4032","0","-8823.48046875","540.301025390625","96.90360260009766","2","0.2777999937534332","0.2777999937534332","0.2777999937534332","0"
"4058","0","2298.169921875","-5340.97998046875","90.87989807128906","0","33.5","17.690000534057617","24.559999465942383","2.181999921798706"
"4092","0","-9242.9697265625","419.1619873046875","86.53800201416016","6","6","6","6","0"
"4094","0","-9240.9599609375","238.4080047607422","71.38829803466797","6","0","0","0","0"
"4095","0","-9182.6201171875","414.85699462890625","89.55760192871094","6","6","6","6","0"
"4096","0","-9218.1298828125","318.62701416015625","73.88410186767578","6","0","0","0","0"
"4098","0","-5273.18017578125","-739.6209716796875","391.010986328125","6","0","0","0","0"
"4099","0","-5375.60009765625","-735.1820068359375","396.0169982910156","6","0","0","0","0"
"4100","0","1979.989990234375","305.25201416015625","41.186500549316406","6","0","0","0","0"
"4131","0","-11101.900390625","-1998.1199951171875","49.3306999206543","0","20.079999923706055","13.829999923706055","14.6899995803833","0.6980999708175659"
"4135","0","-11041.900390625","-1995.010009765625","93.03340148925781","0","8.972000122070312","5.583000183105469","13.329999923706055","5.375999927520752"
"4189","0","1782.199951171875","151.5919952392578","-62.29029846191406","1","0","0","0","0"
"4294","0","2541.943115234375","-4785.322265625","117.4510726928711","80","0","0","0","0"
"4354","0","-11908.900390625","-3209.10009765625","-14.790499687194824","0","3.8329999446868896","15.470000267028809","25.829999923706055","3.2809998989105225"
"4409","0","3483.580078125","-4510.18994140625","138.13800048828125","0","27.5","67.33000183105469","45.970001220703125","5.306000232696533"
"4712","0","-5139.7802734375","-623.5968017578125","397.4090270996094","5","0.2777999937534332","0.2777999937534332","0.2777999937534332","0"
"4715","0","-5172.1201171875","-611.083984375","397.2170104980469","5","0","0","0","0"
"4716","0","-5140.4033203125","-596.0069580078125","397.4938049316406","5","0","0","0","0"
"4718","0","-5173.60400390625","-624.0498046875","397.1761779785156","8","0","0","0","0"
"4733","0","-9017.099609375","876.969970703125","148.6179962158203","0","3","3","3","0"
"4734","0","-9020.400390625","889.0859985351562","29.62070083618164","0","3","3","3","0"
"4769","0","-4920.97021484375","-954.6489868164062","501.5119934082031","30","0","0","0","0"
"4770","0","-4704.66015625","-1218.949951171875","501.65899658203125","27","0","0","0","0"
"4772","0","-4969.56982421875","-1204.6800537109375","501.6210021972656","35","0","0","0","0"
"4774","0","-4662.93994140625","-956.39599609375","500.37701416015625","35","0","0","0","0"
"4786","0","-5604.4501953125","-462.58099365234375","401.92999267578125","25","0","0","0","0"
"4787","0","-5202.51708984375","-487.0711364746094","388.798828125","15","0","0","0","0"
"4788","0","-5604.10009765625","-462.39599609375","402.0610046386719","25","0","0","0","0"
"4789","0","-5202.62841796875","-486.8917541503906","388.820556640625","15","0","0","0","0"
"4820","0","-5187.41015625","-557.625","397.1759948730469","6","0","0","0","0"
"4990","0","-481.0419921875","1492.949951171875","19.932100296020508","0","121.69999694824219","113.30000305175781","16.030000686645508","0"
"5127","0","2479.340087890625","-5495.72998046875","421.84100341796875","4","0","0","0","0"
"5128","0","2469.2900390625","-5545.83984375","546.1010131835938","4","0","0","0","0"
"5129","0","2362.550048828125","-5574.5400390625","421.8380126953125","4","0","0","0","0"
"5130","0","2412.679931640625","-5584.64990234375","546.1010131835938","4","0","0","0","0"
"5131","0","2558.3701171875","-5612.56005859375","421.8349914550781","4","0","0","0","0"
"5132","0","2508.139892578125","-5602.5","546.1010131835938","4","0","0","0","0"
"5133","0","2441.3701171875","-5691.419921875","421.8340148925781","4","0","0","0","0"
"5134","0","2451.5","-5641.27001953125","546.1010131835938","4","0","0","0","0"
"5135","0","2427.669921875","-5548.64013671875","542.0910034179688","4","0","0","0","0"
"5136","0","2505.389892578125","-5563.89990234375","542.0889892578125","2","0","0","0","0"
"5137","0","2419.030029296875","-5622.169921875","542.0709838867188","3","0","0","0","0"
"5138","0","2486.989990234375","-5636.419921875","542.135986328125","3","0","0","0","0"
"5537","0","1419.719970703125","442.8399963378906","-77.23650360107422","0","5.269999980926514","6.525000095367432","10","0.6104999780654907"
"5538","0","1390.949951171875","416.7149963378906","-77.23729705810547","0","5.269999980926514","6.525000095367432","10","0.7728999853134155"
"5703","0","-9033.26953125","352.9360046386719","92.9811019897461","8","0","0","0","0"
"5704","0","-8867.900390625","652.4439697265625","95.91909790039062","10","0","0","0","0"
"5710","0","-8907.5595703125","628.0349731445312","99.52269744873047","0","0.8252999782562256","7.186999797821045","7.636000156402588","0.45879998803138733"
"5711","0","-8807.0595703125","666.0989990234375","99.20140075683594","0","15.84000015258789","1.059999942779541","6.2729997634887695","1.3270000219345093"
"5712","0","-8756.0302734375","657.3300170898438","106.09100341796875","0","2.806999921798706","0.7795000076293945","2.1570000648498535","1.8899999856948853"
"205","1","-1895.780029296875","-1109.0400390625","86.18299865722656","15","0","0","0","0"
"216","1","90.10030364990234","-1943.43994140625","79.47270202636719","9","0","0","0","0"
"217","1","10708.7998046875","762.0919799804688","1321.3699951171875","14","0","0","0","0"
"218","1","9859.08984375","588.760986328125","1300.6099853515625","14","0","0","0","0"
"219","1","9556.240234375","1654.77001953125","1299.489990234375","14","0","0","0","0"
"220","1","10675.2001953125","1857.449951171875","1324.1700439453125","10","0","0","0","0"
"223","1","4508.169921875","373.3760070800781","32.51250076293945","40","0","0","0","0"
"224","1","4605.56982421875","385.1579895019531","31.48270034790039","25","0","0","0","0"
"225","1","4558.35986328125","421.4460144042969","33.74250030517578","50","0","0","0","0"
"228","1","-753.5960083007812","-2212.780029296875","21.540300369262695","13","0","0","0","0"
"230","1","6744.97998046875","41.11640167236328","47.60409927368164","13","0","0","0","0"
"231","1","5996.56005859375","365.2099914550781","21.866100311279297","40","0","0","0","0"
"232","1","5980.169921875","330.66900634765625","21.765499114990234","40","0","0","0","0"
"233","1","4916.990234375","328.42999267578125","36.767799377441406","50","0","0","0","0"
"234","1","4641.18994140625","55.38010025024414","66.63069915771484","60","0","0","0","0"
"235","1","4554.64990234375","146.35400390625","59.50270080566406","70","0","0","0","0"
"236","1","4643.3798828125","145.3489990234375","57.904701232910156","50","0","0","0","0"
"237","1","4504.31005859375","32.3296012878418","86.49130249023438","80","0","0","0","0"
"238","1","6876.27978515625","-486.02899169921875","40.14360046386719","65","0","0","0","0"
"239","1","3469.429931640625","847.6199951171875","5.364759922027588","12","0","0","0","0"
"244","1","-4456.7001953125","-1655.989990234375","86.1094970703125","8","0","0","0","0"
"246","1","-4932.52978515625","-1596.050048828125","84.8156967163086","20","0","0","0","0"
"257","1","4252.3701171875","756.9739990234375","-23.063199996948242","12","0","0","0","0"
"302","1","-3463.260009765625","-4123.1298828125","17.104299545288086","8","0","0","0","0"
"303","1","-4058.75","-2732.5400390625","35.330101013183594","10","0","0","0","0"
"422","1","-93.1613998413086","1691.1500244140625","89.06490325927734","20","0","0","0","0"
"442","1","-4666.52001953125","-2536.820068359375","86.96710205078125","10","0","0","0","0"
"522","1","-1679.300048828125","-4328.9599609375","2.5859100818634033","4","0","0","0","0"
"527","1","9947.48046875","2630.0400390625","1318.5999755859375","10","0","0","0","0"
"542","1","8799.41015625","969.7869873046875","30.24090003967285","10","0","0","0","0"
"709","1","-3615.489990234375","-4467.33984375","24.31410026550293","30","0","0","0","0"
"715","1","9809.0498046875","959.18798828125","1315.3499755859375","32","0","0","0","0"
"716","1","6410.009765625","527.0349731445312","14.05780029296875","32","0","0","0","0"
"717","1","2756.639892578125","-423.0570068359375","119.38700103759766","32","0","0","0","0"
"722","1","-2366.699951171875","-345.9830017089844","-1.2931300401687622","30","0","0","0","0"
"742","1","-405.3110046386719","-2645.2900390625","111.97200012207031","30","0","0","0","0"
"743","1","-1051.43994140625","-3653.81005859375","31.13520050048828","30","0","0","0","0"
"843","1","341.4200134277344","-4684.7001953125","30.94930076599121","30","0","0","0","0"
"924","1","-6773.490234375","-2889.77001953125","15.106300354003906","20","0","0","0","0"
"942","1","-4950.64990234375","-1625.1400146484375","-3.015700101852417","25","0","0","0","0"
"943","1","-4950.740234375","-1595.1400146484375","-3.015700101852417","25","0","0","0","0"
"944","1","-4950.64990234375","-1567.0999755859375","-3.015700101852417","25","0","0","0","0"
"982","1","-2372.510009765625","-1991.6400146484375","120.9749984741211","35","0","0","0","0"
"1022","1","898.4819946289062","922.68798828125","126.78800201416016","35","0","0","0","0"
"1023","1","-7162.14013671875","-3845.949951171875","8.781929969787598","20","0","0","0","0"
"1024","1","-4370.830078125","3289.14990234375","23.78230094909668","35","0","0","0","0"
"1025","1","-4461.919921875","242.5780029296875","45.246498107910156","0","52.66999816894531","20.530000686645508","14.1899995803833","3.559999942779541"
"1387","1","4260.72998046875","-6273.64013671875","90.22889709472656","20","0","0","0","0"
"1388","1","4277.580078125","-6296","95.57640075683594","20","0","0","0","0"
"1667","1","-3464.7099609375","-4120.93017578125","17.09869956970215","9","0","0","0","0"
"1726","1","-7286.009765625","-2125.06005859375","-272.114013671875","12","0","0","0","0"
"1727","1","-7208.419921875","-2027.0899658203125","-271.739990234375","12","0","0","0","0"
"1728","1","-7170.02001953125","-1852.7900390625","-272.9880065917969","12","0","0","0","0"
"1729","1","-7395.18994140625","-1735.6800537109375","-279.76300048828125","12","0","0","0","0"
"1730","1","-7449.89990234375","-2111.570068359375","-271.7659912109375","12","0","0","0","0"
"1731","1","-7463.35009765625","-1957.6400146484375","-272.5320129394531","12","0","0","0","0"
"1732","1","-7509.580078125","-1946.56005859375","-270.5369873046875","12","0","0","0","0"
"1733","1","-7516.8701171875","-1829.760009765625","-272.6470031738281","12","0","0","0","0"
"1734","1","-7594.1201171875","-1771.6199951171875","-273.61199951171875","12","0","0","0","0"
"1735","1","-7748.89990234375","-1721.1400146484375","-271.90899658203125","12","0","0","0","0"
"1736","1","-7768.60986328125","-1957.6300048828125","-272.1260070800781","12","0","0","0","0"
"1737","1","-7612.56005859375","-1930.8699951171875","-271.8280029296875","12","0","0","0","0"
"1738","1","-7952.2001953125","-1792.010009765625","-272.89300537109375","12","0","0","0","0"
"1739","1","-7895.2900390625","-1623.6199951171875","-269.7070007324219","12","0","0","0","0"
"1740","1","-7874.18017578125","-1806.300048828125","-271.4590148925781","12","0","0","0","0"
"1766","1","-7308.71337890625","-2001.47314453125","-272.45050048828125","12","0","0","0","0"
"1906","1","6818.56005859375","-391.7349853515625","40.12300109863281","50","0","0","0","0"
"1966","1","4988.97021484375","547.0020141601562","5.3792901039123535","11","0","0","0","0"
"2206","1","5483.89990234375","-749.8809814453125","334.6210021972656","30","0","0","0","0"
"2207","1","5552.08984375","-683.81298828125","335.25","25","0","0","0","0"
"2208","1","5587.02001953125","-784.0250244140625","335.8219909667969","23","0","0","0","0"
"2211","1","6107.6201171875","-4181.60009765625","852.322021484375","2","0","0","0","0"
"2213","1","5893.31982421875","-4054.830078125","596.322021484375","2","0","0","0","0"
"2230","1","1818.4000244140625","-4427.259765625","-10.447799682617188","0","21.690000534057617","11.829999923706055","21.219999313354492","0.5759999752044678"
"2266","1","245.58700561523438","1251.989990234375","210.14500427246094","40","0","0","0","0"
"2267","1","-1596.1600341796875","3145.260009765625","61.36180114746094","0","30.030000686645508","30.030000686645508","30.030000686645508","0"
"2286","1","-5477.91015625","-2460.320068359375","89.28369903564453","20","0","0","0","0"
"2287","1","6687.990234375","-4670.06982421875","723.8909912109375","20","0","0","0","0"
"2327","1","5018.91015625","-4563.93994140625","851.75","50","0","0","0","0"
"2486","1","6207.5","-152.83299255371094","79.81849670410156","15","0","0","0","0"
"2610","1","2343.570068359375","-2569","118.8270034790039","30","0","0","0","0"
"2848","1","-4768.60986328125","-3752.110107421875","53.43170166015625","16","0","0","0","0"
"2926","1","1999.1500244140625","-1121.280029296875","97.35369873046875","9","0","0","0","0"
"2946","1","2.0057499408721924","402.6730041503906","101.01200103759766","45","0","0","0","0"
"3133","1","-1484.0699462890625","2617.570068359375","75.71440124511719","0","24.690000534057617","15.779999732971191","35.189998626708984","4.538000106811523"
"3134","1","-1181.97998046875","2861.949951171875","85.25810241699219","0","31.690000534057617","17.329999923706055","34.189998626708984","3.2109999656677246"
"3146","1","-7180.93994140625","441.1369934082031","26.54490089416504","10","0.2777999937534332","0.2777999937534332","0.2777999937534332","0"
"3183","1","-3730.47998046875","933.9749755859375","160.97300720214844","0","9.388999938964844","12.779999732971191","19.670000076293945","0"
"3184","1","-3981.580078125","771.1929931640625","160.96200561523438","0","10.3100004196167","5.9720001220703125","20.219999313354492","0"
"3185","1","-4028.2099609375","123.96600341796875","26.81089973449707","0","9.833000183105469","4.583000183105469","15.6899995803833","0.47119998931884766"
"3186","1","-3837.7900390625","1250.22998046875","160.22300720214844","0","8.194000244140625","9.083000183105469","18.360000610351562","0"
"3187","1","-3741.9599609375","1249.1800537109375","160.2169952392578","0","7.861000061035156","10.329999923706055","18.690000534057617","0"
"3189","1","-3520.64990234375","1068.719970703125","161.1280059814453","0","9.861000061035156","11.859999656677246","23.219999313354492","0"
"3546","1","9933.9404296875","2500.97998046875","1317.8199462890625","12","0","0","0","0"
"3549","1","1253.7900390625","-2227.52001953125","92.24800109863281","15","0","0","0","0"
"3550","1","-959.2990112304688","-3759.2099609375","4.986189842224121","10","0","0","0","0"
"3551","1","-998.1829833984375","-3822.070068359375","5.295400142669678","10","0","0","0","0"
"3586","1","6221.83984375","-1152.75","383.2309875488281","4","0","0","0","0"
"3587","1","6221.89013671875","-1153","383.2720031738281","5","0","0","0","0"
"3650","1","1422.3299560546875","-1855.3299560546875","135.77499389648438","0","6.583000183105469","4.833000183105469","6.943999767303467","3.0369999408721924"
"3654","1","1034.18994140625","-2087.739990234375","123.37200164794922","0","5.9720001220703125","9.333000183105469","18.309999465942383","1.5880000591278076"
"3985","1","-6864.97998046875","731.6119995117188","50","20","0","0","0","0"
"3986","1","-8215.08984375","-4622.0400390625","7.531949996948242","40","0","0","0","0"
"4008","1","-8424.9404296875","1508.6500244140625","32.014198303222656","0","12.140000343322754","50.060001373291016","35.63999938964844","2.634999990463257"
"4010","1","-8230.400390625","2005.3299560546875","129.86300659179688","0","16.690000534057617","31.190000534057617","46.58000183105469","0.925000011920929"
"4015","1","5085.81982421875","-5110.64013671875","929.97900390625","6","0","0","0","0"
"4027","1","1332.27001953125","-4607.669921875","24.36949920654297","2","0.2777999937534332","0.2777999937534332","0.2777999937534332","0"
"4031","1","-7166.06005859375","-3917.93994140625","9.395580291748047","2","0","0","0","0"
"4085","1","7763.328125","-4010.724365234375","694.2801513671875","95","0","0","0","0"
"4090","1","2716.60009765625","1496.8199462890625","236.8280029296875","30","0","0","0","0"
"4101","1","1179.4599609375","-4564.490234375","20.48579978942871","6","0.2777999937534332","0.2777999937534332","0.2777999937534332","0"
"4102","1","1204.8599853515625","-4536.2900390625","18.909500122070312","6","0.33329999446868896","0.33329999446868896","0.33329999446868896","0"
"4103","1","-1545.3900146484375","51.30059814453125","5.39339017868042","6","0.2777999937534332","0.2777999937534332","0.2777999937534332","0"
"4104","1","9914.169921875","1864.6700439453125","1321.260009765625","6","0","0","0","0"
"4105","1","9948.009765625","1932.530029296875","1328.699951171875","6","0","0","0","0"
"4162","1","-7142.0400390625","1397.9200439453125","4.326889991760254","4","0","0","0","0"
"4168","1","-7588.47998046875","756.8060302734375","-16.424800872802734","4","0","0","0","0"
"4299","1","-7376.83984375","447.2720031738281","4.520450115203857","60","0","0","0","0"
"4319","1","-8158.89990234375","-4155.64990234375","-163.34100341796875","0","27.579999923706055","28.610000610351562","30.690000534057617","0.9599000215530396"
"4320","1","-8777.3896484375","-4156.919921875","-208.0679931640625","0","28.440000534057617","55.08000183105469","51.939998626708984","1.9199999570846558"
"4321","1","-8326.26953125","-4047.43994140625","-207.52200317382812","0","40.83000183105469","21.440000534057617","112.4000015258789","2.1989998817443848"
"4666","1","3637.820068359375","-3957.8798828125","20.257999420166016","0","1.944000005722046","46.83000183105469","39.08000183105469","0"
"4667","1","3263.3701171875","-4082.659912109375","28.329500198364258","0","1.8609999418258667","69.44000244140625","43.61000061035156","0"
"4670","1","2869.60009765625","-3860.6298828125","28.264400482177734","0","0.44440001249313354","46.189998626708984","21.719999313354492","5.113999843597412"
"4671","1","2634.72998046875","-3743.64990234375","15.584699630737305","0","1.944000005722046","33.439998626708984","33.689998626708984","0"
"4672","1","2416.389892578125","-3682.469970703125","22.09980010986328","0","0.9444000124931335","71.80999755859375","27.440000534057617","0"
"4673","1","3451.85009765625","-4011.010009765625","21.309900283813477","0","1.555999994277954","59.11000061035156","31.190000534057617","0"
"4680","1","-381.84423828125","-2022.3485107421875","92.10860443115234","0","0.2777999937534332","0.2777999937534332","0.2777999937534332","0"
"4681","1","-378.1780090332031","-2043.199951171875","92.57720184326172","10","0.2777999937534332","0.2777999937534332","0.2777999937534332","0"
"4682","1","-399.25299072265625","-2032.1700439453125","91.66670227050781","10","0.2777999937534332","0.2777999937534332","0.2777999937534332","0"
"4714","1","-4622.31005859375","-3172.1201171875","34.81269836425781","0","22.1299991607666","15.289999961853027","25.780000686645508","0"
"4719","1","-2108.449951171875","-437.260009765625","-7.831830024719238","15","0.2777999937534332","0.2777999937534332","0.2777999937534332","0"
"4720","1","-2494.570068359375","-4989.330078125","94.2345962524414","0","0.3889000117778778","26.639999389648438","38.439998626708984","1.6929999589920044"
"4752","1","-4234.47998046875","-3909.550048828125","-4.463160037994385","50","0.2777999937534332","0.2777999937534332","0.2777999937534332","0"
"4775","1","-3182.409912109375","-2920.820068359375","33.56290054321289","21","0","0","0","0"
"4797","1","1216.8299560546875","-4284.8701171875","22.936100006103516","5","0","0","0","0"
"4798","1","1179.1500244140625","-4301.6298828125","21.085500717163086","5","0","0","0","0"
"4799","1","1195.8499755859375","-4268.25","21.573200225830078","5","0","0","0","0"
"4800","1","1178.1300048828125","-4287.64990234375","21.188499450683594","6","0","0","0","0"
"4801","1","1646.765869140625","-4413.30029296875","16.729398727416992","0","35","35","35","0"
"4802","1","1953.4000244140625","-4687.2900390625","24.934200286865234","35","27","27","27","0"
"4803","1","1931.219970703125","-4288.5498046875","27.10099983215332","0","27","27","27","0"
"4804","1","1573.0799560546875","-4183.06982421875","40.140899658203125","35","35","35","35","0"
"4807","1","835.0718994140625","-4515.310546875","5.789045810699463","25","0.2777999937534332","0.2777999937534332","0.2777999937534332","0"
"4808","1","1283.79833984375","-4406.81103515625","26.344566345214844","15","0","0","0","0"
"4809","1","1284.2396240234375","-4406.837890625","26.336814880371094","15","0","0","0","0"
"4810","1","835.3137817382812","-4515.0712890625","5.789226055145264","25","0","0","0","0"
"4829","1","1200.6600341796875","-4377.6201171875","24.648799896240234","6","0","0","0","0"
"5047","1","-6157.58984375","-1336.1400146484375","-167.9239959716797","0","3.316999912261963","5.270999908447266","11","5.533999919891357"
"5049","1","-6161.97021484375","-1331.43994140625","-168.95899963378906","0","0","0","0","0"
"5150","1","-8758.7802734375","-4469.580078125","-201.2830047607422","0","13.890000343322754","15","4","6.2220001220703125"
"5263","1","1331.5899658203125","-4355.5400390625","28.271799087524414","10","0","0","0","0"
"5264","1","1335.56005859375","-4413.7099609375","27.078100204467773","10","0","0","0","0"
"5265","1","1289.0899658203125","-4422.080078125","26.610599517822266","10","0","0","0","0"
"5266","1","1352.31005859375","-4348.64990234375","27.1382999420166","10","0","0","0","0"
"5267","1","1368.4000244140625","-4411","29.349199295043945","10","0","0","0","0"
"5268","1","1434.0699462890625","-4360.259765625","25.23539924621582","10","0","0","0","0"
"5269","1","1438.199951171875","-4423.43017578125","25.23539924621582","10","0","0","0","0"
"5270","1","1511.280029296875","-4428.259765625","20.891799926757812","10","0","0","0","0"
"5271","1","1505.1700439453125","-4400.85986328125","21.422700881958008","10","0","0","0","0"
"5272","1","1591.25","-4426.4599609375","8.756059646606445","10","0","0","0","0"
"5279","1","1920.1700439453125","-4126.33984375","42.914798736572266","5","0","0","0","0"
"5311","1","1921.699951171875","-4147.27001953125","40.41109848022461","5","0","0","0","0"
"5462","1","-6161.169921875","-1332.43994140625","-168.5919952392578","0","1.2710000276565552","13.479999542236328","11","5.533999919891357"
"5463","1","-6154.7001953125","-1339.47998046875","-168.31100463867188","0","1.9429999589920044","13.789999961853027","11","5.533999919891357"
"5464","1","-6159.64013671875","-1334.02001953125","-168.11399841308594","0","1.184000015258789","13.539999961853027","11","5.533999919891357"
"5485","1","-1048","-288.6090087890625","159.02999877929688","13.356100082397461","0","0","0","0"
"5518","1","7886.830078125","-2500.469970703125","489.29400634765625","0","23.549999237060547","57.689998626708984","40","4.7829999923706055"
"5557","1","9684.3896484375","2525.010009765625","1335.1099853515625","0","4.859000205993652","11.65999984741211","10","0"
"5705","1","1391.4000244140625","-4486.08984375","31.450000762939453","8","0","0","0","0"
"5706","1","1657.969970703125","-4391.7998046875","23.50349998474121","10","0","0","0","0"
"5714","1","1669.510009765625","-4433.5498046875","19.63010025024414","0","15.84000015258789","1.059999942779541","6.2729997634887695","3.5759999752044678"
"5715","1","1615.239990234375","-4380","12.63700008392334","0","0.8252999782562256","7.186999797821045","7.636000156402588","0.45879998803138733"
"5716","1","1766.8599853515625","-4343.759765625","-6.819849967956543","0","12.350000381469727","1.3140000104904175","3.0789999961853027","1.9859999418258667"
"60","24","47.61349868774414","-28.946199417114258","-8.81758975982666","7","0","0","0","0"
"81","28","-259.2469787597656","137.7511749267578","36.56830596923828","7","0","0","0","0"
"83","28","254.56939697265625","-4.322051048278809","6.486520767211914","8","0","0","0","0"
"95","30","-409.828125","-802.7708129882812","-13.24696159362793","9","0","0","0","0"
"2606","30","-1510.0899658203125","-715.864013671875","48.87739944458008","0","9.555999755859375","14.0600004196167","16.170000076293945","0.7225000262260437"
"2608","30","946.8330078125","-500.0920104980469","94.92949676513672","0","8.666999816894531","18.309999465942383","24.309999465942383","1.1339999437332153"
"3326","30","-767.072998046875","-358.7030029296875","68.65799713134766","5","5.0279998779296875","5.0279998779296875","5.0279998779296875","1.465999960899353"
"3327","30","-1221.3499755859375","-352.87701416015625","57.72119903564453","5","5","5","5","0"
"3328","30","-1305.239990234375","-268.8680114746094","92.02230072021484","5","5","5","5","0"
"3329","30","213.92300415039062","-373.73699951171875","56.38909912109375","5","0.33329999446868896","0.33329999446868896","0.33329999446868896","0"
"3330","30","326.2698669433594","-503.7890625","71.14376831054688","4","0.33329999446868896","0.33329999446868896","0.33329999446868896","0"
"3331","30","683.1069946289062","-129.8459930419922","63.59830093383789","5","0.33329999446868896","0.33329999446868896","0.33329999446868896","0"
"194","33","-230.9530029296875","2105.06005859375","79.75330352783203","5","0","0","0","0"
"254","33","-236.47000122070312","2202.419921875","97.34519958496094","5","0","0","0","0"
"255","33","-223.3990020751953","2101.969970703125","97.38990020751953","5","0","0","0","0"
"256","33","-189.00599670410156","2145.68994140625","97.38990020751953","7","0","0","0","0"
"2406","33","-287.0710144042969","2175.639892578125","36.88610076904297","0","98.86000061035156","185.60000610351562","80.58000183105469","2.880000114440918"
"2407","33","-315.9909973144531","2179.6298828125","91.75420379638672","0","36.060001373291016","182.8000030517578","212.60000610351562","2.8970000743865967"
"2408","33","-232.3719940185547","2077.10009765625","68.1176986694336","0","44.66999816894531","123.19999694824219","43.310001373291016","4.310999870300293"
"2409","33","-255.2729949951172","2035.760009765625","114.43699645996094","0","59.689998626708984","228.5","169.39999389648438","4.328000068664551"
"2410","33","-167.0919952392578","2104.219970703125","73.44969940185547","0","53","114.69999694824219","17.079999923706055","6.020999908447266"
"2411","33","-179.72900390625","2079.3701171875","42.69449996948242","0","19.030000686645508","162.10000610351562","187.10000610351562","6.091000080108643"
"5571","33","-159.2740020751953","2231","83.3749008178711","0","2.428999900817871","18.309999465942383","20","1.3839999437332153"
"5572","33","-239.41799926757812","2163.030029296875","90.09660339355469","0","4","4","8","5.869999885559082"
"5722","33","-177.8820037841797","2225.030029296875","81","0","4","3","10","3.3919999599456787"
"503","34","39.37409973144531","0.8034690022468567","-12.788299560546875","8","0","0","0","0"
"109","35","-0.9004200100898743","16.44300079345703","-14.236000061035156","7","0","0","0","0"
"119","36","-14.362799644470215","-393.3800048828125","64.56050109863281","6","0","0","0","0"
"121","36","-110.76000213623047","-1009.1900024414062","34.80440139770508","7","0","0","0","0"
"3746","36","-29.55470085144043","-374.50299072265625","59.356201171875","6","0","0","0","0"
"226","43","-172.18099975585938","138.97999572753906","-66.64710235595703","12","0","0","0","0"
"3766","43","-108.56300354003906","160.9149932861328","-79.79109954833984","9","0","0","0","0"
"242","47","1936.3900146484375","1534.469970703125","86.87689971923828","8","0","0","0","0"
"262","47","2019.72998046875","2004.5999755859375","61.687400817871094","15","0","0","0","0"
"462","47","2107.719970703125","1823.77001953125","79.96959686279297","10","0","0","0","0"
"463","47","2165.75","1944.75","61.4635009765625","15","0","0","0","0"
"259","48","-148.63299560546875","121.08000183105469","-33.414100646972656","12","0","0","0","0"
"283","48","-527.6580200195312","321.1090087890625","-50.258399963378906","20","0","0","0","0"
"762","48","-842.0759887695312","-472.4620056152344","-34.06560134887695","10","0","0","0","0"
"288","70","-228.1929931640625","34.16019821166992","-39.2338981628418","10","0","0","0","0"
"822","70","-234.44400024414062","319.12701416015625","-47.5885009765625","20","0","0","0","0"
"882","70","-213.72000122070312","370.60699462890625","-35.38869857788086","10","0","0","0","0"
"322","90","-312.2049865722656","-4.632559776306152","-148.65699768066406","14","0","0","0","0"
"525","90","-717.8679809570312","1.3720699548721313","-241.29299926757812","12","0","0","0","0"
"1105","90","-377.0559997558594","44.04999923706055","-156.48300170898438","15","0","0","0","0"
"448","109","-300","99","-127","13","0","0","0","0"
"1306","109","-496.85400390625","42.692901611328125","-91.13179779052734","25","0","0","0","0"
"1326","109","-467.52099609375","95.30829620361328","-105","7","0","0","0","0"
"4016","109","-662.1060180664062","3.831049919128418","-90.83509826660156","20","0","0","0","0"
"444","129","2593.93994140625","1124.6400146484375","56.17900085449219","11","0","0","0","0"
"602","189","1687.5699462890625","1040.0899658203125","20.982900619506836","8","0","0","0","0"
"604","189","853.6790161132812","1308.0999755859375","19.67140007019043","8","0","0","0","0"
"606","189","1608.6500244140625","-308.9700012207031","20.782400131225586","8","0","0","0","0"
"608","189","253.6009979248047","-196.8040008544922","21.03849983215332","8","0","0","0","0"
"4089","189","864.6229858398438","1321.5999755859375","18.068300247192383","5","0","0","0","0"
"4261","189","1693.77001953125","1053.3399658203125","18.725000381469727","5","0","0","0","0"
"4262","189","1617.1800537109375","-323.4320068359375","18.677799224853516","5","0","0","0","0"
"4263","189","269.0610046386719","-211.9029998779297","19.201000213623047","5","0","0","0","0"
"922","209","1190.3499755859375","840.5869750976562","13.434200286865234","20","0","0","0","0"
"962","209","1909.27001953125","1015.1099853515625","11.51550006866455","10","0","0","0","0"
"1447","209","1811.050048828125","700.9760131835938","15.293999671936035","30","20","20","20","0"
"1470","229","73.50830078125","-215.04400634765625","52.38690185546875","10","0","0","0","0"
"1628","229","-78.58190155029297","-401.3949890136719","38.94279861450195","20","0","0","0","0"
"1946","229","70.86109924316406","-409.0140075683594","64.34770202636719","10","0","0","0","0"
"1986","229","91.08540344238281","-408.3739929199219","64.34770202636719","10","0","0","0","0"
"1987","229","109.60800170898438","-415.697998046875","64.34770202636719","10","0.33329999446868896","0.33329999446868896","0.33329999446868896","0"
"2026","229","153.76300048828125","-419.8330078125","110.47200012207031","20","0","0","0","0"
"2046","229","102.43000030517578","-319.1669921875","65.4635009765625","10","0","0","0","0"
"2066","229","75.26219940185547","-547.6790161132812","110.9280014038086","30","0","0","0","0"
"2067","229","26.45829963684082","-522.4710083007812","110.94300079345703","15","0","0","0","0"
"2068","229","25.928499221801758","-299.32501220703125","24.109500885009766","0","20","20","20","0"
"3726","229","178.72900390625","-474.4119873046875","120.56500244140625","0","3.805999994277954","7.916999816894531","7.888999938964844","0"
"1472","230","456.968994140625","48.36800003051758","-65.27529907226562","12","0","0","0","0"
"1526","230","596.4320068359375","-188.4980010986328","-50","8","0","0","0","0"
"1590","230","376.1059875488281","-191.24200439453125","-70.5448989868164","10","0","0","0","0"
"1686","230","319.9739990234375","-215.18499755859375","-77.9542007446289","10","0","0","0","0"
"1746","230","411.61700439453125","-201.64599609375","-65.14459991455078","10","0","0","0","0"
"1786","230","690.5180053710938","-280.052001953125","-43.1968994140625","7","0","0","0","0"
"1826","230","471.1419982910156","-9.343779563903809","-69.79930114746094","10","0","0","0","0"
"1827","230","1380.1500244140625","-554.60400390625","-89.64299774169922","20","0","0","0","0"
"1828","230","497.39898681640625","13.231900215148926","-70.13719940185547","10","0","0","0","0"
"1926","230","845.9110107421875","-317.3689880371094","-50.286800384521484","10","0","0","0","0"
"2886","230","1097.989990234375","-466.4939880371094","-96.0718994140625","20","0","0","0","0"
"4751","230","876.8740234375","-179.5800018310547","-43.925201416015625","10","0","0","0","0"
"1064","249","29.242700576782227","-22.18120002746582","10.527199745178223","30","0","0","0","0"
"1626","269","3122.199951171875","2324.639892578125","-129.32000732421875","70","0","0","0","0"
"4288","269","-2023.5799560546875","7118.580078125","22.3164005279541","20","0","0","0","0"
"4322","269","-1498.3800048828125","7017.8798828125","33.25870132446289","0","58.310001373291016","24.059999465942383","71.66999816894531","2.950000047683716"
"4485","269","-1529.8399658203125","7105.85986328125","32.061100006103516","0","3.5829999446868896","36.86000061035156","25.940000534057617","0"
"2547","289","332.8659973144531","94.31079864501953","92.22209930419922","0","8.194000244140625","38.439998626708984","60.41999816894531","0"
"2548","289","322.8840026855469","112.13700103759766","98.67259979248047","0","11.25","37.439998626708984","44.029998779296875","0.8029000163078308"
"2549","289","325.1839904785156","75.61810302734375","93.87439727783203","0","9.694000244140625","31.420000076293945","54.16999816894531","5.236000061035156"
"2568","289","182.26499938964844","126.44999694824219","143.70700073242188","0","12.329999923706055","8.888999938964844","16.389999389648438","0"
"3926","309","-11594.099609375","-1621.3699951171875","47.14459991455078","15","0","0","0","0"
"3930","309","-11917","-1221","97.56159973144531","10","0","0","0","0"
"3956","309","-11918.599609375","-1433.949951171875","44.54499816894531","15","0","0","0","0"
"3957","309","-11916.7998046875","-1256.699951171875","92.54340362548828","0","7.806000232696533","11.170000076293945","0.33329999446868896","0"
"3958","309","-11915.0439453125","-1312.6763916015625","77.50191497802734","10","0.2777999937534332","0.2777999937534332","0.2777999937534332","0"
"3959","309","-11945.6884765625","-1597.6072998046875","36.75689697265625","10","0","0","0","0"
"3960","309","-11788.900390625","-1595.06005859375","36.9989013671875","10","0","0","0","0"
"3961","309","-11614.2001953125","-1361.510009765625","76.83999633789062","15","0","0","0","0"
"3962","309","-11957.599609375","-1819.969970703125","54.3114013671875","15","0","0","0","0"
"3963","309","-12112.900390625","-1794.6300048828125","80.41629791259766","15","0","0","0","0"
"3964","309","-11791","-1562.8599853515625","19.742000579833984","10","0","0","0","0"
"3965","309","-11610","-1749.8599853515625","38.73419952392578","20","0","0","0","0"
"3966","309","-12072.2998046875","-1479.050048828125","106.49500274658203","10","0","0","0","0"
"2187","329","3673.60009765625","-3633.8701171875","139.9429931640625","5","0","0","0","0"
"2209","329","3665.110107421875","-3164.9599609375","127.2239990234375","10","0","0","0","0"
"2210","329","3663.949951171875","-3164.27001953125","127.36100006103516","10","0","0","0","0"
"2221","329","3584.780029296875","-3632.050048828125","142.1179962158203","10","9.777999877929688","17.940000534057617","27.920000076293945","0"
"3126","349","756.8779907226562","-633.9600219726562","-32.81909942626953","0","15.9399995803833","26.440000534057617","44.13999938964844","1.6410000324249268"
"3131","349","1005.02001953125","-460.53900146484375","-43.250701904296875","0","10.140000343322754","31.420000076293945","23.420000076293945","0.01744999922811985"
"2166","369","76.0270004272461","10.504300117492676","-4.2965898513793945","0","9.416999816894531","19","20.639999389648438","0"
"2171","369","80.16329956054688","2490.8798828125","-1.8569300174713135","10","0","0","0","0"
"2226","389","2.5801899433135986","-0.013586999848484993","-13.366800308227539","0","30.690000534057617","12.1899995803833","25.559999465942383","0"
"2890","409","1115.219970703125","-462.9590148925781","-95.01480102539062","20","0","0","0","0"
"3190","429","-55.96580123901367","159.86700439453125","-3.46205997467041","0","7.2220001220703125","10.079999923706055","19.559999465942383","0"
"3191","429","24.56089973449707","159.4499969482422","-3.4667699337005615","0","7.693999767303467","9.694000244140625","21.610000610351562","0"
"3193","429","255.24899291992188","-9.056059837341309","-2.587369918823242","0","8.333000183105469","8.583000183105469","20.719999313354492","0"
"3194","429","37.44990158081055","-154.82200622558594","-2.712009906768799","0","8.916999816894531","9.166999816894531","19.440000534057617","0"
"3195","429","-202.66400146484375","-314.8760070800781","-2.7235300540924072","0","9.805999755859375","10.170000076293945","17.440000534057617","0"
"3196","429","4.311190128326416","-837.0850219726562","-33.04050064086914","0","6.166999816894531","11.4399995803833","22.940000534057617","0"
"3197","429","194.3509979248047","-240.8209991455078","-25.630699157714844","0","12.859999656677246","8.333000183105469","25.329999923706055","1.1169999837875366"
"3506","429","580.7540283203125","487.5060119628906","29.464099884033203","8","17","17","17","0"
"3507","429","580.656982421875","475.885009765625","29.464099884033203","8","0","0","0","0"
"3508","429","592.5070190429688","486.30999755859375","29.464099884033203","8","0","0","0","0"
"3509","429","591.9199829101562","476.40399169921875","29.464099884033203","8","0","0","0","0"
"2534","449","-0.358040988445282","-1.9798599481582642","-0.25588399171829224","0","7.306000232696533","3.8329999446868896","6.193999767303467","0"
"2530","450","215.19400024414062","71.15699768066406","30.127599716186523","0","10","10","10","3.5950000286102295"
"2416","451","16186","16286","52.086700439453125","0","183.60000610351562","60.90999984741211","30","6.184999942779541"
"4750","451","15683.66015625","-15593.9580078125","39.76255416870117","15","0","0","0","0"
"4836","451","15838.5","15759.2998046875","11.8056001663208","0","50.72999954223633","52.20000076293945","0","0"
"4840","451","14666.900390625","-16268","7.999999797903001e-05","0","69.30999755859375","4.004000186920166","10","0"
"4841","451","14667.2998046875","-16165.5","0","0","69.30999755859375","4.004000186920166","10","0"
"4854","451","16528.900390625","16138.7998046875","69.44439697265625","0","5.442999839782715","8.211000442504883","10.40999984741211","0.0026030000299215317"
"4901","451","9456.349609375","-9920.73046875","-1.700000029813964e-05","0","26.020000457763672","36.380001068115234","1","0"
"4905","451","9542.0302734375","-9877.51953125","-6.000000212225132e-06","25","0","0","0","0"
"4909","451","16116.599609375","16251.2001953125","69.44450378417969","18.973100662231445","0","0","0","0"
"4911","451","9438.0302734375","-9826.759765625","3.000000106112566e-06","24","0","0","0","0"
"4953","451","4686.16015625","-328.2569885253906","271.2019958496094","26.806499481201172","39.810001373291016","35.90999984741211","20","5.498000144958496"
"4958","451","-15914.099609375","-12969.5","3.293869972229004","2","0","0","0","20"
"4962","451","4690.509765625","-378.8710021972656","272.5719909667969","0","35.36000061035156","35.36000061035156","50","0"
"5453","451","15634.2001953125","-15578","39.76250076293945","30","0","0","0","0"
"5477","451","16217.2998046875","16185.5","69.81340026855469","0","28.110000610351562","22.40999984741211","17.270000457763672","0"
"2426","469","-7474.009765625","-1286.3399658203125","431.3039855957031","0","181.8000030517578","234.6999969482422","63.939998626708984","5.322999954223633"
"2427","469","-7375.31982421875","-1240.1400146484375","494.2799987792969","0","53.86000061035156","189.89999389648438","77.05999755859375","0.7329999804496765"
"2428","469","-7568.39990234375","-1375.6600341796875","468.50799560546875","0","225.3000030517578","75.97000122070312","132.1999969482422","5.341000080108643"
"2429","469","-7412.97021484375","-1371.5899658203125","413.4259948730469","0","243.3000030517578","72.94000244140625","245.89999389648438","3.7869999408721924"
"3626","469","-7529.10009765625","-1007.1900024414062","408.56500244140625","10","0","0","0","0"
"3728","469","-7676.10986328125","-1109.7099609375","399.12298583984375","0","2.4719998836517334","8.694000244140625","5.083000183105469","3.752000093460083"
"3646","489","1539.8900146484375","1481.3599853515625","352.65899658203125","5","0.33329999446868896","0.33329999446868896","0.33329999446868896","0"
"3647","489","918.4959716796875","1434.0400390625","346.0539855957031","5","0.33329999446868896","0.33329999446868896","0.33329999446868896","0"
"3649","489","1532.066650390625","1151.666748046875","373.9750061035156","10","0","0","0","0"
"3686","489","1449.7667236328125","1470.566650390625","342.625","4","0.33329999446868896","0.33329999446868896","0.33329999446868896","0"
"3687","489","1005.2667236328125","1447.2667236328125","335.89300537109375","4","0.33329999446868896","0.33329999446868896","0.33329999446868896","0"
"3688","489","1125.2266845703125","1541.500732421875","307.3924865722656","0","0.2777999937534332","0.2777999937534332","0.2777999937534332","0"
"3706","489","1316.9666748046875","1550.9676513671875","313.2340087890625","4","0.2777999937534332","0.2777999937534332","0.2777999937534332","0"
"3707","489","1319.7667236328125","1378.666748046875","314.75299072265625","4","0.2777999937534332","0.2777999937534332","0.2777999937534332","0"
"3708","489","1112.6400146484375","1351.1099853515625","316.6189880371094","4","0.2777999937534332","0.2777999937534332","0.2777999937534332","0"
"3709","489","1140.066650390625","1560.7667236328125","306.8240051269531","4","0","0","0","0"
"4628","489","1470","1475","373.7309875488281","0","40","100","76.77999877929688","6.255000114440918"
"4629","489","973.2930297851562","1444.8299560546875","367.281005859375","0","40","100","64.13999938964844","0"
"4006","509","-8419.580078125","1504.280029296875","31.735599517822266","0","18","41.810001373291016","40.5","5.794000148773193"
"3866","529","1185.449951171875","1184.7099609375","-56.36330032348633","4","0","0","0","0"
"3867","529","817.9390258789062","842.3690185546875","-56.54059982299805","4","0","0","0","0"
"3868","529","809.0076904296875","1185.2774658203125","11.921605110168457","4","0","0","0","0"
"3869","529","1147.010009765625","816.85400390625","-98.39900207519531","5","0","0","0","0"
"3870","529","989.8519897460938","1009.1599731445312","-42.60329818725586","4","0","0","0","0"
"3948","529","1394.3599853515625","1303.6400146484375","-8.025859832763672","0","7.306000232696533","16.889999389648438","17.639999389648438","0.36649999022483826"
"3949","529","627.1920166015625","699.9569702148438","-11.99209976196289","0","7.888999938964844","14.220000267028809","17.280000686645508","3.3340001106262207"
"4020","529","1313.9300537109375","1310.77001953125","-7.704870223999023","0","6.333000183105469","6.361000061035156","7.583000183105469","0"
"4021","529","683.9609985351562","681.22998046875","-12.915800094604492","0","5.4720001220703125","5.5","4.7220001220703125","0"
"4674","529","976.8400268554688","1046.280029296875","-43.81740188598633","60","0.2777999937534332","0.2777999937534332","0.2777999937534332","0"
"4064","530","7922.68017578125","-6501.509765625","47.362300872802734","30","0","0","0","0"
"4071","530","7567.669921875","-7359.47021484375","161.73800659179688","20","0","0","0","0"
"4108","530","7557.31005859375","-6889.64990234375","96.02660369873047","13","0.2777999937534332","0.2777999937534332","0.2777999937534332","0"
"4109","530","7557.43994140625","-6888.64990234375","115","0","32.189998626708984","57.779998779296875","8.055999755859375","4.241000175476074"
"4150","530","-365.6109924316406","3087.6201171875","-14.559399604797363","0","11.4399995803833","12.220000267028809","15.579999923706055","1.7979999780654907"
"4151","530","-310.21099853515625","3091.590087890625","-4.152629852294922","0","8.333000183105469","6.9720001220703125","17.440000534057617","1.465999960899353"
"4152","530","-307.2510070800781","3170.510009765625","28.914400100708008","0","6.9720001220703125","13.75","15.359999656677246","2.1470000743865967"
"4153","530","-309.6780090332031","3079.1201171875","-116.57099914550781","0","9.444000244140625","15.4399995803833","17.940000534057617","5.184000015258789"
"4170","530","-17.60810089111328","3803.610107421875","94.09480285644531","10","0","0","0","0"
"4186","530","-3849.139892578125","-12812.2998046875","9.603850364685059","3","0.2777999937534332","0.2777999937534332","0.2777999937534332","0"
"4233","530","9336.2197265625","-7883.4599609375","74.90950012207031","2","0","0","0","0"
"4240","530","-4133.419921875","-12471.7998046875","44.57210159301758","15","0","0","0","0"
"4241","530","-2058.159912109375","-11895","46.145198822021484","15","0","0","0","0"
"4252","530","-329.14599609375","2890.050048828125","-52.82720184326172","5","0.33329999446868896","0.33329999446868896","0.33329999446868896","0"
"4253","530","-274.7255859375","2804.72705078125","-39.513545989990234","0","9.277999877929688","9.111000061035156","8.222000122070312","0"
"4265","530","8701.48046875","-6636.7998046875","64","15","0","0","0","0"
"4267","530","9285.9697265625","-7916.009765625","176.1300048828125","2","0","0","0","0"
"4280","530","-1163.68994140625","-11828.7001953125","28.85059928894043","100","0","0","0","0"
"4291","530","-111.14900207519531","8751.4404296875","18.66349983215332","60","0","0","0","0"
"4293","530","-751.14599609375","5918.3701171875","15.416199684143066","80","174.10000610351562","249.5","159.10000610351562","0"
"4298","530","565.3720092773438","6944.27978515625","-14.331100463867188","0","29.389999389648438","36.63999938964844","33.11000061035156","0"
"4300","530","-201.39999389648438","5515.0400390625","22.121299743652344","0","8.583000183105469","8.583000183105469","14.720000267028809","0.26179999113082886"
"4301","530","-383.0979919433594","7257.31982421875","55.47010040283203","10","0","0","0","0"
"4326","530","-2336.6298828125","-11971.400390625","32.57429885864258","40","0","0","0","0"
"4336","530","192.9029998779297","2607.3701171875","87.28350067138672","20","0.2777999937534332","0.2777999937534332","0.2777999937534332","0"
"4337","530","-704.8930053710938","2733.989990234375","100","0","26.420000076293945","55.060001373291016","25.440000534057617","0"
"4339","530","9851.1298828125","-7500.490234375","-4.001570224761963","10","0","0","0","0"
"4342","530","304.7381591796875","6839.7490234375","40.3947639465332","60","0.2777999937534332","0.2777999937534332","0.2777999937534332","0"
"4345","530","-3544.860107421875","4008.89990234375","86.29399871826172","125","0","0","0","0"
"4352","530","-247.677001953125","895.6749877929688","84.36219787597656","0","72.83000183105469","6.611000061035156","53.810001373291016","0"
"4356","530","-248.2429962158203","1042.72998046875","54.31829833984375","50","0.2777999937534332","0.2777999937534332","0.2777999937534332","0"
"4363","530","782.8790283203125","6741.93994140625","-72.54060363769531","0","29.829999923706055","7.833000183105469","33.86000061035156","3.2109999656677246"
"4364","530","818.4869995117188","6951.2998046875","-80.57039642333984","0","30.579999923706055","7.833000183105469","29.690000534057617","0"
"4365","530","745.8389892578125","7015.27001953125","-72.11849975585938","0","12.1899995803833","35.86000061035156","24.079999923706055","0"
"4368","530","-3279.52001953125","6024.60986328125","-1.3074699640274048","80","0","0","0","0"
"4369","530","-1511.6199951171875","8528.240234375","3.1952199935913086","80","0","0","0","0"
"4370","530","-711.7542724609375","7885.953125","46.37337875366211","100","0","0","0","0"
"4371","530","-790.68701171875","7719.68017578125","49.43360137939453","80","0","0","0","0"
"4372","530","-1338.25","7223.77001953125","37.6870002746582","100","0","0","0","0"
"4373","530","229.3520050048828","7933.0498046875","35","0","32.91999816894531","36.189998626708984","20.889999389648438","2.757999897003174"
"4374","530","282.2200012207031","6099","132.47900390625","0","49.689998626708984","21.559999465942383","35.11000061035156","0"
"4375","530","-1224.9300537109375","7158.39013671875","57.265098571777344","32","0.2777999937534332","0.2777999937534332","0.2777999937534332","0"
"4376","530","-2734.679931640625","7308.68994140625","71.40979766845703","0","134.5","67.61000061035156","106.5999984741211","2.740000009536743"
"4377","530","-2912.3740234375","4024.9111328125","0.4252839982509613","14","16.469999313354492","43.83000183105469","25.030000686645508","2.984999895095825"
"4378","530","-2620.050048828125","4461.3798828125","36.09339904785156","32","0.2777999937534332","0.2777999937534332","0.2777999937534332","0"
"4380","530","-573.9949951171875","4147.89013671875","68.5198974609375","13","0","0","0","0"
"4381","530","218.73699951171875","4333.85986328125","119.04399871826172","15","0","0","0","0"
"4382","530","-172.55484008789062","5524.59912109375","29.40753173828125","0","18.809999465942383","27.25","19.969999313354492","5.0269999504089355"
"4383","530","1060.5064697265625","7372.8056640625","39.34209442138672","20","0.2777999937534332","0.2777999937534332","0.2777999937534332","0"
"4386","530","6107.259765625","-6990.64013671875","137.31700134277344","0","42.13999938964844","18.639999389648438","45.66999816894531","0.6632000207901001"
"4387","530","-3080.820068359375","5334.56005859375","17.27280044555664","100","0.2777999937534332","0.2777999937534332","0.2777999937534332","0"
"4389","530","-2072.469970703125","5278.43017578125","-37.32350158691406","5","0","0","0","0"
"4404","530","-3361.550048828125","5236.8701171875","-101.0479965209961","0","26.329999923706055","11.4399995803833","19.610000610351562","0"
"4405","530","-3068.1298828125","4942.7998046875","-101.0479965209961","0","12.329999923706055","22.190000534057617","27.079999923706055","0"
"4406","530","-3362.35009765625","4650.31005859375","-101.0479965209961","0","25.219999313354492","9.611000061035156","23.809999465942383","0"
"4407","530","-3656.050048828125","4943.10986328125","-101.0479965209961","0","12.1899995803833","23.860000610351562","26.670000076293945","0"
"4410","530","-1852.6700439453125","5070.02001953125","-32.19380187988281","7","0","0","0","0"
"4415","530","4160.22998046875","3051.610107421875","337.0299987792969","14","0.2777999937534332","0.2777999937534332","0.2777999937534332","0"
"4416","530","843.885009765625","6865.240234375","-66.98979949951172","0","12.470000267028809","22.079999923706055","41.08000183105469","0"
"4422","530","3044.14990234375","3611.39990234375","143.50599670410156","4.5","0","0","0","0"
"4425","530","-1636.510009765625","5301.06005859375","-40.20920181274414","0","24.309999465942383","23.280000686645508","11.829999923706055","0"
"4426","530","-1831.1099853515625","5363.22021484375","-12.428099632263184","0","8.277999877929688","11.779999732971191","16.780000686645508","2.1470000743865967"
"4427","530","-1659.5799560546875","5341.8701171875","-46.92020034790039","0","11.609999656677246","16.610000610351562","12.109999656677246","2.0769999027252197"
"4428","530","-1669.86767578125","5424.99755859375","-38.826454162597656","0","16.420000076293945","13.0600004196167","10.6899995803833","0"
"4429","530","-1871.0577392578125","5304.66259765625","-12.42813777923584","0","17.920000076293945","27.579999923706055","21.829999923706055","0"
"4430","530","-1979.291259765625","5414.71533203125","-12.428135871887207","0","29.420000076293945","12.8100004196167","20.719999313354492","0.1395999938249588"
"4431","530","-1877.9300537109375","5546.75","-12.428099632263184","0","10.029999732971191","20.559999465942383","16.170000076293945","0"
"4432","530","-2013.4599609375","5479.830078125","3.7178900241851807","0","6.2220001220703125","27.940000534057617","10.970000267028809","2.861999988555908"
"4433","530","-2020.3299560546875","5481.89013671875","3.285799980163574","0","6.861000061035156","17.059999465942383","11.329999923706055","2.861999988555908"
"4434","530","-1812.72998046875","5588.31982421875","3.2857799530029297","0","5.333000183105469","33.720001220703125","10.029999732971191","1.187000036239624"
"4435","530","-1815.8800048828125","5577.89013671875","3.717869997024536","0","14.3100004196167","34.11000061035156","7.443999767303467","1.187000036239624"
"4439","530","-591.47998046875","4074.5400390625","93.8281021118164","2","0","0","0","0"
"4440","530","-591.7150268554688","4074.52001953125","143.25799560546875","2","0","0","0","0"
"4443","530","-2260.1201171875","3219.219970703125","5.996970176696777","2","0","0","0","0"
"4445","530","-2245.02001953125","3124.320068359375","27.3887996673584","2","0","0","0","0"
"4466","530","3114.179931640625","3687.97998046875","143.55799865722656","4.5","0","0","0","0"
"4467","530","3418.919921875","1479.010009765625","184.0590057373047","0","9.277999877929688","10.220000267028809","24","5.619999885559082"
"4468","530","3314.780029296875","1325.9200439453125","507.3479919433594","0","9.472000122070312","10.579999923706055","15.9399995803833","5.0960001945495605"
"4469","530","2861.3701171875","1545.3900146484375","252.1580047607422","0","2.4170000553131104","11.109999656677246","17.110000610351562","3.8570001125335693"
"4470","530","3087.179931640625","1364.530029296875","184.0709991455078","0","9.972000122070312","12.329999923706055","31.079999923706055","4.625"
"4471","530","3017.81005859375","3746.679931640625","144.24899291992188","4.5","0","0","0","0"
"4472","530","2951.22998046875","3720.1298828125","143.2790069580078","4.5","0","0","0","0"
"4473","530","4199.7001953125","1766.3900146484375","133.2100067138672","10","0.2777999937534332","0.2777999937534332","0.2777999937534332","0"
"4475","530","3923.06005859375","3873.360107421875","180.7519989013672","10","0.2777999937534332","0.2777999937534332","0.2777999937534332","0"
"4478","530","4682.10009765625","2509.1298828125","240.23800659179688","10","0","0","0","0"
"4479","530","4131.009765625","2930.300048828125","354.5220031738281","0","5.806000232696533","0.8611000180244446","16.329999923706055","4.747000217437744"
"4482","530","4007.320068359375","1517.1800537109375","-115.927001953125","20","0","0","0","0"
"4486","530","9477.669921875","-6858.7001953125","17.357500076293945","0","45.61000061035156","21.469999313354492","43.11000061035156","5.480000019073486"
"4493","530","281.5","6117","146","0","17.579999923706055","26.329999923706055","9.361000061035156","0"
"4494","530","2405","5941","153","30","0.2777999937534332","0.2777999937534332","0.2777999937534332","0"
"4495","530","4180.39013671875","3052.909912109375","336.84100341796875","0","7.611000061035156","11.6899995803833","6.556000232696533","5.690000057220459"
"4496","530","-3836.71533203125","2499.77734375","84.69062805175781","15","0.2777999937534332","0.2777999937534332","0.2777999937534332","0"
"4497","530","2345.530029296875","2790.43994140625","133.08399963378906","0","8.75","7.4720001220703125","10.579999923706055","4.258999824523926"
"4499","530","2099.5","6904.669921875","183.22999572753906","0","37.560001373291016","29.219999313354492","49.86000061035156","0.8202999830245972"
"4506","530","3905.639892578125","2104.2900390625","139.01600646972656","3","0","0","0","0"
"4507","530","3895.1201171875","2086.0400390625","136.8040008544922","2","0","0","0","0"
"4521","530","3070.639892578125","3699.7900390625","142.4770050048828","0","26.969999313354492","24.639999389648438","13.420000076293945","2.059000015258789"
"4523","530","4798.1298828125","3780.389892578125","213.8560028076172","0","10.609999656677246","10.079999923706055","9.444000244140625","0.6807000041007996"
"4526","530","-2961.929931640625","2559.2900390625","78.51830291748047","14","0.33329999446868896","0.33329999446868896","0.33329999446868896","0"
"4527","530","-2960.25","2557.159912109375","113","0","29.170000076293945","29.309999465942383","50.08000183105469","0"
"4528","530","-4085","2176","111.6760025024414","0","39.66999816894531","33.41999816894531","26.579999923706055","3.194000005722046"
"4529","530","-4090.080078125","2202","97.22450256347656","0","18.440000534057617","20.639999389648438","10.5","0"
"4535","530","3556.7900390625","5083.41015625","1.4424799680709839","0","3.3610000610351562","39.689998626708984","56.86000061035156","5.706999778747559"
"4542","530","2484.820068359375","6420.3798828125","-10.338399887084961","50","0.2777999937534332","0.2777999937534332","0.2777999937534332","0"
"4546","530","2035.6700439453125","6835","173.6999969482422","10","10","10","10","0"
"4548","530","-3300.3798828125","2927.280029296875","170.93800354003906","0","10","10","10","0"
"4555","530","4112.02001953125","3071","339.4649963378906","0","24.059999465942383","27.329999923706055","22.530000686645508","0.4189000129699707"
"4556","530","4131.5400390625","3070.050048828125","339.4649963378906","0","14.170000076293945","14.6899995803833","10.609999656677246","0.5060999989509583"
"4557","530","4097.35009765625","3053.3798828125","341","0","14.640000343322754","12.75","7.25","5.0269999504089355"
"4558","530","1945.3599853515625","5537.419921875","266.6300048828125","7","0.2777999937534332","0.2777999937534332","0.2777999937534332","0"
"4560","530","-3277.380126953125","2819.630126953125","125.2400131225586","0","8.333000183105469","9.583000183105469","0.44440001249313354","0"
"4561","530","-2829.780029296875","1953.760009765625","202.4600067138672","2.299999952316284","0.2777999937534332","0.2777999937534332","0.2777999937534332","0"
"4562","530","-2745.239990234375","2730.419921875","127.7760009765625","2.299999952316284","0","0","0","0"
"4563","530","-3279.6298828125","2828.4599609375","123.22899627685547","0","7.056000232696533","2.5","12.1899995803833","0"
"4566","530","-3278.77001953125","2831","123.0199966430664","0","9.305999755859375","1.8890000581741333","11.75","0"
"4576","530","3673.10009765625","6638.58984375","129.14500427246094","0","0.33329999446868896","0.33329999446868896","0.33329999446868896","0"
"4577","530","-2978.52001953125","864.1320190429688","-7.486869812011719","18","0","0","0","0"
"4578","530","-3277.60009765625","2801.419921875","122.99299621582031","0","10.3100004196167","0.9721999764442444","9.388999938964844","0"
"4579","530","-3277.469970703125","2803.090087890625","122.98600006103516","0","9.138999938964844","1.472000002861023","10.1899995803833","0"
"4580","530","3661.050048828125","6755.39990234375","132.49899291992188","15","0","0","0","0"
"4581","530","-4300.9599609375","1390.9300537109375","143.98800659179688","40","0.2777999937534332","0.2777999937534332","0.2777999937534332","0"
"4582","530","-4124.47021484375","1308.0799560546875","54.138999938964844","25","0","0","0","0"
"4583","530","-4405.35009765625","1302.989990234375","84.9446029663086","20","0","0","0","0"
"4588","530","-4230.580078125","1419.3499755859375","130.5019989013672","35","0","0","0","0"
"4589","530","-4109.419921875","1355.260009765625","72.08499908447266","25","0","0","0","0"
"4590","530","-4436.02001953125","1276.47998046875","71.61920166015625","20","0","0","0","0"
"4591","530","813.9340209960938","6865.66015625","-67.71499633789062","20","0.33329999446868896","0.33329999446868896","0.33329999446868896","0"
"4595","530","2230.1201171875","4716.43017578125","161.9459991455078","14","0","0","0","0"
"4598","530","-3671.9599609375","318.53399658203125","31.619400024414062","0","25.940000534057617","27.440000534057617","33.61000061035156","3.002000093460083"
"4607","530","-4133.7998046875","1131.43994140625","50","17","0","0","0","0"
"4608","530","-4133.7998046875","1131.47998046875","74","26","0","0","0","0"
"4609","530","-4118","1158.0899658203125","72.25800323486328","7","0","0","0","0"
"4613","530","3784.5400390625","6727.669921875","170.44700622558594","5","0","0","0","0"
"4615","530","3625.02001953125","6543.509765625","155.00599670410156","6","0.2777999937534332","0.2777999937534332","0.2777999937534332","0"
"4616","530","3734.39990234375","6639.75","133.64599609375","7","0.2777999937534332","0.2777999937534332","0.2777999937534332","0"
"4617","530","3575.68994140625","6666.1298828125","128.48899841308594","6","0.2777999937534332","0.2777999937534332","0.2777999937534332","0"
"4640","530","3020.919921875","5434.31982421875","146.61700439453125","0","15.4399995803833","25.360000610351562","27.860000610351562","5.39300012588501"
"4713","530","-2106.0400390625","5107.83984375","-0.5677090287208557","12","0.33329999446868896","0.33329999446868896","0.33329999446868896","0"
"4722","530","8702.080078125","-6636.33984375","99","20","0","0","0","0"
"4738","530","6851.8798828125","-8008.72998046875","192.3179931640625","0","33.779998779296875","17.170000076293945","26.940000534057617","0"
"4847","530","12831.2001953125","-7011.43994140625","50.59320068359375","0","103.5999984741211","64.04000091552734","67.04000091552734","5.434000015258789"
"4851","530","9346.080078125","-7266.77001953125","14.702400207519531","2","0","0","0","0"
"4852","530","-3999.6201171875","-11909.599609375","-1.5093599557876587","2","0","0","0","0"
"4874","530","-1983.06005859375","5089.10009765625","7.853940010070801","2","0","0","0","0"
"4887","530","12878.7998046875","-7348.740234375","65.53099822998047","0","19","17","36","5.802000045776367"
"4889","530","12551","-6775.14990234375","15.053099632263184","0","5","12","35","6.263999938964844"
"5151","530","-4018.0400390625","-12151","2.14808988571167","6","6","6","6","0"
"5152","530","-4105.22998046875","-12068.7001953125","3.3628299236297607","6","6","6","6","0"
"5153","530","-4184","-12084.5","2.3732800483703613","6","6","6","6","0"
"5154","530","-4156.4599609375","-12123.5","0.43297699093818665","6","6","6","6","0"
"5158","530","9348.2197265625","-7351.72021484375","12.68280029296875","6","0","0","0","0"
"5159","530","9290.8798828125","-7356.08984375","24.000999450683594","6","0","0","0","0"
"5160","530","9252.740234375","-7315.2099609375","26.006900787353516","6","0","0","0","0"
"5161","530","9218.4501953125","-7346.9501953125","39.114498138427734","6","0","0","0","0"
"4012","531","-8231.330078125","2003.5999755859375","129.86099243164062","0","38.88999938964844","10.3100004196167","81.63999938964844","5.65500020980835"
"4033","531","-8546.23046875","1987.6500244140625","-96.52069854736328","5","0","0","0","0"
"4034","531","-8545.6787109375","1987.701416015625","-32.93922805786133","15","0","0","0","0"
"4036","531","-8578","1986.800048828125","100.22000122070312","7","0","0","0","0"
"4047","531","-8967.9599609375","1312.6199951171875","-104.69599914550781","20","0.2777999937534332","0.2777999937534332","0.2777999937534332","0"
"4052","531","-8176.830078125","1673.3699951171875","-32.218299865722656","0","19.420000076293945","48.11000061035156","26.420000076293945","6.091000080108643"
"4191","532","-11038.599609375","-1969.199951171875","96.47200012207031","0","3.944000005722046","4.443999767303467","0.33329999446868896","3.053999900817871"
"4216","532","-11178.599609375","-1896.3499755859375","232.00900268554688","10","0","0","0","0"
"4242","532","-11171.900390625","-1908.02001953125","232.00900268554688","15","0","0","0","0"
"4436","532","-11118.400390625","-2007.949951171875","47.080299377441406","0","17.360000610351562","33.689998626708984","21.190000534057617","0.6807000041007996"
"4520","532","-11036.5","-2001.6500244140625","93.46829986572266","0","5.943999767303467","6.833000183105469","10.670000076293945","5.410999774932861"
"4522","532","-11048.2001953125","-1984.0899658203125","101.70099639892578","0","6.861000061035156","4.443999767303467","0.33329999446868896","0.2793000042438507"
"5014","532","-11104.7001953125","-1961.550048828125","74.908203125","6","10","0","0","0"
"5015","532","-11099.7001953125","-1967.219970703125","76.1593017578125","0","8","4","12","0.6869999766349792"
"4086","533","3292.738525390625","-3151.590576171875","297.5687255859375","10","0","0","0","0"
"4087","533","3291.10693359375","-3151.294921875","297.5803527832031","100","0","0","0","0"
"4088","533","3321.2900390625","-3119.8798828125","297.57000732421875","90","0","0","0","0"
"4097","533","3320.935546875","-3119.121826171875","297.5733947753906","100","0","0","0","0"
"4112","533","3716.3798828125","-5106.77978515625","141.2899932861328","10","0","0","0","0"
"4113","533","3432.81005859375","-3007.2099609375","295.6090087890625","10","0","0","0","0"
"4114","533","3432.300048828125","-3007.280029296875","295.6090087890625","10","0","0","0","0"
"4115","533","3322.739990234375","-3700.3798828125","262.70098876953125","20","0","0","0","0"
"4116","533","2740","-3383.419921875","267.68499755859375","10","0","0","0","0"
"4117","533","2917.030029296875","-3344.550048828125","298.14599609375","12","0","0","0","0"
"4119","533","3214.340087890625","-3476.679931640625","287.0719909667969","10","0","0","0","0"
"4120","533","3493.449951171875","-5375.3798828125","138.16799926757812","50","0","0","0","0"
"4156","533","3006.090087890625","-3434.169921875","306.19500732421875","6","0.2777999937534332","0.2777999937534332","0.2777999937534332","0"
"4158","533","3754.550048828125","-5115.35986328125","142.43499755859375","0","30.719999313354492","19.219999313354492","16.889999389648438","6.073999881744385"
"4163","533","3320.72998046875","-3115.070068359375","297.6090087890625","100","0.2777999937534332","0.2777999937534332","0.2777999937534332","0"
"4166","533","3310.2236328125","-2990.238037109375","294.66058349609375","100","0.2777999937534332","0.2777999937534332","0.2777999937534332","0"
"4167","533","3498.159912109375","-5349.02978515625","144.96800231933594","50","0","0","0","0"
"4177","533","2661.0400390625","-3467.169921875","262.1419982910156","90","0","0","0","0"
"4180","533","3374.04296875","-3059.25439453125","294.66229248046875","0","26.610000610351562","41.939998626708984","41.88999938964844","0"
"4184","533","2793.959228515625","-3707.17919921875","276.5420227050781","21","0.2777999937534332","0.2777999937534332","0.2777999937534332","0"
"5196","533","3005.469970703125","-3445.110107421875","297.92498779296875","0","9.300000190734863","1.718000054359436","8","0.028049999848008156"
"5197","533","3016.93994140625","-3434.389892578125","297.9280090332031","0","9.300000190734863","1.718000054359436","8","4.714000225067139"
"5198","533","3005.669921875","-3423.280029296875","297.927001953125","0","9.300000190734863","1.718000054359436","8","6.276000022888184"
"5199","533","2994.6298828125","-3434.3701171875","297.9280090332031","0","9.300000190734863","1.718000054359436","8","4.728000164031982"
"4311","534","4162.02001953125","-4227.06982421875","869.1849975585938","0","11.170000076293945","25.309999465942383","35.060001373291016","3.053999900817871"
"4312","534","4284.14990234375","-4138.85009765625","866.8109741210938","0","20.309999465942383","21.25","21.969999313354492","0.33160001039505005"
"4313","534","4203.64013671875","-4103.240234375","878.3629760742188","0","26.280000686645508","14.329999923706055","22.940000534057617","0.2793000042438507"
"4323","534","4273.7998046875","-4235.81005859375","866.1199951171875","0","17.170000076293945","15.609999656677246","30.079999923706055","6.004000186920166"
"4341","534","5189.8798828125","-3397.639892578125","1635.050048828125","100","0","0","0","0"
"4487","534","4274.66015625","-4234.81005859375","866.0390014648438","0","18.5","26.690000534057617","24.639999389648438","6.056000232696533"
"4145","540","-41.74800109863281","-32.4536018371582","-13.529399871826172","0","10.6899995803833","7.666999816894531","15.420000076293945","1.465999960899353"
"4182","540","-28.071884155273438","-5.202989101409912","-10.890538215637207","0","4.2779998779296875","4.2779998779296875","4.416999816894531","3.6480000019073486"
"4183","540","-23.70110511779785","-2.835871934890747","-11.094697952270508","0","3.5829999446868896","4.083000183105469","4.583000183105469","3.683000087738037"
"4246","540","281.8402404785156","-84.56642150878906","2.1190669536590576","8","0.2777999937534332","0.2777999937534332","0.2777999937534332","0"
"4347","540","181.40499877929688","220.6699981689453","-20.121999740600586","30","0.33329999446868896","0.33329999446868896","0.33329999446868896","0"
"4524","540","226.89999389648438","266.4909973144531","-13.203300476074219","0","12.970000267028809","15.4399995803833","19.110000610351562","0"
"4575","540","483.4410095214844","233.69400024414062","0.25304698944091797","100","0.2777999937534332","0.2777999937534332","0.2777999937534332","0"
"4147","542","0.2768470048904419","27.548999786376953","-44.75849914550781","0","6.443999767303467","7.361000061035156","18.25","1.222000002861023"
"4200","542","327.3630065917969","-153.92300415039062","-17.98310089111328","0","3.5","15.670000076293945","15.8100004196167","4.659999847412109"
"4201","542","326.4179992675781","-160.03500366210938","-19.713600158691406","0","2.8610000610351562","18.420000076293945","13.0600004196167","1.5180000066757202"
"4297","543","-1360.1800537109375","1631.93994140625","68.43699645996094","0","8.222000122070312","11.779999732971191","19.25","4.1539998054504395"
"4304","543","-1070","1732","35","0","294","292.6000061035156","82.61000061035156","3.2109999656677246"
"4149","544","189.01800537109375","57.10279846191406","68.10769653320312","0","25.309999465942383","26.559999465942383","32.060001373291016","0"
"4192","544","-39.73817443847656","18.283708572387695","-0.41245999932289124","20","0","0","0","0"
"4193","544","-13.6303071975708","27.318035125732422","-0.41248300671577454","20","0","0","0","0"
"4194","544","7.18179988861084","1.7201000452041626","-0.40440601110458374","20","0","0","0","0"
"4195","544","-11.572739601135254","-25.55828285217285","-0.41246500611305237","20","0","0","0","0"
"4196","544","-20.71419906616211","-0.35288599133491516","-0.40540000796318054","10","0","0","0","0"
"4366","545","-29.303800582885742","4.546380043029785","-4.306449890136719","0","11.859999656677246","35.25","31.440000534057617","0"
"4281","546","331.8009948730469","-331.2659912109375","22.18829917907715","25","0","0","0","0"
"4292","546","330.18499755859375","-384.7340087890625","48.25910186767578","0","31.530000686645508","14.220000267028809","12.5600004196167","3.3340001106262207"
"4302","546","234.97999572753906","-379.2760009765625","72.52210235595703","10","0.33329999446868896","0.33329999446868896","0.33329999446868896","0"
"4303","546","162.5279998779297","-459.9200134277344","73.7029037475586","20","0.2777999937534332","0.2777999937534332","0.2777999937534332","0"
"4367","546","3.968630075454712","-8.23095989227295","-2.751569986343384","0","22.389999389648438","8.305999755859375","22.75","0.5235999822616577"
"4295","547","-139.8769989013672","-753.0759887695312","37.90129852294922","0","12.75","43.36000061035156","28","0.19200000166893005"
"4379","547","120.38200378417969","-144.00399780273438","-0.31526699662208557","0","29.860000610351562","12.9399995803833","29.420000076293945","0"
"4411","547","-85.93364715576172","-490.4143981933594","-1.582487940788269","0","0.33329999446868896","0.33329999446868896","0.33329999446868896","0"
"4418","548","-13.080900192260742","1.4814499616622925","824.9310302734375","0","21.469999313354492","24.030000686645508","47.189998626708984","0"
"4652","548","39","-418","-19.50670051574707","25","0.2777999937534332","0.2777999937534332","0.2777999937534332","0"
"4457","550","-25.827499389648438","-0.8989019989967346","-2.428380012512207","0","20.110000610351562","21.809999465942383","47.58000183105469","0"
"4455","552","-11.150199890136719","0.063509002327919","-0.2055159956216812","0","14.109999656677246","16.690000534057617","43.939998626708984","0"
"4459","553","53.1349983215332","-40.983299255371094","-1.1093699932098389","0","16.190000534057617","12.609999656677246","27.219999313354492","5.514999866485596"
"4612","553","166.00900268554688","391.5899963378906","-37.09239959716797","0","11.829999923706055","10.579999923706055","28.309999465942383","0"
"4461","554","-47.159400939941406","0.0869159996509552","-1.8123699426651","0","17.030000686645508","31.920000076293945","49.779998779296875","0"
"4614","554","65.96820068359375","149.6790008544922","25.580799102783203","0","15","30.530000686645508","40.66999816894531","0"
"4397","555","13.237299919128418","-0.03638400137424469","-1.1279000043869019","0","11.5","16.940000534057617","22.219999313354492","0"
"4399","556","-14.381099700927734","-0.5305359959602356","0.007507000118494034","0","12.75","27.690000534057617","28.5","0"
"4401","557","13.069100379943848","1.371880054473877","-0.9542909860610962","0","13.75","22.110000610351562","29.5","0"
"4403","558","-33.9296989440918","0.4425399899482727","-0.1205350011587143","0","11.609999656677246","23.639999389648438","25.579999923706055","0"
"4536","559","4009.18994140625","2895.25","13.05270004272461","4","0","0","0","0"
"4537","559","4103.330078125","2946.35009765625","13.051300048828125","4","0","0","0","0"
"4917","559","4054.14990234375","2923.699951171875","-40","0","214","216","20","0.46799999475479126"
"5006","559","4054.14990234375","2923.699951171875","0","0","214","216","20","0.46799999475479126"
"5008","559","4054.14990234375","2923.699951171875","-20","0","214","216","20","0.46799999475479126"
"4324","560","2768.300048828125","1292.7900390625","13.6358003616333","0","15.079999923706055","59.83000183105469","38.810001373291016","5.968999862670898"
"4498","560","1810.9000244140625","1033.219970703125","11.06980037689209","3","0.2777999937534332","0.2777999937534332","0.2777999937534332","0"
"4501","560","1872.0999755859375","1078.6700439453125","17.62150001525879","4","0","0","0","0"
"4502","560","1822.6400146484375","991.4199829101562","11.413900375366211","3","0","0","0","0"
"4503","560","1794.719970703125","1018.6900024414062","11.298700332641602","2","0","0","0","0"
"4504","560","1900.8699951171875","1111.9200439453125","18.057199478149414","2","0","0","0","0"
"4538","562","6248.72998046875","274.69500732421875","11.22130012512207","4","0","0","0","0"
"4539","562","6228.2099609375","249.5570068359375","11.217300415039062","4","0","0","0","0"
"4919","562","6188.009765625","320","20","0","313.8999938964844","27.059999465942383","60","0.8781999945640564"
"4921","562","6288.22021484375","210","20","0","313.8999938964844","27.059999465942383","60","0.8781999945640564"
"4922","562","6214.8701171875","200.26100158691406","20","0","71.11000061035156","24.6200008392334","60","5.578999996185303"
"4923","562","6187.77001953125","196.8800048828125","20","0","159","23.260000228881836","60","5.578999996185303"
"4924","562","6264.759765625","329.75201416015625","3.414210081100464","0","71.11000061035156","24.6200008392334","60","5.623000144958496"
"4925","562","6290.77001953125","333.4119873046875","20","0","208","37.56999969482422","60","5.623000144958496"
"4944","562","6237.83984375","261.3630065917969","-20","0","185.10000610351562","227","20","5.623000144958496"
"5039","562","6237.83984375","261.3630065917969","-40","0","185.10000610351562","227","20","5.623000144958496"
"5040","562","6237.83984375","261.3630065917969","-60","0","185.10000610351562","227","20","5.623000144958496"
"4619","564","75.8290023803711","997.843994140625","-89.82769775390625","0","18.469999313354492","46.08000183105469","54.939998626708984","0"
"4648","564","706.4000244140625","305.0610046386719","353.8030090332031","50","0.2777999937534332","0.2777999937534332","0.2777999937534332","0"
"4649","564","678.1849975585938","285.9590148925781","355.9010009765625","30","0","0","0","0"
"4650","564","676.4039916992188","323.6029968261719","355.5090026855469","30","0","0","0","0"
"4653","564","677.052001953125","323.68499755859375","355.54901123046875","30","0","0","0","0"
"4654","564","676.52197265625","286.52099609375","355.5870056152344","30","0","0","0","0"
"4655","564","639.9869995117188","306.8169860839844","353.2869873046875","1","0","0","0","0"
"4656","564","855.8389892578125","1148.5799560546875","11.658300399780273","60","0","0","0","0"
"4657","564","1166.6199951171875","1199.8199462890625","-55.706298828125","60","0","0","0","0"
"4665","564","517.2789916992188","403.156005859375","193.1999969482422","10","0.2777999937534332","0.2777999937534332","0.2777999937534332","0"
"4760","564","760.823974609375","237.677001953125","353.3080139160156","0","0.2777999937534332","0.2777999937534332","0.2777999937534332","0"
"4534","565","21.269899368286133","-2.9354100227355957","0.06436999887228012","0","96.80999755859375","120.69999694824219","39.439998626708984","1.1169999837875366"
"4476","566","2048.47998046875","1393.5999755859375","1194.5400390625","3","0","0","0","0"
"4512","566","2048.469970703125","1393.5899658203125","1194.5400390625","3","0","0","0","0"
"4514","566","2044","1729.72998046875","1190.030029296875","3","0","0","0","0"
"4515","566","2043.949951171875","1729.780029296875","1190.0400390625","3","0","0","0","0"
"4516","566","2284.780029296875","1731.1199951171875","1190.0799560546875","3","0","0","0","0"
"4517","566","2284.77001953125","1731.1099853515625","1190.0799560546875","3","0","0","0","0"
"4518","566","2286.56005859375","1402.3599853515625","1197.2900390625","3","0","0","0","0"
"4519","566","2286.56005859375","1402.3399658203125","1197.2900390625","3","0","0","0","0"
"4530","566","1807.7099609375","1539.5799560546875","1268","28","0.2777999937534332","0.2777999937534332","0.2777999937534332","0"
"4531","566","2523.47998046875","1596.56005859375","1269","28","0","0","0","0"
"4568","566","2050.4599609375","1372.260009765625","1194.56005859375","3","0.2777999937534332","0.2777999937534332","0.2777999937534332","0"
"4569","566","2046.3299560546875","1748.81005859375","1190.030029296875","3","0.2777999937534332","0.2777999937534332","0.2777999937534332","0"
"4570","566","2283.3798828125","1748.97998046875","1189.7099609375","3","0","0","0","0"
"4571","566","2302.68994140625","1391.27001953125","1197.77001953125","3","0","0","0","0"
"4723","568","-80.14579772949219","1345.6400146484375","40.77109909057617","0","59.439998626708984","59.189998626708984","7.333000183105469","0"
"4724","568","-37.06100082397461","1149.97998046875","19.063600540161133","0","32.41999816894531","38.220001220703125","5.583000183105469","0"
"4725","568","362.4800109863281","1402.699951171875","74.43890380859375","0","48.720001220703125","71.30999755859375","15.609999656677246","0.26179999113082886"
"4726","568","369.78399658203125","1100.719970703125","6.057139873504639","0","31.809999465942383","27.139999389648438","13.9399995803833","0"
"4739","568","120.55999755859375","1789.8800048828125","43.50579833984375","0","32.189998626708984","19.079999923706055","42.060001373291016","0"
"4768","568","124.7959976196289","1471.8299560546875","16.701900482177734","0","300","260","335.70001220703125","0"
"4782","568","-34.45589828491211","1089.489990234375","18.71150016784668","35","0.2777999937534332","0.2777999937534332","0.2777999937534332","0"
"4745","571","1257.1099853515625","-4854.47998046875","41.24800109863281","0","25.969999313354492","45.029998779296875","100.69999694824219","1.9019999504089355"
"4747","571","1226.22998046875","-4861.7001953125","223.22300720214844","0","15.970000267028809","19.670000076293945","13","3.4560000896453857"
"4753","571","1451.43994140625","-3277.969970703125","180.3300018310547","0","29.920000076293945","57.83000183105469","29.440000534057617","0.8551999926567078"
"4755","571","2683.27001953125","-4392.06005859375","284.3590087890625","11","0","0","0","0"
"4756","571","2486.590087890625","-5063.60986328125","284.3340148925781","16","0.33329999446868896","0.33329999446868896","0.33329999446868896","0"
"4776","571","454.47900390625","-4539.08984375","246.51600646972656","0","38.9900016784668","10.6899995803833","23","0.61080002784729"
"4778","571","1062.9300537109375","-5036.5498046875","9.92428970336914","0","2.8610000610351562","17.440000534057617","18.190000534057617","3.437999963760376"
"4779","571","914.6320190429688","-5576.5498046875","198.61199951171875","20","0.2777999937534332","0.2777999937534332","0.2777999937534332","0"
"4806","571","2563.219970703125","-5008.759765625","293.7070007324219","0","0.7962999939918518","7.906000137329102","16.90999984741211","5.724999904632568"
"4850","571","3841.5","6415.009765625","26.115800857543945","0","94.80999755859375","38.36000061035156","12.710000038146973","5.456999778747559"
"4857","571","4111.39990234375","3734.860107421875","92.14289855957031","0","36.65999984741211","39.27000045776367","28.010000228881836","1.9859999418258667"
"4858","571","4094.1298828125","3493.5","131.66700744628906","0","22.440000534057617","26.139999389648438","21.219999313354492","4.2220001220703125"
"4860","571","3794.659912109375","3431.489990234375","82.97260284423828","0","26.93000030517578","31.15999984741211","33.650001525878906","2.696000099182129"
"4861","571","4512.0498046875","5709.58984375","81.50409698486328","15","0","0","0","0"
"4867","571","4177.10009765625","5280.72998046875","35.69309997558594","0","19.489999771118164","19.239999771118164","24.25","6.248000144958496"
"4868","571","3464.72998046875","4169.0498046875","17.19300079345703","29.91790008544922","18","57.060001373291016","0","6.211999893188477"
"4871","571","2782.77001953125","6575.0400390625","48.98109817504883","0","109.19999694824219","48.459999084472656","5","0.6942999958992004"
"4872","571","2879.860107421875","6477.7001953125","79.13259887695312","0","57.369998931884766","37.22999954223633","5","10"
"4873","571","3073.2099609375","6301.740234375","94.52130126953125","0","49.34000015258789","71.22000122070312","10","2.2269999980926514"
"4883","571","3210.93994140625","6091.2900390625","138.02699279785156","0","37.619998931884766","34.5099983215332","7.880000114440918","0"
"4894","571","3728.830078125","5146.2998046875","24.62809944152832","20","0","0","0","0"
"4896","571","3964.909912109375","5462.490234375","28.31170082092285","0","34.47999954223633","35.83000183105469","71.27999877929688","0"
"4899","571","4012.530029296875","4832.4599609375","-12.895899772644043","0","188.6999969482422","184.60000610351562","35.97999954223633","0.7809000015258789"
"4910","571","2814.050048828125","6205.06005859375","86.00689697265625","0","19.600000381469727","34.90999984741211","13.869999885559082","0.7590000033378601"
"4914","571","3571.27001953125","6650.7900390625","195.17999267578125","15.583999633789062","0","0","0","0"
"4916","571","4154.009765625","7424.169921875","534.1079711914062","0","132","52.56999969482422","65.11000061035156","0"
"4946","571","4784.2998046875","-4404.06982421875","198.18499755859375","0","10.520000457763672","13.720000267028809","14.720000267028809","0.5120999813079834"
"4947","571","4662.240234375","-4609.60986328125","208.7760009765625","0","7.13100004196167","21.239999771118164","19.139999389648438","0.9210000038146973"
"4948","571","4530.1201171875","-4442.18017578125","186.35499572753906","0","24.479999542236328","16","21.110000610351562","4.36899995803833"
"4949","571","3831.360107421875","1582.25","290.1409912109375","20","0","0","0","0"
"4950","571","3684.760009765625","2154.14990234375","35.050201416015625","0","48.25","27.079999923706055","17.239999771118164","6.203999996185303"
"4951","571","2432.39990234375","1702.1300048828125","-13.78689956665039","0","65.9000015258789","37.209999084472656","105.0999984741211","0"
"4952","571","4013.179931640625","5376.0498046875","24.28019905090332","0","6.348999977111816","59.439998626708984","20","5.85099983215332"
"4956","571","3107.72998046875","616.7589721679688","25.017799377441406","0","284.1000061035156","85","159.1999969482422","0.01027000043541193"
"4960","571","3819.7099609375","1537.1800537109375","89.72450256347656","15","0","0","0","0"
"4961","571","2293.719970703125","5195.2900390625","12.207200050354004","22.112899780273438","6.9720001220703125","32.2599983215332","20","1.1469999551773071"
"4963","571","2418.659912109375","6455.669921875","54.47850036621094","70","0","0","0","0"
"4964","571","3474.56005859375","2009.8800048828125","64.8676986694336","5.5","0","0","0","0"
"4965","571","3410.580078125","-2792.510009765625","201.52099609375","0","36.209999084472656","29.139999389648438","30","0.6240000128746033"
"4966","571","4600.5400390625","-4241.68017578125","178.85499572753906","0","6.630000114440918","5.859000205993652","6","0.8205999732017517"
"4967","571","3873.2900390625","-4544.740234375","209.4550018310547","0","12.970000267028809","10","11","6.127999782562256"
"4968","571","4245.740234375","1035.6300048828125","58.63669967651367","0","26.399999618530273","19.040000915527344","50","1.99399995803833"
"4969","571","4153.41015625","1100.760009765625","58.92380142211914","0","26.399999618530273","19.040000915527344","50","0.43320000171661377"
"4970","571","3275.550048828125","-2186.7099609375","112.0989990234375","0","60.709999084472656","73.0999984741211","130","5.894999980926514"
"4971","571","4676.14013671875","-62.810699462890625","68.8772964477539","0","63.380001068115234","22.420000076293945","30","0.48089998960494995"
"4972","571","4679.39013671875","-126.66300201416016","74.07369995117188","0","23.56999969482422","11.420000076293945","30","0.08562999963760376"
"4973","571","4631.7001953125","-258.7070007324219","82.80570220947266","0","23.56999969482422","11.420000076293945","30","5.938000202178955"
"4974","571","4594.68994140625","-334.82501220703125","83.00080108642578","0","27.15999984741211","10.260000228881836","30","6.142000198364258"
"4975","571","2777.360107421875","930.2869873046875","22.538700103759766","9.477020263671875","0","0","0","0"
"4976","571","700.1519775390625","-2933.39990234375","-3.0684399604797363","13.964500427246094","0","0","0","0"
"4977","571","3003.39990234375","4050.110107421875","26.368200302124023","10.2608003616333","0","0","0","0"
"4979","571","3215.0400390625","-677.9569702148438","176","0","17","23","20","5.810999870300293"
"4983","571","3902.7900390625","6985.68994140625","75","0","4.5","10","12","0.06262999773025513"
"4984","571","2724.919921875","-241.80999755859375","142.76600646972656","0","8.14900016784668","5.427000045776367","20","0.6438000202178955"
"4985","571","4376.7099609375","1681.4599609375","130.43699645996094","0","16.3700008392334","9.333000183105469","30","0.12939999997615814"
"4986","571","4415.35009765625","1852.8900146484375","164.2050018310547","26.323699951171875","34.56999969482422","33.16999816894531","30","5.894000053405762"
"4987","571","2827.860107421875","-423.1029968261719","119.44000244140625","0","8.395999908447266","8.196999549865723","2.4110000133514404","6.2729997634887695"
"4988","571","4527.14990234375","1741.8900146484375","168.4239959716797","26.323699951171875","34.56999969482422","33.16999816894531","30","5.894000053405762"
"4989","571","4569.93017578125","1674.3199462890625","171.23399353027344","26.323699951171875","34.56999969482422","33.16999816894531","30","5.894000053405762"
"4993","571","3635","-712","225","0","54","26","25","6.1620001792907715"
"4998","571","4775.31982421875","-2017.1600341796875","235","0","12","13","12","0"
"5003","571","6375.7099609375","-2611.989990234375","319.19000244140625","0","61.02000045776367","38.470001220703125","24.540000915527344","0"
"5010","571","8922.0302734375","-963.4340209960938","1052","0","6","27.1200008392334","30","4.689000129699707"
"5030","571","6721.1201171875","5113.89013671875","-15.046199798583984","15.652999877929688","0","0","0","0"
"5045","571","3842.39990234375","1478.4200439453125","90.5165023803711","0","61.06999969482422","73.22000122070312","110","0.027969999238848686"
"5046","571","4873.240234375","5170.080078125","-82.00980377197266","0","5.136000156402588","8.152000427246094","20.040000915527344","0.40560001134872437"
"5048","571","4884.93994140625","5175.64013671875","-83.7029037475586","0","0","0","0","0.45989999175071716"
"5051","571","6175.18017578125","-2017.31005859375","245.0780029296875","3.75","0","0","0","0"
"5052","571","5718.06005859375","-4384.4501953125","386.1780090332031","0","19.25","12.319999694824219","13.260000228881836","6.270999908447266"
"5056","571","5961.35009765625","-2168.949951171875","422","30","0","0","0","0"
"5057","571","5365.83984375","-2283.550048828125","365","20","0","0","0","0"
"5058","571","6287.9599609375","-3780.31005859375","480.41900634765625","30","0","0","0","0"
"5059","571","5968.2998046875","-3316.75","400","25","0","0","0","0"
"5060","571","6967.72021484375","-4266.58984375","560","40","0","0","0","0"
"5061","571","6175.41015625","-2017.6600341796875","404.2229919433594","3.75","0","0","0","0"
"5062","571","5451.10986328125","-2632.320068359375","306.25299072265625","0","49.970001220703125","50.599998474121094","30","0"
"5079","571","6175.169921875","-2017.8399658203125","411.9580078125","3.75","0","0","0","0"
"5080","571","6175.240234375","-2017.4300537109375","454.99798583984375","3.75","0","0","0","0"
"5093","571","9188.8203125","-1390.010009765625","1144","0","10","40","71","5.540999889373779"
"5095","571","6630.66015625","-4605.93017578125","560","40","0","0","0","0"
"5096","571","6230.0400390625","-4213.3701171875","490","35","0","0","0","0"
"5097","571","5245","-3422.659912109375","342.3609924316406","40","0","0","0","0"
"5098","571","6042.68017578125","-1895.1500244140625","330","40","0","0","0","0"
"5108","571","6309.8701171875","5950.0400390625","81.95249938964844","0","14.460000038146973","6.960999965667725","21.329999923706055","5.059000015258789"
"5117","571","3668.2900390625","2174.6298828125","36.23429870605469","0","8","22.5","5","5.538000106811523"
"5163","571","6045.2998046875","-652.2039794921875","369.47698974609375","11.994199752807617","0","0","0","0"
"5164","571","5765.5400390625","-3579.860107421875","386.9289855957031","45.81880187988281","0","0","0","0"
"5171","571","7028.990234375","-56.5802001953125","810.8040161132812","0","11.859999656677246","10.819999694824219","20","6.136000156402588"
"5172","571","6910.91015625","93.25759887695312","807.8259887695312","0","5.979000091552734","28.84000015258789","30","0.7996000051498413"
"5173","571","6959.41015625","12.027199745178223","807.4249877929688","0","21.6200008392334","4.961999893188477","20","5.521999835968018"
"5174","571","5753.27978515625","-1479.3399658203125","234.39999389648438","10","0","0","0","0"
"5175","571","5693.4599609375","-1383.5999755859375","233.05299377441406","10","0","0","0","0"
"5176","571","5951.35009765625","-1850.4100341796875","248.3090057373047","20","0","0","0","0"
"5177","571","5544.9501953125","-1853.5699462890625","238.26800537109375","0","74.0999984741211","66.94999694824219","166.10000610351562","0"
"5182","571","6679.0498046875","-198.67300415039062","951.72998046875","0","5.138999938964844","3.5880000591278076","2","0.23980000615119934"
"5183","571","6123.02978515625","-1090.6500244140625","403.2969970703125","0","30","25","2","0"
"5187","571","6314.33984375","-1763.8299560546875","457.2070007324219","0","1.9420000314712524","1.7580000162124634","12","0"
"5190","571","6153.93017578125","-1075.5899658203125","402.3070068359375","0","1.9420000314712524","1.7580000162124634","12","0"
"5191","571","3681.2900390625","-1280.18994140625","248.46600341796875","0","11.100000381469727","3.256999969482422","10","0.8220999836921692"
"5192","571","3680.639892578125","-1258.1600341796875","248.56900024414062","0","11.100000381469727","3.0999999046325684","10","5.572000026702881"
"5193","571","3659.260009765625","-1281.219970703125","248.5659942626953","0","11.100000381469727","3.0999999046325684","10","5.572000026702881"
"5194","571","3658.0400390625","-1259.02001953125","248.56900024414062","0","11.100000381469727","3.256999969482422","10","0.8220999836921692"
"5200","571","7115.27978515625","-1632.5799560546875","820.4860229492188","0","36","80","10","0.21279999613761902"
"5204","571","8414.7900390625","-369.3089904785156","908","0","40","80","10","5.539999961853027"
"5205","571","6700.47998046875","-4666.02001953125","458.2850036621094","0","6.801000118255615","24.149999618530273","34","0.7706999778747559"
"5206","571","6976.5400390625","-4396.330078125","457.5","0","12","24","35","0.7706999778747559"
"5209","571","5675.43017578125","480.91900634765625","659.1939697265625","0","3.555999994277954","8.729999542236328","16","0.9020000100135803"
"5215","571","3639.39990234375","2027.199951171875","6.5","0","12.630000114440918","3.450000047683716","8","5.931000232696533"
"5217","571","5570.27978515625","5766.89990234375","-75.22570037841797","0","10.829999923706055","11.949999809265137","14","0"
"5227","571","6220.02978515625","0.8733720183372498","411.9729919433594","10","0","0","0","0"
"5243","571","3442.6298828125","260.95098876953125","-100","0","3","15","25","0.08093000203371048"
"5245","571","6466.35009765625","2038.31005859375","570.7509765625","11.878600120544434","0","0","0","0"
"5246","571","3869.840087890625","6984.16015625","112.5","0","2","9","10","0.03991999849677086"
"5248","571","6379.5400390625","455.3280029296875","513.6909790039062","14","0","0","0","6.01800012588501"
"5254","571","5172.1201171875","-1666.760009765625","410.33599853515625","4","0","0","0","0"
"5257","571","4851.22021484375","1463.699951171875","209.74899291992188","80","0","0","0","0"
"5258","571","5494.8798828125","2839.81005859375","420.8110046386719","0","10","24","10","0"
"5273","571","5886.27001953125","651.448974609375","640","6","0","0","0","0"
"5274","571","6316.85009765625","-1740.3299560546875","456.67999267578125","0","74.51000213623047","12.34000015258789","60","0"
"5275","571","6311.60986328125","-1704.9100341796875","455.59698486328125","0","74.51000213623047","12.34000015258789","60","0"
"5280","571","7239.669921875","1586.8199462890625","362.9540100097656","14.407400131225586","0","0","0","0"
"5281","571","7628.85986328125","2060.72998046875","600.2589721679688","18","0","0","0","0"
"5282","571","7889.2001953125","2057.97998046875","600.2589721679688","18","0","0","0","0"
"5283","571","5832.89013671875","630.35400390625","745","0","240","201.60000610351562","200","5.789000034332275"
"5284","571","7487.43994140625","2060.77001953125","499.7279968261719","0","215.89999389648438","230.6999969482422","248.5","0"
"5285","571","7761.5498046875","2056.050048828125","499.9360046386719","0","317.6000061035156","152.3000030517578","154","0"
"5286","571","8110","1985.6800537109375","499.72900390625","0","353.6000061035156","340.3999938964844","336.5","0"
"5287","571","8151.89990234375","2403.739990234375","515.3330078125","0","435.3999938964844","466.6000061035156","409.79998779296875","0"
"5290","571","3870.2900390625","6984.2001953125","153.8470001220703","3","0","0","0","0"
"5294","571","5157.16015625","2196.489990234375","377.7070007324219","4","0","0","0","0"
"5296","571","5088.93017578125","2281.110107421875","356.0060119628906","4","0","0","0","0"
"5298","571","5116.47021484375","3482.89990234375","358.3009948730469","4","0","0","0","0"
"5300","571","5022.31005859375","3695.4599609375","362.7430114746094","4","0","0","0","0"
"5302","571","4327.35986328125","3207.780029296875","372.02099609375","4","0","0","0","0"
"5304","571","4344.14013671875","2407.97998046875","374.6600036621094","4","0","0","0","0"
"5305","571","6784.68017578125","1788.2900390625","572.4810180664062","0","93.33999633789062","10.710000038146973","50","6.205999851226807"
"5306","571","7024.47998046875","2133.31005859375","623.1090087890625","11.691499710083008","23.270000457763672","24.670000076293945","30","6.186999797821045"
"5307","571","7198.39013671875","1968.5699462890625","572.0009765625","11.691499710083008","23.270000457763672","24.670000076293945","30","6.186999797821045"
"5308","571","6978.6201171875","1727.300048828125","511.1000061035156","11.691499710083008","23.270000457763672","24.670000076293945","30","6.186999797821045"
"5309","571","8535.5400390625","2660.669921875","650.35302734375","103","0","0","0","0"
"5310","571","5825.0400390625","642.5570068359375","647.8309936523438","2","0","0","0","0"
"5312","571","7143.6201171875","1833.1600341796875","512.3469848632812","23.916099548339844","23.270000457763672","24.670000076293945","30","6.186999797821045"
"5313","571","7049.740234375","1759.0799560546875","502.2449951171875","23.916099548339844","23.270000457763672","24.670000076293945","30","6.186999797821045"
"5314","571","3538.929931640625","358.5679931640625","52.287899017333984","12.059900283813477","0","0","1","0"
"5315","571","3637.800048828125","282.8529968261719","52.23099899291992","12.059900283813477","0","0","1","0"
"5316","571","3555.300048828125","183.7570037841797","52.293399810791016","12.059900283813477","0","0","1","0"
"5317","571","3451.580078125","263.9779968261719","52.23030090332031","12.059900283813477","0","0","1","0"
"5318","571","3650.43994140625","283.79400634765625","-120.1729965209961","12.059900283813477","0","0","1","0"
"5323","571","7796.740234375","-2970.719970703125","1259.050048828125","0","29.040000915527344","14.399999618530273","20","5.821000099182129"
"5327","571","5832.89013671875","501.1099853515625","657.3729858398438","6.243390083312988","0","0","0","0"
"5332","571","3798.6201171875","3581.18994140625","51.71860122680664","0","4.564000129699707","5.436999797821045","7.4670000076293945","4.38700008392334"
"5334","571","3739.659912109375","3567.2900390625","290.7850036621094","0","5.644999980926514","5.946000099182129","3.055000066757202","0"
"5338","571","3787.570068359375","3558.110107421875","473.3219909667969","0","4.380000114440918","4.824999809265137","5.76800012588501","5.998000144958496"
"5339","571","3739.5","3567","341.5639953613281","0","4.4019999504089355","4.690000057220459","3.371000051498413","0"
"5340","571","3738.639892578125","3567.669921875","298.5220031738281","0","1.378000020980835","8.496999740600586","1.4019999504089355","0"
"5341","571","3740.320068359375","3567.8798828125","298.5220031738281","0","1.2319999933242798","7.86299991607666","2.0420000553131104","0"
"5360","571","7843.93017578125","-799.7890014648438","1183.800048828125","12","0","0","0","0"
"5379","571","9364.3603515625","-1113.43994140625","1320","0","14","50","160","6.28000020980835"
"5392","571","8466.1796875","871.0969848632812","547.2930297851562","14.54580020904541","13.710000038146973","11.899999618530273","0","0"
"5403","571","8484.9296875","927.89501953125","547.3090209960938","0","16.6299991607666","57.77000045776367","10","0"
"5404","571","8574.4697265625","667.114013671875","547.3740234375","0","40.43000030517578","17","10","1.4049999713897705"
"5405","571","8421.3896484375","704.4299926757812","547.3369750976562","0","35.4900016784668","13.420000076293945","10","0"
"5440","571","4200.27978515625","5265.830078125","31.66699981689453","2.8180201053619385","0","0","0","0"
"5460","571","4866.419921875","5168.27001953125","-83.38839721679688","0","2.3380000591278076","26.700000762939453","20.040000915527344","0.40560001134872437"
"5461","571","4880.2099609375","5173.419921875","-83.11100006103516","0","2.3380000591278076","26.700000762939453","20.040000915527344","0.40560001134872437"
"5500","571","8454.509765625","459.4339904785156","596.072021484375","6.488840103149414","8.09000015258789","6.413000106811523","0","0"
"5503","571","8515.2099609375","744.4130249023438","562.906005859375","0","26","12","12","0"
"5505","571","8562.599609375","791.7849731445312","562.8989868164062","0","12","26","12","0"
"5635","571","5678.56005859375","1995.280029296875","808","0","14.5","12","21","0.6949999928474426"
"5636","571","5627.41015625","1957.3199462890625","819","0","15","25","35","1.5"
"5637","571","5584.10986328125","2003.1600341796875","807.2000122070312","0","14.5","12","21","2.265000104904175"
"5650","571","4800.009765625","-578.3489990234375","159.8090057373047","0","15.260000228881836","68.30999755859375","21.299999237060547","5.835999965667725"
"5670","571","5772.10986328125","2063.27001953125","647.0640258789062","0","16","20","24","0.4291999936103821"
"5691","571","5816.22021484375","760.5189819335938","640.6680297851562","0","1","10.0600004196167","8.42199993133545","1.7760000228881836"
"5692","571","5815.7001953125","761.7449951171875","640.5830078125","0","1","10.0600004196167","8.42199993133545","1.7760000228881836"
"5693","571","5783.06005859375","538.7620239257812","642.5590209960938","0","1","6.699999809265137","2.421999931335449","0.8819000124931335"
"5694","571","5782.740234375","541.5989990234375","642","0","1","10","2.421999931335449","0.8866000175476074"
"4696","572","1328.719970703125","1632.719970703125","36.73040008544922","4","0","0","0","0"
"4697","572","1243.300048828125","1699.1700439453125","34.87260055541992","4","0","0","0","0"
"4927","572","1200.3299560546875","1682.0899658203125","33.07809829711914","0","158.39999389648438","26.139999389648438","40","0.887499988079071"
"4928","572","1223.6099853515625","1630.81005859375","32.60710144042969","0","127.30000305175781","28.43000030517578","40","5.617000102996826"
"4929","572","1359.1800537109375","1692.25","37.070499420166016","0","158.39999389648438","26.139999389648438","40","5.614999771118164"
"4930","572","1371.510009765625","1649.0799560546875","34.5088996887207","0","158.39999389648438","26.139999389648438","40","0.887499988079071"
"4931","572","1299.760009765625","1554.739990234375","40","0","127","30.6299991607666","40","0.125"
"4932","572","1274.510009765625","1774.6800537109375","27.03660011291504","0","127","30.6299991607666","40","0.125"
"4933","572","1246.06005859375","1743.6199951171875","40","0","33.880001068115234","21.229999542236328","40","1.6749999523162842"
"4934","572","1305.43994140625","1754.1400146484375","40","0","33.880001068115234","21.229999542236328","40","1.6749999523162842"
"4935","572","1321.6199951171875","1586.97998046875","40","0","33.880001068115234","21.229999542236328","40","1.6749999523162842"
"4936","572","1269.1199951171875","1579.989990234375","40","0","33.880001068115234","21.229999542236328","40","1.6749999523162842"
"4941","572","1285.3599853515625","1667.6800537109375","10","0","212.5","207.3000030517578","20","2.4790000915527344"
"5041","572","1285.3599853515625","1667.6800537109375","-10","0","212.5","207.3000030517578","20","2.4790000915527344"
"5042","572","1285.3599853515625","1667.6800537109375","-30","0","212.5","207.3000030517578","20","2.4790000915527344"
"4741","574","136.72900390625","-90.4468002319336","12.554300308227539","0","47.189998626708984","23.969999313354492","70.94000244140625","1.899999976158142"
"4757","574","260.49700927734375","231.13699340820312","42.79140090942383","10","0.33329999446868896","0.33329999446868896","43.36000061035156","0"
"4762","574","164.3249969482422","-83.1729965209961","12.554800033569336","0","5.611000061035156","30.440000534057617","12.079999923706055","3.4730000495910645"
"4764","574","168.7740020751953","-79.55059814453125","12.554800033569336","0","4.943999767303467","30.940000534057617","11.109999656677246","3.4730000495910645"
"4791","574","377.4710388183594","-69.20893096923828","24.672588348388672","8","0.2777999937534332","0.2777999937534332","0.2777999937534332","0"
"4792","574","373.92626953125","-56.26171875","22.756961822509766","8","0","0","0","0"
"4793","574","369.6978454589844","-43.66249084472656","24.14691162109375","8","0","0","0","0"
"4838","574","273.72198486328125","-148.9029998779297","190.10400390625","20","0","0","0","0"
"4743","575","595.1900024414062","-328.2919921875","113.14399719238281","0","10.970000267028809","10.6899995803833","12","6.269000053405762"
"4991","575","330.90301513671875","-508.42999267578125","104.27200317382812","0","31.6200008392334","21.84000015258789","30","0"
"5140","575","312.64599609375","-291.1730041503906","104.7020034790039","0","37.290000915527344","13.789999961853027","35.22999954223633","0"
"4954","576","184.843994140625","-6.531750202178955","-10","0","8","75","20","0"
"4955","576","184.843994140625","-6.531750202178955","-10","0","8","75","20","0"
"4981","576","145.75900268554688","-17.642099380493164","-13","0","10","4","10","0"
"5004","576","601.6939697265625","-255.1999969482422","-225","0","420","725","100","0"
"5001","578","1084.3499755859375","1054.6199951171875","225","0","700","700","100","0"
"4853","580","1595.5999755859375","679.5330200195312","52.63029861450195","0","35.13999938964844","88.18000030517578","33.689998626708984","5.576000213623047"
"4891","580","1797.2900390625","925.3170166015625","15.056599617004395","0","4.923999786376953","14.65999984741211","16.770000457763672","6.263999938964844"
"4937","580","1807.27001953125","597.6510009765625","52","0","65.12999725341797","10.15999984741211","17.6299991607666","5.953000068664551"
"5626","580","1766.93994140625","683.0900268554688","71.19020080566406","0","0","0","0","0"
"5652","580","1772.6300048828125","683.4509887695312","71.19020080566406","0","1.0670000314712524","44.93000030517578","71.4000015258789","2.253000020980835"
"5664","580","1772.93994140625","681.0280151367188","71.19020080566406","0","1.0670000314712524","44.93000030517578","71.4000015258789","2.253000020980835"
"5681","580","1703.8900146484375","865.2520141601562","26.637699127197266","0","1.1859999895095825","50.38999938964844","71.4000015258789","3.122999906539917"
"5682","580","1698.93994140625","865.2169799804688","25.606199264526367","0","0.5105999708175659","51.119998931884766","71.4000015258789","3.1050000190734863"
"5684","580","1681.6600341796875","578.4310302734375","31.313499450683594","0","55.209999084472656","2.634000062942505","48.310001373291016","5.9029998779296875"
"5685","580","1645.8800048828125","609.7949829101562","31.31879997253418","0","34.369998931884766","1.0529999732971191","48.310001373291016","5.076000213623047"
"4849","585","231.89100646972656","-271.37701416015625","-7.651130199432373","0","100","100","100","0"
"4885","585","-5.894529819488525","-0.12369800359010696","-2.803230047225952","0","3.431999921798706","16.139999389648438","7.543000221252441","0"
"5085","595","1807.489990234375","1275.989990234375","141.677001953125","6.549320220947266","9.694000244140625","8.8100004196167","4","0"
"5148","595","1427.3399658203125","564.166015625","37.987701416015625","0","24","6","4","3.609999895095825"
"5181","595","2235.43994140625","1472.050048828125","132.36399841308594","0","8.718999862670898","11.579999923706055","6","0.47049999237060547"
"5249","595","2110.989990234375","1372.9000244140625","132.4530029296875","7","0","0","0","0"
"5250","595","2199.550048828125","1294.1700439453125","134.1300048828125","7","9.899999618530273","9.899999618530273","1","0"
"5251","595","2148.530029296875","1260.9100341796875","134.86500549316406","7","0","0","0","0"
"5252","595","2233.89990234375","1136.1800537109375","139.04200744628906","7","0","0","0","0"
"5253","595","2325.31005859375","1153.5400390625","135.302001953125","7","0","0","0","0"
"5256","595","2384.659912109375","1202.81005859375","134.04100036621094","7","0","0","0","0"
"5291","595","1561.31005859375","580.8740234375","99.76390075683594","2.1707699298858643","0","0","0","0"
"5012","599","1153.8699951171875","816.2620239257812","195.35000610351562","0","50","6","25","0"
"5000","600","-519.1820068359375","-481.42401123046875","16","0","5","20","15","2.364000082015991"
"5113","601","404.2820129394531","53.538299560546875","252.42799377441406","0","7.5879998207092285","10.9399995803833","5","0.3107999861240387"
"5115","601","405.5419921875","803.135009765625","831.9130249023438","0","24","8","5","0.6985999941825867"
"5292","601","549.1820068359375","433.3349914550781","286","0","15.5600004196167","15.5600004196167","3","0"
"5082","602","1225.81005859375","-164.3719940185547","60","0","10","60","20","0"
"5083","602","1187.0899658203125","-164.22799682617188","60","0","10","60","20","0"
"5084","602","1174.97998046875","-193.7989959716797","60","0","10","60","20","4.711999893188477"
"5091","602","1330.8399658203125","281.89599609375","65","0","70","15","30","0"
"5357","603","2133.780029296875","-312.114990234375","441.2330017089844","0","44.31999969482422","27.860000610351562","15","0"
"5358","603","-811.10400390625","-158.9739990234375","450","0","32.58000183105469","371.1000061035156","70","0"
"5359","603","-841.468017578125","-147.11500549316406","450","0","22.510000228881836","345.29998779296875","70","0"
"5366","603","477.8500061035156","754.0440063476562","354.8659973144531","10","0","0","0","0"
"5369","603","139.0189971923828","56.20140075683594","409.8039855957031","8","0","0","0","0"
"5381","603","-927","-149.0590057373047","550","0","10","60","170","0"
"5388","603","-771.4299926757812","-149.45199584960938","430.0780029296875","19.06279945373535","0","0","0","0"
"5390","603","1800","-22.976600646972656","420.9530029296875","0","75","200","30","0"
"5398","603","583.0549926757812","-9.9087495803833","409.8039855957031","0","60","60","60","0"
"5399","603","1752.9000244140625","-27.00659942626953","448.80499267578125","0","7.290999889373779","42.09000015258789","5","0"
"5400","603","1637.8900146484375","-164.63900756835938","427.2590026855469","0","1.7970000505447388","21.200000762939453","13.34000015258789","0"
"5401","603","1640.77001953125","-164.21800231933594","427.2619934082031","0","1.7970000505447388","21.200000762939453","13.34000015258789","0"
"5402","603","2309.719970703125","1430","388","0","170","2420","44","0"
"5414","603","-349.79400634765625","-106.0739974975586","409.8039855957031","0","50.38999938964844","405","102.69999694824219","0"
"5415","603","-181.1999969482422","72.67829895019531","420.73699951171875","0","71.91000366210938","214.5","102.69999694824219","0"
"5416","603","74.25849914550781","-184.4219970703125","413.2919921875","0","54.70000076293945","100","24.479999542236328","0"
"5417","603","117.3740005493164","179.93499755859375","409.8039855957031","0","50","188.39999389648438","24.479999542236328","0"
"5420","603","-705.7369995117188","-92.30079650878906","429.87298583984375","6.646130084991455","0","0","0","0"
"5423","603","131.03599548339844","-128.30299377441406","409.8039855957031","8","0","0","0","0"
"5426","603","-54.91019821166992","-66.9395980834961","409.8039855957031","0","50","188.39999389648438","24.479999542236328","0"
"5427","603","588.0180053710938","62.74869918823242","404.6210021972656","0","60","60","60","0"
"5428","603","-401.9440002441406","-14.549099922180176","409.8039855957031","0","50","250","24.479999542236328","0"
"5432","603","2307.10009765625","1415","415.54998779296875","0","6","2420","1","0"
"5433","603","1629.0799560546875","-308.35699462890625","390","0","180","180","4","0"
"5442","603","44.47209930419922","-32.558799743652344","409.8039855957031","0","50","250","24.479999542236328","0"
"5443","603","-513.8489990234375","31.768299102783203","409.8039855957031","0","50.38999938964844","405","102.69999694824219","0"
"5231","604","1896.9599609375","825.6320190429688","185","0","4","17","20","1.5529999732971191"
"5233","604","1913.7900390625","644.7269897460938","144","0","4","20","20","3.1440000534057617"
"5276","604","1981.1199951171875","841.8189697265625","144","0","4","20","20","3.1410000324249268"
"5277","604","1899.31005859375","658.8939819335938","185","0","4","17","20","4.703000068664551"
"5354","607","1357.06005859375","-323.0509948730469","36.8306999206543","4","0","0","0","0"
"5355","607","1367.550048828125","219.31500244140625","37.06919860839844","4","0","0","0","0"
"5356","607","978.7169799804688","-3.4319698810577393","86.714599609375","4","0","0","0","0"
"5211","608","1798.739990234375","803.8579711914062","47.36470031738281","0","3.6459999084472656","12.239999771118164","8","0.012299999594688416"
"5017","609","2990.570068359375","-5632.35986328125","330.9429931640625","3","0","0","0","0"
"5029","609","2985.489990234375","-5640.009765625","327.2690124511719","3","0","0","0","0"
"5086","609","1410.06005859375","-5834.18994140625","132.42999267578125","1","0","0","0","0"
"5087","609","1877.31005859375","-5769","83.80750274658203","0","27.559999465942383","22.65999984741211","9.062999725341797","0"
"5088","609","1407.9000244140625","-5836.5498046875","139.23399353027344","0","10.90999984741211","13.579999923706055","19.309999465942383","5.488999843597412"
"5089","609","1392.8499755859375","-5831.52978515625","140.60400390625","0","17.440000534057617","28.1200008392334","19.309999465942383","5.488999843597412"
"5094","609","1319.81005859375","-5771.60009765625","137.74899291992188","0","10.520000457763672","8.038999557495117","5.211999893188477","0"
"5099","609","1322.280029296875","-5742.740234375","137.47500610351562","0","7.263999938964844","7.130000114440918","5.211999893188477","0"
"5100","609","1320.780029296875","-5763.85009765625","137.81900024414062","0","8.14900016784668","3.9089999198913574","5.732999801635742","0"
"5101","609","1330.719970703125","-5755.85986328125","137.47999572753906","0","7.676000118255615","4.392000198364258","5.074999809265137","0"
"5102","609","1321.06005859375","-5754.2001953125","137.4290008544922","0","9.819000244140625","6.171000003814697","4.644000053405762","0"
"5103","609","1328.68994140625","-5771.259765625","137.7740020751953","0","5.275000095367432","7.314000129699707","4.923999786376953","0"
"5104","609","1330.0999755859375","-5764.6201171875","137.8209991455078","0","8.725000381469727","4.932000160217285","4.185999870300293","0"
"5105","609","1330.719970703125","-5748.669921875","137.39300537109375","0","8.972999572753906","6.473999977111816","4.800000190734863","0"
"5106","609","1330.5","-5741.33984375","137.56500244140625","0","7.6620001792907715","7.9039998054504395","2.694000005722046","0"
"5107","609","1321.7900390625","-5748.830078125","137.3820037841797","0","7.593999862670898","3.9159998893737793","5.814000129699707","0"
"5228","615","3242.989990234375","554.2999877929688","58.75630187988281","40","0","0","0","0"
"5229","615","3244.340087890625","512.375","58.57849884033203","40","0","0","0","0"
"5241","615","3228.39990234375","380.24700927734375","75","0","15","3","25","0"
"5342","616","754.5969848632812","1301.739990234375","200","0","600.9000244140625","964.7999877929688","30","0"
"5326","617","1330","800","-10","0","214","216","20","90"
"5328","617","1289.719970703125","736.6129760742188","3.1596999168395996","0","40","10","20","0.0035409999545663595"
"5329","617","1292.050048828125","845.2730102539062","5.630660057067871","0","40","10","20","0.0035409999545663595"
"5330","617","1238.0799560546875","780.1060180664062","3.1597299575805664","0","100","8.5","9","4.710999965667725"
"5331","617","1348.5","792.8280029296875","3.823050022125244","0","100","8.5","9","4.703000068664551"
"5343","617","1330","800","-40","0","214","216","20","90"
"5344","617","1330","800","-60","0","214","216","20","0.46799999475479126"
"5347","617","1249.4300537109375","764.6010131835938","21.46619987487793","8","0","0","0","0"
"5348","617","1333.510009765625","817.031005859375","21.389999389648438","8","0","0","0","0"
"5224","618","765.14599609375","-294.88299560546875","-1","0","20","20","10","0"
"5226","618","764.301025390625","-272.0069885253906","-1","0","20","20","10","0"
"5447","618","801.6630249023438","-278.85699462890625","-24","0","500","500","50","0"
"5473","618","743.6630249023438","-272.4909973144531","28.684099197387695","0","2.299999952316284","96.61000061035156","10","0"
"5474","618","783.2030029296875","-271.968994140625","28.690000534057617","0","2.299999952316284","95","10","0"
"5213","619","332.3970031738281","-1110.699951171875","72.77439880371094","0","1.9980000257492065","10.5600004196167","7","0.6309999823570251"
"5235","619","523.2310180664062","-300.26800537109375","71.3604965209961","0","11.25","1.5360000133514404","8","0"
"5322","619","548.7459716796875","-1001.9500122070312","37.939701080322266","0","18.020000457763672","31.360000610351562","53.880001068115234","0.16140000522136688"
"5262","624","-517.9600219726562","-103.65299987792969","156.62399291992188","0","8.321999549865723","31.020000457763672","20","0"
"5530","628","1049.31005859375","-225","81.13809967041016","19","0","0","0","0"
"5535","628","1216.8800048828125","-763.7150268554688","48.91630172729492","0","119.5","162","50","0"
"5536","628","350.885009765625","-832.6929931640625","50","0","107","126.4000015258789","50","0"
"5555","628","340.625","-836.1160278320312","48.91619873046875","60","0","0","0","0"
"5604","631","4396.56982421875","2482.969970703125","203.37600708007812","0","58.90999984741211","120","60","0"
"5608","631","51.47050094604492","2212.3798828125","30.115699768066406","0","8","75","20","0"
"5609","631","61.191001892089844","2209.1201171875","30.115699768066406","0","8","75","20","0"
"5611","631","-142.0850067138672","2211.320068359375","35.23350143432617","0","15","35","30","0"
"5612","631","-205.85800170898438","2210.070068359375","35.23350143432617","0","45","160","30","0"
"5616","631","4356.8798828125","2700.5","355.031005859375","15","0","0","0","0"
"5617","631","4313.91015625","2672.050048828125","344.7699890136719","15","0","0","0","0"
"5618","631","4386.0400390625","2668.739990234375","348.84600830078125","15","0","0","0","0"
"5619","631","4356.75","2653.260009765625","351.10101318359375","0","30","15","20","0"
"5623","631","4181.27978515625","2483.64990234375","211.03199768066406","15","21.209999084472656","21.209999084472656","1","0"
"5628","631","-497.9429931640625","2324.31005859375","198.78700256347656","0","75","10","50","5.017000198364258"
"5629","631","-370.7879943847656","2319.820068359375","199.97000122070312","0","75","10","50","4.413000106811523"
"5630","631","-504.6940002441406","2094.969970703125","199.97000122070312","0","75","10","50","4.203000068664551"
"5631","631","-375.6910095214844","2106.81005859375","199.97000122070312","0","75","10","50","5.061999797821045"
"5647","631","4360.08984375","3125.6298828125","378.9700012207031","0","40","15","30","0"
"5649","631","4234.18994140625","2768.699951171875","350.9630126953125","0","10","30","20","0"
"5668","631","85.93920135498047","2211.56005859375","38.115699768066406","0","10","20","18","0"
"5698","631","-465.35198974609375","2212.1298828125","545","0","5","35","20","0"
"5700","631","4120.35009765625","2768.010009765625","355.5790100097656","0","10","35","20","0"
"5708","631","4694.490234375","2769.090087890625","364.08599853515625","60","21.209999084472656","21.209999084472656","1","0"
"5709","631","-543.4249877929688","2212.919921875","55.341800689697266","0","41.540000915527344","67.76000213623047","40","0"
"5718","631","4357.08984375","2769.260009765625","356.072998046875","3","0","0","0","0"
"5729","631","4489.02001953125","2767.570068359375","351.10101318359375","0","20.799999237060547","33.470001220703125","30","0"
"5730","631","4245.8798828125","2768.8701171875","340.9630126953125","0","11.800000190734863","34.2599983215332","40","0"
"5732","631","-333.6159973144531","2212.6298828125","42.56439971923828","10","0","0","0","0"
"5736","631","28.501699447631836","2211.81005859375","30.115699768066406","0","35","35","20","0"
"5744","631","4354.64990234375","2872.239990234375","349.4280090332031","20","0","0","0","0"
"5745","631","4457.759765625","2769.5","349.3059997558594","20","0","0","0","0"
"5746","631","4271.22021484375","2770.669921875","351.0090026855469","15","0","0","0","0"
"5747","631","4256.7099609375","2736.429931640625","347.6629943847656","15","0","0","0","0"
"5748","631","4257.64990234375","2804.169921875","346.8240051269531","15","0","0","0","0"
"5749","631","4357.56982421875","2622.1298828125","351.10101318359375","20","0","0","0","0"
"5772","631","-458.9200134277344","2212.110107421875","545","0","5","35","20","0"
"5642","632","4925.85009765625","2169.169921875","649","0","25","5","25","0.46480000019073486"
"5672","632","5661.35009765625","2507.090087890625","708.8289794921875","10.42590045928955","22.5","3.99399995803833","16.670000076293945","5.572999954223633"
"5688","632","5684.47998046875","2537.010009765625","714.6909790039062","0","1.1089999675750732","8.192000389099121","20","0.9082000255584717"
"5475","649","744.2260131835938","132.11099243164062","150","0","150","165","30","1.5700000524520874"
"5508","649","563.4550170898438","68.43229675292969","401.1919860839844","0","40","16","14","0"
"5562","649","563.64599609375","92.12000274658203","395.20098876953125","0","2","2","4","0"
"5491","650","790.5640258789062","620.5139770507812","411.93798828125","0","97.29000091552734","1","20","1.5809999704360962"
"5492","650","793.1229858398438","618.5750122070312","412.3900146484375","0","70.43000030517578","1","20","1.5759999752044678"
"5510","650","819.2689819335938","618.6740112304688","418","0","18","42","15","0"
"5573","658","464.4219970703125","206.5780029296875","528.7100219726562","0","18.950000762939453","200.6999969482422","40","6.252999782562256"
"5578","658","859.281005859375","44.402801513671875","515.0339965820312","34.53820037841797","42.43000030517578","150.39999389648438","40","0"
"5579","658","960.0560302734375","75.25350189208984","566.166015625","38.13520050048828","42.43000030517578","150.39999389648438","40","0"
"5580","658","969.9130249023438","-117.43599700927734","597.9429931640625","20.505800247192383","42.43000030517578","150.39999389648438","40","0"
"5581","658","1066.6199951171875","76.7864990234375","630.9089965820312","20.13520050048828","42.43000030517578","150.39999389648438","40","0"
"5582","658","1002.6500244140625","-131.8979949951172","617.7329711914062","0","30","20","30","6.255000114440918"
"5583","658","1038.5899658203125","-117.97599792480469","628.364013671875","0","30","25","30","0.7577000260353088"
"5584","658","1059.0400390625","-84.76909637451172","633.6209716796875","0","30","25","30","1.2730000019073486"
"5585","658","1066.2900390625","-51.44620132446289","633.947998046875","0","30","25","30","1.2730000019073486"
"5586","658","1073.050048828125","-14.190999984741211","633.135986328125","0","30","25","30","1.2730000019073486"
"5587","658","1077.81005859375","24.630199432373047","631.4550170898438","0","30","25","30","1.659999966621399"
"5588","658","822.989990234375","65.84030151367188","510.2179870605469","0","10.300000190734863","60.59000015258789","40","5.484000205993652"
"5589","658","752.4569702148438","-52.558998107910156","508.74200439453125","20","42.43000030517578","150.39999389648438","40","0"
"5593","658","706.0560302734375","158.10400390625","510.5950012207031","29","42.43000030517578","150.39999389648438","40","0"
"5594","658","619.6790161132812","57.67530059814453","512.4359741210938","0","10.300000190734863","60.59000015258789","40","4.380000114440918"
"5595","658","622.7139892578125","1.803820013999939","513.7410278320312","0","28.170000076293945","71.16999816894531","40","4.645999908447266"
"5596","658","656.7470092773438","-75.2760009765625","513.7420043945312","0","25.309999465942383","77.01000213623047","40","5.316999912261963"
"5597","658","726.2969970703125","-93.41320037841797","513.6749877929688","0","11.350000381469727","59.61000061035156","40","0.2987000048160553"
"5598","658","777.7639770507812","-33.769100189208984","508.3529968261719","0","11.350000381469727","59.61000061035156","40","0.7754999995231628"
"5599","658","805.7520141601562","-9.270830154418945","509.4960021972656","0","11.350000381469727","59.61000061035156","40","0.7754999995231628"
"5600","658","794.7899780273438","85.27429962158203","510.364990234375","0","16.829999923706055","59.02000045776367","40","2.4049999713897705"
"5601","658","763.6439819335938","139.7310028076172","510.63299560546875","0","16.829999923706055","59.02000045776367","40","2.4049999713897705"
"5602","658","662.4180297851562","94.85590362548828","505.0719909667969","0","40","66.61000061035156","40","2.4049999713897705"
"5633","658","1006.8599853515625","178.9600067138672","628.156005859375","51.5010986328125","0","0","0","0"
"5643","658","423.84698486328125","212.52099609375","528.7080078125","3","0","0","0","0"
"5683","658","1189.72998046875","347.8630065917969","629.6209716796875","0","5.5","3.5999999046325684","6","5.559999942779541"
"5570","668","5381.02001953125","2089.909912109375","707.6950073242188","0","35","3","10","2.372999906539917"
"5605","668","5539.64990234375","2247.050048828125","733.010986328125","0","20.530000686645508","94.51000213623047","72.13999938964844","3.941999912261963"
"5632","668","5244.52001953125","1939.2099609375","707.6950073242188","0","32.619998931884766","5.416999816894531","37.86000061035156","5.511000156402588"
"5646","668","5228.240234375","1921.219970703125","717.6950073242188","0","25","10","25","5.5279998779296875"
"5660","668","5276.169921875","1971.699951171875","707.6950073242188","0","25.6299991607666","3.4860000610351562","37.86000061035156","5.548999786376953"
"5689","668","5249.52001953125","1942.949951171875","707.6950073242188","0","46.77000045776367","4.573999881744385","30","5.507999897003174"
"5697","668","5309.56005859375","2006.6700439453125","709.3410034179688","9","4","0","0","0"
"5740","668","5361.10009765625","2061.02001953125","707.6950073242188","0","4","24","6","0.8073999881744385"
"5742","668","5374.43994140625","2075.050048828125","707.6950073242188","0","20","36","6","0.8073999881744385"
"5752","668","5433.1298828125","2137.969970703125","720.0919799804688","0","46.77000045776367","4.573999881744385","30","5.507999897003174"
"6126","646","801","-41","-65","30","0","0","0","0"
"6221","646","654","-615","10","30","0","0","0","0"
"5807","0","-5161.6298828125","642.4710083007812","343.2229919433594","0","38.709999084472656","65.91999816894531","2","0"
"5827","0","-9459.76953125","516.8259887695312","56.288700103759766","18.396299362182617","0","0","0","0"
"5828","0","-8966.150390625","511.010009765625","96.35310363769531","0","33.459999084472656","26.510000228881836","31.31999969482422","0.6601999998092651"
"5829","0","-9646.0302734375","679.7360229492188","37.41360092163086","0","37.720001220703125","8.513999938964844","20.3700008392334","5.86899995803833"
"5830","0","-9465.25","61.840301513671875","55.91460037231445","0","68.5199966430664","22.559999465942383","17.649999618530273","0"
"5831","0","-8553.1298828125","1208.1800537109375","5.220419883728027","16.511699676513672","0","0","0","0"
"5802","1","1226.9000244140625","-4579.14990234375","18.13789939880371","18.594600677490234","0","0","0","0"
"5810","1","1247.449951171875","-4162.7001953125","26.854799270629883","18.237499237060547","0","0","0","0"
"5813","1","1342.6099853515625","-4651.10986328125","46.52439880371094","0","30.020000457763672","26.59000015258789","45.650001525878906","0.16200000047683716"
"5814","1","1164.1099853515625","-4158.41015625","43.494300842285156","0","30.020000457763672","26.59000015258789","45.650001525878906","0.593999981880188"
"5815","1","306.239990234375","-4742.72021484375","10.280400276184082","27.550399780273438","50.84000015258789","48.81999969482422","45.650001525878906","0.7301999926567078"
"5843","1","-1121.760009765625","-5126.14013671875","2.886820077896118","0","115.4000015258789","58.099998474121094","56.72999954223633","5.520999908447266"
"5847","1","-972.7379760742188","-5181.02001953125","4.458330154418945","0","107.0999984741211","35.529998779296875","56.72999954223633","5.682000160217285"
"5848","1","-816.5430297851562","-5362.64013671875","2.355839967727661","62.877498626708984","162.1999969482422","51.88999938964844","56.72999954223633","6.043000221252441"
"6809","571","5804.14990234375","624.77099609375","647.7670288085938","8","0","0","0","0"
"6810","1410","4634","-3786","942","8","0","0","0","0"
"5866","566","2024.5999755859375","1743.0400390625","1194.8399658203125","80","0","0","0","0"
"5774","571","5805.9501953125","605.4639892578125","655.4229736328125","0","10.149999618530273","17.790000915527344","8.112000465393066","3.309000015258789"
"5869","571","3608.18994140625","186.1699981689453","-100","0","5","16","24","5.341000080108643"
"5795","595","2107.14990234375","1289.280029296875","137.02099609375","0","21","50","12","0"
"5867","724","3152.080078125","362.875","85.51750183105469","100","0","0","0","0"
"5872","724","3286.800048828125","533.3920288085938","98.5718002319336","0","5","16","24","6.248000144958496"
"5904","726","2119.050048828125","190.86500549316406","44.05580139160156","5","0.33329999446868896","0.33329999446868896","0.33329999446868896","0"
"5905","726","1578.0899658203125","344.0690002441406","2.417680025100708","5","0.33329999446868896","0.33329999446868896","0.33329999446868896","0"
"5906","726","2176.169921875","226.5540008544922","43.76369857788086","4","0","0","0","0"
"5907","726","1544.050048828125","303.7409973144531","0.6638540029525757","4","0","0","0","0"
"5908","726","1754.1600341796875","242.052001953125","-13.986300468444824","4","0","0","0","0"
"5909","726","1951.3900146484375","383.95001220703125","-10.51830005645752","4","0","0","0","0"
"5910","726","1737.68994140625","435.8590087890625","-7.802969932556152","4","0","0","0","0"
"5911","726","1933.1300048828125","226.5780029296875","-17.016799926757812","4","0","0","0","0"
"5914","726","2136.6298828125","237.6439971923828","43.79990005493164","0","82.3499984741211","10","56.02000045776367","5.747000217437744"
"5916","726","2098.52001953125","203.9770050048828","43.402801513671875","0","84.69000244140625","26.530000686645508","56.02000045776367","1.0199999809265137"
"5917","726","2100.050048828125","137.5709991455078","39.855201721191406","0","82.3499984741211","23.829999923706055","56.02000045776367","5.747000217437744"
"5918","726","1590","294.6130065917969","0.697350025177002","0","82.3499984741211","23.829999923706055","56.02000045776367","6.177999973297119"
"5920","726","1595.8900146484375","347.718994140625","1.3697099685668945","0","80.11000061035156","14.59000015258789","56.02000045776367","1.4800000190734863"
"5921","726","1559.9200439453125","388.0090026855469","-4.875400066375732","0","19.8700008392334","14.0600004196167","56.02000045776367","6.177999973297119"
"6803","726","1820.8499755859375","156.36300659179688","9","0","43","29","18","0"
"6804","726","1879.6800537109375","442.125","0","13.676300048828125","5.331999778747559","11.100000381469727","0","0"
"6805","726","1552","212.5070037841797","18","0","57","37","12","1.6080000400543213"
"6806","726","2180","330","45","0","35","49","25","0.31520000100135803"
"6265","761","990.2670288085938","984.0759887695312","12.99489974975586","4","0","0","0","0"
"6266","761","1110.989990234375","921.8770141601562","27.545000076293945","5","0","0","0","0"
"6267","761","966.8259887695312","1044.1600341796875","13.147500038146973","4","0","0","0","0"
"6268","761","1195.3699951171875","1020.52001953125","7.978740215301514","4","0","0","0","0"
"6269","761","1064.0699462890625","1309.3199462890625","4.910449981689453","4","0","0","0","0"
"6447","761","870.9080200195312","1349.8199462890625","27.644899368286133","53.851600646972656","40","100","76.77999877929688","6.255000114440918"
"6448","761","1418.56005859375","996.0260009765625","7.397860050201416","42.467899322509766","40","100","64.13999938964844","0"
"6010","850","3673.60009765625","-3633.8701171875","139.9429931640625","5","0","0","0","0"
"6011","850","3665.110107421875","-3164.9599609375","127.2239990234375","10","0","0","0","0"
"6012","850","3663.949951171875","-3164.27001953125","127.36100006103516","10","0","0","0","0"
"6013","850","3584.780029296875","-3632.050048828125","142.1179962158203","10","9.777999877929688","17.940000534057617","27.920000076293945","0"
"6811","751","2924.3798828125","-798.4290161132812","161.61099243164062","8","0","0","0","0"
"6812","751","683.77099609375","-912.1439819335938","174.5","5","0","0","0","0"
"6813","751","2925.179931640625","-820.5449829101562","161.63400268554688","8","0","0","0","0"
"6814","751","2877.97998046875","-839.2670288085938","163.0489959716797","6","0","0","0","0"
"6815","751","2864.820068359375","-823.4199829101562","160.33200073242188","0","4","10.220000267028809","15","0.42989999055862427"
"6816","751","945.2340087890625","-1448.0999755859375","62.90380096435547","0","12.180000305175781","11.859999656677246","11.529999732971191","4.711999893188477"
"6822","751","3237.4599609375","-4060.60009765625","112.01000213623047","0","10","10","10","0"
"6823","751","3392.4599609375","-3389.199951171875","143.072998046875","0","22.829999923706055","20","34.689998626708984","0"
"6824","751","3392.56005859375","-3369","142.802001953125","0","27.940000534057617","20","35.189998626708984","0"
"6827","751","544.8300170898438","-1079.949951171875","109.49400329589844","0","12.170000076293945","19.059999465942383","12.0600004196167","3.822000026702881"
"6828","751","1282.050048828125","-2548.72998046875","85.39939880371094","0","10.5600004196167","13.029999732971191","21.670000076293945","0.47119998931884766"
"6829","751","2841.81005859375","-1544.52001953125","190.51600646972656","7","0","0","0","0"
"6830","751","2964.56005859375","-2712.889892578125","98.74459838867188","10","0.33329999446868896","0.33329999446868896","0.33329999446868896","0"
"6831","751","2980.10009765625","-2720.919921875","99.93370056152344","10","0.2777999937534332","0.2777999937534332","0.2777999937534332","0"
"6832","751","2832.070068359375","-1540.47998046875","190.1649932861328","7","0","0","0","0"
"6833","751","2843.39990234375","-1553.260009765625","190.7209930419922","7","0","0","0","0"
"6837","751","2302.5","-5341","90.75189971923828","0","29","17.899999618530273","24.559999465942383","2.3940000534057617"
"6839","751","2541.943115234375","-4785.322265625","117.4510726928711","80","0","0","0","0"
"6840","751","3488.239990234375","-4512.18017578125","158","0","70","70","42","5.318999767303467"
"6844","751","2479.340087890625","-5495.72998046875","421.84100341796875","4","0","0","0","0"
"6845","751","2469.2900390625","-5545.83984375","546.1010131835938","4","0","0","0","0"
"6846","751","2362.550048828125","-5574.5400390625","421.8380126953125","4","0","0","0","0"
"6847","751","2412.679931640625","-5584.64990234375","546.1010131835938","4","0","0","0","0"
"6848","751","2558.3701171875","-5612.56005859375","421.8349914550781","4","0","0","0","0"
"6849","751","2508.139892578125","-5602.5","546.1010131835938","4","0","0","0","0"
"6850","751","2441.3701171875","-5691.419921875","421.8340148925781","4","0","0","0","0"
"6851","751","2451.5","-5641.27001953125","546.1010131835938","4","0","0","0","0"
"6852","751","2427.669921875","-5548.64013671875","542.0910034179688","4","0","0","0","0"
"6853","751","2505.389892578125","-5563.89990234375","542.0889892578125","2","0","0","0","0"
"6854","751","2419.030029296875","-5622.169921875","542.0709838867188","3","0","0","0","0"
"6855","751","2486.989990234375","-5636.419921875","542.135986328125","3","0","0","0","0"
"6889","751","1876.22998046875","-1331.5999755859375","59.941200256347656","22.515899658203125","0","0","0","0"
"6891","751","1345.8199462890625","-1282.5999755859375","56.517398834228516","25","0","0","0","0"
"6892","751","1832.3199462890625","-1901.719970703125","126.94400024414062","16.157800674438477","0","0","0","0"
"6893","751","2342.110107421875","-2055.0400390625","163.24200439453125","33.10240173339844","0","0","0","0"
"6894","751","2746.93994140625","-1650.739990234375","126.64900207519531","0","3.624000072479248","27.18000030517578","10","0.9046000242233276"
"6895","751","3011.409912109375","-1552.8499755859375","146.47799682617188","0","0.18649999797344208","33.22999954223633","10","6.123000144958496"
"6896","751","1873.1700439453125","-3195.1298828125","130.5540008544922","0","13.329999923706055","0.2045000046491623","4","5.576000213623047"
"6897","751","2339.179931640625","-5390.68994140625","94.84249877929688","0","25.780000686645508","2.874000072479248","5","0.32499998807907104"
"6898","751","2999.260009765625","-3465.669921875","158.39500427246094","0","6.986999988555908","5.288000106811523","10","6.204999923706055"
"6899","751","1668.0899658203125","-721.7150268554688","58.91550064086914","0","9.208000183105469","15.529999732971191","10","5.745999813079834"
"6900","751","945.4310302734375","-1448.3900146484375","63.39950180053711","0","12","12","10","0.024219999089837074"
"6901","751","2892.02001953125","-808.8729858398438","163","0","29","40","8","5.105000019073486"
"6902","751","1270.56005859375","-2570.139892578125","97","0","6","10","10","2.046999931335449"
"6903","751","3391.64990234375","-3343.199951171875","150","0","12","30","18","4.715000152587891"
"6904","751","3391.610107421875","-3416","150","0","12","30","18","4.715000152587891"
"6905","751","3177.659912109375","-4039.06005859375","113","0","12","16","16","0"
"6907","751","1666.300048828125","-724.68798828125","40.914798736572266","0","5.598999977111816","6.2769999504089355","8","5.724999904632568"
"6908","751","1538.969970703125","-1670.3299560546875","67.35399627685547","0","44.279998779296875","42.13999938964844","30","0.06272999942302704"
"6817","750","5483.89990234375","-749.8809814453125","334.6210021972656","30","0","0","0","0"
"6818","750","5552.08984375","-683.81298828125","335.25","25","0","0","0","0"
"6819","750","5587.02001953125","-784.0250244140625","335.8219909667969","23","0","0","0","0"
"6820","750","6107.6201171875","-4181.60009765625","852.322021484375","2","0","0","0","0"
"6821","750","5893.31982421875","-4054.830078125","596.322021484375","2","0","0","0","0"
"6825","750","6687.990234375","-4670.06982421875","723.8909912109375","20","0","0","0","0"
"6826","750","5018.91015625","-4563.93994140625","851.75","50","0","0","0","0"
"6834","750","6221.83984375","-1152.75","383.2309875488281","4","0","0","0","0"
"6835","750","6221.89013671875","-1153","383.2720031738281","5","0","0","0","0"
"6836","750","5085.81982421875","-5110.64013671875","929.97900390625","6","0","0","0","0"
"6838","750","7763.328125","-4010.724365234375","694.2801513671875","95","0","0","0","0"
"6841","750","3637.820068359375","-3957.8798828125","20.257999420166016","0","1.944000005722046","46.83000183105469","39.08000183105469","0"
"6842","750","3263.3701171875","-4082.659912109375","28.329500198364258","0","1.8609999418258667","69.44000244140625","43.61000061035156","0"
"6843","750","3451.85009765625","-4011.010009765625","21.309900283813477","0","1.555999994277954","59.11000061035156","31.190000534057617","0"
"6856","750","7358.81982421875","-1109.9200439453125","47.48759841918945","13.246500015258789","0","0","0","0"
"6857","750","7354.5400390625","-1211.719970703125","107.51499938964844","13.246500015258789","0","0","0","0"
"6858","750","7886.830078125","-2500.469970703125","489.29400634765625","0","23.549999237060547","57.689998626708984","40","4.7829999923706055"
"6859","750","3540.39990234375","-5132.22998046875","85.47989654541016","36.06060028076172","38.66999816894531","48.66999816894531","0","0"
"6860","750","3922.080078125","-4891.25","150.86399841308594","46.53609848022461","0","0","0","0"
"6861","750","5295.58984375","-2201.110107421875","1263.8399658203125","20.950199127197266","0","0","0","0"
"6862","750","5295.58984375","-2201.110107421875","1263.8399658203125","20.950199127197266","0","0","0","0"
"6863","750","5168.02001953125","-2069.39990234375","1285.8499755859375","0","12.489999771118164","13.710000038146973","15","1.034999966621399"
"6864","750","5174.43994140625","-2075.0400390625","1282.6099853515625","0","19.90999984741211","9.522000312805176","20","0.9480000138282776"
"6865","750","5019.1298828125","-2015.4200439453125","1269.3399658203125","0","50.310001373291016","40.27000045776367","12","0.5440000295639038"
"6866","750","5707.5400390625","-3160.320068359375","1596.9000244140625","0","35.41999816894531","11.8100004196167","13.449999809265137","0"
"6867","750","5042.169921875","-2026.510009765625","1148.97998046875","5.05079984664917","0","0","0","0"
"6868","750","5030.83984375","-2036.300048828125","1378.0899658203125","8.019330024719238","0","0","0","0"
"6869","750","4320.919921875","-3288.199951171875","1036.050048828125","3.7845399379730225","2.822999954223633","3.384999990463257","2.7950000762939453","0"
"6870","750","4316.0498046875","-3282.510009765625","1035.530029296875","1","0","0","0","0"
"6871","750","3943.89990234375","-2807.489990234375","618.7470092773438","3.6830599308013916","0","0","0","0"
"6872","750","4664","-3686.81005859375","956.6339721679688","6.782060146331787","0","0","0","0"
"6873","750","4579.89990234375","-3724.2099609375","675.448974609375","8.687609672546387","0","0","0","0"
"6874","750","4550.06982421875","-3726.969970703125","673.9990234375","8.687609672546387","0","0","0","0"
"6875","750","4497.02001953125","-3736.169921875","660.4710083007812","8.687609672546387","0","0","0","0"
"6876","750","4460.580078125","-3717.320068359375","658.8380126953125","8.687609672546387","0","0","0","0"
"6877","750","4678.14990234375","-3682.77001953125","696.4450073242188","2.2342700958251953","5.438000202178955","3.571000099182129","0","0"
"6878","750","3556.0400390625","-4795.33984375","160.6909942626953","0","19.770000457763672","17.93000030517578","15","4.705999851226807"
"6879","750","3612.0400390625","-4795.7099609375","157.44000244140625","0","28.59000015258789","51.31999969482422","30","1.4639999866485596"
"6880","750","3499.699951171875","-4794.43017578125","159.0469970703125","0","28.59000015258789","51.31999969482422","30","1.6100000143051147"
"6881","750","3851.949951171875","-5312.740234375","159.44000244140625","0","33.130001068115234","32.06999969482422","30","0.15880000591278076"
"6882","750","3791.969970703125","-4939.83984375","145.01100158691406","0","28.59000015258789","51.31999969482422","30","0.6086000204086304"
"6883","750","3732.719970703125","-5233.3701171875","85.35179901123047","0","39.81999969482422","49.27000045776367","30","0.8634999990463257"
"6884","750","5140.6298828125","-1721.9000244140625","1336.02001953125","10","0","0","0","0"
"6885","750","4911.14013671875","-2742.3798828125","1437.6199951171875","25","0","0","0","0"
"6886","750","3408.840087890625","-4811.18017578125","151.61500549316406","0","25.860000610351562","35.66999816894531","30","1.8250000476837158"
"6887","750","3701.260009765625","-4838.1201171875","145.13400268554688","0","25.860000610351562","35.66999816894531","30","2.3949999809265137"
"6888","750","3938.919921875","-5239.97998046875","125.66300201416016","0","25.860000610351562","35.66999816894531","30","2.5789999961853027"
"6890","750","4546.9501953125","-2592.340087890625","1129.52001953125","8.46321964263916","0","0","0","0"
"6906","750","4731.740234375","-865.6060180664062","343.4729919433594","4.949699878692627","0","0","0","0"
"6909","750","6220.919921875","-1154.31005859375","383.5480041503906","9.252920150756836","22.829999923706055","16.81999969482422","0","0"
"6910","750","6336.9599609375","-1576.3800048828125","445.20098876953125","22.562700271606445","23.540000915527344","37.41999816894531","0","0"
"6911","750","6164.080078125","-1940","566.9840087890625","35","0","0","0","0"
"6912","750","6057.0400390625","-924.8560180664062","414.302001953125","15.232799530029297","11.989999771118164","17.68000030517578","3","0"
"6913","750","4731.06982421875","-864.6160278320312","344.4100036621094","3.744499921798706","0","0","0","0"
"6914","750","4872.72021484375","-2804.43994140625","1444.6500244140625","0","5.638000011444092","12.75","15","6.0279998779296875"
"6915","750","5255.10009765625","-1505.6199951171875","1363.02001953125","3.4505600929260254","0","0","0","0"
"6916","750","4617.35009765625","-1967.6700439453125","1193.219970703125","20","0","0","0","0"
"6917","750","4598.7099609375","-2697.389892578125","1140.1500244140625","25","0","0","0","0"
"6918","750","4929.93017578125","-1492.760009765625","1327.93994140625","32","0","0","0","0"
"6919","750","5223.66015625","-1244.5899658203125","1405","0","130","130","80","0.9150000214576721"
"6920","750","3980.6298828125","-2924.81005859375","1017","0","18","40","32","5.135000228881836"
"6583","669","-346.4110107421875","-224.76699829101562","200","0","10","20","20","0"
"6921","0","-11080","-1980","95","0","8","8","10","0"
"6922","2875","-10666","-1866","100","0","8","8","10","0"
"6807","750","4620","-2090","1237","5","0","0","0","0"
"6808","861","1021","394","42","5","0","0","0","0"
"5876","750","5707.5400390625","-3160.320068359375","1596.9000244140625","0","35.41999816894531","11.8100004196167","13.449999809265137","0"
"6923","750","7015","-2145","587","0","8","8","10","0"
"6924","819","-8165.9599609375","-3459.75","221","0","8","8","10","0"
"6925","750","4250.2705078125","748.8062133789062","-23.2810001373291","0","8","8","10","0"
"6926","820","-176.86390686035156","51.5596809387207","-49.635101318359375","0","8","8","10","0"
"6927","750","1689.800048828125","-1272.199951171875","175.5500030517578","0","8","8","10","0"
"6928","750","4833.10009765625","-1756.699951171875","1190.27001953125","0","8","8","10","0"
"6929","1409","1046.050048828125","1018.6400146484375","523.9600219726562","6","0","0","0","0"
"6930","1413","1046.050048828125","1018.6400146484375","523.9600219726562","6","0","0","0","0"
"6100","1409","1046.050048828125","1018.6400146484375","521","6","0","0","0","0"
"6101","1413","1046.050048828125","1018.6400146484375","521","6","0","0","0","0"
"6931","2921","3292.738525390625","-3151.590576171875","297.5687255859375","10","0","0","0","0"
"6932","2921","3291.10693359375","-3151.294921875","297.5803527832031","100","0","0","0","0"
"6933","2921","3321.2900390625","-3119.8798828125","297.57000732421875","90","0","0","0","0"
"6934","2921","3320.935546875","-3119.121826171875","297.5733947753906","100","0","0","0","0"
"6935","2921","3716.3798828125","-5106.77978515625","141.2899932861328","10","0","0","0","0"
"6936","2921","3432.81005859375","-3007.2099609375","295.6090087890625","10","0","0","0","0"
"6937","2921","3432.300048828125","-3007.280029296875","295.6090087890625","10","0","0","0","0"
"6938","2921","3322.739990234375","-3700.3798828125","262.70098876953125","20","0","0","0","0"
"6939","2921","2740","-3383.419921875","267.68499755859375","10","0","0","0","0"
"6940","2921","2917.030029296875","-3344.550048828125","298.14599609375","12","0","0","0","0"
"6941","2921","3214.340087890625","-3476.679931640625","287.0719909667969","10","0","0","0","0"
"6942","2921","3493.449951171875","-5375.3798828125","138.16799926757812","50","0","0","0","0"
"6943","2921","3006.090087890625","-3434.169921875","306.19500732421875","6","0.2777999937534332","0.2777999937534332","0.2777999937534332","0"
"6944","2921","3754.550048828125","-5115.35986328125","142.43499755859375","0","30.719999313354492","19.219999313354492","16.889999389648438","6.073999881744385"
"6945","2921","3320.72998046875","-3115.070068359375","297.6090087890625","100","0.2777999937534332","0.2777999937534332","0.2777999937534332","0"
"6946","2921","3310.2236328125","-2990.238037109375","294.66058349609375","100","0.2777999937534332","0.2777999937534332","0.2777999937534332","0"
"6947","2921","3498.159912109375","-5349.02978515625","144.96800231933594","50","0","0","0","0"
"6948","2921","2661.0400390625","-3467.169921875","262.1419982910156","90","0","0","0","0"
"6949","2921","3374.04296875","-3059.25439453125","294.66229248046875","0","26.610000610351562","41.939998626708984","41.88999938964844","0"
"6950","2921","2793.959228515625","-3707.17919921875","276.5420227050781","21","0.2777999937534332","0.2777999937534332","0.2777999937534332","0"
"6951","2921","3005.469970703125","-3445.110107421875","297.92498779296875","0","9.300000190734863","1.718000054359436","8","0.028049999848008156"
"6952","2921","3016.93994140625","-3434.389892578125","297.9280090332031","0","9.300000190734863","1.718000054359436","8","4.714000225067139"
"6953","2921","3005.669921875","-3423.280029296875","297.927001953125","0","9.300000190734863","1.718000054359436","8","6.276000022888184"
"6954","2921","2994.6298828125","-3434.3701171875","297.9280090332031","0","9.300000190734863","1.718000054359436","8","4.728000164031982"
"6960","751","-229.49000549316406","1576.3499755859375","78.89089965820312","7","0","0","0","0"
"6961","825","-230.9530029296875","2105.06005859375","79.75330352783203","5","0","0","0","0"
