"ID","RaceID","ClassID","SexID","OutfitID","ItemID_1","ItemID_2","ItemID_3","ItemID_4","ItemID_5","ItemID_6","ItemID_7","ItemID_8","ItemID_9","ItemID_10","ItemID_11","ItemID_12","ItemID_13","ItemID_14","ItemID_15","ItemID_16","ItemID_17","ItemID_18","ItemID_19","ItemID_20","ItemID_21","ItemID_22","ItemID_23","ItemID_24","DisplayItemID_1","DisplayItemID_2","DisplayItemID_3","DisplayItemID_4","DisplayItemID_5","DisplayItemID_6","DisplayItemID_7","DisplayItemID_8","DisplayItemID_9","DisplayItemID_10","DisplayItemID_11","DisplayItemID_12","DisplayItemID_13","DisplayItemID_14","DisplayItemID_15","DisplayItemID_16","DisplayItemID_17","DisplayItemID_18","DisplayItemID_19","DisplayItemID_20","DisplayItemID_21","DisplayItemID_22","DisplayItemID_23","DisplayItemID_24","InventoryType_1","InventoryType_2","InventoryType_3","InventoryType_4","InventoryType_5","InventoryType_6","InventoryType_7","InventoryType_8","InventoryType_9","InventoryType_10","InventoryType_11","InventoryType_12","InventoryType_13","InventoryType_14","InventoryType_15","InventoryType_16","InventoryType_17","InventoryType_18","InventoryType_19","InventoryType_20","InventoryType_21","InventoryType_22","InventoryType_23","InventoryType_24"
"1","12","1","0","0","49567","49576","49579","23346","6948","-1","49578","49577","-1","-1","-1","-1","-1","-1","-1","-1","-1","-1","-1","-1","-1","-1","-1","-1","62558","68130","68131","2380","6418","-1","68128","68129","-1","-1","-1","-1","-1","-1","-1","-1","-1","-1","-1","-1","-1","-1","-1","-1","4","7","8","17","-1","-1","5","6","-1","-1","-1","-1","-1","-1","-1","-1","-1","-1","-1","-1","-1","-1","-1","-1"
"2","12","1","1","0","49567","49576","49579","23346","6948","-1","49578","49577","-1","-1","-1","-1","-1","-1","-1","-1","-1","-1","-1","-1","-1","-1","-1","-1","62558","68130","68131","2380","6418","-1","68128","68129","-1","-1","-1","-1","-1","-1","-1","-1","-1","-1","-1","-1","-1","-1","-1","-1","4","7","8","17","-1","-1","5","6","-1","-1","-1","-1","-1","-1","-1","-1","-1","-1","-1","-1","-1","-1","-1","-1"
"3","12","2","0","0","45","43","44","6948","2361","-1","-1","0","-1","-1","-1","-1","-1","-1","-1","-1","-1","-1","-1","-1","-1","-1","-1","-1","3265","9938","9937","6418","8690","-1","-1","-1","-1","-1","-1","-1","-1","-1","-1","-1","-1","-1","-1","-1","-1","-1","-1","-1","5","8","7","0","17","-1","-1","-1","-1","-1","-1","-1","-1","-1","-1","-1","-1","-1","-1","-1","-1","-1","-1","-1"
"4","12","2","1","0","45","43","44","6948","2361","-1","-1","0","-1","-1","-1","-1","-1","-1","-1","-1","-1","-1","-1","-1","-1","-1","-1","-1","3265","9938","9937","6418","8690","-1","-1","-1","-1","-1","-1","-1","-1","-1","-1","-1","-1","-1","-1","-1","-1","-1","-1","-1","5","8","7","0","17","-1","-1","-1","-1","-1","-1","-1","-1","-1","-1","-1","-1","-1","-1","-1","-1","-1","-1","-1"
"5","12","4","0","0","49572","49567","49575","28979","37","50055","49574","6948","49573","-1","-1","-1","-1","-1","-1","-1","-1","-1","-1","-1","-1","-1","-1","-1","65849","62558","65847","40187","8483","2704","65850","6418","69175","-1","-1","-1","-1","-1","-1","-1","-1","-1","-1","-1","-1","-1","-1","-1","7","4","8","25","21","22","5","-1","10","-1","-1","-1","-1","-1","-1","-1","-1","-1","-1","-1","-1","-1","-1","-1"
"6","12","4","1","0","49572","49567","49575","28979","37","50055","49574","6948","49573","-1","-1","-1","-1","-1","-1","-1","-1","-1","-1","-1","-1","-1","-1","-1","65849","62558","65847","40187","8483","2704","65850","6418","69175","-1","-1","-1","-1","-1","-1","-1","-1","-1","-1","-1","-1","-1","-1","-1","7","4","8","25","21","22","5","-1","10","-1","-1","-1","-1","-1","-1","-1","-1","-1","-1","-1","-1","-1","-1","-1"
"7","12","5","0","0","49403","49404","-1","49406","35","-1","-1","-1","6948","-1","-1","-1","-1","-1","-1","-1","-1","-1","-1","-1","-1","-1","-1","-1","62557","62559","-1","62568","472","-1","-1","-1","6418","-1","-1","-1","-1","-1","-1","-1","-1","-1","-1","-1","-1","-1","-1","-1","20","7","-1","8","17","-1","-1","-1","-1","-1","-1","-1","-1","-1","-1","-1","-1","-1","-1","-1","-1","-1","-1","-1"
"8","12","5","1","0","49403","49404","-1","49406","35","-1","-1","-1","6948","-1","-1","-1","-1","-1","-1","-1","-1","-1","-1","-1","-1","-1","-1","-1","62557","62559","-1","62568","472","-1","-1","-1","6418","-1","-1","-1","-1","-1","-1","-1","-1","-1","-1","-1","-1","-1","-1","-1","20","7","-1","8","17","-1","-1","-1","-1","-1","-1","-1","-1","-1","-1","-1","-1","-1","-1","-1","-1","-1","-1","-1"
"9","12","6","0","0","34652","34655","34659","34650","0","34653","34649","34651","34656","34648","34657","34658","38145","38145","38145","38145","38147","-1","41751","40582","-1","-1","-1","-1","51495","51501","49738","51494","-1","51500","51498","51497","51499","51496","6539","963","1282","1282","1282","1282","963","-1","36728","6418","-1","-1","-1","-1","1","3","16","5","-1","9","10","6","7","8","2","11","18","18","18","18","11","-1","0","0","-1","-1","-1","-1"
"10","12","6","1","0","34652","34655","34659","34650","0","34653","34649","34651","34656","34648","34657","34658","38145","38145","38145","38145","38147","-1","41751","40582","-1","-1","-1","-1","51495","51501","49738","51494","-1","51500","51498","51497","51499","51496","6539","963","1282","1282","1282","1282","963","-1","36728","6418","-1","-1","-1","-1","1","3","16","5","-1","9","10","6","7","8","2","11","18","18","18","18","11","-1","0","0","-1","-1","-1","-1"
"11","12","8","0","0","49399","49400","49401","-1","35","-1","-1","-1","6948","-1","-1","-1","-1","-1","-1","-1","-1","-1","-1","-1","-1","-1","-1","-1","62549","62561","62448","-1","472","-1","-1","-1","6418","-1","-1","-1","-1","-1","-1","-1","-1","-1","-1","-1","-1","-1","-1","-1","20","7","8","-1","17","-1","-1","-1","-1","-1","-1","-1","-1","-1","-1","-1","-1","-1","-1","-1","-1","-1","-1","-1"
"12","12","8","1","0","49399","49400","49401","-1","35","-1","-1","-1","6948","-1","-1","-1","-1","-1","-1","-1","-1","-1","-1","-1","-1","-1","-1","-1","62549","62561","62448","-1","472","-1","-1","-1","6418","-1","-1","-1","-1","-1","-1","-1","-1","-1","-1","-1","-1","-1","-1","-1","20","7","8","-1","17","-1","-1","-1","-1","-1","-1","-1","-1","-1","-1","-1","-1","-1","-1","-1","-1","-1","-1","-1"
"13","12","9","0","0","49407","49408","49409","-1","35","-1","-1","-1","6948","-1","-1","-1","-1","-1","-1","-1","-1","-1","-1","-1","-1","-1","-1","-1","68132","62565","62566","-1","472","-1","-1","-1","6418","-1","-1","-1","-1","-1","-1","-1","-1","-1","-1","-1","-1","-1","-1","-1","8","20","7","-1","17","-1","-1","-1","-1","-1","-1","-1","-1","-1","-1","-1","-1","-1","-1","-1","-1","-1","-1","-1"
"14","12","9","1","0","49407","49408","49409","-1","35","-1","-1","-1","6948","-1","-1","-1","-1","-1","-1","-1","-1","-1","-1","-1","-1","-1","-1","-1","68132","62565","62566","-1","472","-1","-1","-1","6418","-1","-1","-1","-1","-1","-1","-1","-1","-1","-1","-1","-1","-1","-1","-1","8","20","7","-1","17","-1","-1","-1","-1","-1","-1","-1","-1","-1","-1","-1","-1","-1","-1","-1","-1","-1","-1","-1"
"15","2","1","0","0","6125","139","140","6948","12282","0","-1","0","-1","-1","-1","-1","-1","-1","-1","-1","-1","-1","-1","-1","-1","-1","-1","-1","9995","9988","9992","6418","22291","-1","-1","-1","-1","-1","-1","-1","-1","-1","-1","-1","-1","-1","-1","-1","-1","-1","-1","-1","5","7","8","0","17","-1","-1","-1","-1","-1","-1","-1","-1","-1","-1","-1","-1","-1","-1","-1","-1","-1","-1","-1"
"16","2","1","1","0","6125","139","140","6948","12282","0","-1","0","-1","-1","-1","-1","-1","-1","-1","-1","-1","-1","-1","-1","-1","-1","-1","-1","9995","9988","9992","6418","22291","-1","-1","-1","-1","-1","-1","-1","-1","-1","-1","-1","-1","-1","-1","-1","-1","-1","-1","-1","5","7","8","0","17","-1","-1","-1","-1","-1","-1","-1","-1","-1","-1","-1","-1","-1","-1","-1","-1","-1","-1","-1"
"17","2","3","0","0","127","6126","6127","-1","12282","6948","2101","2504","-1","2512","0","-1","-1","-1","-1","-1","-1","-1","-1","-1","-1","-1","-1","-1","9996","10002","10003","-1","22291","6418","21328","8106","-1","5996","-1","-1","-1","-1","-1","-1","-1","-1","-1","-1","-1","-1","-1","-1","5","7","8","-1","17","0","18","15","-1","24","-1","-1","-1","-1","-1","-1","-1","-1","-1","-1","-1","-1","-1","-1"
"18","2","3","1","0","127","6126","6127","-1","12282","6948","2101","2504","-1","2512","0","-1","-1","-1","-1","-1","-1","-1","-1","-1","-1","-1","-1","-1","9996","10002","10003","-1","22291","6418","21328","8106","-1","5996","-1","-1","-1","-1","-1","-1","-1","-1","-1","-1","-1","-1","-1","-1","5","7","8","-1","17","0","18","15","-1","24","-1","-1","-1","-1","-1","-1","-1","-1","-1","-1","-1","-1","-1","-1"
"19","2","4","0","0","2105","120","121","25861","2092","-1","50055","6948","-1","-1","-1","-1","-1","-1","-1","-1","-1","-1","-1","-1","-1","-1","-1","-1","10005","10006","10008","20777","6442","-1","6442","6418","-1","-1","-1","-1","-1","-1","-1","-1","-1","-1","-1","-1","-1","-1","-1","-1","5","7","8","25","13","-1","22","0","-1","-1","-1","-1","-1","-1","-1","-1","-1","-1","-1","-1","-1","-1","-1","-1"
"20","2","4","1","0","2105","120","121","25861","2092","-1","50055","6948","-1","-1","-1","-1","-1","-1","-1","-1","-1","-1","-1","-1","-1","-1","-1","-1","10005","10006","10008","20777","6442","-1","6442","6418","-1","-1","-1","-1","-1","-1","-1","-1","-1","-1","-1","-1","-1","-1","-1","-1","5","7","8","25","13","-1","22","0","-1","-1","-1","-1","-1","-1","-1","-1","-1","-1","-1","-1","-1","-1","-1","-1"
"21","2","6","0","0","34652","34655","34659","34650","0","34653","34649","34651","34656","34648","34657","34658","38145","38145","38145","38145","38147","-1","41751","40582","-1","-1","-1","-1","51495","51501","49738","51494","-1","51500","51498","51497","51499","51496","6539","963","1282","1282","1282","1282","963","-1","36728","6418","-1","-1","-1","-1","1","3","16","5","-1","9","10","6","7","8","2","11","18","18","18","18","11","-1","0","0","-1","-1","-1","-1"
"22","2","6","1","0","34652","34655","34659","34650","0","34653","34649","34651","34656","34648","34657","34658","38145","38145","38145","38145","38147","-1","41751","40582","-1","-1","-1","-1","51495","51501","49738","51494","-1","51500","51498","51497","51499","51496","6539","963","1282","1282","1282","1282","963","-1","36728","6418","-1","-1","-1","-1","1","3","16","5","-1","9","10","6","7","8","2","11","18","18","18","18","11","-1","0","0","-1","-1","-1","-1"
"23","2","7","0","0","154","153","6948","0","36","-1","-1","2362","-1","-1","-1","-1","-1","-1","-1","-1","-1","-1","-1","-1","-1","-1","-1","-1","10058","10050","6418","-1","5194","-1","-1","18730","-1","-1","-1","-1","-1","-1","-1","-1","-1","-1","-1","-1","-1","-1","-1","-1","5","7","0","-1","21","-1","-1","14","-1","-1","-1","-1","-1","-1","-1","-1","-1","-1","-1","-1","-1","-1","-1","-1"
"24","2","7","1","0","154","153","6948","0","36","-1","-1","2362","-1","-1","-1","-1","-1","-1","-1","-1","-1","-1","-1","-1","-1","-1","-1","-1","10058","10050","6418","-1","5194","-1","-1","18730","-1","-1","-1","-1","-1","-1","-1","-1","-1","-1","-1","-1","-1","-1","-1","-1","5","7","0","-1","21","-1","-1","14","-1","-1","-1","-1","-1","-1","-1","-1","-1","-1","-1","-1","-1","-1","-1","-1"
"25","2","9","0","0","6129","1396","59","35","6948","-1","-1","0","-1","-1","-1","-1","-1","-1","-1","-1","-1","-1","-1","-1","-1","-1","-1","-1","12646","3260","3261","472","6418","-1","-1","-1","-1","-1","-1","-1","-1","-1","-1","-1","-1","-1","-1","-1","-1","-1","-1","-1","20","7","8","17","0","-1","-1","-1","-1","-1","-1","-1","-1","-1","-1","-1","-1","-1","-1","-1","-1","-1","-1","-1"
"26","2","9","1","0","6129","1396","59","35","6948","-1","-1","0","-1","-1","-1","-1","-1","-1","-1","-1","-1","-1","-1","-1","-1","-1","-1","-1","12646","3260","3261","472","6418","-1","-1","-1","-1","-1","-1","-1","-1","-1","-1","-1","-1","-1","-1","-1","-1","-1","-1","-1","20","7","8","17","0","-1","-1","-1","-1","-1","-1","-1","-1","-1","-1","-1","-1","-1","-1","-1","-1","-1","-1","-1"
"27","3","1","0","0","38","39","40","0","12282","6948","-1","-1","-1","-1","-1","-1","-1","-1","-1","-1","-1","-1","-1","-1","-1","-1","-1","-1","9891","9892","10141","-1","22291","6418","-1","-1","-1","-1","-1","-1","-1","-1","-1","-1","-1","-1","-1","-1","-1","-1","-1","-1","5","7","8","-1","17","0","-1","-1","-1","-1","-1","-1","-1","-1","-1","-1","-1","-1","-1","-1","-1","-1","-1","-1"
"28","3","1","1","0","38","39","40","0","12282","6948","-1","-1","-1","-1","-1","-1","-1","-1","-1","-1","-1","-1","-1","-1","-1","-1","-1","-1","9891","9892","10141","-1","22291","6418","-1","-1","-1","-1","-1","-1","-1","-1","-1","-1","-1","-1","-1","-1","-1","-1","-1","-1","5","7","8","-1","17","0","-1","-1","-1","-1","-1","-1","-1","-1","-1","-1","-1","-1","-1","-1","-1","-1","-1","-1"
"29","3","2","0","0","6117","6118","43","0","2361","-1","-1","6948","-1","-1","-1","-1","-1","-1","-1","-1","-1","-1","-1","-1","-1","-1","-1","-1","9972","9974","9938","-1","8690","-1","-1","6418","-1","-1","-1","-1","-1","-1","-1","-1","-1","-1","-1","-1","-1","-1","-1","-1","5","7","8","-1","17","-1","-1","0","-1","-1","-1","-1","-1","-1","-1","-1","-1","-1","-1","-1","-1","-1","-1","-1"
"30","3","2","1","0","6117","6118","43","0","2361","-1","-1","6948","-1","-1","-1","-1","-1","-1","-1","-1","-1","-1","-1","-1","-1","-1","-1","-1","9972","9974","9938","-1","8690","-1","-1","6418","-1","-1","-1","-1","-1","-1","-1","-1","-1","-1","-1","-1","-1","-1","-1","-1","5","7","8","-1","17","-1","-1","0","-1","-1","-1","-1","-1","-1","-1","-1","-1","-1","-1","-1","-1","-1","-1","-1"
"31","3","3","0","0","148","147","129","0","12282","-1","2102","2508","2516","-1","6948","-1","-1","-1","-1","-1","-1","-1","-1","-1","-1","-1","-1","-1","9976","9975","9977","-1","22291","-1","1816","6606","5998","-1","6418","-1","-1","-1","-1","-1","-1","-1","-1","-1","-1","-1","-1","-1","5","7","8","-1","17","-1","18","26","24","-1","0","-1","-1","-1","-1","-1","-1","-1","-1","-1","-1","-1","-1","-1"
"32","3","3","1","0","148","147","129","0","12282","-1","2102","2508","2516","-1","6948","-1","-1","-1","-1","-1","-1","-1","-1","-1","-1","-1","-1","-1","9976","9975","9977","-1","22291","-1","1816","6606","5998","-1","6418","-1","-1","-1","-1","-1","-1","-1","-1","-1","-1","-1","-1","-1","5","7","8","-1","17","-1","18","26","24","-1","0","-1","-1","-1","-1","-1","-1","-1","-1","-1","-1","-1","-1","-1"
"33","3","4","0","0","2092","49","48","47","50055","-1","25861","6948","-1","-1","-1","-1","-1","-1","-1","-1","-1","-1","-1","-1","-1","-1","-1","-1","6442","9906","9913","9915","6442","-1","20777","6418","-1","-1","-1","-1","-1","-1","-1","-1","-1","-1","-1","-1","-1","-1","-1","-1","13","5","7","8","22","-1","25","0","-1","-1","-1","-1","-1","-1","-1","-1","-1","-1","-1","-1","-1","-1","-1","-1"
"34","3","4","1","0","2092","49","48","47","50055","-1","25861","6948","-1","-1","-1","-1","-1","-1","-1","-1","-1","-1","-1","-1","-1","-1","-1","-1","6442","9906","9913","9915","6442","-1","20777","6418","-1","-1","-1","-1","-1","-1","-1","-1","-1","-1","-1","-1","-1","-1","-1","-1","13","5","7","8","22","-1","25","0","-1","-1","-1","-1","-1","-1","-1","-1","-1","-1","-1","-1","-1","-1","-1","-1"
"35","3","5","0","0","6098","53","52","51","35","-1","-1","0","6948","-1","-1","-1","-1","-1","-1","-1","-1","-1","-1","-1","-1","-1","-1","-1","12679","9944","9945","9946","472","-1","-1","-1","6418","-1","-1","-1","-1","-1","-1","-1","-1","-1","-1","-1","-1","-1","-1","-1","20","4","7","8","17","-1","-1","-1","0","-1","-1","-1","-1","-1","-1","-1","-1","-1","-1","-1","-1","-1","-1","-1"
"36","3","5","1","0","6098","53","52","51","35","-1","-1","0","6948","-1","-1","-1","-1","-1","-1","-1","-1","-1","-1","-1","-1","-1","-1","-1","12679","9944","9945","9946","472","-1","-1","-1","6418","-1","-1","-1","-1","-1","-1","-1","-1","-1","-1","-1","-1","-1","-1","-1","20","4","7","8","17","-1","-1","-1","0","-1","-1","-1","-1","-1","-1","-1","-1","-1","-1","-1","-1","-1","-1","-1"
"37","3","6","0","0","34652","34655","34659","34650","0","34653","34649","34651","34656","34648","34657","34658","38145","38145","38145","38145","38147","-1","41751","40582","-1","-1","-1","-1","51495","51501","49738","51494","-1","51500","51498","51497","51499","51496","6539","963","1282","1282","1282","1282","963","-1","36728","6418","-1","-1","-1","-1","1","3","16","5","-1","9","10","6","7","8","2","11","18","18","18","18","11","-1","0","0","-1","-1","-1","-1"
"38","3","6","1","0","34652","34655","34659","34650","0","34653","34649","34651","34656","34648","34657","34658","38145","38145","38145","38145","38147","-1","41751","40582","-1","-1","-1","-1","51495","51501","49738","51494","-1","51500","51498","51497","51499","51496","6539","963","1282","1282","1282","1282","963","-1","36728","6418","-1","-1","-1","-1","1","3","16","5","-1","9","10","6","7","8","2","11","18","18","18","18","11","-1","0","0","-1","-1","-1","-1"
"39","3","8","0","0","6116","1395","6096","35","55","0","159","4540","6948","-1","-1","-1","-1","-1","-1","-1","-1","-1","-1","-1","-1","-1","-1","-1","12648","9924","2163","472","9929","-1","18084","6399","6418","-1","-1","-1","-1","-1","-1","-1","-1","-1","-1","-1","-1","-1","-1","-1","20","7","4","17","8","-1","0","0","0","-1","-1","-1","-1","-1","-1","-1","-1","-1","-1","-1","-1","-1","-1","-1"
"40","3","8","1","0","6116","1395","6096","35","55","0","159","4540","6948","-1","-1","-1","-1","-1","-1","-1","-1","-1","-1","-1","-1","-1","-1","-1","12648","9924","2163","472","9929","-1","18084","6399","6418","-1","-1","-1","-1","-1","-1","-1","-1","-1","-1","-1","-1","-1","-1","-1","20","7","4","17","8","-1","0","0","0","-1","-1","-1","-1","-1","-1","-1","-1","-1","-1","-1","-1","-1","-1","-1"
"41","4","1","0","0","49778","6120","6121","6122","-1","-1","0","6948","-1","-1","-1","-1","-1","-1","-1","-1","-1","-1","-1","-1","-1","-1","-1","-1","2380","9983","9984","9985","-1","-1","-1","6418","-1","-1","-1","-1","-1","-1","-1","-1","-1","-1","-1","-1","-1","-1","-1","-1","17","5","7","8","-1","-1","-1","0","-1","-1","-1","-1","-1","-1","-1","-1","-1","-1","-1","-1","-1","-1","-1","-1"
"42","4","1","1","0","49778","6120","6121","6122","-1","-1","0","6948","-1","-1","-1","-1","-1","-1","-1","-1","-1","-1","-1","-1","-1","-1","-1","-1","2380","9983","9984","9985","-1","-1","-1","6418","-1","-1","-1","-1","-1","-1","-1","-1","-1","-1","-1","-1","-1","-1","-1","-1","17","5","7","8","-1","-1","-1","0","-1","-1","-1","-1","-1","-1","-1","-1","-1","-1","-1","-1","-1","-1","-1","-1"
"43","4","3","0","0","148","147","129","0","12282","-1","2102","2508","2516","-1","6948","-1","-1","-1","-1","-1","-1","-1","-1","-1","-1","-1","-1","-1","9976","9975","9977","-1","22291","-1","1816","6606","5998","-1","6418","-1","-1","-1","-1","-1","-1","-1","-1","-1","-1","-1","-1","-1","5","7","8","-1","17","-1","18","26","24","-1","0","-1","-1","-1","-1","-1","-1","-1","-1","-1","-1","-1","-1","-1"
"44","4","3","1","0","148","147","129","0","12282","-1","2102","2508","2516","-1","6948","-1","-1","-1","-1","-1","-1","-1","-1","-1","-1","-1","-1","-1","9976","9975","9977","-1","22291","-1","1816","6606","5998","-1","6418","-1","-1","-1","-1","-1","-1","-1","-1","-1","-1","-1","-1","-1","5","7","8","-1","17","-1","18","26","24","-1","0","-1","-1","-1","-1","-1","-1","-1","-1","-1","-1","-1","-1","-1"
"45","4","4","0","0","2092","49","48","47","-1","50055","28979","6948","-1","-1","-1","-1","-1","-1","-1","-1","-1","-1","-1","-1","-1","-1","-1","-1","6442","9906","9913","9915","-1","6442","40187","6418","-1","-1","-1","-1","-1","-1","-1","-1","-1","-1","-1","-1","-1","-1","-1","-1","13","5","7","8","-1","22","25","0","-1","-1","-1","-1","-1","-1","-1","-1","-1","-1","-1","-1","-1","-1","-1","-1"
"46","4","4","1","0","2092","49","48","47","-1","50055","28979","6948","-1","-1","-1","-1","-1","-1","-1","-1","-1","-1","-1","-1","-1","-1","-1","-1","6442","9906","9913","9915","-1","6442","40187","6418","-1","-1","-1","-1","-1","-1","-1","-1","-1","-1","-1","-1","-1","-1","-1","-1","13","5","7","8","-1","22","25","0","-1","-1","-1","-1","-1","-1","-1","-1","-1","-1","-1","-1","-1","-1","-1","-1"
"47","4","5","0","0","3661","6119","52","51","53","-1","-1","0","6948","-1","-1","-1","-1","-1","-1","-1","-1","-1","-1","-1","-1","-1","-1","-1","18530","12681","9945","9946","9944","-1","-1","-1","6418","-1","-1","-1","-1","-1","-1","-1","-1","-1","-1","-1","-1","-1","-1","-1","17","20","7","8","4","-1","-1","-1","0","-1","-1","-1","-1","-1","-1","-1","-1","-1","-1","-1","-1","-1","-1","-1"
"48","4","5","1","0","3661","6119","52","51","53","-1","-1","0","6948","-1","-1","-1","-1","-1","-1","-1","-1","-1","-1","-1","-1","-1","-1","-1","18530","12681","9945","9946","9944","-1","-1","-1","6418","-1","-1","-1","-1","-1","-1","-1","-1","-1","-1","-1","-1","-1","-1","-1","17","20","7","8","4","-1","-1","-1","0","-1","-1","-1","-1","-1","-1","-1","-1","-1","-1","-1","-1","-1","-1","-1"
"49","4","6","0","0","34652","34655","34659","34650","0","34653","34649","34651","34656","34648","34657","34658","38145","38145","38145","38145","38147","-1","41751","40582","-1","-1","-1","-1","51495","51501","49738","51494","-1","51500","51498","51497","51499","51496","6539","963","1282","1282","1282","1282","963","-1","36728","6418","-1","-1","-1","-1","1","3","16","5","-1","9","10","6","7","8","2","11","18","18","18","18","11","-1","0","0","-1","-1","-1","-1"
"50","4","6","1","0","34652","34655","34659","34650","0","34653","34649","34651","34656","34648","34657","34658","38145","38145","38145","38145","38147","-1","41751","40582","-1","-1","-1","-1","51495","51501","49738","51494","-1","51500","51498","51497","51499","51496","6539","963","1282","1282","1282","1282","963","-1","36728","6418","-1","-1","-1","-1","1","3","16","5","-1","9","10","6","7","8","2","11","18","18","18","18","11","-1","0","0","-1","-1","-1","-1"
"51","4","11","0","0","3661","6123","6124","-1","-1","0","6948","0","-1","-1","-1","-1","-1","-1","-1","-1","-1","-1","-1","-1","-1","-1","-1","-1","18530","12683","9987","-1","-1","-1","6418","-1","-1","-1","-1","-1","-1","-1","-1","-1","-1","-1","-1","-1","-1","-1","-1","-1","17","20","7","-1","-1","-1","0","-1","-1","-1","-1","-1","-1","-1","-1","-1","-1","-1","-1","-1","-1","-1","-1","-1"
"52","4","11","1","0","3661","6123","6124","-1","-1","0","6948","0","-1","-1","-1","-1","-1","-1","-1","-1","-1","-1","-1","-1","-1","-1","-1","-1","18530","12683","9987","-1","-1","-1","6418","-1","-1","-1","-1","-1","-1","-1","-1","-1","-1","-1","-1","-1","-1","-1","-1","-1","17","20","7","-1","-1","-1","0","-1","-1","-1","-1","-1","-1","-1","-1","-1","-1","-1","-1","-1","-1","-1","-1","-1"
"53","5","1","0","0","6125","139","140","49778","-1","-1","0","6948","-1","-1","-1","-1","-1","-1","-1","-1","-1","-1","-1","-1","-1","-1","-1","-1","9995","9988","9992","2380","-1","-1","-1","6418","-1","-1","-1","-1","-1","-1","-1","-1","-1","-1","-1","-1","-1","-1","-1","-1","5","7","8","17","-1","-1","-1","0","-1","-1","-1","-1","-1","-1","-1","-1","-1","-1","-1","-1","-1","-1","-1","-1"
"54","5","1","1","0","6125","139","140","49778","-1","-1","0","6948","-1","-1","-1","-1","-1","-1","-1","-1","-1","-1","-1","-1","-1","-1","-1","-1","9995","9988","9992","2380","-1","-1","-1","6418","-1","-1","-1","-1","-1","-1","-1","-1","-1","-1","-1","-1","-1","-1","-1","-1","5","7","8","17","-1","-1","-1","0","-1","-1","-1","-1","-1","-1","-1","-1","-1","-1","-1","-1","-1","-1","-1","-1"
"55","5","4","0","0","2092","2105","120","121","-1","50055","28979","6948","-1","-1","-1","-1","-1","-1","-1","-1","-1","-1","-1","-1","-1","-1","-1","-1","6442","10005","10006","10008","-1","6442","40187","6418","-1","-1","-1","-1","-1","-1","-1","-1","-1","-1","-1","-1","-1","-1","-1","-1","13","5","7","8","-1","22","25","0","-1","-1","-1","-1","-1","-1","-1","-1","-1","-1","-1","-1","-1","-1","-1","-1"
"56","5","4","1","0","2092","2105","120","121","-1","50055","28979","6948","-1","-1","-1","-1","-1","-1","-1","-1","-1","-1","-1","-1","-1","-1","-1","-1","6442","10005","10006","10008","-1","6442","40187","6418","-1","-1","-1","-1","-1","-1","-1","-1","-1","-1","-1","-1","-1","-1","-1","-1","13","5","7","8","-1","22","25","0","-1","-1","-1","-1","-1","-1","-1","-1","-1","-1","-1","-1","-1","-1","-1","-1"
"57","5","5","0","0","6144","53","52","35","-1","-1","51","0","6948","-1","-1","-1","-1","-1","-1","-1","-1","-1","-1","-1","-1","-1","-1","-1","12680","9944","9945","472","-1","-1","9946","-1","6418","-1","-1","-1","-1","-1","-1","-1","-1","-1","-1","-1","-1","-1","-1","-1","20","4","7","17","-1","-1","8","-1","0","-1","-1","-1","-1","-1","-1","-1","-1","-1","-1","-1","-1","-1","-1","-1"
"58","5","5","1","0","6144","53","52","35","-1","-1","51","0","6948","-1","-1","-1","-1","-1","-1","-1","-1","-1","-1","-1","-1","-1","-1","-1","12680","9944","9945","472","-1","-1","9946","-1","6418","-1","-1","-1","-1","-1","-1","-1","-1","-1","-1","-1","-1","-1","-1","-1","20","4","7","17","-1","-1","8","-1","0","-1","-1","-1","-1","-1","-1","-1","-1","-1","-1","-1","-1","-1","-1","-1"
"59","5","6","0","0","34652","34655","34659","34650","0","34653","34649","34651","34656","34648","34657","34658","38145","38145","38145","38145","38147","-1","41751","40582","-1","-1","-1","-1","51495","51501","49738","51494","-1","51500","51498","51497","51499","51496","6539","963","1282","1282","1282","1282","963","-1","36728","6418","-1","-1","-1","-1","1","3","16","5","-1","9","10","6","7","8","2","11","18","18","18","18","11","-1","0","0","-1","-1","-1","-1"
"60","5","6","1","0","34652","34655","34659","34650","0","34653","34649","34651","34656","34648","34657","34658","38145","38145","38145","38145","38147","-1","41751","40582","-1","-1","-1","-1","51495","51501","49738","51494","-1","51500","51498","51497","51499","51496","6539","963","1282","1282","1282","1282","963","-1","36728","6418","-1","-1","-1","-1","1","3","16","5","-1","9","10","6","7","8","2","11","18","18","18","18","11","-1","0","0","-1","-1","-1","-1"
"61","5","8","0","0","6140","1395","6096","35","55","-1","-1","0","6948","-1","-1","-1","-1","-1","-1","-1","-1","-1","-1","-1","-1","-1","-1","-1","12649","9924","2163","472","9929","-1","-1","-1","6418","-1","-1","-1","-1","-1","-1","-1","-1","-1","-1","-1","-1","-1","-1","-1","20","7","4","17","8","-1","-1","-1","0","-1","-1","-1","-1","-1","-1","-1","-1","-1","-1","-1","-1","-1","-1","-1"
"62","5","8","1","0","6140","1395","6096","35","55","-1","-1","0","6948","-1","-1","-1","-1","-1","-1","-1","-1","-1","-1","-1","-1","-1","-1","-1","12649","9924","2163","472","9929","-1","-1","-1","6418","-1","-1","-1","-1","-1","-1","-1","-1","-1","-1","-1","-1","-1","-1","-1","20","7","4","17","8","-1","-1","-1","0","-1","-1","-1","-1","-1","-1","-1","-1","-1","-1","-1","-1","-1","-1","-1"
"63","5","9","0","0","6129","1396","59","35","0","-1","-1","6948","-1","-1","-1","-1","-1","-1","-1","-1","-1","-1","-1","-1","-1","-1","-1","-1","12646","3260","3261","472","-1","-1","-1","6418","-1","-1","-1","-1","-1","-1","-1","-1","-1","-1","-1","-1","-1","-1","-1","-1","20","7","8","17","-1","-1","-1","0","-1","-1","-1","-1","-1","-1","-1","-1","-1","-1","-1","-1","-1","-1","-1","-1"
"64","5","9","1","0","6129","1396","59","35","0","-1","-1","6948","-1","-1","-1","-1","-1","-1","-1","-1","-1","-1","-1","-1","-1","-1","-1","-1","12646","3260","3261","472","-1","-1","-1","6418","-1","-1","-1","-1","-1","-1","-1","-1","-1","-1","-1","-1","-1","-1","-1","-1","20","7","8","17","-1","-1","-1","0","-1","-1","-1","-1","-1","-1","-1","-1","-1","-1","-1","-1","-1","-1","-1","-1"
"65","6","1","0","0","6125","139","0","2361","6948","-1","0","-1","-1","-1","-1","-1","-1","-1","-1","-1","-1","-1","-1","-1","-1","-1","-1","-1","9995","9988","-1","8690","6418","-1","-1","-1","-1","-1","-1","-1","-1","-1","-1","-1","-1","-1","-1","-1","-1","-1","-1","-1","5","7","-1","17","0","-1","-1","-1","-1","-1","-1","-1","-1","-1","-1","-1","-1","-1","-1","-1","-1","-1","-1","-1"
"66","6","1","1","0","6125","139","0","2361","6948","-1","0","-1","-1","-1","-1","-1","-1","-1","-1","-1","-1","-1","-1","-1","-1","-1","-1","-1","9995","9988","-1","8690","6418","-1","-1","-1","-1","-1","-1","-1","-1","-1","-1","-1","-1","-1","-1","-1","-1","-1","-1","-1","5","7","-1","17","0","-1","-1","-1","-1","-1","-1","-1","-1","-1","-1","-1","-1","-1","-1","-1","-1","-1","-1","-1"
"67","6","3","0","0","127","6126","6948","12282","-1","2508","2102","2516","-1","0","-1","-1","-1","-1","-1","-1","-1","-1","-1","-1","-1","-1","-1","-1","9996","10002","6418","22291","-1","6606","1816","5998","-1","-1","-1","-1","-1","-1","-1","-1","-1","-1","-1","-1","-1","-1","-1","-1","5","7","0","17","-1","26","18","24","-1","-1","-1","-1","-1","-1","-1","-1","-1","-1","-1","-1","-1","-1","-1","-1"
"68","6","3","1","0","127","6126","6948","12282","-1","2508","2102","2516","-1","0","-1","-1","-1","-1","-1","-1","-1","-1","-1","-1","-1","-1","-1","-1","9996","10002","6418","22291","-1","6606","1816","5998","-1","-1","-1","-1","-1","-1","-1","-1","-1","-1","-1","-1","-1","-1","-1","-1","5","7","0","17","-1","26","18","24","-1","-1","-1","-1","-1","-1","-1","-1","-1","-1","-1","-1","-1","-1","-1","-1"
"69","6","6","0","0","34652","34655","34659","34650","0","34653","34649","34651","34656","34648","34657","34658","38145","38145","38145","38145","38147","-1","41751","40582","-1","-1","-1","-1","51495","51501","49738","51494","-1","51500","51498","51497","51499","51496","6539","963","1282","1282","1282","1282","963","-1","36728","6418","-1","-1","-1","-1","1","3","16","5","-1","9","10","6","7","8","2","11","18","18","18","18","11","-1","0","0","-1","-1","-1","-1"
"70","6","6","1","0","34652","34655","34659","34650","0","34653","34649","34651","34656","34648","34657","34658","38145","38145","38145","38145","38147","-1","41751","40582","-1","-1","-1","-1","51495","51501","49738","51494","-1","51500","51498","51497","51499","51496","6539","963","1282","1282","1282","1282","963","-1","36728","6418","-1","-1","-1","-1","1","3","16","5","-1","9","10","6","7","8","2","11","18","18","18","18","11","-1","0","0","-1","-1","-1","-1"
"71","6","7","0","0","154","153","6948","36","-1","-1","2362","-1","-1","-1","-1","-1","-1","-1","-1","-1","-1","-1","-1","-1","-1","-1","-1","-1","10058","10050","6418","5194","-1","-1","18730","-1","-1","-1","-1","-1","-1","-1","-1","-1","-1","-1","-1","-1","-1","-1","-1","-1","5","7","0","21","-1","-1","14","-1","-1","-1","-1","-1","-1","-1","-1","-1","-1","-1","-1","-1","-1","-1","-1","-1"
"72","6","7","1","0","154","153","6948","36","-1","-1","2362","-1","-1","-1","-1","-1","-1","-1","-1","-1","-1","-1","-1","-1","-1","-1","-1","-1","10058","10050","6418","5194","-1","-1","18730","-1","-1","-1","-1","-1","-1","-1","-1","-1","-1","-1","-1","-1","-1","-1","-1","-1","5","7","0","21","-1","-1","14","-1","-1","-1","-1","-1","-1","-1","-1","-1","-1","-1","-1","-1","-1","-1","-1","-1"
"73","6","11","0","0","35","6139","6124","-1","0","-1","6948","0","-1","-1","-1","-1","-1","-1","-1","-1","-1","-1","-1","-1","-1","-1","-1","-1","472","12684","9987","-1","-1","-1","6418","-1","-1","-1","-1","-1","-1","-1","-1","-1","-1","-1","-1","-1","-1","-1","-1","-1","17","20","7","-1","-1","-1","0","-1","-1","-1","-1","-1","-1","-1","-1","-1","-1","-1","-1","-1","-1","-1","-1","-1"
"74","6","11","1","0","35","6139","6124","-1","0","-1","6948","0","-1","-1","-1","-1","-1","-1","-1","-1","-1","-1","-1","-1","-1","-1","-1","-1","472","12684","9987","-1","-1","-1","6418","-1","-1","-1","-1","-1","-1","-1","-1","-1","-1","-1","-1","-1","-1","-1","-1","-1","17","20","7","-1","-1","-1","0","-1","-1","-1","-1","-1","-1","-1","-1","-1","-1","-1","-1","-1","-1","-1","-1","-1"
"75","7","1","0","0","38","39","40","0","49778","-1","-1","6948","-1","-1","-1","-1","-1","-1","-1","-1","-1","-1","-1","-1","-1","-1","-1","-1","9891","9892","10141","-1","2380","-1","-1","6418","-1","-1","-1","-1","-1","-1","-1","-1","-1","-1","-1","-1","-1","-1","-1","-1","5","7","8","-1","17","-1","-1","0","-1","-1","-1","-1","-1","-1","-1","-1","-1","-1","-1","-1","-1","-1","-1","-1"
"76","7","1","1","0","38","39","40","0","49778","-1","-1","6948","-1","-1","-1","-1","-1","-1","-1","-1","-1","-1","-1","-1","-1","-1","-1","-1","9891","9892","10141","-1","2380","-1","-1","6418","-1","-1","-1","-1","-1","-1","-1","-1","-1","-1","-1","-1","-1","-1","-1","-1","5","7","8","-1","17","-1","-1","0","-1","-1","-1","-1","-1","-1","-1","-1","-1","-1","-1","-1","-1","-1","-1","-1"
"77","7","4","0","0","49","48","47","2092","50055","28979","-1","6948","-1","-1","-1","-1","-1","-1","-1","-1","-1","-1","-1","-1","-1","-1","-1","-1","9906","9913","9915","6442","6442","40187","-1","6418","-1","-1","-1","-1","-1","-1","-1","-1","-1","-1","-1","-1","-1","-1","-1","-1","5","7","8","13","22","25","-1","0","-1","-1","-1","-1","-1","-1","-1","-1","-1","-1","-1","-1","-1","-1","-1","-1"
"78","7","4","1","0","49","48","47","2092","50055","28979","-1","6948","-1","-1","-1","-1","-1","-1","-1","-1","-1","-1","-1","-1","-1","-1","-1","-1","9906","9913","9915","6442","6442","40187","-1","6418","-1","-1","-1","-1","-1","-1","-1","-1","-1","-1","-1","-1","-1","-1","-1","-1","5","7","8","13","22","25","-1","0","-1","-1","-1","-1","-1","-1","-1","-1","-1","-1","-1","-1","-1","-1","-1","-1"
"79","7","6","0","0","34652","34655","34659","34650","0","34653","34649","34651","34656","34648","34657","34658","38145","38145","38145","38145","38147","-1","41751","40582","-1","-1","-1","-1","51495","51501","49738","51494","-1","51500","51498","51497","51499","51496","6539","963","1282","1282","1282","1282","963","-1","36728","6418","-1","-1","-1","-1","1","3","16","5","-1","9","10","6","7","8","2","11","18","18","18","18","11","-1","0","0","-1","-1","-1","-1"
"80","7","6","1","0","34652","34655","34659","34650","0","34653","34649","34651","34656","34648","34657","34658","38145","38145","38145","38145","38147","-1","41751","40582","-1","-1","-1","-1","51495","51501","49738","51494","-1","51500","51498","51497","51499","51496","6539","963","1282","1282","1282","1282","963","-1","36728","6418","-1","-1","-1","-1","1","3","16","5","-1","9","10","6","7","8","2","11","18","18","18","18","11","-1","0","0","-1","-1","-1","-1"
"81","7","8","0","0","56","1395","6096","55","0","35","-1","-1","6948","-1","-1","-1","-1","-1","-1","-1","-1","-1","-1","-1","-1","-1","-1","-1","12647","9924","2163","9929","-1","472","-1","-1","6418","-1","-1","-1","-1","-1","-1","-1","-1","-1","-1","-1","-1","-1","-1","-1","20","7","4","8","-1","17","-1","-1","0","-1","-1","-1","-1","-1","-1","-1","-1","-1","-1","-1","-1","-1","-1","-1"
"82","7","8","1","0","56","1395","6096","55","0","35","-1","-1","6948","-1","-1","-1","-1","-1","-1","-1","-1","-1","-1","-1","-1","-1","-1","-1","12647","9924","2163","9929","-1","472","-1","-1","6418","-1","-1","-1","-1","-1","-1","-1","-1","-1","-1","-1","-1","-1","-1","-1","20","7","4","8","-1","17","-1","-1","0","-1","-1","-1","-1","-1","-1","-1","-1","-1","-1","-1","-1","-1","-1","-1"
"83","7","9","0","0","57","6097","1396","59","35","-1","-1","0","6948","-1","-1","-1","-1","-1","-1","-1","-1","-1","-1","-1","-1","-1","-1","-1","12645","2470","3260","3261","472","-1","-1","-1","6418","-1","-1","-1","-1","-1","-1","-1","-1","-1","-1","-1","-1","-1","-1","-1","20","4","7","8","17","-1","-1","-1","0","-1","-1","-1","-1","-1","-1","-1","-1","-1","-1","-1","-1","-1","-1","-1"
"84","7","9","1","0","57","6097","1396","59","35","-1","-1","0","6948","-1","-1","-1","-1","-1","-1","-1","-1","-1","-1","-1","-1","-1","-1","-1","12645","2470","3260","3261","472","-1","-1","-1","6418","-1","-1","-1","-1","-1","-1","-1","-1","-1","-1","-1","-1","-1","-1","-1","20","4","7","8","17","-1","-1","-1","0","-1","-1","-1","-1","-1","-1","-1","-1","-1","-1","-1","-1","-1","-1","-1"
"85","8","1","0","0","49778","-1","6125","139","-1","0","25861","6948","-1","-1","-1","-1","-1","-1","-1","-1","-1","-1","-1","-1","-1","-1","-1","-1","2380","-1","9995","9988","-1","-1","20777","6418","-1","-1","-1","-1","-1","-1","-1","-1","-1","-1","-1","-1","-1","-1","-1","-1","17","-1","5","7","-1","-1","25","0","-1","-1","-1","-1","-1","-1","-1","-1","-1","-1","-1","-1","-1","-1","-1","-1"
"86","8","1","1","0","49778","-1","6125","139","-1","0","25861","6948","-1","-1","-1","-1","-1","-1","-1","-1","-1","-1","-1","-1","-1","-1","-1","-1","2380","-1","9995","9988","-1","-1","20777","6418","-1","-1","-1","-1","-1","-1","-1","-1","-1","-1","-1","-1","-1","-1","-1","-1","17","-1","5","7","-1","-1","25","0","-1","-1","-1","-1","-1","-1","-1","-1","-1","-1","-1","-1","-1","-1","-1","-1"
"87","8","3","0","0","12282","-1","2101","2512","2504","6126","127","-1","0","6948","-1","-1","-1","-1","-1","-1","-1","-1","-1","-1","-1","-1","-1","-1","22291","-1","21328","5996","8106","10002","9996","-1","-1","6418","-1","-1","-1","-1","-1","-1","-1","-1","-1","-1","-1","-1","-1","-1","17","-1","18","24","15","7","5","-1","-1","0","-1","-1","-1","-1","-1","-1","-1","-1","-1","-1","-1","-1","-1","-1"
"88","8","3","1","0","12282","-1","2101","2512","2504","6126","127","-1","0","6948","-1","-1","-1","-1","-1","-1","-1","-1","-1","-1","-1","-1","-1","-1","22291","-1","21328","5996","8106","10002","9996","-1","-1","6418","-1","-1","-1","-1","-1","-1","-1","-1","-1","-1","-1","-1","-1","-1","17","-1","18","24","15","7","5","-1","-1","0","-1","-1","-1","-1","-1","-1","-1","-1","-1","-1","-1","-1","-1","-1"
"89","8","4","0","0","2092","-1","6136","6137","6138","50055","25861","6948","-1","-1","-1","-1","-1","-1","-1","-1","-1","-1","-1","-1","-1","-1","-1","-1","6442","-1","10112","10114","10115","6442","20777","6418","-1","-1","-1","-1","-1","-1","-1","-1","-1","-1","-1","-1","-1","-1","-1","-1","13","-1","5","7","8","22","25","0","-1","-1","-1","-1","-1","-1","-1","-1","-1","-1","-1","-1","-1","-1","-1","-1"
"90","8","4","1","0","2092","-1","6136","6137","6138","50055","25861","6948","-1","-1","-1","-1","-1","-1","-1","-1","-1","-1","-1","-1","-1","-1","-1","-1","6442","-1","10112","10114","10115","6442","20777","6418","-1","-1","-1","-1","-1","-1","-1","-1","-1","-1","-1","-1","-1","-1","-1","-1","13","-1","5","7","8","22","25","0","-1","-1","-1","-1","-1","-1","-1","-1","-1","-1","-1","-1","-1","-1","-1","-1"
"91","8","5","0","0","35","-1","-1","6144","53","52","0","6948","-1","-1","-1","-1","-1","-1","-1","-1","-1","-1","-1","-1","-1","-1","-1","-1","472","-1","-1","12680","9944","9945","-1","6418","-1","-1","-1","-1","-1","-1","-1","-1","-1","-1","-1","-1","-1","-1","-1","-1","17","-1","-1","20","4","7","-1","0","-1","-1","-1","-1","-1","-1","-1","-1","-1","-1","-1","-1","-1","-1","-1","-1"
"92","8","5","1","0","35","-1","-1","6144","53","52","0","6948","-1","-1","-1","-1","-1","-1","-1","-1","-1","-1","-1","-1","-1","-1","-1","-1","472","-1","-1","12680","9944","9945","-1","6418","-1","-1","-1","-1","-1","-1","-1","-1","-1","-1","-1","-1","-1","-1","-1","-1","17","-1","-1","20","4","7","-1","0","-1","-1","-1","-1","-1","-1","-1","-1","-1","-1","-1","-1","-1","-1","-1","-1"
"93","8","6","0","0","34652","34655","34659","34650","0","34653","34649","34651","34656","34648","34657","34658","38145","38145","38145","38145","38147","-1","41751","40582","-1","-1","-1","-1","51495","51501","49738","51494","-1","51500","51498","51497","51499","51496","6539","963","1282","1282","1282","1282","963","-1","36728","6418","-1","-1","-1","-1","1","3","16","5","-1","9","10","6","7","8","2","11","18","18","18","18","11","-1","0","0","-1","-1","-1","-1"
"94","8","6","1","0","34652","34655","34659","34650","0","34653","34649","34651","34656","34648","34657","34658","38145","38145","38145","38145","38147","-1","41751","40582","-1","-1","-1","-1","51495","51501","49738","51494","-1","51500","51498","51497","51499","51496","6539","963","1282","1282","1282","1282","963","-1","36728","6418","-1","-1","-1","-1","1","3","16","5","-1","9","10","6","7","8","2","11","18","18","18","18","11","-1","0","0","-1","-1","-1","-1"
"95","8","7","0","0","36","-1","-1","6134","6135","2362","6948","-1","-1","-1","-1","-1","-1","-1","-1","-1","-1","-1","-1","-1","-1","-1","-1","-1","5194","-1","-1","10108","10109","18730","6418","-1","-1","-1","-1","-1","-1","-1","-1","-1","-1","-1","-1","-1","-1","-1","-1","-1","21","-1","-1","5","7","14","0","-1","-1","-1","-1","-1","-1","-1","-1","-1","-1","-1","-1","-1","-1","-1","-1","-1"
"96","8","7","1","0","36","-1","-1","6134","6135","2362","6948","-1","-1","-1","-1","-1","-1","-1","-1","-1","-1","-1","-1","-1","-1","-1","-1","-1","5194","-1","-1","10108","10109","18730","6418","-1","-1","-1","-1","-1","-1","-1","-1","-1","-1","-1","-1","-1","-1","-1","-1","-1","21","-1","-1","5","7","14","0","-1","-1","-1","-1","-1","-1","-1","-1","-1","-1","-1","-1","-1","-1","-1","-1","-1"
"97","8","8","0","0","6140","1395","6096","55","35","-1","-1","0","6948","0","0","0","-1","-1","-1","-1","-1","-1","-1","-1","-1","-1","-1","-1","12649","9924","2163","9929","472","-1","-1","-1","6418","-1","-1","-1","-1","-1","-1","-1","-1","-1","-1","-1","-1","-1","-1","-1","20","7","4","8","17","-1","-1","-1","0","-1","-1","-1","-1","-1","-1","-1","-1","-1","-1","-1","-1","-1","-1","-1"
"98","8","8","1","0","6140","1395","6096","55","35","-1","-1","0","6948","0","0","0","-1","-1","-1","-1","-1","-1","-1","-1","-1","-1","-1","-1","12649","9924","2163","9929","472","-1","-1","-1","6418","-1","-1","-1","-1","-1","-1","-1","-1","-1","-1","-1","-1","-1","-1","-1","20","7","4","8","17","-1","-1","-1","0","-1","-1","-1","-1","-1","-1","-1","-1","-1","-1","-1","-1","-1","-1","-1"
"99","10","2","0","0","24143","24145","24146","23346","0","-1","-1","6948","0","0","0","0","-1","-1","-1","-1","-1","-1","-1","-1","-1","-1","-1","-1","36789","36790","36793","2380","-1","-1","-1","6418","-1","-1","-1","-1","-1","-1","-1","-1","-1","-1","-1","-1","-1","-1","-1","-1","5","7","8","17","-1","-1","-1","0","-1","-1","-1","-1","-1","-1","-1","-1","-1","-1","-1","-1","-1","-1","-1","-1"
"100","10","2","1","0","24143","24145","24146","23346","0","-1","-1","6948","0","0","0","0","-1","-1","-1","-1","-1","-1","-1","-1","-1","-1","-1","-1","36789","36790","36793","2380","-1","-1","-1","6418","-1","-1","-1","-1","-1","-1","-1","-1","-1","-1","-1","-1","-1","-1","-1","-1","5","7","8","17","-1","-1","-1","0","-1","-1","-1","-1","-1","-1","-1","-1","-1","-1","-1","-1","-1","-1","-1","-1"
"101","10","3","0","0","20901","20899","20900","-1","12282","6948","2101","20980","-1","2512","0","-1","-1","-1","-1","-1","-1","-1","-1","-1","-1","-1","-1","-1","33352","33351","33350","-1","22291","6418","21328","8106","-1","5996","-1","-1","-1","-1","-1","-1","-1","-1","-1","-1","-1","-1","-1","-1","5","7","8","-1","17","0","18","15","-1","24","-1","-1","-1","-1","-1","-1","-1","-1","-1","-1","-1","-1","-1","-1"
"102","10","3","1","0","20901","20899","20900","-1","12282","6948","2101","20980","-1","2512","0","-1","-1","-1","-1","-1","-1","-1","-1","-1","-1","-1","-1","-1","33352","33351","33350","-1","22291","6418","21328","8106","-1","5996","-1","-1","-1","-1","-1","-1","-1","-1","-1","-1","-1","-1","-1","-1","5","7","8","-1","17","0","18","15","-1","24","-1","-1","-1","-1","-1","-1","-1","-1","-1","-1","-1","-1","-1","-1"
"103","10","4","0","0","20982","20897","20896","20898","-1","50057","28979","6948","-1","-1","-1","-1","-1","-1","-1","-1","-1","-1","-1","-1","-1","-1","-1","-1","37170","33353","33342","36764","-1","37170","40187","6418","-1","-1","-1","-1","-1","-1","-1","-1","-1","-1","-1","-1","-1","-1","-1","-1","13","5","7","8","-1","22","25","0","-1","-1","-1","-1","-1","-1","-1","-1","-1","-1","-1","-1","-1","-1","-1","-1"
"104","10","4","1","0","20982","20897","20896","20898","-1","50057","28979","6948","-1","-1","-1","-1","-1","-1","-1","-1","-1","-1","-1","-1","-1","-1","-1","-1","37170","33353","33342","36764","-1","37170","40187","6418","-1","-1","-1","-1","-1","-1","-1","-1","-1","-1","-1","-1","-1","-1","-1","-1","13","5","7","8","-1","22","25","0","-1","-1","-1","-1","-1","-1","-1","-1","-1","-1","-1","-1","-1","-1","-1","-1"
"105","10","5","0","0","20891","53","52","20978","-1","-1","51","0","6948","-1","-1","-1","-1","-1","-1","-1","-1","-1","-1","-1","-1","-1","-1","-1","33256","9944","9945","33299","-1","-1","9946","-1","6418","-1","-1","-1","-1","-1","-1","-1","-1","-1","-1","-1","-1","-1","-1","-1","20","4","7","17","-1","-1","8","-1","0","-1","-1","-1","-1","-1","-1","-1","-1","-1","-1","-1","-1","-1","-1","-1"
"106","10","5","1","0","20891","53","52","20978","-1","-1","51","0","6948","-1","-1","-1","-1","-1","-1","-1","-1","-1","-1","-1","-1","-1","-1","-1","33256","9944","9945","33299","-1","-1","9946","-1","6418","-1","-1","-1","-1","-1","-1","-1","-1","-1","-1","-1","-1","-1","-1","-1","20","4","7","17","-1","-1","8","-1","0","-1","-1","-1","-1","-1","-1","-1","-1","-1","-1","-1","-1","-1","-1","-1"
"107","10","6","0","0","34652","34655","34659","34650","0","34653","34649","34651","34656","34648","34657","34658","38145","38145","38145","38145","38147","-1","41751","40582","-1","-1","-1","-1","51495","51501","49738","51494","-1","51500","51498","51497","51499","51496","6539","963","1282","1282","1282","1282","963","-1","36728","6418","-1","-1","-1","-1","1","3","16","5","-1","9","10","6","7","8","2","11","18","18","18","18","11","-1","0","0","-1","-1","-1","-1"
"108","10","6","1","0","34652","34655","34659","34650","0","34653","34649","34651","34656","34648","34657","34658","38145","38145","38145","38145","38147","-1","41751","40582","-1","-1","-1","-1","51495","51501","49738","51494","-1","51500","51498","51497","51499","51496","6539","963","1282","1282","1282","1282","963","-1","36728","6418","-1","-1","-1","-1","1","3","16","5","-1","9","10","6","7","8","2","11","18","18","18","18","11","-1","0","0","-1","-1","-1","-1"
"109","10","8","0","0","20893","20894","6096","20978","20895","-1","-1","0","6948","-1","-1","-1","-1","-1","-1","-1","-1","-1","-1","-1","-1","-1","-1","-1","33258","33259","2163","33299","33260","-1","-1","-1","6418","-1","-1","-1","-1","-1","-1","-1","-1","-1","-1","-1","-1","-1","-1","-1","20","7","4","17","8","-1","-1","-1","0","-1","-1","-1","-1","-1","-1","-1","-1","-1","-1","-1","-1","-1","-1","-1"
"110","10","8","1","0","20893","20894","6096","20978","20895","-1","-1","0","6948","-1","-1","-1","-1","-1","-1","-1","-1","-1","-1","-1","-1","-1","-1","-1","33258","33259","2163","33299","33260","-1","-1","-1","6418","-1","-1","-1","-1","-1","-1","-1","-1","-1","-1","-1","-1","-1","-1","-1","20","7","4","17","8","-1","-1","-1","0","-1","-1","-1","-1","-1","-1","-1","-1","-1","-1","-1","-1","-1","-1","-1"
"111","10","9","0","0","20892","1396","59","20978","6097","-1","-1","6948","-1","-1","-1","-1","-1","-1","-1","-1","-1","-1","-1","-1","-1","-1","-1","-1","33257","3260","3261","33299","2470","-1","-1","6418","-1","-1","-1","-1","-1","-1","-1","-1","-1","-1","-1","-1","-1","-1","-1","-1","20","7","8","17","4","-1","-1","0","-1","-1","-1","-1","-1","-1","-1","-1","-1","-1","-1","-1","-1","-1","-1","-1"
"112","10","9","1","0","20892","1396","59","20978","6097","-1","-1","6948","-1","-1","-1","-1","-1","-1","-1","-1","-1","-1","-1","-1","-1","-1","-1","-1","33257","3260","3261","33299","2470","-1","-1","6418","-1","-1","-1","-1","-1","-1","-1","-1","-1","-1","-1","-1","-1","-1","-1","-1","20","7","8","17","4","-1","-1","0","-1","-1","-1","-1","-1","-1","-1","-1","-1","-1","-1","-1","-1","-1","-1","-1"
"113","11","1","0","0","23473","23474","23475","23346","6948","-1","-1","-1","-1","-1","-1","-1","-1","-1","-1","-1","-1","-1","-1","-1","-1","-1","-1","-1","36124","36125","36126","2380","6418","-1","-1","-1","-1","-1","-1","-1","-1","-1","-1","-1","-1","-1","-1","-1","-1","-1","-1","-1","5","7","8","17","0","-1","-1","-1","-1","-1","-1","-1","-1","-1","-1","-1","-1","-1","-1","-1","-1","-1","-1","-1"
"114","11","1","1","0","23473","23474","23475","23346","6948","-1","-1","-1","-1","-1","-1","-1","-1","-1","-1","-1","-1","-1","-1","-1","-1","-1","-1","-1","36124","36125","36126","2380","6418","-1","-1","-1","-1","-1","-1","-1","-1","-1","-1","-1","-1","-1","-1","-1","-1","-1","-1","-1","5","7","8","17","0","-1","-1","-1","-1","-1","-1","-1","-1","-1","-1","-1","-1","-1","-1","-1","-1","-1","-1","-1"
"115","11","2","0","0","23476","23477","2361","0","6948","-1","-1","-1","-1","-1","-1","-1","-1","-1","-1","-1","-1","-1","-1","-1","-1","-1","-1","-1","36133","36134","8690","-1","6418","-1","-1","-1","-1","-1","-1","-1","-1","-1","-1","-1","-1","-1","-1","-1","-1","-1","-1","-1","5","7","17","-1","0","-1","-1","-1","-1","-1","-1","-1","-1","-1","-1","-1","-1","-1","-1","-1","-1","-1","-1","-1"
"116","11","2","1","0","23476","23477","2361","0","6948","-1","-1","-1","-1","-1","-1","-1","-1","-1","-1","-1","-1","-1","-1","-1","-1","-1","-1","-1","36133","36134","8690","-1","6418","-1","-1","-1","-1","-1","-1","-1","-1","-1","-1","-1","-1","-1","-1","-1","-1","-1","-1","-1","5","7","17","-1","0","-1","-1","-1","-1","-1","-1","-1","-1","-1","-1","-1","-1","-1","-1","-1","-1","-1","-1","-1"
"117","11","3","0","0","23345","23344","12282","23348","6948","-1","-1","23347","2101","2512","-1","-1","-1","-1","-1","-1","-1","-1","-1","-1","-1","-1","-1","-1","36118","36120","22291","36122","6418","-1","-1","10671","21328","5996","-1","-1","-1","-1","-1","-1","-1","-1","-1","-1","-1","-1","-1","-1","5","7","17","8","0","-1","-1","26","18","24","-1","-1","-1","-1","-1","-1","-1","-1","-1","-1","-1","-1","-1","-1"
"118","11","3","1","0","23345","23344","12282","23348","6948","-1","-1","23347","2101","2512","-1","-1","-1","-1","-1","-1","-1","-1","-1","-1","-1","-1","-1","-1","36118","36120","22291","36122","6418","-1","-1","10671","21328","5996","-1","-1","-1","-1","-1","-1","-1","-1","-1","-1","-1","-1","-1","-1","5","7","17","8","0","-1","-1","26","18","24","-1","-1","-1","-1","-1","-1","-1","-1","-1","-1","-1","-1","-1","-1"
"119","11","5","0","0","1396","6097","3661","23322","6948","-1","-1","-1","-1","-1","-1","-1","-1","-1","-1","-1","-1","-1","-1","-1","-1","-1","-1","-1","3260","2470","18530","36138","6418","-1","-1","-1","-1","-1","-1","-1","-1","-1","-1","-1","-1","-1","-1","-1","-1","-1","-1","-1","7","4","17","20","0","-1","-1","-1","-1","-1","-1","-1","-1","-1","-1","-1","-1","-1","-1","-1","-1","-1","-1","-1"
"120","11","5","1","0","1396","6097","3661","23322","6948","-1","-1","-1","-1","-1","-1","-1","-1","-1","-1","-1","-1","-1","-1","-1","-1","-1","-1","-1","3260","2470","18530","36138","6418","-1","-1","-1","-1","-1","-1","-1","-1","-1","-1","-1","-1","-1","-1","-1","-1","-1","-1","-1","7","4","17","20","0","-1","-1","-1","-1","-1","-1","-1","-1","-1","-1","-1","-1","-1","-1","-1","-1","-1","-1","-1"
"121","11","6","0","0","34652","34655","34659","34650","0","34653","34649","34651","34656","34648","34657","34658","38145","38145","38145","38145","38147","-1","41751","40582","-1","-1","-1","-1","51495","51501","49738","51494","-1","51500","51498","51497","51499","51496","6539","963","1282","1282","1282","1282","963","-1","36728","6418","-1","-1","-1","-1","1","3","16","5","-1","9","10","6","7","8","2","11","18","18","18","18","11","-1","0","0","-1","-1","-1","-1"
"122","11","6","1","0","34652","34655","34659","34650","0","34653","34649","34651","34656","34648","34657","34658","38145","38145","38145","38145","38147","-1","41751","40582","-1","-1","-1","-1","51495","51501","49738","51494","-1","51500","51498","51497","51499","51496","6539","963","1282","1282","1282","1282","963","-1","36728","6418","-1","-1","-1","-1","1","3","16","5","-1","9","10","6","7","8","2","11","18","18","18","18","11","-1","0","0","-1","-1","-1","-1"
"123","11","7","0","0","23345","23344","23348","6948","36","-1","-1","2362","0","0","0","0","-1","-1","-1","-1","-1","-1","-1","-1","-1","-1","-1","-1","36118","36120","36122","6418","5194","-1","-1","18730","-1","-1","-1","-1","-1","-1","-1","-1","-1","-1","-1","-1","-1","-1","-1","-1","5","7","8","0","21","-1","-1","14","-1","-1","-1","-1","-1","-1","-1","-1","-1","-1","-1","-1","-1","-1","-1","-1"
"124","11","7","1","0","23345","23344","23348","6948","36","-1","-1","2362","0","0","0","0","-1","-1","-1","-1","-1","-1","-1","-1","-1","-1","-1","-1","36118","36120","36122","6418","5194","-1","-1","18730","-1","-1","-1","-1","-1","-1","-1","-1","-1","-1","-1","-1","-1","-1","-1","-1","5","7","8","0","21","-1","-1","14","-1","-1","-1","-1","-1","-1","-1","-1","-1","-1","-1","-1","-1","-1","-1","-1"
"125","11","8","0","0","23478","23479","3661","23473","6948","-1","-1","0","-1","-1","-1","-1","-1","-1","-1","-1","-1","-1","-1","-1","-1","-1","-1","-1","36125","36140","18530","36124","6418","-1","-1","-1","-1","-1","-1","-1","-1","-1","-1","-1","-1","-1","-1","-1","-1","-1","-1","-1","7","20","17","4","0","-1","-1","-1","-1","-1","-1","-1","-1","-1","-1","-1","-1","-1","-1","-1","-1","-1","-1","-1"
"126","11","8","1","0","23478","23479","3661","23473","6948","-1","-1","0","-1","-1","-1","-1","-1","-1","-1","-1","-1","-1","-1","-1","-1","-1","-1","-1","36125","36140","18530","36124","6418","-1","-1","-1","-1","-1","-1","-1","-1","-1","-1","-1","-1","-1","-1","-1","-1","-1","-1","-1","7","20","17","4","0","-1","-1","-1","-1","-1","-1","-1","-1","-1","-1","-1","-1","-1","-1","-1","-1","-1","-1","-1"
"127","12","3","0","0","52532","49567","49568","49569","-1","2508","2102","-1","2516","49570","6948","49571","-1","-1","-1","-1","-1","-1","-1","-1","-1","-1","-1","-1","65743","62558","62706","62707","-1","2409","-1","-1","-1","98023","6418","69176","-1","-1","-1","-1","-1","-1","-1","-1","-1","-1","-1","-1","17","4","7","8","-1","26","18","-1","24","5","-1","10","-1","-1","-1","-1","-1","-1","-1","-1","-1","-1","-1","-1"
"128","12","3","1","0","52532","49567","49568","49569","-1","2508","2102","-1","2516","49570","6948","49571","-1","-1","-1","-1","-1","-1","-1","-1","-1","-1","-1","-1","65743","62558","62706","62707","-1","2409","-1","-1","-1","98023","6418","69176","-1","-1","-1","-1","-1","-1","-1","-1","-1","-1","-1","-1","17","4","7","8","-1","26","18","-1","24","5","-1","10","-1","-1","-1","-1","-1","-1","-1","-1","-1","-1","-1","-1"
"129","12","7","0","0","154","153","6948","0","36","-1","-1","2362","-1","-1","-1","-1","-1","-1","-1","-1","-1","-1","-1","-1","-1","-1","-1","-1","10058","10050","6418","-1","5194","-1","-1","18730","-1","-1","-1","-1","-1","-1","-1","-1","-1","-1","-1","-1","-1","-1","-1","-1","5","7","0","-1","21","-1","-1","14","-1","-1","-1","-1","-1","-1","-1","-1","-1","-1","-1","-1","-1","-1","-1","-1"
"130","12","7","1","0","154","153","6948","0","36","-1","-1","2362","-1","-1","-1","-1","-1","-1","-1","-1","-1","-1","-1","-1","-1","-1","-1","-1","10058","10050","6418","-1","5194","-1","-1","18730","-1","-1","-1","-1","-1","-1","-1","-1","-1","-1","-1","-1","-1","-1","-1","-1","5","7","0","-1","21","-1","-1","14","-1","-1","-1","-1","-1","-1","-1","-1","-1","-1","-1","-1","-1","-1","-1","-1"
"131","12","11","0","0","35","49563","49564","-1","-1","49565","6948","49566","-1","-1","-1","-1","-1","-1","-1","-1","-1","-1","-1","-1","-1","-1","-1","-1","472","65854","65851","-1","-1","65852","6418","65853","-1","-1","-1","-1","-1","-1","-1","-1","-1","-1","-1","-1","-1","-1","-1","-1","17","5","8","-1","-1","10","-1","7","-1","-1","-1","-1","-1","-1","-1","-1","-1","-1","-1","-1","-1","-1","-1","-1"
"132","12","11","1","0","35","49563","49564","-1","-1","49565","6948","49566","-1","-1","-1","-1","-1","-1","-1","-1","-1","-1","-1","-1","-1","-1","-1","-1","472","65854","65851","-1","-1","65852","6418","65853","-1","-1","-1","-1","-1","-1","-1","-1","-1","-1","-1","-1","-1","-1","-1","-1","17","5","8","-1","-1","10","-1","7","-1","-1","-1","-1","-1","-1","-1","-1","-1","-1","-1","-1","-1","-1","-1","-1"
"133","2","2","0","0","45","43","44","6948","2361","-1","-1","0","-1","-1","-1","-1","-1","-1","-1","-1","-1","-1","-1","-1","-1","-1","-1","-1","3265","9938","9937","6418","8690","-1","-1","-1","-1","-1","-1","-1","-1","-1","-1","-1","-1","-1","-1","-1","-1","-1","-1","-1","5","8","7","0","17","-1","-1","-1","-1","-1","-1","-1","-1","-1","-1","-1","-1","-1","-1","-1","-1","-1","-1","-1"
"134","2","2","1","0","45","43","44","6948","2361","-1","-1","0","-1","-1","-1","-1","-1","-1","-1","-1","-1","-1","-1","-1","-1","-1","-1","-1","3265","9938","9937","6418","8690","-1","-1","-1","-1","-1","-1","-1","-1","-1","-1","-1","-1","-1","-1","-1","-1","-1","-1","-1","5","8","7","0","17","-1","-1","-1","-1","-1","-1","-1","-1","-1","-1","-1","-1","-1","-1","-1","-1","-1","-1","-1"
"135","2","5","0","0","6144","53","52","35","-1","-1","51","0","6948","-1","-1","-1","-1","-1","-1","-1","-1","-1","-1","-1","-1","-1","-1","-1","12680","9944","9945","472","-1","-1","9946","-1","6418","-1","-1","-1","-1","-1","-1","-1","-1","-1","-1","-1","-1","-1","-1","-1","20","4","7","17","-1","-1","8","-1","0","-1","-1","-1","-1","-1","-1","-1","-1","-1","-1","-1","-1","-1","-1","-1"
"136","2","5","1","0","6144","53","52","35","-1","-1","51","0","6948","-1","-1","-1","-1","-1","-1","-1","-1","-1","-1","-1","-1","-1","-1","-1","12680","9944","9945","472","-1","-1","9946","-1","6418","-1","-1","-1","-1","-1","-1","-1","-1","-1","-1","-1","-1","-1","-1","-1","20","4","7","17","-1","-1","8","-1","0","-1","-1","-1","-1","-1","-1","-1","-1","-1","-1","-1","-1","-1","-1","-1"
"137","2","8","0","0","6140","1395","6096","55","35","-1","-1","0","6948","0","0","0","-1","-1","-1","-1","-1","-1","-1","-1","-1","-1","-1","-1","12649","9924","2163","9929","472","-1","-1","-1","6418","-1","-1","-1","-1","-1","-1","-1","-1","-1","-1","-1","-1","-1","-1","-1","20","7","4","8","17","-1","-1","-1","0","-1","-1","-1","-1","-1","-1","-1","-1","-1","-1","-1","-1","-1","-1","-1"
"138","2","8","1","0","6140","1395","6096","55","35","-1","-1","0","6948","0","0","0","-1","-1","-1","-1","-1","-1","-1","-1","-1","-1","-1","-1","12649","9924","2163","9929","472","-1","-1","-1","6418","-1","-1","-1","-1","-1","-1","-1","-1","-1","-1","-1","-1","-1","-1","-1","20","7","4","8","17","-1","-1","-1","0","-1","-1","-1","-1","-1","-1","-1","-1","-1","-1","-1","-1","-1","-1","-1"
"139","2","11","0","0","35","6139","6124","-1","0","-1","6948","0","-1","-1","-1","-1","-1","-1","-1","-1","-1","-1","-1","-1","-1","-1","-1","-1","472","12684","9987","-1","-1","-1","6418","-1","-1","-1","-1","-1","-1","-1","-1","-1","-1","-1","-1","-1","-1","-1","-1","-1","17","20","7","-1","-1","-1","0","-1","-1","-1","-1","-1","-1","-1","-1","-1","-1","-1","-1","-1","-1","-1","-1","-1"
"140","2","11","1","0","35","6139","6124","-1","0","-1","6948","0","-1","-1","-1","-1","-1","-1","-1","-1","-1","-1","-1","-1","-1","-1","-1","-1","472","12684","9987","-1","-1","-1","6418","-1","-1","-1","-1","-1","-1","-1","-1","-1","-1","-1","-1","-1","-1","-1","-1","-1","17","20","7","-1","-1","-1","0","-1","-1","-1","-1","-1","-1","-1","-1","-1","-1","-1","-1","-1","-1","-1","-1","-1"
"141","3","7","0","0","154","153","6948","0","36","-1","-1","2362","-1","-1","-1","-1","-1","-1","-1","-1","-1","-1","-1","-1","-1","-1","-1","-1","10058","10050","6418","-1","5194","-1","-1","18730","-1","-1","-1","-1","-1","-1","-1","-1","-1","-1","-1","-1","-1","-1","-1","-1","5","7","0","-1","21","-1","-1","14","-1","-1","-1","-1","-1","-1","-1","-1","-1","-1","-1","-1","-1","-1","-1","-1"
"142","3","7","1","0","154","153","6948","0","36","-1","-1","2362","-1","-1","-1","-1","-1","-1","-1","-1","-1","-1","-1","-1","-1","-1","-1","-1","10058","10050","6418","-1","5194","-1","-1","18730","-1","-1","-1","-1","-1","-1","-1","-1","-1","-1","-1","-1","-1","-1","-1","-1","5","7","0","-1","21","-1","-1","14","-1","-1","-1","-1","-1","-1","-1","-1","-1","-1","-1","-1","-1","-1","-1","-1"
"143","3","8","0","0","56","1395","55","35","6096","-1","-1","0","6948","-1","0","-1","-1","-1","-1","-1","-1","-1","-1","-1","-1","-1","-1","-1","12647","9924","9929","472","2163","-1","-1","-1","6418","-1","-1","-1","-1","-1","-1","-1","-1","-1","-1","-1","-1","-1","-1","-1","20","7","8","17","4","-1","-1","-1","0","-1","-1","-1","-1","-1","-1","-1","-1","-1","-1","-1","-1","-1","-1","-1"
"144","3","8","1","0","56","1395","55","35","6096","-1","-1","0","6948","-1","0","-1","-1","-1","-1","-1","-1","-1","-1","-1","-1","-1","-1","-1","12647","9924","9929","472","2163","-1","-1","-1","6418","-1","-1","-1","-1","-1","-1","-1","-1","-1","-1","-1","-1","-1","-1","-1","20","7","8","17","4","-1","-1","-1","0","-1","-1","-1","-1","-1","-1","-1","-1","-1","-1","-1","-1","-1","-1","-1"
"145","3","9","0","0","57","6097","1396","35","59","0","-1","-1","6948","-1","-1","-1","-1","-1","-1","-1","-1","-1","-1","-1","-1","-1","-1","-1","12645","2470","3260","472","3261","-1","-1","-1","6418","-1","-1","-1","-1","-1","-1","-1","-1","-1","-1","-1","-1","-1","-1","-1","20","4","7","17","8","-1","-1","-1","0","-1","-1","-1","-1","-1","-1","-1","-1","-1","-1","-1","-1","-1","-1","-1"
"146","3","9","1","0","57","6097","1396","35","59","0","-1","-1","6948","-1","-1","-1","-1","-1","-1","-1","-1","-1","-1","-1","-1","-1","-1","-1","12645","2470","3260","472","3261","-1","-1","-1","6418","-1","-1","-1","-1","-1","-1","-1","-1","-1","-1","-1","-1","-1","-1","-1","20","4","7","17","8","-1","-1","-1","0","-1","-1","-1","-1","-1","-1","-1","-1","-1","-1","-1","-1","-1","-1","-1"
"147","3","11","0","0","35","6139","6124","-1","0","-1","6948","0","-1","-1","-1","-1","-1","-1","-1","-1","-1","-1","-1","-1","-1","-1","-1","-1","472","12684","9987","-1","-1","-1","6418","-1","-1","-1","-1","-1","-1","-1","-1","-1","-1","-1","-1","-1","-1","-1","-1","-1","17","20","7","-1","-1","-1","0","-1","-1","-1","-1","-1","-1","-1","-1","-1","-1","-1","-1","-1","-1","-1","-1","-1"
"148","3","11","1","0","35","6139","6124","-1","0","-1","6948","0","-1","-1","-1","-1","-1","-1","-1","-1","-1","-1","-1","-1","-1","-1","-1","-1","472","12684","9987","-1","-1","-1","6418","-1","-1","-1","-1","-1","-1","-1","-1","-1","-1","-1","-1","-1","-1","-1","-1","-1","17","20","7","-1","-1","-1","0","-1","-1","-1","-1","-1","-1","-1","-1","-1","-1","-1","-1","-1","-1","-1","-1","-1"
"149","4","2","0","0","45","43","44","6948","2361","-1","-1","0","-1","-1","-1","-1","-1","-1","-1","-1","-1","-1","-1","-1","-1","-1","-1","-1","3265","9938","9937","6418","8690","-1","-1","-1","-1","-1","-1","-1","-1","-1","-1","-1","-1","-1","-1","-1","-1","-1","-1","-1","5","8","7","0","17","-1","-1","-1","-1","-1","-1","-1","-1","-1","-1","-1","-1","-1","-1","-1","-1","-1","-1","-1"
"150","4","2","1","0","45","43","44","6948","2361","-1","-1","0","-1","-1","-1","-1","-1","-1","-1","-1","-1","-1","-1","-1","-1","-1","-1","-1","3265","9938","9937","6418","8690","-1","-1","-1","-1","-1","-1","-1","-1","-1","-1","-1","-1","-1","-1","-1","-1","-1","-1","-1","5","8","7","0","17","-1","-1","-1","-1","-1","-1","-1","-1","-1","-1","-1","-1","-1","-1","-1","-1","-1","-1","-1"
"151","4","7","0","0","154","153","6948","0","36","-1","-1","2362","-1","-1","-1","-1","-1","-1","-1","-1","-1","-1","-1","-1","-1","-1","-1","-1","10058","10050","6418","-1","5194","-1","-1","18730","-1","-1","-1","-1","-1","-1","-1","-1","-1","-1","-1","-1","-1","-1","-1","-1","5","7","0","-1","21","-1","-1","14","-1","-1","-1","-1","-1","-1","-1","-1","-1","-1","-1","-1","-1","-1","-1","-1"
"152","4","7","1","0","154","153","6948","0","36","-1","-1","2362","-1","-1","-1","-1","-1","-1","-1","-1","-1","-1","-1","-1","-1","-1","-1","-1","10058","10050","6418","-1","5194","-1","-1","18730","-1","-1","-1","-1","-1","-1","-1","-1","-1","-1","-1","-1","-1","-1","-1","-1","5","7","0","-1","21","-1","-1","14","-1","-1","-1","-1","-1","-1","-1","-1","-1","-1","-1","-1","-1","-1","-1","-1"
"153","4","8","0","0","56","1395","55","35","6096","-1","-1","0","6948","-1","0","-1","-1","-1","-1","-1","-1","-1","-1","-1","-1","-1","-1","-1","12647","9924","9929","472","2163","-1","-1","-1","6418","-1","-1","-1","-1","-1","-1","-1","-1","-1","-1","-1","-1","-1","-1","-1","20","7","8","17","4","-1","-1","-1","0","-1","-1","-1","-1","-1","-1","-1","-1","-1","-1","-1","-1","-1","-1","-1"
"154","4","8","1","0","56","1395","55","35","6096","-1","-1","0","6948","-1","0","-1","-1","-1","-1","-1","-1","-1","-1","-1","-1","-1","-1","-1","12647","9924","9929","472","2163","-1","-1","-1","6418","-1","-1","-1","-1","-1","-1","-1","-1","-1","-1","-1","-1","-1","-1","-1","20","7","8","17","4","-1","-1","-1","0","-1","-1","-1","-1","-1","-1","-1","-1","-1","-1","-1","-1","-1","-1","-1"
"155","4","9","0","0","57","6097","1396","35","59","0","-1","-1","6948","-1","-1","-1","-1","-1","-1","-1","-1","-1","-1","-1","-1","-1","-1","-1","12645","2470","3260","472","3261","-1","-1","-1","6418","-1","-1","-1","-1","-1","-1","-1","-1","-1","-1","-1","-1","-1","-1","-1","20","4","7","17","8","-1","-1","-1","0","-1","-1","-1","-1","-1","-1","-1","-1","-1","-1","-1","-1","-1","-1","-1"
"156","4","9","1","0","57","6097","1396","35","59","0","-1","-1","6948","-1","-1","-1","-1","-1","-1","-1","-1","-1","-1","-1","-1","-1","-1","-1","12645","2470","3260","472","3261","-1","-1","-1","6418","-1","-1","-1","-1","-1","-1","-1","-1","-1","-1","-1","-1","-1","-1","-1","20","4","7","17","8","-1","-1","-1","0","-1","-1","-1","-1","-1","-1","-1","-1","-1","-1","-1","-1","-1","-1","-1"
"157","5","2","0","0","45","43","44","6948","2361","-1","-1","0","-1","-1","-1","-1","-1","-1","-1","-1","-1","-1","-1","-1","-1","-1","-1","-1","3265","9938","9937","6418","8690","-1","-1","-1","-1","-1","-1","-1","-1","-1","-1","-1","-1","-1","-1","-1","-1","-1","-1","-1","5","8","7","0","17","-1","-1","-1","-1","-1","-1","-1","-1","-1","-1","-1","-1","-1","-1","-1","-1","-1","-1","-1"
"158","5","2","1","0","45","43","44","6948","2361","-1","-1","0","-1","-1","-1","-1","-1","-1","-1","-1","-1","-1","-1","-1","-1","-1","-1","-1","3265","9938","9937","6418","8690","-1","-1","-1","-1","-1","-1","-1","-1","-1","-1","-1","-1","-1","-1","-1","-1","-1","-1","-1","5","8","7","0","17","-1","-1","-1","-1","-1","-1","-1","-1","-1","-1","-1","-1","-1","-1","-1","-1","-1","-1","-1"
"159","5","3","0","0","148","147","129","0","12282","-1","2102","2508","2516","-1","6948","-1","-1","-1","-1","-1","-1","-1","-1","-1","-1","-1","-1","-1","9976","9975","9977","-1","22291","-1","1816","6606","5998","-1","6418","-1","-1","-1","-1","-1","-1","-1","-1","-1","-1","-1","-1","-1","5","7","8","-1","17","-1","18","26","24","-1","0","-1","-1","-1","-1","-1","-1","-1","-1","-1","-1","-1","-1","-1"
"160","5","3","1","0","148","147","129","0","12282","-1","2102","2508","2516","-1","6948","-1","-1","-1","-1","-1","-1","-1","-1","-1","-1","-1","-1","-1","9976","9975","9977","-1","22291","-1","1816","6606","5998","-1","6418","-1","-1","-1","-1","-1","-1","-1","-1","-1","-1","-1","-1","-1","5","7","8","-1","17","-1","18","26","24","-1","0","-1","-1","-1","-1","-1","-1","-1","-1","-1","-1","-1","-1","-1"
"161","5","7","0","0","154","153","6948","0","36","-1","-1","2362","-1","-1","-1","-1","-1","-1","-1","-1","-1","-1","-1","-1","-1","-1","-1","-1","10058","10050","6418","-1","5194","-1","-1","18730","-1","-1","-1","-1","-1","-1","-1","-1","-1","-1","-1","-1","-1","-1","-1","-1","5","7","0","-1","21","-1","-1","14","-1","-1","-1","-1","-1","-1","-1","-1","-1","-1","-1","-1","-1","-1","-1","-1"
"162","5","7","1","0","154","153","6948","0","36","-1","-1","2362","-1","-1","-1","-1","-1","-1","-1","-1","-1","-1","-1","-1","-1","-1","-1","-1","10058","10050","6418","-1","5194","-1","-1","18730","-1","-1","-1","-1","-1","-1","-1","-1","-1","-1","-1","-1","-1","-1","-1","-1","5","7","0","-1","21","-1","-1","14","-1","-1","-1","-1","-1","-1","-1","-1","-1","-1","-1","-1","-1","-1","-1","-1"
"163","5","11","0","0","35","6139","6124","-1","0","-1","6948","0","-1","-1","-1","-1","-1","-1","-1","-1","-1","-1","-1","-1","-1","-1","-1","-1","472","12684","9987","-1","-1","-1","6418","-1","-1","-1","-1","-1","-1","-1","-1","-1","-1","-1","-1","-1","-1","-1","-1","-1","17","20","7","-1","-1","-1","0","-1","-1","-1","-1","-1","-1","-1","-1","-1","-1","-1","-1","-1","-1","-1","-1","-1"
"164","5","11","1","0","35","6139","6124","-1","0","-1","6948","0","-1","-1","-1","-1","-1","-1","-1","-1","-1","-1","-1","-1","-1","-1","-1","-1","472","12684","9987","-1","-1","-1","6418","-1","-1","-1","-1","-1","-1","-1","-1","-1","-1","-1","-1","-1","-1","-1","-1","-1","17","20","7","-1","-1","-1","0","-1","-1","-1","-1","-1","-1","-1","-1","-1","-1","-1","-1","-1","-1","-1","-1","-1"
"165","6","2","0","0","45","43","44","6948","2361","-1","-1","0","-1","-1","-1","-1","-1","-1","-1","-1","-1","-1","-1","-1","-1","-1","-1","-1","3265","9938","9937","6418","8690","-1","-1","-1","-1","-1","-1","-1","-1","-1","-1","-1","-1","-1","-1","-1","-1","-1","-1","-1","5","8","7","0","17","-1","-1","-1","-1","-1","-1","-1","-1","-1","-1","-1","-1","-1","-1","-1","-1","-1","-1","-1"
"166","6","2","1","0","45","43","44","6948","2361","-1","-1","0","-1","-1","-1","-1","-1","-1","-1","-1","-1","-1","-1","-1","-1","-1","-1","-1","3265","9938","9937","6418","8690","-1","-1","-1","-1","-1","-1","-1","-1","-1","-1","-1","-1","-1","-1","-1","-1","-1","-1","-1","5","8","7","0","17","-1","-1","-1","-1","-1","-1","-1","-1","-1","-1","-1","-1","-1","-1","-1","-1","-1","-1","-1"
"167","6","4","0","0","2105","120","121","25861","2092","-1","50055","6948","-1","-1","-1","-1","-1","-1","-1","-1","-1","-1","-1","-1","-1","-1","-1","-1","10005","10006","10008","20777","6442","-1","6442","6418","-1","-1","-1","-1","-1","-1","-1","-1","-1","-1","-1","-1","-1","-1","-1","-1","5","7","8","25","13","-1","22","0","-1","-1","-1","-1","-1","-1","-1","-1","-1","-1","-1","-1","-1","-1","-1","-1"
"168","6","4","1","0","2105","120","121","25861","2092","-1","50055","6948","-1","-1","-1","-1","-1","-1","-1","-1","-1","-1","-1","-1","-1","-1","-1","-1","10005","10006","10008","20777","6442","-1","6442","6418","-1","-1","-1","-1","-1","-1","-1","-1","-1","-1","-1","-1","-1","-1","-1","-1","5","7","8","25","13","-1","22","0","-1","-1","-1","-1","-1","-1","-1","-1","-1","-1","-1","-1","-1","-1","-1","-1"
"169","6","5","0","0","6144","53","52","35","-1","-1","51","0","6948","-1","-1","-1","-1","-1","-1","-1","-1","-1","-1","-1","-1","-1","-1","-1","12680","9944","9945","472","-1","-1","9946","-1","6418","-1","-1","-1","-1","-1","-1","-1","-1","-1","-1","-1","-1","-1","-1","-1","20","4","7","17","-1","-1","8","-1","0","-1","-1","-1","-1","-1","-1","-1","-1","-1","-1","-1","-1","-1","-1","-1"
"170","6","5","1","0","6144","53","52","35","-1","-1","51","0","6948","-1","-1","-1","-1","-1","-1","-1","-1","-1","-1","-1","-1","-1","-1","-1","12680","9944","9945","472","-1","-1","9946","-1","6418","-1","-1","-1","-1","-1","-1","-1","-1","-1","-1","-1","-1","-1","-1","-1","20","4","7","17","-1","-1","8","-1","0","-1","-1","-1","-1","-1","-1","-1","-1","-1","-1","-1","-1","-1","-1","-1"
"171","6","8","0","0","6140","1395","6096","55","35","-1","-1","0","6948","0","0","0","-1","-1","-1","-1","-1","-1","-1","-1","-1","-1","-1","-1","12649","9924","2163","9929","472","-1","-1","-1","6418","-1","-1","-1","-1","-1","-1","-1","-1","-1","-1","-1","-1","-1","-1","-1","20","7","4","8","17","-1","-1","-1","0","-1","-1","-1","-1","-1","-1","-1","-1","-1","-1","-1","-1","-1","-1","-1"
"172","6","8","1","0","6140","1395","6096","55","35","-1","-1","0","6948","0","0","0","-1","-1","-1","-1","-1","-1","-1","-1","-1","-1","-1","-1","12649","9924","2163","9929","472","-1","-1","-1","6418","-1","-1","-1","-1","-1","-1","-1","-1","-1","-1","-1","-1","-1","-1","-1","20","7","4","8","17","-1","-1","-1","0","-1","-1","-1","-1","-1","-1","-1","-1","-1","-1","-1","-1","-1","-1","-1"
"173","6","9","0","0","6129","1396","59","35","6948","-1","-1","0","-1","-1","-1","-1","-1","-1","-1","-1","-1","-1","-1","-1","-1","-1","-1","-1","12646","3260","3261","472","6418","-1","-1","-1","-1","-1","-1","-1","-1","-1","-1","-1","-1","-1","-1","-1","-1","-1","-1","-1","20","7","8","17","0","-1","-1","-1","-1","-1","-1","-1","-1","-1","-1","-1","-1","-1","-1","-1","-1","-1","-1","-1"
"174","6","9","1","0","6129","1396","59","35","6948","-1","-1","0","-1","-1","-1","-1","-1","-1","-1","-1","-1","-1","-1","-1","-1","-1","-1","-1","12646","3260","3261","472","6418","-1","-1","-1","-1","-1","-1","-1","-1","-1","-1","-1","-1","-1","-1","-1","-1","-1","-1","-1","20","7","8","17","0","-1","-1","-1","-1","-1","-1","-1","-1","-1","-1","-1","-1","-1","-1","-1","-1","-1","-1","-1"
"175","7","2","0","0","45","43","44","6948","2361","-1","-1","0","-1","-1","-1","-1","-1","-1","-1","-1","-1","-1","-1","-1","-1","-1","-1","-1","3265","9938","9937","6418","8690","-1","-1","-1","-1","-1","-1","-1","-1","-1","-1","-1","-1","-1","-1","-1","-1","-1","-1","-1","5","8","7","0","17","-1","-1","-1","-1","-1","-1","-1","-1","-1","-1","-1","-1","-1","-1","-1","-1","-1","-1","-1"
"176","7","2","1","0","45","43","44","6948","2361","-1","-1","0","-1","-1","-1","-1","-1","-1","-1","-1","-1","-1","-1","-1","-1","-1","-1","-1","3265","9938","9937","6418","8690","-1","-1","-1","-1","-1","-1","-1","-1","-1","-1","-1","-1","-1","-1","-1","-1","-1","-1","-1","5","8","7","0","17","-1","-1","-1","-1","-1","-1","-1","-1","-1","-1","-1","-1","-1","-1","-1","-1","-1","-1","-1"
"177","7","3","0","0","148","147","129","0","12282","-1","2102","2508","2516","-1","6948","-1","-1","-1","-1","-1","-1","-1","-1","-1","-1","-1","-1","-1","9976","9975","9977","-1","22291","-1","1816","6606","5998","-1","6418","-1","-1","-1","-1","-1","-1","-1","-1","-1","-1","-1","-1","-1","5","7","8","-1","17","-1","18","26","24","-1","0","-1","-1","-1","-1","-1","-1","-1","-1","-1","-1","-1","-1","-1"
"178","7","3","1","0","148","147","129","0","12282","-1","2102","2508","2516","-1","6948","-1","-1","-1","-1","-1","-1","-1","-1","-1","-1","-1","-1","-1","9976","9975","9977","-1","22291","-1","1816","6606","5998","-1","6418","-1","-1","-1","-1","-1","-1","-1","-1","-1","-1","-1","-1","-1","5","7","8","-1","17","-1","18","26","24","-1","0","-1","-1","-1","-1","-1","-1","-1","-1","-1","-1","-1","-1","-1"
"179","7","5","0","0","6098","53","52","51","35","-1","-1","0","6948","-1","-1","-1","-1","-1","-1","-1","-1","-1","-1","-1","-1","-1","-1","-1","12679","9944","9945","9946","472","-1","-1","-1","6418","-1","-1","-1","-1","-1","-1","-1","-1","-1","-1","-1","-1","-1","-1","-1","20","4","7","8","17","-1","-1","-1","0","-1","-1","-1","-1","-1","-1","-1","-1","-1","-1","-1","-1","-1","-1","-1"
"180","7","5","1","0","6098","53","52","51","35","-1","-1","0","6948","-1","-1","-1","-1","-1","-1","-1","-1","-1","-1","-1","-1","-1","-1","-1","12679","9944","9945","9946","472","-1","-1","-1","6418","-1","-1","-1","-1","-1","-1","-1","-1","-1","-1","-1","-1","-1","-1","-1","20","4","7","8","17","-1","-1","-1","0","-1","-1","-1","-1","-1","-1","-1","-1","-1","-1","-1","-1","-1","-1","-1"
"181","7","7","0","0","154","153","6948","0","36","-1","-1","2362","-1","-1","-1","-1","-1","-1","-1","-1","-1","-1","-1","-1","-1","-1","-1","-1","10058","10050","6418","-1","5194","-1","-1","18730","-1","-1","-1","-1","-1","-1","-1","-1","-1","-1","-1","-1","-1","-1","-1","-1","5","7","0","-1","21","-1","-1","14","-1","-1","-1","-1","-1","-1","-1","-1","-1","-1","-1","-1","-1","-1","-1","-1"
"182","7","7","1","0","154","153","6948","0","36","-1","-1","2362","-1","-1","-1","-1","-1","-1","-1","-1","-1","-1","-1","-1","-1","-1","-1","-1","10058","10050","6418","-1","5194","-1","-1","18730","-1","-1","-1","-1","-1","-1","-1","-1","-1","-1","-1","-1","-1","-1","-1","-1","5","7","0","-1","21","-1","-1","14","-1","-1","-1","-1","-1","-1","-1","-1","-1","-1","-1","-1","-1","-1","-1","-1"
"183","7","11","0","0","35","6139","6124","-1","0","-1","6948","0","-1","-1","-1","-1","-1","-1","-1","-1","-1","-1","-1","-1","-1","-1","-1","-1","472","12684","9987","-1","-1","-1","6418","-1","-1","-1","-1","-1","-1","-1","-1","-1","-1","-1","-1","-1","-1","-1","-1","-1","17","20","7","-1","-1","-1","0","-1","-1","-1","-1","-1","-1","-1","-1","-1","-1","-1","-1","-1","-1","-1","-1","-1"
"184","7","11","1","0","35","6139","6124","-1","0","-1","6948","0","-1","-1","-1","-1","-1","-1","-1","-1","-1","-1","-1","-1","-1","-1","-1","-1","472","12684","9987","-1","-1","-1","6418","-1","-1","-1","-1","-1","-1","-1","-1","-1","-1","-1","-1","-1","-1","-1","-1","-1","17","20","7","-1","-1","-1","0","-1","-1","-1","-1","-1","-1","-1","-1","-1","-1","-1","-1","-1","-1","-1","-1","-1"
"185","8","2","0","0","45","43","44","6948","2361","-1","-1","0","-1","-1","-1","-1","-1","-1","-1","-1","-1","-1","-1","-1","-1","-1","-1","-1","3265","9938","9937","6418","8690","-1","-1","-1","-1","-1","-1","-1","-1","-1","-1","-1","-1","-1","-1","-1","-1","-1","-1","-1","5","8","7","0","17","-1","-1","-1","-1","-1","-1","-1","-1","-1","-1","-1","-1","-1","-1","-1","-1","-1","-1","-1"
"186","8","2","1","0","45","43","44","6948","2361","-1","-1","0","-1","-1","-1","-1","-1","-1","-1","-1","-1","-1","-1","-1","-1","-1","-1","-1","3265","9938","9937","6418","8690","-1","-1","-1","-1","-1","-1","-1","-1","-1","-1","-1","-1","-1","-1","-1","-1","-1","-1","-1","5","8","7","0","17","-1","-1","-1","-1","-1","-1","-1","-1","-1","-1","-1","-1","-1","-1","-1","-1","-1","-1","-1"
"187","8","9","0","0","6129","1396","59","35","6948","-1","-1","0","-1","-1","-1","-1","-1","-1","-1","-1","-1","-1","-1","-1","-1","-1","-1","-1","12646","3260","3261","472","6418","-1","-1","-1","-1","-1","-1","-1","-1","-1","-1","-1","-1","-1","-1","-1","-1","-1","-1","-1","20","7","8","17","0","-1","-1","-1","-1","-1","-1","-1","-1","-1","-1","-1","-1","-1","-1","-1","-1","-1","-1","-1"
"188","8","9","1","0","6129","1396","59","35","6948","-1","-1","0","-1","-1","-1","-1","-1","-1","-1","-1","-1","-1","-1","-1","-1","-1","-1","-1","12646","3260","3261","472","6418","-1","-1","-1","-1","-1","-1","-1","-1","-1","-1","-1","-1","-1","-1","-1","-1","-1","-1","-1","20","7","8","17","0","-1","-1","-1","-1","-1","-1","-1","-1","-1","-1","-1","-1","-1","-1","-1","-1","-1","-1","-1"
"189","8","11","0","0","35","6139","6124","-1","0","-1","6948","0","-1","-1","-1","-1","-1","-1","-1","-1","-1","-1","-1","-1","-1","-1","-1","-1","472","12684","9987","-1","-1","-1","6418","-1","-1","-1","-1","-1","-1","-1","-1","-1","-1","-1","-1","-1","-1","-1","-1","-1","17","20","7","-1","-1","-1","0","-1","-1","-1","-1","-1","-1","-1","-1","-1","-1","-1","-1","-1","-1","-1","-1","-1"
"190","8","11","1","0","35","6139","6124","-1","0","-1","6948","0","-1","-1","-1","-1","-1","-1","-1","-1","-1","-1","-1","-1","-1","-1","-1","-1","472","12684","9987","-1","-1","-1","6418","-1","-1","-1","-1","-1","-1","-1","-1","-1","-1","-1","-1","-1","-1","-1","-1","-1","17","20","7","-1","-1","-1","0","-1","-1","-1","-1","-1","-1","-1","-1","-1","-1","-1","-1","-1","-1","-1","-1","-1"
"191","10","1","0","0","20919","20918","20915","23346","0","-1","-1","6948","0","0","0","0","-1","-1","-1","-1","-1","-1","-1","-1","-1","-1","-1","-1","33268","33263","33270","2380","-1","-1","-1","6418","-1","-1","-1","-1","-1","-1","-1","-1","-1","-1","-1","-1","-1","-1","-1","-1","5","7","8","17","-1","-1","-1","0","-1","-1","-1","-1","-1","-1","-1","-1","-1","-1","-1","-1","-1","-1","-1","-1"
"192","10","1","1","0","20919","20918","20915","23346","0","-1","-1","6948","0","0","0","0","-1","-1","-1","-1","-1","-1","-1","-1","-1","-1","-1","-1","33268","33263","33270","2380","-1","-1","-1","6418","-1","-1","-1","-1","-1","-1","-1","-1","-1","-1","-1","-1","-1","-1","-1","-1","5","7","8","17","-1","-1","-1","0","-1","-1","-1","-1","-1","-1","-1","-1","-1","-1","-1","-1","-1","-1","-1","-1"
"193","10","7","0","0","154","153","6948","0","36","-1","-1","2362","-1","-1","-1","-1","-1","-1","-1","-1","-1","-1","-1","-1","-1","-1","-1","-1","10058","10050","6418","-1","5194","-1","-1","18730","-1","-1","-1","-1","-1","-1","-1","-1","-1","-1","-1","-1","-1","-1","-1","-1","5","7","0","-1","21","-1","-1","14","-1","-1","-1","-1","-1","-1","-1","-1","-1","-1","-1","-1","-1","-1","-1","-1"
"194","10","7","1","0","154","153","6948","0","36","-1","-1","2362","-1","-1","-1","-1","-1","-1","-1","-1","-1","-1","-1","-1","-1","-1","-1","-1","10058","10050","6418","-1","5194","-1","-1","18730","-1","-1","-1","-1","-1","-1","-1","-1","-1","-1","-1","-1","-1","-1","-1","-1","5","7","0","-1","21","-1","-1","14","-1","-1","-1","-1","-1","-1","-1","-1","-1","-1","-1","-1","-1","-1","-1","-1"
"195","10","11","0","0","3661","6123","6124","-1","-1","0","6948","0","-1","-1","-1","-1","-1","-1","-1","-1","-1","-1","-1","-1","-1","-1","-1","-1","18530","12683","9987","-1","-1","-1","6418","-1","-1","-1","-1","-1","-1","-1","-1","-1","-1","-1","-1","-1","-1","-1","-1","-1","17","20","7","-1","-1","-1","0","-1","-1","-1","-1","-1","-1","-1","-1","-1","-1","-1","-1","-1","-1","-1","-1","-1"
"196","10","11","1","0","3661","6123","6124","-1","-1","0","6948","0","-1","-1","-1","-1","-1","-1","-1","-1","-1","-1","-1","-1","-1","-1","-1","-1","18530","12683","9987","-1","-1","-1","6418","-1","-1","-1","-1","-1","-1","-1","-1","-1","-1","-1","-1","-1","-1","-1","-1","-1","17","20","7","-1","-1","-1","0","-1","-1","-1","-1","-1","-1","-1","-1","-1","-1","-1","-1","-1","-1","-1","-1","-1"
"197","11","4","0","0","2105","120","121","25861","2092","-1","50055","6948","-1","-1","-1","-1","-1","-1","-1","-1","-1","-1","-1","-1","-1","-1","-1","-1","10005","10006","10008","20777","6442","-1","6442","6418","-1","-1","-1","-1","-1","-1","-1","-1","-1","-1","-1","-1","-1","-1","-1","-1","5","7","8","25","13","-1","22","0","-1","-1","-1","-1","-1","-1","-1","-1","-1","-1","-1","-1","-1","-1","-1","-1"
"198","11","4","1","0","2105","120","121","25861","2092","-1","50055","6948","-1","-1","-1","-1","-1","-1","-1","-1","-1","-1","-1","-1","-1","-1","-1","-1","10005","10006","10008","20777","6442","-1","6442","6418","-1","-1","-1","-1","-1","-1","-1","-1","-1","-1","-1","-1","-1","-1","-1","-1","5","7","8","25","13","-1","22","0","-1","-1","-1","-1","-1","-1","-1","-1","-1","-1","-1","-1","-1","-1","-1","-1"
"199","11","9","0","0","6129","1396","59","35","6948","-1","-1","0","-1","-1","-1","-1","-1","-1","-1","-1","-1","-1","-1","-1","-1","-1","-1","-1","12646","3260","3261","472","6418","-1","-1","-1","-1","-1","-1","-1","-1","-1","-1","-1","-1","-1","-1","-1","-1","-1","-1","-1","20","7","8","17","0","-1","-1","-1","-1","-1","-1","-1","-1","-1","-1","-1","-1","-1","-1","-1","-1","-1","-1","-1"
"200","11","9","1","0","6129","1396","59","35","6948","-1","-1","0","-1","-1","-1","-1","-1","-1","-1","-1","-1","-1","-1","-1","-1","-1","-1","-1","12646","3260","3261","472","6418","-1","-1","-1","-1","-1","-1","-1","-1","-1","-1","-1","-1","-1","-1","-1","-1","-1","-1","-1","20","7","8","17","0","-1","-1","-1","-1","-1","-1","-1","-1","-1","-1","-1","-1","-1","-1","-1","-1","-1","-1","-1"
"201","11","11","0","0","3661","6123","6124","-1","-1","0","6948","0","-1","-1","-1","-1","-1","-1","-1","-1","-1","-1","-1","-1","-1","-1","-1","-1","18530","12683","9987","-1","-1","-1","6418","-1","-1","-1","-1","-1","-1","-1","-1","-1","-1","-1","-1","-1","-1","-1","-1","-1","17","20","7","-1","-1","-1","0","-1","-1","-1","-1","-1","-1","-1","-1","-1","-1","-1","-1","-1","-1","-1","-1","-1"
"202","11","11","1","0","3661","6123","6124","-1","-1","0","6948","0","-1","-1","-1","-1","-1","-1","-1","-1","-1","-1","-1","-1","-1","-1","-1","-1","18530","12683","9987","-1","-1","-1","6418","-1","-1","-1","-1","-1","-1","-1","-1","-1","-1","-1","-1","-1","-1","-1","-1","-1","17","20","7","-1","-1","-1","0","-1","-1","-1","-1","-1","-1","-1","-1","-1","-1","-1","-1","-1","-1","-1","-1","-1"
"203","1","1","0","0","38","39","40","0","49778","-1","-1","6948","-1","-1","-1","-1","-1","-1","-1","-1","-1","-1","-1","-1","-1","-1","-1","-1","9891","9892","10141","-1","2380","-1","-1","6418","-1","-1","-1","-1","-1","-1","-1","-1","-1","-1","-1","-1","-1","-1","-1","-1","5","7","8","-1","17","-1","-1","0","-1","-1","-1","-1","-1","-1","-1","-1","-1","-1","-1","-1","-1","-1","-1","-1"
"204","1","1","1","0","38","39","40","0","49778","-1","-1","6948","-1","-1","-1","-1","-1","-1","-1","-1","-1","-1","-1","-1","-1","-1","-1","-1","9891","9892","10141","-1","2380","-1","-1","6418","-1","-1","-1","-1","-1","-1","-1","-1","-1","-1","-1","-1","-1","-1","-1","-1","5","7","8","-1","17","-1","-1","0","-1","-1","-1","-1","-1","-1","-1","-1","-1","-1","-1","-1","-1","-1","-1","-1"
"205","1","2","0","0","45","43","44","6948","2361","-1","-1","0","-1","-1","-1","-1","-1","-1","-1","-1","-1","-1","-1","-1","-1","-1","-1","-1","3265","9938","9937","6418","8690","-1","-1","-1","-1","-1","-1","-1","-1","-1","-1","-1","-1","-1","-1","-1","-1","-1","-1","-1","5","8","7","0","17","-1","-1","-1","-1","-1","-1","-1","-1","-1","-1","-1","-1","-1","-1","-1","-1","-1","-1","-1"
"206","1","2","1","0","45","43","44","6948","2361","-1","-1","0","-1","-1","-1","-1","-1","-1","-1","-1","-1","-1","-1","-1","-1","-1","-1","-1","3265","9938","9937","6418","8690","-1","-1","-1","-1","-1","-1","-1","-1","-1","-1","-1","-1","-1","-1","-1","-1","-1","-1","-1","5","8","7","0","17","-1","-1","-1","-1","-1","-1","-1","-1","-1","-1","-1","-1","-1","-1","-1","-1","-1","-1","-1"
"207","1","4","0","0","49","47","48","28979","2092","-1","50055","6948","-1","-1","-1","-1","-1","-1","-1","-1","-1","-1","-1","-1","-1","-1","-1","-1","9906","9915","9913","40187","6442","-1","6442","6418","-1","-1","-1","-1","-1","-1","-1","-1","-1","-1","-1","-1","-1","-1","-1","-1","5","8","7","25","13","-1","22","0","-1","-1","-1","-1","-1","-1","-1","-1","-1","-1","-1","-1","-1","-1","-1","-1"
"208","1","4","1","0","49","47","48","28979","2092","-1","50055","6948","-1","-1","-1","-1","-1","-1","-1","-1","-1","-1","-1","-1","-1","-1","-1","-1","9906","9915","9913","40187","6442","-1","6442","6418","-1","-1","-1","-1","-1","-1","-1","-1","-1","-1","-1","-1","-1","-1","-1","-1","5","8","7","25","13","-1","22","0","-1","-1","-1","-1","-1","-1","-1","-1","-1","-1","-1","-1","-1","-1","-1","-1"
"209","1","5","0","0","6098","52","53","51","35","-1","-1","0","6948","-1","-1","-1","-1","-1","-1","-1","-1","-1","-1","-1","-1","-1","-1","-1","12679","9945","9944","9946","472","-1","-1","-1","6418","-1","-1","-1","-1","-1","-1","-1","-1","-1","-1","-1","-1","-1","-1","-1","20","7","4","8","17","-1","-1","-1","0","-1","-1","-1","-1","-1","-1","-1","-1","-1","-1","-1","-1","-1","-1","-1"
"210","1","5","1","0","6098","52","53","51","35","-1","-1","0","6948","-1","-1","-1","-1","-1","-1","-1","-1","-1","-1","-1","-1","-1","-1","-1","12679","9945","9944","9946","472","-1","-1","-1","6418","-1","-1","-1","-1","-1","-1","-1","-1","-1","-1","-1","-1","-1","-1","-1","20","7","4","8","17","-1","-1","-1","0","-1","-1","-1","-1","-1","-1","-1","-1","-1","-1","-1","-1","-1","-1","-1"
"211","1","6","0","0","34652","34655","34659","34650","0","34653","34649","34651","34656","34648","34657","34658","38145","38145","38145","38145","38147","0","41751","40582","0","0","0","0","51495","51501","49738","51494","-1","51500","51498","51497","51499","51496","6539","963","1282","1282","1282","1282","963","-1","36728","6418","-1","-1","-1","-1","1","3","16","5","-1","9","10","6","7","8","2","11","18","18","18","18","11","-1","0","0","-1","-1","-1","-1"
"212","1","6","1","0","34652","34655","34659","34650","0","34653","34649","34651","34656","34648","34657","34658","38145","38145","38145","38145","38147","0","41751","40582","0","0","0","0","51495","51501","49738","51494","-1","51500","51498","51497","51499","51496","6539","963","1282","1282","1282","1282","963","-1","36728","6418","-1","-1","-1","-1","1","3","16","5","-1","9","10","6","7","8","2","11","18","18","18","18","11","-1","0","0","-1","-1","-1","-1"
"213","1","8","0","0","56","1395","55","35","6096","-1","-1","0","6948","-1","0","-1","-1","-1","-1","-1","-1","-1","-1","-1","-1","-1","-1","-1","12647","9924","9929","472","2163","-1","-1","-1","6418","-1","-1","-1","-1","-1","-1","-1","-1","-1","-1","-1","-1","-1","-1","-1","20","7","8","17","4","-1","-1","-1","0","-1","-1","-1","-1","-1","-1","-1","-1","-1","-1","-1","-1","-1","-1","-1"
"214","1","9","0","0","57","6097","1396","35","59","0","-1","-1","6948","-1","-1","-1","-1","-1","-1","-1","-1","-1","-1","-1","-1","-1","-1","-1","12645","2470","3260","472","3261","-1","-1","-1","6418","-1","-1","-1","-1","-1","-1","-1","-1","-1","-1","-1","-1","-1","-1","-1","20","4","7","17","8","-1","-1","-1","0","-1","-1","-1","-1","-1","-1","-1","-1","-1","-1","-1","-1","-1","-1","-1"
"215","1","8","1","0","56","1395","55","35","6096","-1","-1","0","6948","-1","0","-1","-1","-1","-1","-1","-1","-1","-1","-1","-1","-1","-1","-1","12647","9924","9929","472","2163","-1","-1","-1","6418","-1","-1","-1","-1","-1","-1","-1","-1","-1","-1","-1","-1","-1","-1","-1","20","7","8","17","4","-1","-1","-1","0","-1","-1","-1","-1","-1","-1","-1","-1","-1","-1","-1","-1","-1","-1","-1"
"216","1","9","1","0","57","6097","1396","35","59","0","-1","-1","6948","-1","-1","-1","-1","-1","-1","-1","-1","-1","-1","-1","-1","-1","-1","-1","12645","2470","3260","472","3261","-1","-1","-1","6418","-1","-1","-1","-1","-1","-1","-1","-1","-1","-1","-1","-1","-1","-1","-1","20","4","7","17","8","-1","-1","-1","0","-1","-1","-1","-1","-1","-1","-1","-1","-1","-1","-1","-1","-1","-1","-1"
"217","1","3","0","0","148","147","129","0","12282","-1","2102","2508","2516","-1","6948","-1","-1","-1","-1","-1","-1","-1","-1","-1","-1","-1","-1","-1","9976","9975","9977","-1","22291","-1","1816","6606","5998","-1","6418","-1","-1","-1","-1","-1","-1","-1","-1","-1","-1","-1","-1","-1","5","7","8","-1","17","-1","18","26","24","-1","0","-1","-1","-1","-1","-1","-1","-1","-1","-1","-1","-1","-1","-1"
"218","1","3","1","0","148","147","129","0","12282","-1","2102","2508","2516","-1","6948","-1","-1","-1","-1","-1","-1","-1","-1","-1","-1","-1","-1","-1","9976","9975","9977","-1","22291","-1","1816","6606","5998","-1","6418","-1","-1","-1","-1","-1","-1","-1","-1","-1","-1","-1","-1","-1","5","7","8","-1","17","-1","18","26","24","-1","0","-1","-1","-1","-1","-1","-1","-1","-1","-1","-1","-1","-1","-1"
"219","1","7","0","0","154","153","6948","0","36","-1","-1","2362","-1","-1","-1","-1","-1","-1","-1","-1","-1","-1","-1","-1","-1","-1","-1","-1","10058","10050","6418","-1","5194","-1","-1","18730","-1","-1","-1","-1","-1","-1","-1","-1","-1","-1","-1","-1","-1","-1","-1","-1","5","7","0","-1","21","-1","-1","14","-1","-1","-1","-1","-1","-1","-1","-1","-1","-1","-1","-1","-1","-1","-1","-1"
"220","1","7","1","0","154","153","6948","0","36","-1","-1","2362","-1","-1","-1","-1","-1","-1","-1","-1","-1","-1","-1","-1","-1","-1","-1","-1","10058","10050","6418","-1","5194","-1","-1","18730","-1","-1","-1","-1","-1","-1","-1","-1","-1","-1","-1","-1","-1","-1","-1","-1","5","7","0","-1","21","-1","-1","14","-1","-1","-1","-1","-1","-1","-1","-1","-1","-1","-1","-1","-1","-1","-1","-1"
"221","1","11","0","0","3661","6123","6124","-1","-1","0","6948","0","-1","-1","-1","-1","-1","-1","-1","-1","-1","-1","-1","-1","-1","-1","-1","-1","18530","12683","9987","-1","-1","-1","6418","-1","-1","-1","-1","-1","-1","-1","-1","-1","-1","-1","-1","-1","-1","-1","-1","-1","17","20","7","-1","-1","-1","0","-1","-1","-1","-1","-1","-1","-1","-1","-1","-1","-1","-1","-1","-1","-1","-1","-1"
"222","1","11","1","0","3661","6123","6124","-1","-1","0","6948","0","-1","-1","-1","-1","-1","-1","-1","-1","-1","-1","-1","-1","-1","-1","-1","-1","18530","12683","9987","-1","-1","-1","6418","-1","-1","-1","-1","-1","-1","-1","-1","-1","-1","-1","-1","-1","-1","-1","-1","-1","17","20","7","-1","-1","-1","0","-1","-1","-1","-1","-1","-1","-1","-1","-1","-1","-1","-1","-1","-1","-1","-1","-1"
"223","9","1","0","0","49528","49524","49527","6948","2361","-1","-1","49529","-1","-1","-1","-1","-1","-1","-1","-1","-1","-1","-1","-1","-1","-1","-1","-1","69183","69181","69185","6418","8688","-1","-1","69182","-1","-1","-1","-1","-1","-1","-1","-1","-1","-1","-1","-1","-1","-1","-1","-1","7","5","8","-1","17","-1","-1","10","-1","-1","-1","-1","-1","-1","-1","-1","-1","-1","-1","-1","-1","-1","-1","-1"
"224","9","1","1","0","49528","49524","49527","6948","2361","-1","-1","49529","-1","-1","-1","-1","-1","-1","-1","-1","-1","-1","-1","-1","-1","-1","-1","-1","69183","69181","69185","6418","8688","-1","-1","69182","-1","-1","-1","-1","-1","-1","-1","-1","-1","-1","-1","-1","-1","-1","-1","-1","7","5","8","-1","17","-1","-1","10","-1","-1","-1","-1","-1","-1","-1","-1","-1","-1","-1","-1","-1","-1","-1","-1"
"225","9","3","0","0","49502","49503","49504","-1","-1","6948","2102","2508","2516","-1","52532","-1","-1","-1","-1","-1","-1","-1","-1","-1","-1","-1","-1","-1","62614","69187","62617","-1","-1","6418","-1","2409","-1","-1","65743","-1","-1","-1","-1","-1","-1","-1","-1","-1","-1","-1","-1","-1","5","7","8","-1","-1","-1","18","26","24","-1","17","-1","-1","-1","-1","-1","-1","-1","-1","-1","-1","-1","-1","-1"
"226","9","3","1","0","49502","49503","49504","-1","-1","6948","2102","2508","2516","-1","52532","-1","-1","-1","-1","-1","-1","-1","-1","-1","-1","-1","-1","-1","62614","69187","62617","-1","-1","6418","-1","2409","-1","-1","-1","-1","-1","-1","-1","-1","-1","-1","-1","-1","-1","-1","-1","-1","5","7","8","-1","-1","-1","18","26","24","-1","17","-1","-1","-1","-1","-1","-1","-1","-1","-1","-1","-1","-1","-1"
"227","9","4","0","0","49514","49515","49516","28979","36","-1","6948","50055","-1","-1","-1","-1","-1","-1","-1","-1","-1","-1","-1","-1","-1","-1","-1","-1","65799","69188","65798","40187","5194","-1","6418","2704","-1","-1","-1","-1","-1","-1","-1","-1","-1","-1","-1","-1","-1","-1","-1","-1","5","7","8","25","21","-1","-1","22","-1","-1","-1","-1","-1","-1","-1","-1","-1","-1","-1","-1","-1","-1","-1","-1"
"228","9","4","1","0","49514","49515","49516","28979","36","-1","6948","50055","-1","-1","-1","-1","-1","-1","-1","-1","-1","-1","-1","-1","-1","-1","-1","-1","65799","69188","65798","40187","5194","-1","6418","2704","-1","-1","-1","-1","-1","-1","-1","-1","-1","-1","-1","-1","-1","-1","-1","-1","5","7","8","25","21","-1","-1","22","-1","-1","-1","-1","-1","-1","-1","-1","-1","-1","-1","-1","-1","-1","-1","-1"
"229","9","5","0","0","35","-1","-1","49510","-1","49512","6948","-1","49531","-1","-1","-1","-1","-1","-1","-1","-1","-1","-1","-1","-1","-1","-1","-1","472","-1","-1","65789","-1","62598","6418","-1","6318","-1","-1","-1","-1","-1","-1","-1","-1","-1","-1","-1","-1","-1","-1","-1","17","-1","-1","20","-1","7","-1","-1","8","-1","-1","-1","-1","-1","-1","-1","-1","-1","-1","-1","-1","-1","-1","-1"
"230","9","5","1","0","35","-1","-1","49510","-1","49512","6948","-1","49531","-1","-1","-1","-1","-1","-1","-1","-1","-1","-1","-1","-1","-1","-1","-1","472","-1","-1","65789","-1","62598","6418","-1","6318","-1","-1","-1","-1","-1","-1","-1","-1","-1","-1","-1","-1","-1","-1","-1","17","-1","-1","20","-1","7","-1","-1","8","-1","-1","-1","-1","-1","-1","-1","-1","-1","-1","-1","-1","-1","-1","-1"
"231","9","6","0","0","34652","34655","34659","34650","0","34653","34649","34651","34656","34648","34657","34658","38145","38145","38145","38145","38147","-1","41751","40582","-1","-1","-1","-1","51495","51501","49738","51494","-1","51500","51498","51497","51499","51496","6539","963","1282","1282","1282","1282","963","-1","36728","6418","-1","-1","-1","-1","1","3","16","5","-1","9","10","6","7","8","2","11","18","18","18","18","11","-1","0","0","-1","-1","-1","-1"
"232","9","6","1","0","34652","34655","34659","34650","0","34653","34649","34651","34656","34648","34657","34658","38145","38145","38145","38145","38147","-1","41751","40582","-1","-1","-1","-1","51495","51501","49738","51494","-1","51500","51498","51497","51499","51496","6539","963","1282","1282","1282","1282","963","-1","36728","6418","-1","-1","-1","-1","1","3","16","5","-1","9","10","6","7","8","2","11","18","18","18","18","11","-1","0","0","-1","-1","-1","-1"
"233","9","7","0","0","52550","52551","6948","52552","36","2362","-1","-1","-1","-1","-1","-1","-1","-1","-1","-1","-1","-1","-1","-1","-1","-1","-1","-1","65801","62573","6418","65800","5194","18730","-1","-1","-1","-1","-1","-1","-1","-1","-1","-1","-1","-1","-1","-1","-1","-1","-1","-1","5","7","-1","8","21","14","-1","-1","-1","-1","-1","-1","-1","-1","-1","-1","-1","-1","-1","-1","-1","-1","-1","-1"
"234","9","7","1","0","52550","52551","6948","52552","36","2362","-1","-1","-1","-1","-1","-1","-1","-1","-1","-1","-1","-1","-1","-1","-1","-1","-1","-1","65801","62573","6418","65800","5194","18730","-1","-1","-1","-1","-1","-1","-1","-1","-1","-1","-1","-1","-1","-1","-1","-1","-1","-1","5","7","-1","8","21","14","-1","-1","-1","-1","-1","-1","-1","-1","-1","-1","-1","-1","-1","-1","-1","-1","-1","-1"
"235","9","8","0","0","49505","49506","-1","49508","-1","-1","-1","6948","35","-1","-1","-1","-1","-1","-1","-1","-1","-1","-1","-1","-1","-1","-1","-1","62618","62621","-1","9929","-1","-1","-1","6418","472","-1","-1","-1","-1","-1","-1","-1","-1","-1","-1","-1","-1","-1","-1","-1","20","7","-1","8","-1","-1","-1","-1","17","-1","-1","-1","-1","-1","-1","-1","-1","-1","-1","-1","-1","-1","-1","-1"
"236","9","8","1","0","49505","49506","-1","49508","-1","-1","-1","6948","35","-1","-1","-1","-1","-1","-1","-1","-1","-1","-1","-1","-1","-1","-1","-1","62618","62621","-1","9929","-1","-1","-1","6418","472","-1","-1","-1","-1","-1","-1","-1","-1","-1","-1","-1","-1","-1","-1","-1","20","7","-1","8","-1","-1","-1","-1","17","-1","-1","-1","-1","-1","-1","-1","-1","-1","-1","-1","-1","-1","-1","-1"
"237","9","9","0","0","49520","49521","49522","35","6948","-1","-1","-1","-1","-1","-1","-1","-1","-1","-1","-1","-1","-1","-1","-1","-1","-1","-1","-1","65787","62621","4143","472","6418","-1","-1","-1","-1","-1","-1","-1","-1","-1","-1","-1","-1","-1","-1","-1","-1","-1","-1","-1","20","7","8","17","-1","-1","-1","-1","-1","-1","-1","-1","-1","-1","-1","-1","-1","-1","-1","-1","-1","-1","-1","-1"
"238","9","9","1","0","49520","49521","49522","35","6948","-1","-1","-1","-1","-1","-1","-1","-1","-1","-1","-1","-1","-1","-1","-1","-1","-1","-1","-1","65787","62621","4143","472","6418","-1","-1","-1","-1","-1","-1","-1","-1","-1","-1","-1","-1","-1","-1","-1","-1","-1","-1","-1","20","7","8","17","-1","-1","-1","-1","-1","-1","-1","-1","-1","-1","-1","-1","-1","-1","-1","-1","-1","-1","-1","-1"
"239","9","2","0","0","45","43","44","6948","2361","-1","-1","0","-1","-1","-1","-1","-1","-1","-1","-1","-1","-1","-1","-1","-1","-1","-1","-1","3265","9938","9937","6418","8690","-1","-1","-1","-1","-1","-1","-1","-1","-1","-1","-1","-1","-1","-1","-1","-1","-1","-1","-1","5","8","7","0","17","-1","-1","-1","-1","-1","-1","-1","-1","-1","-1","-1","-1","-1","-1","-1","-1","-1","-1","-1"
"240","9","2","1","0","45","43","44","6948","2361","-1","-1","0","-1","-1","-1","-1","-1","-1","-1","-1","-1","-1","-1","-1","-1","-1","-1","-1","3265","9938","9937","6418","8690","-1","-1","-1","-1","-1","-1","-1","-1","-1","-1","-1","-1","-1","-1","-1","-1","-1","-1","-1","5","8","7","0","17","-1","-1","-1","-1","-1","-1","-1","-1","-1","-1","-1","-1","-1","-1","-1","-1","-1","-1","-1"
"241","9","11","0","0","35","6139","6124","-1","0","-1","6948","0","-1","-1","-1","-1","-1","-1","-1","-1","-1","-1","-1","-1","-1","-1","-1","-1","472","12684","9987","-1","-1","-1","6418","-1","-1","-1","-1","-1","-1","-1","-1","-1","-1","-1","-1","-1","-1","-1","-1","-1","17","20","7","-1","-1","-1","0","-1","-1","-1","-1","-1","-1","-1","-1","-1","-1","-1","-1","-1","-1","-1","-1","-1"
"242","9","11","1","0","35","6139","6124","-1","0","-1","6948","0","-1","-1","-1","-1","-1","-1","-1","-1","-1","-1","-1","-1","-1","-1","-1","-1","472","12684","9987","-1","-1","-1","6418","-1","-1","-1","-1","-1","-1","-1","-1","-1","-1","-1","-1","-1","-1","-1","-1","-1","17","20","7","-1","-1","-1","0","-1","-1","-1","-1","-1","-1","-1","-1","-1","-1","-1","-1","-1","-1","-1","-1","-1"
"243","22","1","0","0","38","39","40","0","49778","-1","-1","6948","-1","-1","-1","-1","-1","-1","-1","-1","-1","-1","-1","-1","-1","-1","-1","-1","9891","9892","10141","-1","2380","-1","-1","6418","-1","-1","-1","-1","-1","-1","-1","-1","-1","-1","-1","-1","-1","-1","-1","-1","5","7","8","-1","17","-1","-1","0","-1","-1","-1","-1","-1","-1","-1","-1","-1","-1","-1","-1","-1","-1","-1","-1"
"244","22","1","1","0","38","39","40","0","49778","-1","-1","6948","-1","-1","-1","-1","-1","-1","-1","-1","-1","-1","-1","-1","-1","-1","-1","-1","9891","9892","10141","-1","2380","-1","-1","6418","-1","-1","-1","-1","-1","-1","-1","-1","-1","-1","-1","-1","-1","-1","-1","-1","5","7","8","-1","17","-1","-1","0","-1","-1","-1","-1","-1","-1","-1","-1","-1","-1","-1","-1","-1","-1","-1","-1"
"245","22","2","0","0","45","43","44","6948","2361","-1","-1","0","-1","-1","-1","-1","-1","-1","-1","-1","-1","-1","-1","-1","-1","-1","-1","-1","3265","9938","9937","6418","8690","-1","-1","-1","-1","-1","-1","-1","-1","-1","-1","-1","-1","-1","-1","-1","-1","-1","-1","-1","5","8","7","0","17","-1","-1","-1","-1","-1","-1","-1","-1","-1","-1","-1","-1","-1","-1","-1","-1","-1","-1","-1"
"246","22","2","1","0","45","43","44","6948","2361","-1","-1","0","-1","-1","-1","-1","-1","-1","-1","-1","-1","-1","-1","-1","-1","-1","-1","-1","3265","9938","9937","6418","8690","-1","-1","-1","-1","-1","-1","-1","-1","-1","-1","-1","-1","-1","-1","-1","-1","-1","-1","-1","5","8","7","0","17","-1","-1","-1","-1","-1","-1","-1","-1","-1","-1","-1","-1","-1","-1","-1","-1","-1","-1","-1"
"247","22","4","0","0","49","47","48","28979","2092","-1","50055","6948","-1","-1","-1","-1","-1","-1","-1","-1","-1","-1","-1","-1","-1","-1","-1","-1","9906","9915","9913","40187","6442","-1","6442","6418","-1","-1","-1","-1","-1","-1","-1","-1","-1","-1","-1","-1","-1","-1","-1","-1","5","8","7","25","13","-1","22","0","-1","-1","-1","-1","-1","-1","-1","-1","-1","-1","-1","-1","-1","-1","-1","-1"
"248","22","4","1","0","49","47","48","28979","2092","-1","50055","6948","-1","-1","-1","-1","-1","-1","-1","-1","-1","-1","-1","-1","-1","-1","-1","-1","9906","9915","9913","40187","6442","-1","6442","6418","-1","-1","-1","-1","-1","-1","-1","-1","-1","-1","-1","-1","-1","-1","-1","-1","5","8","7","25","13","-1","22","0","-1","-1","-1","-1","-1","-1","-1","-1","-1","-1","-1","-1","-1","-1","-1","-1"
"249","22","5","0","0","6098","52","53","51","35","-1","-1","0","6948","-1","-1","-1","-1","-1","-1","-1","-1","-1","-1","-1","-1","-1","-1","-1","12679","9945","9944","9946","472","-1","-1","-1","6418","-1","-1","-1","-1","-1","-1","-1","-1","-1","-1","-1","-1","-1","-1","-1","20","7","4","8","17","-1","-1","-1","0","-1","-1","-1","-1","-1","-1","-1","-1","-1","-1","-1","-1","-1","-1","-1"
"250","22","5","1","0","6098","52","53","51","35","-1","-1","0","6948","-1","-1","-1","-1","-1","-1","-1","-1","-1","-1","-1","-1","-1","-1","-1","12679","9945","9944","9946","472","-1","-1","-1","6418","-1","-1","-1","-1","-1","-1","-1","-1","-1","-1","-1","-1","-1","-1","-1","20","7","4","8","17","-1","-1","-1","0","-1","-1","-1","-1","-1","-1","-1","-1","-1","-1","-1","-1","-1","-1","-1"
"251","22","6","0","0","34652","34655","34659","34650","0","34653","34649","34651","34656","34648","34657","34658","38145","38145","38145","38145","38147","0","41751","40582","0","0","0","0","51495","51501","49738","51494","-1","51500","51498","51497","51499","51496","6539","963","1282","1282","1282","1282","963","-1","36728","6418","-1","-1","-1","-1","1","3","16","5","-1","9","10","6","7","8","2","11","18","18","18","18","11","-1","0","0","-1","-1","-1","-1"
"252","22","6","1","0","34652","34655","34659","34650","0","34653","34649","34651","34656","34648","34657","34658","38145","38145","38145","38145","38147","0","41751","40582","0","0","0","0","51495","51501","49738","51494","-1","51500","51498","51497","51499","51496","6539","963","1282","1282","1282","1282","963","-1","36728","6418","-1","-1","-1","-1","1","3","16","5","-1","9","10","6","7","8","2","11","18","18","18","18","11","-1","0","0","-1","-1","-1","-1"
"253","22","8","0","0","56","1395","55","35","6096","-1","-1","0","6948","-1","0","-1","-1","-1","-1","-1","-1","-1","-1","-1","-1","-1","-1","-1","12647","9924","9929","472","2163","-1","-1","-1","6418","-1","-1","-1","-1","-1","-1","-1","-1","-1","-1","-1","-1","-1","-1","-1","20","7","8","17","4","-1","-1","-1","0","-1","-1","-1","-1","-1","-1","-1","-1","-1","-1","-1","-1","-1","-1","-1"
"254","22","9","0","0","57","6097","1396","35","59","0","-1","-1","6948","-1","-1","-1","-1","-1","-1","-1","-1","-1","-1","-1","-1","-1","-1","-1","12645","2470","3260","472","3261","-1","-1","-1","6418","-1","-1","-1","-1","-1","-1","-1","-1","-1","-1","-1","-1","-1","-1","-1","20","4","7","17","8","-1","-1","-1","0","-1","-1","-1","-1","-1","-1","-1","-1","-1","-1","-1","-1","-1","-1","-1"
"255","22","8","1","0","56","1395","55","35","6096","-1","-1","0","6948","-1","0","-1","-1","-1","-1","-1","-1","-1","-1","-1","-1","-1","-1","-1","12647","9924","9929","472","2163","-1","-1","-1","6418","-1","-1","-1","-1","-1","-1","-1","-1","-1","-1","-1","-1","-1","-1","-1","20","7","8","17","4","-1","-1","-1","0","-1","-1","-1","-1","-1","-1","-1","-1","-1","-1","-1","-1","-1","-1","-1"
"256","22","9","1","0","57","6097","1396","35","59","0","-1","-1","6948","-1","-1","-1","-1","-1","-1","-1","-1","-1","-1","-1","-1","-1","-1","-1","12645","2470","3260","472","3261","-1","-1","-1","6418","-1","-1","-1","-1","-1","-1","-1","-1","-1","-1","-1","-1","-1","-1","-1","20","4","7","17","8","-1","-1","-1","0","-1","-1","-1","-1","-1","-1","-1","-1","-1","-1","-1","-1","-1","-1","-1"
"257","22","3","0","0","148","147","129","0","12282","-1","2102","2508","2516","-1","6948","-1","-1","-1","-1","-1","-1","-1","-1","-1","-1","-1","-1","-1","9976","9975","9977","-1","22291","-1","1816","6606","5998","-1","6418","-1","-1","-1","-1","-1","-1","-1","-1","-1","-1","-1","-1","-1","5","7","8","-1","17","-1","18","26","24","-1","0","-1","-1","-1","-1","-1","-1","-1","-1","-1","-1","-1","-1","-1"
"258","22","3","1","0","148","147","129","0","12282","-1","2102","2508","2516","-1","6948","-1","-1","-1","-1","-1","-1","-1","-1","-1","-1","-1","-1","-1","9976","9975","9977","-1","22291","-1","1816","6606","5998","-1","6418","-1","-1","-1","-1","-1","-1","-1","-1","-1","-1","-1","-1","-1","5","7","8","-1","17","-1","18","26","24","-1","0","-1","-1","-1","-1","-1","-1","-1","-1","-1","-1","-1","-1","-1"
"259","22","7","0","0","154","153","6948","0","36","-1","-1","2362","-1","-1","-1","-1","-1","-1","-1","-1","-1","-1","-1","-1","-1","-1","-1","-1","10058","10050","6418","-1","5194","-1","-1","18730","-1","-1","-1","-1","-1","-1","-1","-1","-1","-1","-1","-1","-1","-1","-1","-1","5","7","0","-1","21","-1","-1","14","-1","-1","-1","-1","-1","-1","-1","-1","-1","-1","-1","-1","-1","-1","-1","-1"
"260","22","7","1","0","154","153","6948","0","36","-1","-1","2362","-1","-1","-1","-1","-1","-1","-1","-1","-1","-1","-1","-1","-1","-1","-1","-1","10058","10050","6418","-1","5194","-1","-1","18730","-1","-1","-1","-1","-1","-1","-1","-1","-1","-1","-1","-1","-1","-1","-1","-1","5","7","0","-1","21","-1","-1","14","-1","-1","-1","-1","-1","-1","-1","-1","-1","-1","-1","-1","-1","-1","-1","-1"
"261","22","11","0","0","3661","6123","6124","-1","-1","0","6948","0","-1","-1","-1","-1","-1","-1","-1","-1","-1","-1","-1","-1","-1","-1","-1","-1","18530","12683","9987","-1","-1","-1","6418","-1","-1","-1","-1","-1","-1","-1","-1","-1","-1","-1","-1","-1","-1","-1","-1","-1","17","20","7","-1","-1","-1","0","-1","-1","-1","-1","-1","-1","-1","-1","-1","-1","-1","-1","-1","-1","-1","-1","-1"
"262","22","11","1","0","3661","6123","6124","-1","-1","0","6948","0","-1","-1","-1","-1","-1","-1","-1","-1","-1","-1","-1","-1","-1","-1","-1","-1","18530","12683","9987","-1","-1","-1","6418","-1","-1","-1","-1","-1","-1","-1","-1","-1","-1","-1","-1","-1","-1","-1","-1","-1","17","20","7","-1","-1","-1","0","-1","-1","-1","-1","-1","-1","-1","-1","-1","-1","-1","-1","-1","-1","-1","-1","-1"
"263","23","1","0","0","6125","139","140","6948","12282","0","-1","0","-1","-1","-1","-1","-1","-1","-1","-1","-1","-1","-1","-1","-1","-1","-1","-1","9995","9988","9992","6418","22291","-1","-1","-1","-1","-1","-1","-1","-1","-1","-1","-1","-1","-1","-1","-1","-1","-1","-1","-1","5","7","8","0","17","-1","-1","-1","-1","-1","-1","-1","-1","-1","-1","-1","-1","-1","-1","-1","-1","-1","-1","-1"
"264","23","1","1","0","6125","139","140","6948","12282","0","-1","0","-1","-1","-1","-1","-1","-1","-1","-1","-1","-1","-1","-1","-1","-1","-1","-1","9995","9988","9992","6418","22291","-1","-1","-1","-1","-1","-1","-1","-1","-1","-1","-1","-1","-1","-1","-1","-1","-1","-1","-1","5","7","8","0","17","-1","-1","-1","-1","-1","-1","-1","-1","-1","-1","-1","-1","-1","-1","-1","-1","-1","-1","-1"
"265","23","3","0","0","127","6126","6127","-1","12282","6948","2101","2504","-1","2512","0","-1","-1","-1","-1","-1","-1","-1","-1","-1","-1","-1","-1","-1","9996","10002","10003","-1","22291","6418","21328","8106","-1","5996","-1","-1","-1","-1","-1","-1","-1","-1","-1","-1","-1","-1","-1","-1","5","7","8","-1","17","0","18","15","-1","24","-1","-1","-1","-1","-1","-1","-1","-1","-1","-1","-1","-1","-1","-1"
"266","23","3","1","0","127","6126","6127","-1","12282","6948","2101","2504","-1","2512","0","-1","-1","-1","-1","-1","-1","-1","-1","-1","-1","-1","-1","-1","9996","10002","10003","-1","22291","6418","21328","8106","-1","5996","-1","-1","-1","-1","-1","-1","-1","-1","-1","-1","-1","-1","-1","-1","5","7","8","-1","17","0","18","15","-1","24","-1","-1","-1","-1","-1","-1","-1","-1","-1","-1","-1","-1","-1","-1"
"267","23","4","0","0","2105","120","121","25861","2092","-1","50055","6948","-1","-1","-1","-1","-1","-1","-1","-1","-1","-1","-1","-1","-1","-1","-1","-1","10005","10006","10008","20777","6442","-1","6442","6418","-1","-1","-1","-1","-1","-1","-1","-1","-1","-1","-1","-1","-1","-1","-1","-1","5","7","8","25","13","-1","22","0","-1","-1","-1","-1","-1","-1","-1","-1","-1","-1","-1","-1","-1","-1","-1","-1"
"268","23","4","1","0","2105","120","121","25861","2092","-1","50055","6948","-1","-1","-1","-1","-1","-1","-1","-1","-1","-1","-1","-1","-1","-1","-1","-1","10005","10006","10008","20777","6442","-1","6442","6418","-1","-1","-1","-1","-1","-1","-1","-1","-1","-1","-1","-1","-1","-1","-1","-1","5","7","8","25","13","-1","22","0","-1","-1","-1","-1","-1","-1","-1","-1","-1","-1","-1","-1","-1","-1","-1","-1"
"269","23","6","0","0","34652","34655","34659","34650","0","34653","34649","34651","34656","34648","34657","34658","38145","38145","38145","38145","38147","-1","41751","40582","-1","-1","-1","-1","51495","51501","49738","51494","-1","51500","51498","51497","51499","51496","6539","963","1282","1282","1282","1282","963","-1","36728","6418","-1","-1","-1","-1","1","3","16","5","-1","9","10","6","7","8","2","11","18","18","18","18","11","-1","0","0","-1","-1","-1","-1"
"270","23","6","1","0","34652","34655","34659","34650","0","34653","34649","34651","34656","34648","34657","34658","38145","38145","38145","38145","38147","-1","41751","40582","-1","-1","-1","-1","51495","51501","49738","51494","-1","51500","51498","51497","51499","51496","6539","963","1282","1282","1282","1282","963","-1","36728","6418","-1","-1","-1","-1","1","3","16","5","-1","9","10","6","7","8","2","11","18","18","18","18","11","-1","0","0","-1","-1","-1","-1"
"271","23","7","0","0","154","153","6948","0","36","-1","-1","2362","-1","-1","-1","-1","-1","-1","-1","-1","-1","-1","-1","-1","-1","-1","-1","-1","10058","10050","6418","-1","5194","-1","-1","18730","-1","-1","-1","-1","-1","-1","-1","-1","-1","-1","-1","-1","-1","-1","-1","-1","5","7","0","-1","21","-1","-1","14","-1","-1","-1","-1","-1","-1","-1","-1","-1","-1","-1","-1","-1","-1","-1","-1"
"272","23","7","1","0","154","153","6948","0","36","-1","-1","2362","-1","-1","-1","-1","-1","-1","-1","-1","-1","-1","-1","-1","-1","-1","-1","-1","10058","10050","6418","-1","5194","-1","-1","18730","-1","-1","-1","-1","-1","-1","-1","-1","-1","-1","-1","-1","-1","-1","-1","-1","5","7","0","-1","21","-1","-1","14","-1","-1","-1","-1","-1","-1","-1","-1","-1","-1","-1","-1","-1","-1","-1","-1"
"273","23","9","0","0","6129","1396","59","35","6948","-1","-1","0","-1","-1","-1","-1","-1","-1","-1","-1","-1","-1","-1","-1","-1","-1","-1","-1","12646","3260","3261","472","6418","-1","-1","-1","-1","-1","-1","-1","-1","-1","-1","-1","-1","-1","-1","-1","-1","-1","-1","-1","20","7","8","17","0","-1","-1","-1","-1","-1","-1","-1","-1","-1","-1","-1","-1","-1","-1","-1","-1","-1","-1","-1"
"274","23","9","1","0","6129","1396","59","35","6948","-1","-1","0","-1","-1","-1","-1","-1","-1","-1","-1","-1","-1","-1","-1","-1","-1","-1","-1","12646","3260","3261","472","6418","-1","-1","-1","-1","-1","-1","-1","-1","-1","-1","-1","-1","-1","-1","-1","-1","-1","-1","-1","20","7","8","17","0","-1","-1","-1","-1","-1","-1","-1","-1","-1","-1","-1","-1","-1","-1","-1","-1","-1","-1","-1"
"275","23","2","0","0","45","43","44","6948","2361","-1","-1","0","-1","-1","-1","-1","-1","-1","-1","-1","-1","-1","-1","-1","-1","-1","-1","-1","3265","9938","9937","6418","8690","-1","-1","-1","-1","-1","-1","-1","-1","-1","-1","-1","-1","-1","-1","-1","-1","-1","-1","-1","5","8","7","0","17","-1","-1","-1","-1","-1","-1","-1","-1","-1","-1","-1","-1","-1","-1","-1","-1","-1","-1","-1"
"276","23","2","1","0","45","43","44","6948","2361","-1","-1","0","-1","-1","-1","-1","-1","-1","-1","-1","-1","-1","-1","-1","-1","-1","-1","-1","3265","9938","9937","6418","8690","-1","-1","-1","-1","-1","-1","-1","-1","-1","-1","-1","-1","-1","-1","-1","-1","-1","-1","-1","5","8","7","0","17","-1","-1","-1","-1","-1","-1","-1","-1","-1","-1","-1","-1","-1","-1","-1","-1","-1","-1","-1"
"277","23","5","0","0","6144","53","52","35","-1","-1","51","0","6948","-1","-1","-1","-1","-1","-1","-1","-1","-1","-1","-1","-1","-1","-1","-1","12680","9944","9945","472","-1","-1","9946","-1","6418","-1","-1","-1","-1","-1","-1","-1","-1","-1","-1","-1","-1","-1","-1","-1","20","4","7","17","-1","-1","8","-1","0","-1","-1","-1","-1","-1","-1","-1","-1","-1","-1","-1","-1","-1","-1","-1"
"278","23","5","1","0","6144","53","52","35","-1","-1","51","0","6948","-1","-1","-1","-1","-1","-1","-1","-1","-1","-1","-1","-1","-1","-1","-1","12680","9944","9945","472","-1","-1","9946","-1","6418","-1","-1","-1","-1","-1","-1","-1","-1","-1","-1","-1","-1","-1","-1","-1","20","4","7","17","-1","-1","8","-1","0","-1","-1","-1","-1","-1","-1","-1","-1","-1","-1","-1","-1","-1","-1","-1"
"279","23","8","0","0","6140","1395","6096","55","35","-1","-1","0","6948","0","0","0","-1","-1","-1","-1","-1","-1","-1","-1","-1","-1","-1","-1","12649","9924","2163","9929","472","-1","-1","-1","6418","-1","-1","-1","-1","-1","-1","-1","-1","-1","-1","-1","-1","-1","-1","-1","20","7","4","8","17","-1","-1","-1","0","-1","-1","-1","-1","-1","-1","-1","-1","-1","-1","-1","-1","-1","-1","-1"
"280","23","8","1","0","6140","1395","6096","55","35","-1","-1","0","6948","0","0","0","-1","-1","-1","-1","-1","-1","-1","-1","-1","-1","-1","-1","12649","9924","2163","9929","472","-1","-1","-1","6418","-1","-1","-1","-1","-1","-1","-1","-1","-1","-1","-1","-1","-1","-1","-1","20","7","4","8","17","-1","-1","-1","0","-1","-1","-1","-1","-1","-1","-1","-1","-1","-1","-1","-1","-1","-1","-1"
"281","23","11","0","0","35","6139","6124","-1","0","-1","6948","0","-1","-1","-1","-1","-1","-1","-1","-1","-1","-1","-1","-1","-1","-1","-1","-1","472","12684","9987","-1","-1","-1","6418","-1","-1","-1","-1","-1","-1","-1","-1","-1","-1","-1","-1","-1","-1","-1","-1","-1","17","20","7","-1","-1","-1","0","-1","-1","-1","-1","-1","-1","-1","-1","-1","-1","-1","-1","-1","-1","-1","-1","-1"
"282","23","11","1","0","35","6139","6124","-1","0","-1","6948","0","-1","-1","-1","-1","-1","-1","-1","-1","-1","-1","-1","-1","-1","-1","-1","-1","472","12684","9987","-1","-1","-1","6418","-1","-1","-1","-1","-1","-1","-1","-1","-1","-1","-1","-1","-1","-1","-1","-1","-1","17","20","7","-1","-1","-1","0","-1","-1","-1","-1","-1","-1","-1","-1","-1","-1","-1","-1","-1","-1","-1","-1","-1"
"283","24","1","0","0","6125","139","140","6948","12282","0","-1","0","-1","-1","-1","-1","-1","-1","-1","-1","-1","-1","-1","-1","-1","-1","-1","-1","9995","9988","9992","6418","22291","-1","-1","-1","-1","-1","-1","-1","-1","-1","-1","-1","-1","-1","-1","-1","-1","-1","-1","-1","5","7","8","0","17","-1","-1","-1","-1","-1","-1","-1","-1","-1","-1","-1","-1","-1","-1","-1","-1","-1","-1","-1"
"284","24","1","1","0","6125","139","140","6948","12282","0","-1","0","-1","-1","-1","-1","-1","-1","-1","-1","-1","-1","-1","-1","-1","-1","-1","-1","9995","9988","9992","6418","22291","-1","-1","-1","-1","-1","-1","-1","-1","-1","-1","-1","-1","-1","-1","-1","-1","-1","-1","-1","5","7","8","0","17","-1","-1","-1","-1","-1","-1","-1","-1","-1","-1","-1","-1","-1","-1","-1","-1","-1","-1","-1"
"285","24","3","0","0","127","6126","6127","-1","12282","6948","2101","2504","-1","2512","0","-1","-1","-1","-1","-1","-1","-1","-1","-1","-1","-1","-1","-1","9996","10002","10003","-1","22291","6418","21328","8106","-1","5996","-1","-1","-1","-1","-1","-1","-1","-1","-1","-1","-1","-1","-1","-1","5","7","8","-1","17","0","18","15","-1","24","-1","-1","-1","-1","-1","-1","-1","-1","-1","-1","-1","-1","-1","-1"
"286","24","3","1","0","127","6126","6127","-1","12282","6948","2101","2504","-1","2512","0","-1","-1","-1","-1","-1","-1","-1","-1","-1","-1","-1","-1","-1","9996","10002","10003","-1","22291","6418","21328","8106","-1","5996","-1","-1","-1","-1","-1","-1","-1","-1","-1","-1","-1","-1","-1","-1","5","7","8","-1","17","0","18","15","-1","24","-1","-1","-1","-1","-1","-1","-1","-1","-1","-1","-1","-1","-1","-1"
"287","24","4","0","0","2105","120","121","25861","2092","-1","50055","6948","-1","-1","-1","-1","-1","-1","-1","-1","-1","-1","-1","-1","-1","-1","-1","-1","10005","10006","10008","20777","6442","-1","6442","6418","-1","-1","-1","-1","-1","-1","-1","-1","-1","-1","-1","-1","-1","-1","-1","-1","5","7","8","25","13","-1","22","0","-1","-1","-1","-1","-1","-1","-1","-1","-1","-1","-1","-1","-1","-1","-1","-1"
"288","24","4","1","0","2105","120","121","25861","2092","-1","50055","6948","-1","-1","-1","-1","-1","-1","-1","-1","-1","-1","-1","-1","-1","-1","-1","-1","10005","10006","10008","20777","6442","-1","6442","6418","-1","-1","-1","-1","-1","-1","-1","-1","-1","-1","-1","-1","-1","-1","-1","-1","5","7","8","25","13","-1","22","0","-1","-1","-1","-1","-1","-1","-1","-1","-1","-1","-1","-1","-1","-1","-1","-1"
"289","24","6","0","0","34652","34655","34659","34650","0","34653","34649","34651","34656","34648","34657","34658","38145","38145","38145","38145","38147","-1","41751","40582","-1","-1","-1","-1","51495","51501","49738","51494","-1","51500","51498","51497","51499","51496","6539","963","1282","1282","1282","1282","963","-1","36728","6418","-1","-1","-1","-1","1","3","16","5","-1","9","10","6","7","8","2","11","18","18","18","18","11","-1","0","0","-1","-1","-1","-1"
"290","24","6","1","0","34652","34655","34659","34650","0","34653","34649","34651","34656","34648","34657","34658","38145","38145","38145","38145","38147","-1","41751","40582","-1","-1","-1","-1","51495","51501","49738","51494","-1","51500","51498","51497","51499","51496","6539","963","1282","1282","1282","1282","963","-1","36728","6418","-1","-1","-1","-1","1","3","16","5","-1","9","10","6","7","8","2","11","18","18","18","18","11","-1","0","0","-1","-1","-1","-1"
"291","24","7","0","0","154","153","6948","0","36","-1","-1","2362","-1","-1","-1","-1","-1","-1","-1","-1","-1","-1","-1","-1","-1","-1","-1","-1","10058","10050","6418","-1","5194","-1","-1","18730","-1","-1","-1","-1","-1","-1","-1","-1","-1","-1","-1","-1","-1","-1","-1","-1","5","7","0","-1","21","-1","-1","14","-1","-1","-1","-1","-1","-1","-1","-1","-1","-1","-1","-1","-1","-1","-1","-1"
"292","24","7","1","0","154","153","6948","0","36","-1","-1","2362","-1","-1","-1","-1","-1","-1","-1","-1","-1","-1","-1","-1","-1","-1","-1","-1","10058","10050","6418","-1","5194","-1","-1","18730","-1","-1","-1","-1","-1","-1","-1","-1","-1","-1","-1","-1","-1","-1","-1","-1","5","7","0","-1","21","-1","-1","14","-1","-1","-1","-1","-1","-1","-1","-1","-1","-1","-1","-1","-1","-1","-1","-1"
"293","24","9","0","0","6129","1396","59","35","6948","-1","-1","0","-1","-1","-1","-1","-1","-1","-1","-1","-1","-1","-1","-1","-1","-1","-1","-1","12646","3260","3261","472","6418","-1","-1","-1","-1","-1","-1","-1","-1","-1","-1","-1","-1","-1","-1","-1","-1","-1","-1","-1","20","7","8","17","0","-1","-1","-1","-1","-1","-1","-1","-1","-1","-1","-1","-1","-1","-1","-1","-1","-1","-1","-1"
"294","24","9","1","0","6129","1396","59","35","6948","-1","-1","0","-1","-1","-1","-1","-1","-1","-1","-1","-1","-1","-1","-1","-1","-1","-1","-1","12646","3260","3261","472","6418","-1","-1","-1","-1","-1","-1","-1","-1","-1","-1","-1","-1","-1","-1","-1","-1","-1","-1","-1","20","7","8","17","0","-1","-1","-1","-1","-1","-1","-1","-1","-1","-1","-1","-1","-1","-1","-1","-1","-1","-1","-1"
"295","24","2","0","0","45","43","44","6948","2361","-1","-1","0","-1","-1","-1","-1","-1","-1","-1","-1","-1","-1","-1","-1","-1","-1","-1","-1","3265","9938","9937","6418","8690","-1","-1","-1","-1","-1","-1","-1","-1","-1","-1","-1","-1","-1","-1","-1","-1","-1","-1","-1","5","8","7","0","17","-1","-1","-1","-1","-1","-1","-1","-1","-1","-1","-1","-1","-1","-1","-1","-1","-1","-1","-1"
"296","24","2","1","0","45","43","44","6948","2361","-1","-1","0","-1","-1","-1","-1","-1","-1","-1","-1","-1","-1","-1","-1","-1","-1","-1","-1","3265","9938","9937","6418","8690","-1","-1","-1","-1","-1","-1","-1","-1","-1","-1","-1","-1","-1","-1","-1","-1","-1","-1","-1","5","8","7","0","17","-1","-1","-1","-1","-1","-1","-1","-1","-1","-1","-1","-1","-1","-1","-1","-1","-1","-1","-1"
"297","24","5","0","0","6144","53","52","35","-1","-1","51","0","6948","-1","-1","-1","-1","-1","-1","-1","-1","-1","-1","-1","-1","-1","-1","-1","12680","9944","9945","472","-1","-1","9946","-1","6418","-1","-1","-1","-1","-1","-1","-1","-1","-1","-1","-1","-1","-1","-1","-1","20","4","7","17","-1","-1","8","-1","0","-1","-1","-1","-1","-1","-1","-1","-1","-1","-1","-1","-1","-1","-1","-1"
"298","24","5","1","0","6144","53","52","35","-1","-1","51","0","6948","-1","-1","-1","-1","-1","-1","-1","-1","-1","-1","-1","-1","-1","-1","-1","12680","9944","9945","472","-1","-1","9946","-1","6418","-1","-1","-1","-1","-1","-1","-1","-1","-1","-1","-1","-1","-1","-1","-1","20","4","7","17","-1","-1","8","-1","0","-1","-1","-1","-1","-1","-1","-1","-1","-1","-1","-1","-1","-1","-1","-1"
"299","24","8","0","0","6140","1395","6096","55","35","-1","-1","0","6948","0","0","0","-1","-1","-1","-1","-1","-1","-1","-1","-1","-1","-1","-1","12649","9924","2163","9929","472","-1","-1","-1","6418","-1","-1","-1","-1","-1","-1","-1","-1","-1","-1","-1","-1","-1","-1","-1","20","7","4","8","17","-1","-1","-1","0","-1","-1","-1","-1","-1","-1","-1","-1","-1","-1","-1","-1","-1","-1","-1"
"300","24","8","1","0","6140","1395","6096","55","35","-1","-1","0","6948","0","0","0","-1","-1","-1","-1","-1","-1","-1","-1","-1","-1","-1","-1","12649","9924","2163","9929","472","-1","-1","-1","6418","-1","-1","-1","-1","-1","-1","-1","-1","-1","-1","-1","-1","-1","-1","-1","20","7","4","8","17","-1","-1","-1","0","-1","-1","-1","-1","-1","-1","-1","-1","-1","-1","-1","-1","-1","-1","-1"
"301","24","11","0","0","35","6139","6124","-1","0","-1","6948","0","-1","-1","-1","-1","-1","-1","-1","-1","-1","-1","-1","-1","-1","-1","-1","-1","472","12684","9987","-1","-1","-1","6418","-1","-1","-1","-1","-1","-1","-1","-1","-1","-1","-1","-1","-1","-1","-1","-1","-1","17","20","7","-1","-1","-1","0","-1","-1","-1","-1","-1","-1","-1","-1","-1","-1","-1","-1","-1","-1","-1","-1","-1"
"302","24","11","1","0","35","6139","6124","-1","0","-1","6948","0","-1","-1","-1","-1","-1","-1","-1","-1","-1","-1","-1","-1","-1","-1","-1","-1","472","12684","9987","-1","-1","-1","6418","-1","-1","-1","-1","-1","-1","-1","-1","-1","-1","-1","-1","-1","-1","-1","-1","-1","17","20","7","-1","-1","-1","0","-1","-1","-1","-1","-1","-1","-1","-1","-1","-1","-1","-1","-1","-1","-1","-1","-1"
"303","25","1","0","0","6125","139","140","6948","12282","0","-1","0","-1","-1","-1","-1","-1","-1","-1","-1","-1","-1","-1","-1","-1","-1","-1","-1","9995","9988","9992","6418","22291","-1","-1","-1","-1","-1","-1","-1","-1","-1","-1","-1","-1","-1","-1","-1","-1","-1","-1","-1","5","7","8","0","17","-1","-1","-1","-1","-1","-1","-1","-1","-1","-1","-1","-1","-1","-1","-1","-1","-1","-1","-1"
"304","25","1","1","0","6125","139","140","6948","12282","0","-1","0","-1","-1","-1","-1","-1","-1","-1","-1","-1","-1","-1","-1","-1","-1","-1","-1","9995","9988","9992","6418","22291","-1","-1","-1","-1","-1","-1","-1","-1","-1","-1","-1","-1","-1","-1","-1","-1","-1","-1","-1","5","7","8","0","17","-1","-1","-1","-1","-1","-1","-1","-1","-1","-1","-1","-1","-1","-1","-1","-1","-1","-1","-1"
"305","25","3","0","0","127","6126","6127","-1","12282","6948","2101","2504","-1","2512","0","-1","-1","-1","-1","-1","-1","-1","-1","-1","-1","-1","-1","-1","9996","10002","10003","-1","22291","6418","21328","8106","-1","5996","-1","-1","-1","-1","-1","-1","-1","-1","-1","-1","-1","-1","-1","-1","5","7","8","-1","17","0","18","15","-1","24","-1","-1","-1","-1","-1","-1","-1","-1","-1","-1","-1","-1","-1","-1"
"306","25","3","1","0","127","6126","6127","-1","12282","6948","2101","2504","-1","2512","0","-1","-1","-1","-1","-1","-1","-1","-1","-1","-1","-1","-1","-1","9996","10002","10003","-1","22291","6418","21328","8106","-1","5996","-1","-1","-1","-1","-1","-1","-1","-1","-1","-1","-1","-1","-1","-1","5","7","8","-1","17","0","18","15","-1","24","-1","-1","-1","-1","-1","-1","-1","-1","-1","-1","-1","-1","-1","-1"
"307","25","4","0","0","2105","120","121","25861","2092","-1","50055","6948","-1","-1","-1","-1","-1","-1","-1","-1","-1","-1","-1","-1","-1","-1","-1","-1","10005","10006","10008","20777","6442","-1","6442","6418","-1","-1","-1","-1","-1","-1","-1","-1","-1","-1","-1","-1","-1","-1","-1","-1","5","7","8","25","13","-1","22","0","-1","-1","-1","-1","-1","-1","-1","-1","-1","-1","-1","-1","-1","-1","-1","-1"
"308","25","4","1","0","2105","120","121","25861","2092","-1","50055","6948","-1","-1","-1","-1","-1","-1","-1","-1","-1","-1","-1","-1","-1","-1","-1","-1","10005","10006","10008","20777","6442","-1","6442","6418","-1","-1","-1","-1","-1","-1","-1","-1","-1","-1","-1","-1","-1","-1","-1","-1","5","7","8","25","13","-1","22","0","-1","-1","-1","-1","-1","-1","-1","-1","-1","-1","-1","-1","-1","-1","-1","-1"
"309","25","6","0","0","34652","34655","34659","34650","0","34653","34649","34651","34656","34648","34657","34658","38145","38145","38145","38145","38147","-1","41751","40582","-1","-1","-1","-1","51495","51501","49738","51494","-1","51500","51498","51497","51499","51496","6539","963","1282","1282","1282","1282","963","-1","36728","6418","-1","-1","-1","-1","1","3","16","5","-1","9","10","6","7","8","2","11","18","18","18","18","11","-1","0","0","-1","-1","-1","-1"
"310","25","6","1","0","34652","34655","34659","34650","0","34653","34649","34651","34656","34648","34657","34658","38145","38145","38145","38145","38147","-1","41751","40582","-1","-1","-1","-1","51495","51501","49738","51494","-1","51500","51498","51497","51499","51496","6539","963","1282","1282","1282","1282","963","-1","36728","6418","-1","-1","-1","-1","1","3","16","5","-1","9","10","6","7","8","2","11","18","18","18","18","11","-1","0","0","-1","-1","-1","-1"
"311","25","7","0","0","154","153","6948","0","36","-1","-1","2362","-1","-1","-1","-1","-1","-1","-1","-1","-1","-1","-1","-1","-1","-1","-1","-1","10058","10050","6418","-1","5194","-1","-1","18730","-1","-1","-1","-1","-1","-1","-1","-1","-1","-1","-1","-1","-1","-1","-1","-1","5","7","0","-1","21","-1","-1","14","-1","-1","-1","-1","-1","-1","-1","-1","-1","-1","-1","-1","-1","-1","-1","-1"
"312","25","7","1","0","154","153","6948","0","36","-1","-1","2362","-1","-1","-1","-1","-1","-1","-1","-1","-1","-1","-1","-1","-1","-1","-1","-1","10058","10050","6418","-1","5194","-1","-1","18730","-1","-1","-1","-1","-1","-1","-1","-1","-1","-1","-1","-1","-1","-1","-1","-1","5","7","0","-1","21","-1","-1","14","-1","-1","-1","-1","-1","-1","-1","-1","-1","-1","-1","-1","-1","-1","-1","-1"
"313","25","9","0","0","6129","1396","59","35","6948","-1","-1","0","-1","-1","-1","-1","-1","-1","-1","-1","-1","-1","-1","-1","-1","-1","-1","-1","12646","3260","3261","472","6418","-1","-1","-1","-1","-1","-1","-1","-1","-1","-1","-1","-1","-1","-1","-1","-1","-1","-1","-1","20","7","8","17","0","-1","-1","-1","-1","-1","-1","-1","-1","-1","-1","-1","-1","-1","-1","-1","-1","-1","-1","-1"
"314","25","9","1","0","6129","1396","59","35","6948","-1","-1","0","-1","-1","-1","-1","-1","-1","-1","-1","-1","-1","-1","-1","-1","-1","-1","-1","12646","3260","3261","472","6418","-1","-1","-1","-1","-1","-1","-1","-1","-1","-1","-1","-1","-1","-1","-1","-1","-1","-1","-1","20","7","8","17","0","-1","-1","-1","-1","-1","-1","-1","-1","-1","-1","-1","-1","-1","-1","-1","-1","-1","-1","-1"
"315","25","2","0","0","45","43","44","6948","2361","-1","-1","0","-1","-1","-1","-1","-1","-1","-1","-1","-1","-1","-1","-1","-1","-1","-1","-1","3265","9938","9937","6418","8690","-1","-1","-1","-1","-1","-1","-1","-1","-1","-1","-1","-1","-1","-1","-1","-1","-1","-1","-1","5","8","7","0","17","-1","-1","-1","-1","-1","-1","-1","-1","-1","-1","-1","-1","-1","-1","-1","-1","-1","-1","-1"
"316","25","2","1","0","45","43","44","6948","2361","-1","-1","0","-1","-1","-1","-1","-1","-1","-1","-1","-1","-1","-1","-1","-1","-1","-1","-1","3265","9938","9937","6418","8690","-1","-1","-1","-1","-1","-1","-1","-1","-1","-1","-1","-1","-1","-1","-1","-1","-1","-1","-1","5","8","7","0","17","-1","-1","-1","-1","-1","-1","-1","-1","-1","-1","-1","-1","-1","-1","-1","-1","-1","-1","-1"
"317","25","5","0","0","6144","53","52","35","-1","-1","51","0","6948","-1","-1","-1","-1","-1","-1","-1","-1","-1","-1","-1","-1","-1","-1","-1","12680","9944","9945","472","-1","-1","9946","-1","6418","-1","-1","-1","-1","-1","-1","-1","-1","-1","-1","-1","-1","-1","-1","-1","20","4","7","17","-1","-1","8","-1","0","-1","-1","-1","-1","-1","-1","-1","-1","-1","-1","-1","-1","-1","-1","-1"
"318","25","5","1","0","6144","53","52","35","-1","-1","51","0","6948","-1","-1","-1","-1","-1","-1","-1","-1","-1","-1","-1","-1","-1","-1","-1","12680","9944","9945","472","-1","-1","9946","-1","6418","-1","-1","-1","-1","-1","-1","-1","-1","-1","-1","-1","-1","-1","-1","-1","20","4","7","17","-1","-1","8","-1","0","-1","-1","-1","-1","-1","-1","-1","-1","-1","-1","-1","-1","-1","-1","-1"
"319","25","8","0","0","6140","1395","6096","55","35","-1","-1","0","6948","0","0","0","-1","-1","-1","-1","-1","-1","-1","-1","-1","-1","-1","-1","12649","9924","2163","9929","472","-1","-1","-1","6418","-1","-1","-1","-1","-1","-1","-1","-1","-1","-1","-1","-1","-1","-1","-1","20","7","4","8","17","-1","-1","-1","0","-1","-1","-1","-1","-1","-1","-1","-1","-1","-1","-1","-1","-1","-1","-1"
"320","25","8","1","0","6140","1395","6096","55","35","-1","-1","0","6948","0","0","0","-1","-1","-1","-1","-1","-1","-1","-1","-1","-1","-1","-1","12649","9924","2163","9929","472","-1","-1","-1","6418","-1","-1","-1","-1","-1","-1","-1","-1","-1","-1","-1","-1","-1","-1","-1","20","7","4","8","17","-1","-1","-1","0","-1","-1","-1","-1","-1","-1","-1","-1","-1","-1","-1","-1","-1","-1","-1"
"321","25","11","0","0","35","6139","6124","-1","0","-1","6948","0","-1","-1","-1","-1","-1","-1","-1","-1","-1","-1","-1","-1","-1","-1","-1","-1","472","12684","9987","-1","-1","-1","6418","-1","-1","-1","-1","-1","-1","-1","-1","-1","-1","-1","-1","-1","-1","-1","-1","-1","17","20","7","-1","-1","-1","0","-1","-1","-1","-1","-1","-1","-1","-1","-1","-1","-1","-1","-1","-1","-1","-1","-1"
"322","25","11","1","0","35","6139","6124","-1","0","-1","6948","0","-1","-1","-1","-1","-1","-1","-1","-1","-1","-1","-1","-1","-1","-1","-1","-1","472","12684","9987","-1","-1","-1","6418","-1","-1","-1","-1","-1","-1","-1","-1","-1","-1","-1","-1","-1","-1","-1","-1","-1","17","20","7","-1","-1","-1","0","-1","-1","-1","-1","-1","-1","-1","-1","-1","-1","-1","-1","-1","-1","-1","-1","-1"
"323","26","1","0","0","38","39","40","0","49778","-1","-1","6948","-1","-1","-1","-1","-1","-1","-1","-1","-1","-1","-1","-1","-1","-1","-1","-1","9891","9892","10141","-1","2380","-1","-1","6418","-1","-1","-1","-1","-1","-1","-1","-1","-1","-1","-1","-1","-1","-1","-1","-1","5","7","8","-1","17","-1","-1","0","-1","-1","-1","-1","-1","-1","-1","-1","-1","-1","-1","-1","-1","-1","-1","-1"
"324","26","1","1","0","38","39","40","0","49778","-1","-1","6948","-1","-1","-1","-1","-1","-1","-1","-1","-1","-1","-1","-1","-1","-1","-1","-1","9891","9892","10141","-1","2380","-1","-1","6418","-1","-1","-1","-1","-1","-1","-1","-1","-1","-1","-1","-1","-1","-1","-1","-1","5","7","8","-1","17","-1","-1","0","-1","-1","-1","-1","-1","-1","-1","-1","-1","-1","-1","-1","-1","-1","-1","-1"
"325","26","2","0","0","45","43","44","6948","2361","-1","-1","0","-1","-1","-1","-1","-1","-1","-1","-1","-1","-1","-1","-1","-1","-1","-1","-1","3265","9938","9937","6418","8690","-1","-1","-1","-1","-1","-1","-1","-1","-1","-1","-1","-1","-1","-1","-1","-1","-1","-1","-1","5","8","7","0","17","-1","-1","-1","-1","-1","-1","-1","-1","-1","-1","-1","-1","-1","-1","-1","-1","-1","-1","-1"
"326","26","2","1","0","45","43","44","6948","2361","-1","-1","0","-1","-1","-1","-1","-1","-1","-1","-1","-1","-1","-1","-1","-1","-1","-1","-1","3265","9938","9937","6418","8690","-1","-1","-1","-1","-1","-1","-1","-1","-1","-1","-1","-1","-1","-1","-1","-1","-1","-1","-1","5","8","7","0","17","-1","-1","-1","-1","-1","-1","-1","-1","-1","-1","-1","-1","-1","-1","-1","-1","-1","-1","-1"
"327","26","4","0","0","49","47","48","28979","2092","-1","50055","6948","-1","-1","-1","-1","-1","-1","-1","-1","-1","-1","-1","-1","-1","-1","-1","-1","9906","9915","9913","40187","6442","-1","6442","6418","-1","-1","-1","-1","-1","-1","-1","-1","-1","-1","-1","-1","-1","-1","-1","-1","5","8","7","25","13","-1","22","0","-1","-1","-1","-1","-1","-1","-1","-1","-1","-1","-1","-1","-1","-1","-1","-1"
"328","26","4","1","0","49","47","48","28979","2092","-1","50055","6948","-1","-1","-1","-1","-1","-1","-1","-1","-1","-1","-1","-1","-1","-1","-1","-1","9906","9915","9913","40187","6442","-1","6442","6418","-1","-1","-1","-1","-1","-1","-1","-1","-1","-1","-1","-1","-1","-1","-1","-1","5","8","7","25","13","-1","22","0","-1","-1","-1","-1","-1","-1","-1","-1","-1","-1","-1","-1","-1","-1","-1","-1"
"329","26","5","0","0","6098","52","53","51","35","-1","-1","0","6948","-1","-1","-1","-1","-1","-1","-1","-1","-1","-1","-1","-1","-1","-1","-1","12679","9945","9944","9946","472","-1","-1","-1","6418","-1","-1","-1","-1","-1","-1","-1","-1","-1","-1","-1","-1","-1","-1","-1","20","7","4","8","17","-1","-1","-1","0","-1","-1","-1","-1","-1","-1","-1","-1","-1","-1","-1","-1","-1","-1","-1"
"330","26","5","1","0","6098","52","53","51","35","-1","-1","0","6948","-1","-1","-1","-1","-1","-1","-1","-1","-1","-1","-1","-1","-1","-1","-1","12679","9945","9944","9946","472","-1","-1","-1","6418","-1","-1","-1","-1","-1","-1","-1","-1","-1","-1","-1","-1","-1","-1","-1","20","7","4","8","17","-1","-1","-1","0","-1","-1","-1","-1","-1","-1","-1","-1","-1","-1","-1","-1","-1","-1","-1"
"331","26","6","0","0","34652","34655","34659","34650","0","34653","34649","34651","34656","34648","34657","34658","38145","38145","38145","38145","38147","0","41751","40582","0","0","0","0","51495","51501","49738","51494","-1","51500","51498","51497","51499","51496","6539","963","1282","1282","1282","1282","963","-1","36728","6418","-1","-1","-1","-1","1","3","16","5","-1","9","10","6","7","8","2","11","18","18","18","18","11","-1","0","0","-1","-1","-1","-1"
"332","26","6","1","0","34652","34655","34659","34650","0","34653","34649","34651","34656","34648","34657","34658","38145","38145","38145","38145","38147","0","41751","40582","0","0","0","0","51495","51501","49738","51494","-1","51500","51498","51497","51499","51496","6539","963","1282","1282","1282","1282","963","-1","36728","6418","-1","-1","-1","-1","1","3","16","5","-1","9","10","6","7","8","2","11","18","18","18","18","11","-1","0","0","-1","-1","-1","-1"
"333","26","8","0","0","56","1395","55","35","6096","-1","-1","0","6948","-1","0","-1","-1","-1","-1","-1","-1","-1","-1","-1","-1","-1","-1","-1","12647","9924","9929","472","2163","-1","-1","-1","6418","-1","-1","-1","-1","-1","-1","-1","-1","-1","-1","-1","-1","-1","-1","-1","20","7","8","17","4","-1","-1","-1","0","-1","-1","-1","-1","-1","-1","-1","-1","-1","-1","-1","-1","-1","-1","-1"
"334","26","9","0","0","57","6097","1396","35","59","0","-1","-1","6948","-1","-1","-1","-1","-1","-1","-1","-1","-1","-1","-1","-1","-1","-1","-1","12645","2470","3260","472","3261","-1","-1","-1","6418","-1","-1","-1","-1","-1","-1","-1","-1","-1","-1","-1","-1","-1","-1","-1","20","4","7","17","8","-1","-1","-1","0","-1","-1","-1","-1","-1","-1","-1","-1","-1","-1","-1","-1","-1","-1","-1"
"335","26","8","1","0","56","1395","55","35","6096","-1","-1","0","6948","-1","0","-1","-1","-1","-1","-1","-1","-1","-1","-1","-1","-1","-1","-1","12647","9924","9929","472","2163","-1","-1","-1","6418","-1","-1","-1","-1","-1","-1","-1","-1","-1","-1","-1","-1","-1","-1","-1","20","7","8","17","4","-1","-1","-1","0","-1","-1","-1","-1","-1","-1","-1","-1","-1","-1","-1","-1","-1","-1","-1"
"336","26","9","1","0","57","6097","1396","35","59","0","-1","-1","6948","-1","-1","-1","-1","-1","-1","-1","-1","-1","-1","-1","-1","-1","-1","-1","12645","2470","3260","472","3261","-1","-1","-1","6418","-1","-1","-1","-1","-1","-1","-1","-1","-1","-1","-1","-1","-1","-1","-1","20","4","7","17","8","-1","-1","-1","0","-1","-1","-1","-1","-1","-1","-1","-1","-1","-1","-1","-1","-1","-1","-1"
"337","26","3","0","0","148","147","129","0","12282","-1","2102","2508","2516","-1","6948","-1","-1","-1","-1","-1","-1","-1","-1","-1","-1","-1","-1","-1","9976","9975","9977","-1","22291","-1","1816","6606","5998","-1","6418","-1","-1","-1","-1","-1","-1","-1","-1","-1","-1","-1","-1","-1","5","7","8","-1","17","-1","18","26","24","-1","0","-1","-1","-1","-1","-1","-1","-1","-1","-1","-1","-1","-1","-1"
"338","26","3","1","0","148","147","129","0","12282","-1","2102","2508","2516","-1","6948","-1","-1","-1","-1","-1","-1","-1","-1","-1","-1","-1","-1","-1","9976","9975","9977","-1","22291","-1","1816","6606","5998","-1","6418","-1","-1","-1","-1","-1","-1","-1","-1","-1","-1","-1","-1","-1","5","7","8","-1","17","-1","18","26","24","-1","0","-1","-1","-1","-1","-1","-1","-1","-1","-1","-1","-1","-1","-1"
"339","26","7","0","0","154","153","6948","0","36","-1","-1","2362","-1","-1","-1","-1","-1","-1","-1","-1","-1","-1","-1","-1","-1","-1","-1","-1","10058","10050","6418","-1","5194","-1","-1","18730","-1","-1","-1","-1","-1","-1","-1","-1","-1","-1","-1","-1","-1","-1","-1","-1","5","7","0","-1","21","-1","-1","14","-1","-1","-1","-1","-1","-1","-1","-1","-1","-1","-1","-1","-1","-1","-1","-1"
"340","26","7","1","0","154","153","6948","0","36","-1","-1","2362","-1","-1","-1","-1","-1","-1","-1","-1","-1","-1","-1","-1","-1","-1","-1","-1","10058","10050","6418","-1","5194","-1","-1","18730","-1","-1","-1","-1","-1","-1","-1","-1","-1","-1","-1","-1","-1","-1","-1","-1","5","7","0","-1","21","-1","-1","14","-1","-1","-1","-1","-1","-1","-1","-1","-1","-1","-1","-1","-1","-1","-1","-1"
"341","26","11","0","0","3661","6123","6124","-1","-1","0","6948","0","-1","-1","-1","-1","-1","-1","-1","-1","-1","-1","-1","-1","-1","-1","-1","-1","18530","12683","9987","-1","-1","-1","6418","-1","-1","-1","-1","-1","-1","-1","-1","-1","-1","-1","-1","-1","-1","-1","-1","-1","17","20","7","-1","-1","-1","0","-1","-1","-1","-1","-1","-1","-1","-1","-1","-1","-1","-1","-1","-1","-1","-1","-1"
"342","26","11","1","0","3661","6123","6124","-1","-1","0","6948","0","-1","-1","-1","-1","-1","-1","-1","-1","-1","-1","-1","-1","-1","-1","-1","-1","18530","12683","9987","-1","-1","-1","6418","-1","-1","-1","-1","-1","-1","-1","-1","-1","-1","-1","-1","-1","-1","-1","-1","-1","17","20","7","-1","-1","-1","0","-1","-1","-1","-1","-1","-1","-1","-1","-1","-1","-1","-1","-1","-1","-1","-1","-1"
"343","27","1","0","0","38","39","40","0","12282","6948","-1","-1","-1","-1","-1","-1","-1","-1","-1","-1","-1","-1","-1","-1","-1","-1","-1","-1","9891","9892","10141","-1","22291","6418","-1","-1","-1","-1","-1","-1","-1","-1","-1","-1","-1","-1","-1","-1","-1","-1","-1","-1","5","7","8","-1","17","0","-1","-1","-1","-1","-1","-1","-1","-1","-1","-1","-1","-1","-1","-1","-1","-1","-1","-1"
"344","27","1","1","0","38","39","40","0","12282","6948","-1","-1","-1","-1","-1","-1","-1","-1","-1","-1","-1","-1","-1","-1","-1","-1","-1","-1","9891","9892","10141","-1","22291","6418","-1","-1","-1","-1","-1","-1","-1","-1","-1","-1","-1","-1","-1","-1","-1","-1","-1","-1","5","7","8","-1","17","0","-1","-1","-1","-1","-1","-1","-1","-1","-1","-1","-1","-1","-1","-1","-1","-1","-1","-1"
"345","27","2","0","0","6117","6118","43","0","2361","-1","-1","6948","-1","-1","-1","-1","-1","-1","-1","-1","-1","-1","-1","-1","-1","-1","-1","-1","9972","9974","9938","-1","8690","-1","-1","6418","-1","-1","-1","-1","-1","-1","-1","-1","-1","-1","-1","-1","-1","-1","-1","-1","5","7","8","-1","17","-1","-1","0","-1","-1","-1","-1","-1","-1","-1","-1","-1","-1","-1","-1","-1","-1","-1","-1"
"346","27","2","1","0","6117","6118","43","0","2361","-1","-1","6948","-1","-1","-1","-1","-1","-1","-1","-1","-1","-1","-1","-1","-1","-1","-1","-1","9972","9974","9938","-1","8690","-1","-1","6418","-1","-1","-1","-1","-1","-1","-1","-1","-1","-1","-1","-1","-1","-1","-1","-1","5","7","8","-1","17","-1","-1","0","-1","-1","-1","-1","-1","-1","-1","-1","-1","-1","-1","-1","-1","-1","-1","-1"
"347","27","3","0","0","148","147","129","0","12282","-1","2102","2508","2516","-1","6948","-1","-1","-1","-1","-1","-1","-1","-1","-1","-1","-1","-1","-1","9976","9975","9977","-1","22291","-1","1816","6606","5998","-1","6418","-1","-1","-1","-1","-1","-1","-1","-1","-1","-1","-1","-1","-1","5","7","8","-1","17","-1","18","26","24","-1","0","-1","-1","-1","-1","-1","-1","-1","-1","-1","-1","-1","-1","-1"
"348","27","3","1","0","148","147","129","0","12282","-1","2102","2508","2516","-1","6948","-1","-1","-1","-1","-1","-1","-1","-1","-1","-1","-1","-1","-1","9976","9975","9977","-1","22291","-1","1816","6606","5998","-1","6418","-1","-1","-1","-1","-1","-1","-1","-1","-1","-1","-1","-1","-1","5","7","8","-1","17","-1","18","26","24","-1","0","-1","-1","-1","-1","-1","-1","-1","-1","-1","-1","-1","-1","-1"
"349","27","4","0","0","2092","49","48","47","50055","-1","25861","6948","-1","-1","-1","-1","-1","-1","-1","-1","-1","-1","-1","-1","-1","-1","-1","-1","6442","9906","9913","9915","6442","-1","20777","6418","-1","-1","-1","-1","-1","-1","-1","-1","-1","-1","-1","-1","-1","-1","-1","-1","13","5","7","8","22","-1","25","0","-1","-1","-1","-1","-1","-1","-1","-1","-1","-1","-1","-1","-1","-1","-1","-1"
"350","27","4","1","0","2092","49","48","47","50055","-1","25861","6948","-1","-1","-1","-1","-1","-1","-1","-1","-1","-1","-1","-1","-1","-1","-1","-1","6442","9906","9913","9915","6442","-1","20777","6418","-1","-1","-1","-1","-1","-1","-1","-1","-1","-1","-1","-1","-1","-1","-1","-1","13","5","7","8","22","-1","25","0","-1","-1","-1","-1","-1","-1","-1","-1","-1","-1","-1","-1","-1","-1","-1","-1"
"351","27","5","0","0","6098","53","52","51","35","-1","-1","0","6948","-1","-1","-1","-1","-1","-1","-1","-1","-1","-1","-1","-1","-1","-1","-1","12679","9944","9945","9946","472","-1","-1","-1","6418","-1","-1","-1","-1","-1","-1","-1","-1","-1","-1","-1","-1","-1","-1","-1","20","4","7","8","17","-1","-1","-1","0","-1","-1","-1","-1","-1","-1","-1","-1","-1","-1","-1","-1","-1","-1","-1"
"352","27","5","1","0","6098","53","52","51","35","-1","-1","0","6948","-1","-1","-1","-1","-1","-1","-1","-1","-1","-1","-1","-1","-1","-1","-1","12679","9944","9945","9946","472","-1","-1","-1","6418","-1","-1","-1","-1","-1","-1","-1","-1","-1","-1","-1","-1","-1","-1","-1","20","4","7","8","17","-1","-1","-1","0","-1","-1","-1","-1","-1","-1","-1","-1","-1","-1","-1","-1","-1","-1","-1"
"353","27","6","0","0","34652","34655","34659","34650","0","34653","34649","34651","34656","34648","34657","34658","38145","38145","38145","38145","38147","-1","41751","40582","-1","-1","-1","-1","51495","51501","49738","51494","-1","51500","51498","51497","51499","51496","6539","963","1282","1282","1282","1282","963","-1","36728","6418","-1","-1","-1","-1","1","3","16","5","-1","9","10","6","7","8","2","11","18","18","18","18","11","-1","0","0","-1","-1","-1","-1"
"354","27","6","1","0","34652","34655","34659","34650","0","34653","34649","34651","34656","34648","34657","34658","38145","38145","38145","38145","38147","-1","41751","40582","-1","-1","-1","-1","51495","51501","49738","51494","-1","51500","51498","51497","51499","51496","6539","963","1282","1282","1282","1282","963","-1","36728","6418","-1","-1","-1","-1","1","3","16","5","-1","9","10","6","7","8","2","11","18","18","18","18","11","-1","0","0","-1","-1","-1","-1"
"355","27","7","0","0","154","153","6948","0","36","-1","-1","2362","-1","-1","-1","-1","-1","-1","-1","-1","-1","-1","-1","-1","-1","-1","-1","-1","10058","10050","6418","-1","5194","-1","-1","18730","-1","-1","-1","-1","-1","-1","-1","-1","-1","-1","-1","-1","-1","-1","-1","-1","5","7","0","-1","21","-1","-1","14","-1","-1","-1","-1","-1","-1","-1","-1","-1","-1","-1","-1","-1","-1","-1","-1"
"356","27","7","1","0","154","153","6948","0","36","-1","-1","2362","-1","-1","-1","-1","-1","-1","-1","-1","-1","-1","-1","-1","-1","-1","-1","-1","10058","10050","6418","-1","5194","-1","-1","18730","-1","-1","-1","-1","-1","-1","-1","-1","-1","-1","-1","-1","-1","-1","-1","-1","5","7","0","-1","21","-1","-1","14","-1","-1","-1","-1","-1","-1","-1","-1","-1","-1","-1","-1","-1","-1","-1","-1"
"357","27","8","0","0","56","1395","55","35","6096","-1","-1","0","6948","-1","0","-1","-1","-1","-1","-1","-1","-1","-1","-1","-1","-1","-1","-1","12647","9924","9929","472","2163","-1","-1","-1","6418","-1","-1","-1","-1","-1","-1","-1","-1","-1","-1","-1","-1","-1","-1","-1","20","7","8","17","4","-1","-1","-1","0","-1","-1","-1","-1","-1","-1","-1","-1","-1","-1","-1","-1","-1","-1","-1"
"358","27","8","1","0","56","1395","55","35","6096","-1","-1","0","6948","-1","0","-1","-1","-1","-1","-1","-1","-1","-1","-1","-1","-1","-1","-1","12647","9924","9929","472","2163","-1","-1","-1","6418","-1","-1","-1","-1","-1","-1","-1","-1","-1","-1","-1","-1","-1","-1","-1","20","7","8","17","4","-1","-1","-1","0","-1","-1","-1","-1","-1","-1","-1","-1","-1","-1","-1","-1","-1","-1","-1"
"359","27","9","0","0","57","6097","1396","35","59","0","-1","-1","6948","-1","-1","-1","-1","-1","-1","-1","-1","-1","-1","-1","-1","-1","-1","-1","12645","2470","3260","472","3261","-1","-1","-1","6418","-1","-1","-1","-1","-1","-1","-1","-1","-1","-1","-1","-1","-1","-1","-1","20","4","7","17","8","-1","-1","-1","0","-1","-1","-1","-1","-1","-1","-1","-1","-1","-1","-1","-1","-1","-1","-1"
"360","27","9","1","0","57","6097","1396","35","59","0","-1","-1","6948","-1","-1","-1","-1","-1","-1","-1","-1","-1","-1","-1","-1","-1","-1","-1","12645","2470","3260","472","3261","-1","-1","-1","6418","-1","-1","-1","-1","-1","-1","-1","-1","-1","-1","-1","-1","-1","-1","-1","20","4","7","17","8","-1","-1","-1","0","-1","-1","-1","-1","-1","-1","-1","-1","-1","-1","-1","-1","-1","-1","-1"
"361","27","11","0","0","35","6139","6124","-1","0","-1","6948","0","-1","-1","-1","-1","-1","-1","-1","-1","-1","-1","-1","-1","-1","-1","-1","-1","472","12684","9987","-1","-1","-1","6418","-1","-1","-1","-1","-1","-1","-1","-1","-1","-1","-1","-1","-1","-1","-1","-1","-1","17","20","7","-1","-1","-1","0","-1","-1","-1","-1","-1","-1","-1","-1","-1","-1","-1","-1","-1","-1","-1","-1","-1"
"362","27","11","1","0","35","6139","6124","-1","0","-1","6948","0","-1","-1","-1","-1","-1","-1","-1","-1","-1","-1","-1","-1","-1","-1","-1","-1","472","12684","9987","-1","-1","-1","6418","-1","-1","-1","-1","-1","-1","-1","-1","-1","-1","-1","-1","-1","-1","-1","-1","-1","17","20","7","-1","-1","-1","0","-1","-1","-1","-1","-1","-1","-1","-1","-1","-1","-1","-1","-1","-1","-1","-1","-1"
