ID,Flags,ModelName,SizeClass,ModelScale,BloodID,FootprintTextureID,FootprintTextureLength,FootprintTextureWidth,FootprintParticleScale,FoleyMaterialID,FootstepShakeSize,DeathThudShakeSize,SoundID,CollisionWidth,CollisionHeight,MountHeight,GeoBoxMinX,GeoBoxMinY,GeoBoxMinZ,GeoBoxMaxX,GeoBoxMaxY,GeoBoxMaxZ,WorldEffectScale,AttachedEffectScale,MissileCollisionRadius,MissileCollisionPush,MissileCollisionRaise
1,10,Creature\Basilisk\Basilisk.mdx,1,1,1,7,18,12,1,0,0,0,1,0.6944,2.083,0,-6.11824,-3.009243,-0.205842,2.773298,3.082281,2.069802,1,1,0,0,0
2,2,Creature\BogBeast\BogBeast.mdx,1,1,1,-1,18,12,1,0,0,0,2,0.6944,2.083,0,-0.80396,-2.567924,-0.177568,1.745725,2.113652,2.841644,1,1,0,0,0
3,2,Creature\Centaur\Centaur.mdx,1,1,1,-1,18,12,1,0,0,0,3,0.6944,2.083,0,-1.457067,-0.507095,-0.00472,0.991472,0.523132,2.763926,1,1,0,0,0
4,2,Creature\CrystalSpider\CrystalSpider.mdx,1,1,1,0,18,12,1,0,0,0,4,0,0,0,0,0,0,0,0,0,1,1,0,0,0
5,2,Creature\DarkHound\DarkHound.mdx,1,1,1,-1,18,12,1,0,0,0,5,0.6111,1.667,0,-1.346205,-0.473692,-0.010816,0.81945,0.423427,1.619908,1,1,0,0,0
6,9,Creature\DragonWhelp\DragonWhelp.mdx,0,1,1,-1,18,12,1,0,0,0,6,0.6944,2.083,0,-0.752446,-0.943528,0.979083,0.637078,0.966223,3.190623,1,1,0,0,0
8,0,Creature\furbolg\Furbolg.mdx,1,1,1,7,18,12,1,0,0,0,8,0.6111,2.031,0,-0.586774,-0.951519,-0.00077,1.083751,0.95181,1.968149,1,1,0,0,0
9,3,Creature\Ghost\Ghost.mdx,1,1,1,4,18,12,1,0,0,0,9,0.6111,2.031,0,-1.888223,-1.920802,-0.331675,1.406232,1.536253,3.109601,1,1,0,0,0
10,0,Creature\Gnoll\gnoll.mdx,1,1,1,7,18,12,1,0,0,0,10,0.6111,2.031,0,-0.773347,-0.695158,0.000415,0.731812,0.757685,1.7562,1,1,0,0,0
11,0,Creature\Grell\Grell.mdx,0,1,1,4,18,12,1,0,0,0,11,0.4722,1.528,0,-1.463788,-0.768816,-0.002778,0.697103,0.74807,1.423259,1,1,0,0,0
12,1,Creature\Harpy\Harpy.mdx,1,1,1,-1,18,12,1,0,0,0,12,0.6111,2.031,0,-0.560316,-1.667411,0.857127,0.604707,1.697262,4.541226,1,1,0,0,0
13,0,Creature\HUFMCitizenLow\HUFMCitizenLow.mdx,1,1,1,1,18,12,1,0,0,0,13,0.5097,2.031,0,-0.19898,-0.378926,-0.014416,0.390325,0.322053,1.896097,1,1,0,0,0
14,0,Creature\HUFMCitizenMid\HUFMCitizenMid.mdx,1,1,1,1,18,12,1,0,0,0,14,0.5097,2.031,0,-0.2308,-0.378927,-0.014415,0.39032,0.322057,1.883328,1,1,0,0,0
15,0,Creature\HUFMMerchant\HUFMMerchant.mdx,1,1,1,1,18,12,1,0,0,0,15,0.5097,2.031,0,-0.198984,-0.378927,-0.014415,0.39032,0.322057,1.901672,1,1,0,0,0
16,0,Creature\HumanThief\HumanThief.mdx,1,1,1,1,18,12,1,0,0,0,16,0.6944,2.083,0,-0.489163,-0.396401,-0.014425,0.580315,0.315949,1.775748,1,1,0,0,0
17,0,Creature\HUMLBlackSmith\HUMLBlackSmith.mdx,1,1,1,1,18,12,1,0,0,0,17,0.5097,2.031,0,-0.29474,-0.582371,-0.007053,0.519454,0.555572,2.008623,1,1,0,0,0
18,0,Creature\HUMLMagicSmith\HUMLMagicSmith.mdx,1,1,1,1,18,12,1,0,0,0,18,0.5097,2.031,0,-0.29474,-0.689696,-0.007052,0.617837,0.555572,2.275541,1,1,0,0,0
19,0,Creature\HUMLMerchant\HUMLMerchant.mdx,1,1,1,1,18,12,1,0,0,0,19,0.5097,2.031,0,-0.293407,-0.581778,-0.006811,0.515013,0.554914,2.010396,1,1,0,0,0
20,0,Creature\HUMLUpperCitizen\HUMLUpperCitizen.mdx,1,1,1,1,18,12,1,0,0,0,20,0.5097,2.031,0,-0.293581,-0.581822,-0.006811,0.515113,0.554888,2.050255,1,1,0,0,0
21,0,Creature\HUMNGuardBig\HUMNGuardBig.mdx,1,1,1,1,18,12,1,0,0,0,21,0.5097,2.031,0,-0.524196,-0.47091,-0.002551,0.42839,0.517416,2.227501,1,1,0,0,0
22,0,Creature\HUMSCitizenMid\HUMSCitizenMid.mdx,1,1,1,1,18,12,1,0,0,0,22,0.6111,2.031,1.166689,-0.7177,-0.869459,-0.000788,0.368035,0.749464,2.025258,1,1,0,0,0
23,0,Creature\HUMSMerchant\HUMSMerchant.mdx,1,1,1,1,18,12,1,0,0,0,23,0.5097,2.031,0,-0.24361,-0.537323,-0.001524,0.503073,0.540581,2.024281,1,1,0,0,0
24,2,Creature\Infernal\Infernal.mdx,1,1,1,5,18,12,1,0,0,10,24,0.6111,2.031,0,-1.439007,-2.751234,0.030889,1.05978,2.727136,4.129122,1,1,0,0,0
25,0,Creature\KeeperOfTheGrove\KeeperOfTheGrove.mdx,1,1,1,6,18,12,1,0,0,0,25,0.6111,2.031,1.995838,-1.852656,-1.001164,-0.02142,1.470198,1.58021,4.135486,1,1,0,0,0
26,0,Creature\Kobold\Kobold.mdx,0,1,1,1,18,12,1,0,0,0,26,0.6944,1.389,0,-0.981126,-0.552605,-0.008109,0.943607,0.480619,1.235099,1,1,0,0,0
27,0,Creature\Kodobeast\KodoBeast.mdx,3,1,1,1,18,12,1,0,1,10,27,0.6111,2.031,3.542867,-7.282068,-2.412746,-0.020839,3.343075,2.277804,5.366936,1,1,0,0,0
28,2,Creature\LavaSpider\LavaSpider.mdx,1,1,1,-1,18,12,1,0,0,0,28,0,0,0,0,0,0,0,0,0,1,1,0,0,0
29,0,Creature\LostOne\LostOne.mdx,1,1,1,4,18,12,1,0,0,0,29,0.6111,2.031,1.043115,-0.567583,-0.519007,-0.004756,0.308936,0.529303,1.946746,1,1,0,0,0
30,2,Creature\MineSpider\MineSpider.mdx,1,1,2,-1,18,12,1,0,0,0,30,0.6111,2.031,0,-2.202567,-2.198774,-0.018529,3.882277,2.196034,2.039596,1,1,0,0,0
31,0,Creature\Murloc\Murloc.mdx,1,1,1,4,18,12,1,0,0,0,31,0.6111,2.031,0.387196,-0.604078,-0.496665,-0.001952,0.433186,0.493416,1.285221,1,1,0,0,0
32,0,Creature\Ogre\Ogre.mdx,3,1,1,4,18,12,1,0,0,10,32,0.6111,2.031,1.346687,-0.571247,-0.994158,-0.012723,0.513097,0.989934,2.876058,1,1,0,0,0
33,0,Creature\Ogre\OgreMage.mdx,3,1,1,1,18,12,1,0,0,10,33,0.6111,2.031,0,-0.571247,-0.994159,-0.012721,0.513097,0.989933,2.881102,1,1,0,0,0
34,0,Creature\Raptor\Raptor.mdx,1,1,1,5,18,12,1,0,0,0,34,0.6111,2.031,2.520609,-4.327215,-1.163992,-0.062383,1.987665,2.095047,3.211344,1,1,0,0,0
35,2,Creature\SeaGiant\SeaGiant.mdx,4,1,1,4,18,12,1,0,1,11,35,0.6944,2.083,0,-2.412799,-4.203702,-0.036526,1.688339,4.423341,7.884146,0.8,0.75,0,0,0
36,1,Creature\SILITHID\Silithid.mdx,1,1,2,1,1,1,1,0,0,0,36,0.6944,2.083,0,-2.68456,-1.708342,-0.014375,1.429448,1.707697,2.374903,1,1,0,0,0
37,2,Creature\Succubus\Succubus.mdx,1,1,1,3,18,12,1,0,0,0,37,0.6111,2.031,0,-1.638376,-0.520597,-0.00469,0.259531,1.23426,2.054406,1,1,0,0,0
38,2,Creature\Tallstrider\TallStrider.mdx,1,1,1,5,18,12,1,0,0,0,38,0.6111,2.031,2.412617,-1.671618,-0.776143,-0.031664,1.221609,0.885709,3.322787,1,1,0,0,0
39,2,Creature\TitanFemale\TitanFemale.mdx,4,1,1,1,18,12,1,0,10,11,39,0.6111,2.031,4.548936,-1.131715,-1.85276,-0.020017,1.214471,1.141058,7.336499,1,1,0,0,0
40,2,Creature\TitanMale\TitanMale.mdx,3,1,1,1,18,12,1,0,1,12,40,0.6111,2.031,4.309965,-1.823325,-3.115763,-0.004751,1.731788,2.647925,7.398138,1,1,0,0,0
41,0,Creature\Troglodyte\Troglodyte.mdx,1,1,1,4,18,12,1,0,0,0,41,0.6944,2.083,0,-0.25364,-0.832327,-0.000404,1.034496,0.856486,1.882738,1,1,0,0,0
42,0,Creature\Troll\Troll.mdx,1,1,1,1,18,12,1,0,0,0,42,0.6111,2.031,1.418861,-1.110465,-0.707755,-1.3E-05,0.477134,0.758649,2.262716,1,1,0,0,0
43,16,Creature\Wolf\Wolf.mdx,1,1,1,7,9,6,1,0,0,0,43,0.6111,2.031,0,-2.256148,-0.636058,-7.8E-05,1.584775,0.666565,1.702781,1,1,0,0,0
44,0,Creature\Worgen\Worgen.mdx,1,1,1,7,18,12,1,0,0,0,44,0.6111,2.031,1.294047,-0.655967,-1.176232,0.000852,0.702095,1.080357,2.290177,1,1,0,0,0
45,2,Creature\Ghoul\Ghoul.mdx,1,1,2,1,18,12,1,0,0,0,45,0.6111,2.031,1.217973,-0.586946,-1.359796,-0.028197,1.179566,1.513941,1.940702,1,1,0,0,0
47,0,Creature\DragonSpawn\DragonSpawn.mdx,1,1,1,5,18,12,1,0,0,0,47,0.6111,2.031,1.547733,-3.220913,-2.392489,-0.035368,1.97218,1.779187,2.580163,1,1,0,0,0
49,2052,Character\Human\Male\HumanMale.mdx,1,1,1,1,12,10,1,0,0,0,49,0.6111,2.031,1.036183,-0.576729,-0.544345,-0.000694,0.368137,0.535902,2.1292,1,1,0,0,0
50,2052,Character\Human\Female\HumanFemale.mdx,1,1,1,1,12,10,1,0,0,0,50,0.4167,1.913,1.002637,-0.487307,-0.359981,-0.002223,0.275955,0.370421,1.924935,1,1,0,0,0
51,2052,Character\Orc\Male\OrcMale.mdx,1,1,1,1,14,14,1,0,0,0,51,0.6111,2.031,1.117047,-0.725006,-0.874448,-0.006954,0.744109,0.853355,2.360109,1,1,0,0,0
52,2052,Character\Orc\Female\OrcFemale.mdx,1,1,1,1,12,11,1,0,0,0,52,0.4722,2.051,1.111931,-0.7359,-0.524626,-0.00706,0.303435,0.525658,2.148311,1,1,0,0,0
53,2052,Character\Dwarf\Male\DwarfMale.mdx,1,1,1,1,12,10,1,0,0,0,53,0.6111,1.607,0.724923,-0.599128,-0.640795,-0.020871,0.40075,0.607325,1.596981,1,1,0,0,0
54,2052,Character\Dwarf\Female\DwarfFemale.mdx,1,1,1,1,12,10,1,0,0,0,54,0.4444,1.528,0.680556,-0.49062,-0.466366,-0.001176,0.258298,0.471601,1.513909,1,1,0,0,0
55,2052,Character\NightElf\Male\NightElfMale.mdx,1,1,1,1,12,10,1,0,0,0,55,0.7778,2.438,1.300954,-0.700578,-0.616555,-0.004442,0.303064,0.637019,2.594885,1,1,0,0,0
56,2052,Character\NightElf\Female\NightElfFemale.mdx,1,1,1,1,12,10,1,0,0,0,56,0.5556,2.25,1.334737,-0.651854,-0.388227,0.001303,0.342884,0.590199,2.270012,1,1,0,0,0
57,2052,Character\Scourge\Male\ScourgeMale.mdx,1,1,2,1,12,10,1,0,0,0,57,0.6944,1.861,1.078235,-0.825213,-0.582538,-0.01116,0.384067,0.463535,2.101244,1,1,0,0,0
58,2052,Character\Scourge\Female\ScourgeFemale.mdx,1,1,2,1,12,10,1,0,0,0,58,0.4167,1.844,0.98552,-0.507693,-0.441342,-0.010693,0.412561,0.431282,2.054849,1,1,0,0,0
59,2052,Character\Tauren\Male\TaurenMale.mdx,1,1,1,3,22,16,2,0,0,0,59,0.5903,1.653,0.987215,-1.070695,-0.868184,-0.010933,0.987776,0.858508,2.248724,1,1,0,0,0
60,2052,Character\Tauren\Female\TaurenFemale.mdx,1,1.25,1,3,20,14,2,0,0,0,60,0.6667,2.111,1.023314,-0.818679,-0.663842,-0.003803,0.540948,0.663842,2.23351,1,1,0,0,0
61,10,Creature\CarrionBird\CarrionBird.mdx,0,1,1,1,18,12,1,0,0,0,61,0.6111,2.031,0,-2.169915,-2.075572,0.537171,1.676888,2.249723,6.228934,0.6,1,0,0,0
62,8,Creature\Hydra\Hydra.mdx,3,1,1,1,18,12,1,0,0,10,62,0.6111,2.031,0,-6.072165,-3.129389,-0.191697,2.5419,4.293607,4.737421,1,1,0,0,0
63,2,Creature\Tarantula\Tarantula.mdx,1,1,1,1,18,12,1,0,0,0,63,0.6944,2.083,0,-2.177743,-2.882292,-0.097646,2.784707,2.886781,2.393054,1,1,0,0,0
64,2,SoundTest.mdx,1,1,1,1,18,12,1,0,0,0,64,0,0,0,0,0,0,0,0,0,1,1,0,0,0
65,0,Creature\Horse\Horse.mdx,1,1,1,6,18,12,1,0,0,0,65,0.6111,2.031,1.865713,-1.243863,-0.436629,-0.021972,2.004628,0.433532,2.630913,1,1,0,0,0
66,0,Creature\Boar\Boar.mdx,0,1,1,3,9,6,1,0,0,0,66,0.6111,2.031,0,-1.149143,-0.448391,-0.029192,1.780213,0.452119,2.093486,1,1,0,0,0
67,16,Creature\ANCIENTPROTECTOR\AncientProtector.mdx,3,1,2,3,18,12,1,0,1,11,67,0.6111,2.031,0,-1.838293,-2.812557,-0.033276,2.667753,2.977111,6.281034,0.8,0.5,0,0,0
68,0,Creature\DoomGuard\DoomGuard.mdx,1,1,1,3,18,12,1,0,0,0,68,0.6111,2.031,0,-2.127987,-1.873767,-0.008044,0.778069,2.035835,4.090948,1,1,0,0,0
69,3,Creature\ElementalEarth\ElementalEarth.mdx,1,1,1,3,18,12,1,0,0,0,69,0.6111,2.031,0,-1.863642,-2.297223,-0.131378,1.82521,2.178519,3.327038,0.07,0.9,0,0,0
70,2,Creature\Skeleton\Skeleton.mdx,1,1,1,1,18,12,1,0,0,0,70,0.6944,2.083,1.391404,-0.606957,-0.747452,-0.01681,0.530093,0.665247,1.987399,1,1,0,0,0
71,2,Creature\GolemHarvest\GolemHarvest.mdx,1,1,3,1,18,12,1,0,0,0,71,0.6111,2.031,0,-1.073586,-1.481989,-0.005854,0.728422,1.460349,3.381757,1,1,0,0,0
72,2,Creature\GolemHarvestStage2\GolemHarvestStage2.mdx,1,1,3,1,18,12,1,0,0,0,72,0.6944,2.083,0,-1.026669,-1.415597,0.000997,0.595842,1.425126,3.007037,1,1,0,0,0
73,1,Creature\DireWolf\DireWolf.mdx,1,1,1,7,6,4,1,0,0,0,73,0.6111,2.031,1.399111,-2.306945,-0.575971,-0.023982,1.588482,0.546913,1.878976,1,1,0,0,0
74,0,Creature\HumanMalePeasant\HumanMalePeasant.mdx,1,1,1,4,12,10,1,0,0,0,74,0.5097,2.031,0,-0.372783,-0.540395,-0.001331,0.441049,0.560798,1.828943,1,1,0,0,0
75,1,Creature\WindSerpent\WindSerpent.mdx,2,1,1,5,18,12,1,0,0,0,75,0.6111,2.031,0,-5.09821,-2.802927,0.012658,2.724665,2.566063,5.167276,1,1,0,0,0
76,9,Creature\Frenzy\Frenzy.mdx,1,1,1,-1,18,12,1,0,0,0,76,0.6111,2.031,0,-1.52124,-0.791052,0.012092,1.031662,1.063799,1.454085,1,1,0,0,0
77,0,Creature\Dryad\Dryad.mdx,1,1,1,6,18,12,1,0,0,0,77,0.6111,2.031,0,-0.984859,-0.581058,-0.011181,1.062566,0.493279,2.39053,1,1,0,0,0
78,0,Creature\Satyr\Satyr.mdx,1,1,1,3,18,12,1,0,0,0,78,0.6944,2.083,0,-1.870827,-0.921303,-0.006889,0.317229,0.917745,2.770433,1,1,0,0,0
79,0,Creature\HumanMaleKid\HumanMaleKid.mdx,1,1,1,4,18,12,1,0,0,0,79,0.6111,2.031,0,-0.169948,-0.254709,0.007144,0.212211,0.25633,1.301313,1,1,0,0,0
80,0,Creature\HumanFemaleKid\HumanFemaleKid.mdx,1,1,1,4,18,12,1,0,0,0,80,0.6111,2.031,0,-0.162359,-0.208797,-0.001194,0.089624,0.201047,1.163888,1,1,0,0,0
81,3,Creature\Slime\Slime.mdx,1,1,2,-1,18,12,1,0,0,0,81,0.6944,2.083,0,-2.439952,-1.428039,-0.030023,1.088946,1.41014,1.841248,1,1,0,0,0
82,16,Creature\Tiger\Tiger.mdx,1,1,1,7,18,12,1,0,0,0,82,0.6111,2.031,1.241372,-2.428367,-0.658701,-0.006203,1.028872,0.533702,1.268102,1,1,0,0,0
83,0,Creature\bear\Bear.mdx,1,1,1,7,18,12,1,0,0,0,83,0.6111,2.031,1.761474,-1.657582,-0.925305,-0.058709,1.681357,0.867246,1.843324,1,1,0,0,0
84,2,Creature\GolemStone\GolemStone.mdx,1,1,3,-1,18,12,1,0,0,10,84,0.6111,2.031,0,-1.011327,-2.025662,-0.067876,2.028448,1.720079,3.348155,1,1,0,0,0
85,1,Creature\Wyvern\Wyvern.mdx,1,1,1,-1,18,12,1,0,0,0,85,0.6111,2.031,1.193891,-3.20153,-5.221857,0.423987,3.136625,5.234344,6.741571,1,1,0,0,0
86,0,Creature\HumanMalePeasant\HumanMalePeasantAxe.mdx,1,1,1,1,18,12,1,0,0,0,86,0.5097,2.031,0,-0.37285,-0.540396,-0.001234,0.441024,0.560816,1.828921,1,1,0,0,0
87,0,Creature\HumanMalePeasant\HumanMalePeasantGold.mdx,1,1,1,1,18,12,1,0,0,0,87,0.5097,2.031,0,-0.991776,-0.527034,0.000585,0.440351,0.523597,1.760418,1,1,0,0,0
88,0,Creature\HumanMalePeasant\HumanMalePeasantPick.mdx,1,1,1,1,18,12,1,0,0,0,88,0.5097,2.031,0,-0.432398,-0.540395,-0.001331,0.826877,0.575022,1.828943,1,1,0,0,0
89,0,Creature\HumanMalePeasant\HumanMalePeasantWood.mdx,1,1,1,1,18,12,1,0,0,0,89,0.5097,2.031,0,-0.525653,-0.640256,0.000655,0.578776,0.545235,2.122706,1,1,0,0,0
90,9,Creature\Hippogryph\Hippogryph.mdx,2,1,1,-1,18,12,1,0,0,0,90,0.6111,2.031,1.656586,-2.877178,-3.743629,0.039645,2.177575,3.76338,5.156446,1,1,0,0,0
91,1,Creature\SilithidTank\SilithidTank.mdx,1,1,1,1,1,1,1,0,0,0,91,0.6111,2.031,0,-2.474913,-1.452283,-0.066141,1.376605,1.785943,3.207652,1,1,0,0,0
92,3,Creature\Silithidwasp\SilithidWasp.mdx,1,1,1,-1,18,12,1,0,0,0,92,0.6111,2.031,2.764921,-1.944303,-2.600022,0.181614,2.338802,2.542857,5.967975,1,1,0,0,0
93,0,Creature\HumanFemaleBlacksmith\HumanFemaleBlacksmith.mdx,1,1,1,1,18,12,1,0,0,0,93,0.4722,1.944,0,-0.269897,-0.316466,-0.004714,0.246695,0.328929,1.897014,1,1,0,0,0
94,0,Creature\HumanFemaleFarmer\HumanFemaleFarmer.mdx,1,1,1,1,18,12,1,0,0,0,94,0.6111,2.031,0,-0.529581,-0.421662,-0.004256,0.243008,0.435132,1.883642,1,1,0,0,0
95,0,Creature\HumanFemaleMerchantFat\HumanFemaleMerchantFat.mdx,1,1,1,1,18,12,1,0,0,0,95,0.6111,2.031,0,-0.316277,-0.369578,-0.008559,0.260954,0.463854,2.022604,1,1,0,0,0
96,0,Creature\HumanFemaleMerchantThin\HumanFemaleMerchantThin.mdx,1,1,1,1,18,12,1,0,0,0,96,0.5556,1.944,0,-0.3336,-0.369577,-0.008558,0.249117,0.403831,1.872996,1,1,0,0,0
97,0,Creature\HumanFemalePeasant\HumanFemalePeasant.mdx,1,1,1,1,18,12,1,0,0,0,97,0.4167,1.913,0,-0.300864,-0.330077,-0.001708,0.333066,0.421097,1.889445,1,1,0,0,0
98,0,Creature\HumanFemaleWarriorHeavy\HumanFemaleWarriorHeavy.mdx,1,1,1,1,18,12,1,0,0,0,98,0.4167,1.913,0,-0.281995,-0.342848,-0.002671,0.246974,0.343207,1.913336,1,1,0,0,0
99,0,Creature\HumanFemaleWarriorLight\HumanFemaleWarriorLight.mdx,1,1,1,1,18,12,1,0,0,0,99,0.4167,1.913,0,-0.322469,-0.319104,-0.001459,0.288641,0.329237,1.895215,1,1,0,0,0
100,0,Creature\HumanFemaleWarriorMedium\HumanFemaleWarriorMedium.mdx,1,1,1,1,18,12,1,0,0,0,100,0.4167,1.913,0,-0.271689,-0.325399,-0.001459,0.243055,0.329237,1.895229,1,1,0,0,0
101,0,Creature\HumanMaleBlacksmith\HumanMaleBlacksmith.mdx,1,1,1,1,18,12,1,0,0,0,101,0.6944,2.056,0,-0.360743,-0.664335,-0.002381,0.438553,0.542029,2.007537,1,1,0,0,0
102,0,Creature\HumanMaleFarmer\HumanMaleFarmer.mdx,1,1,1,1,18,12,1,0,0,0,102,0.5556,2.083,0,-0.255377,-0.437861,-0.000814,0.349882,0.434437,2.014777,1,1,0,0,0
103,0,Creature\HumanMaleNoble\HumanMaleNoble.mdx,1,1,1,1,18,12,1,0,0,0,103,0.6111,2.031,0.871599,-0.360744,-0.664336,-0.002381,0.438557,0.553806,2.046734,1,1,0,0,0
104,0,Creature\HumanMaleWarriorHeavy\HumanMaleWarriorHeavy.mdx,1,1,1,1,18,12,1,0,0,0,104,0.6111,2.031,0,-0.316737,-0.475834,-0.002818,0.402932,0.484231,2.05718,1,1,0,0,0
105,0,Creature\HumanMaleWarriorMedium\HumanMaleWarriorMedium.mdx,1,1,1,1,18,12,1,0,0,0,105,0.6111,2.031,0,-0.316737,-0.486773,-0.002813,0.402931,0.513672,1.993774,1,1,0,0,0
106,0,Creature\HumanMaleWizard\HumanMaleWizard.mdx,1,1,1,1,18,12,1,0,0,0,106,0.5097,2.031,0,-0.360743,-0.664337,-0.002381,0.438496,0.54203,2.282205,1,1,0,0,0
107,0,Creature\HumanMaleWarriorLight\HumanMaleWarriorLight.mdx,1,1,1,1,18,12,1,0,0,0,107,0.6111,2.031,0,-0.337104,-0.471952,-0.002563,0.403315,0.484192,1.994458,1,1,0,0,0
108,0,Creature\HumanMaleCaster\HumanMaleCaster.mdx,1,1,1,1,18,12,1,0,0,0,108,0.6111,2.031,0,-0.372525,-0.516474,-0.00081,0.431895,0.514724,2.019828,1,1,0,0,0
109,0,Creature\HumanFemaleCaster\HumanFemaleCaster.mdx,1,1,1,1,18,12,1,0,0,0,109,0.4167,1.913,0,-0.338402,-0.366659,-0.001565,0.240099,0.346871,1.962467,1,1,0,0,0
110,11,Creature\WATERELEMENTAL\WaterElemental.mdx,1,1,2,4,18,12,1,0,0,0,110,0.6111,2.031,0,-1.035244,-1.680827,0.366207,1.043886,1.684634,3.043421,0.35,1,0,0,0
111,0,Creature\Chicken\Chicken.mdx,0,1,1,5,4,3,1,0,0,0,111,0.6111,2.031,0.269092,-0.268983,-0.195972,-0.002365,0.262755,0.186011,0.441103,1,1,0,0,0
112,0,Creature\OrcMaleWarriorLight\OrcMaleWarriorLight.mdx,1,1,1,1,18,12,1,0,0,0,112,0.6111,2.031,1.236362,-0.626689,-0.769626,-0.000164,0.524903,0.730086,2.352855,1,1,0,0,0
113,0,Creature\OrcMaleMerchantLight\OrcMaleMerchantLight.mdx,1,1,1,1,18,12,1,0,0,0,113,0.75,2.361,0,-0.626689,-0.769626,-0.000164,0.524904,0.730086,2.273276,1,1,0,0,0
114,0,Creature\Rabbit\Rabbit.mdx,0,1,1,7,4,3,1,0,0,0,114,0.6111,2.031,0,-0.477103,-0.201774,-0.006385,0.28776,0.194655,0.511072,1,0.5,0,0,0
115,0,Creature\DwarfMaleWarriorLight\DwarfMaleWarriorLight.mdx,1,1,1,1,18,12,1,0,0,0,115,0.6944,1.389,0,-0.423504,-0.614088,-0.006975,0.532594,0.56656,1.55894,1,1,0,0,0
116,0,Creature\Troll\TrollJungleCaster.mdx,1,1,-1,4,18,12,1,0,0,0,116,0.6111,2.031,1.418861,-1.122086,-1.141437,-0.046315,0.477134,0.770787,2.282449,1,1,0,0,0
117,0,Creature\Troll\TrollJungleBoss.mdx,1,1,-1,4,18,12,1,0,0,0,117,0.6111,2.031,1.418861,-1.122086,-1.141437,-0.046315,0.756849,0.770787,2.553173,1,1,0,0,0
118,0,Creature\Troll\TrollWhelp.mdx,1,1,-1,4,18,12,1,0,0,0,118,0.6111,2.031,1.418861,-1.110465,-0.707756,-1.3E-05,0.477134,0.758649,2.262716,1,1,0,0,0
119,0,Creature\Troll\TrollMelee.mdx,1,1,-1,4,18,12,1,0,0,0,119,0.6111,2.031,1.418861,-1.122663,-1.141413,-0.046311,0.477133,0.770781,2.281977,1,1,0,0,0
120,0,Creature\Troll\TrollForestBoss.mdx,1,1,-1,4,18,12,1,0,0,0,120,0.6111,2.031,1.418861,-1.122086,-1.141437,-0.046315,0.756848,0.770787,2.553173,1,1,0,0,0
121,0,Creature\Troll\TrollForestCaster.mdx,1,1,-1,4,18,12,1,0,0,0,121,0.6111,2.031,1.418861,-1.122086,-1.141437,-0.046315,0.515449,0.770787,2.282449,1,1,0,0,0
122,0,Creature\GnollCaster\GnollCaster.mdx,1,1,1,7,18,12,1,0,0,0,122,0.6944,2.083,0,-0.896779,-0.757445,0.000416,0.732067,0.757452,1.851908,1,1,0,0,0
123,0,Creature\GnollMelee\GnollMelee.mdx,1,1,-1,7,18,12,1,0,0,0,123,0.8333,1.564,0,-0.773347,-0.695158,0.000415,0.731812,0.757685,1.7562,1,1,0,0,0
124,0,Creature\Deer\Deer.mdx,1,1,-1,3,18,12,1,0,0,0,124,0.6111,2.031,0,-0.470836,-0.257742,-0.003706,1.212014,0.258516,1.67744,1,1,0,0,0
125,0,Creature\HumanMaleMarshal\HumanMaleMarshal.mdx,1,1,-1,1,18,12,1,0,0,0,125,0.5097,2.031,0,-0.524196,-0.47091,-0.002551,0.42839,0.517416,2.011116,1,1,0,0,0
126,0,Creature\HumanMaleGuard\HumanMaleGuard.mdx,1,1,-1,1,18,12,1,0,0,0,126,0.5097,2.031,0,-0.524196,-0.47091,-0.002551,0.42839,0.517416,2.227501,1,1,0,0,0
127,0,Creature\HumanMalePirateCaptain\HumanMalePirateCaptain.mdx,1,1,-1,1,18,12,1,0,0,0,127,0.6111,2.031,1.036183,-0.240204,-0.497698,-0.000429,0.313023,0.510516,2.056736,1,1,0,0,0
128,0,Creature\HumanMalePirateCrewman\HumanMalePirateCrewman.mdx,1,1,-1,4,18,12,1,0,0,0,128,0.6944,2.083,0,-0.275746,-0.455548,-0.002414,0.39303,0.460446,2.018053,1,1,0,0,0
129,0,Creature\HumanMalePirateSwashbuckler\HumanMalePirateSwashbuckler.mdx,1,1,-1,1,18,12,1,0,0,0,129,0.6944,2.083,0,-0.259557,-0.458093,-0.004047,0.370671,0.469067,2.00073,1,1,0,0,0
130,0,Creature\Dreadlord\DreadLord.mdx,2,1,3,3,18,12,1,0,0,10,130,0.6111,2.031,0,-2.89868,-2.36577,-0.182645,1.039702,2.260313,3.46735,1,1,0,0,0
131,0,Creature\Gnome\Gnome.mdx,1,1,-1,1,18,12,1,0,0,0,131,0.6944,1.25,0,-0.286203,-0.445213,-0.001502,0.306011,0.419611,0.929975,1,1,0,0,0
132,8,Creature\Crab\Crab.mdx,0,1,-1,1,4,3,1,0,0,0,132,0.6111,2.031,0,-0.717807,-0.952885,-0.032214,1.28324,0.952488,0.964783,1,1,0,0,0
133,9,Creature\threshadon\Threshadon.mdx,1,1,3,4,18,12,1,0,0,0,133,0.6111,2.031,0,-4.715756,-1.840025,-0.70639,3.36115,1.763009,4.616413,1.3,0.65,0,0,0
134,0,Creature\Squirrel\Squirrel.mdx,0,1,1,7,4,3,1,0,0,0,134,0.6111,2.031,0,-0.440531,-0.149874,-0.016595,0.076555,0.143379,0.371318,1,1,0,0,0
136,16,Creature\Gorilla\Gorilla.mdx,0,1,1,4,18,12,1,0,0,0,135,0.6111,2.031,0,-1.512038,-1.224195,-0.080447,0.911209,1.242854,2.223625,1,1,0,0,0
137,10,Creature\Crocodile\Crocodile.mdx,0,1,-1,5,18,12,1,0,0,0,136,0.6111,2.031,0,-6.252785,-3.069245,-0.219734,3.331722,3.165719,1.612584,1,1,0,0,0
139,0,Creature\Felhound\FelHound.mdx,0,1,3,5,16.2,10.8,1,0,0,0,138,0.6944,2.083,0,-3.794199,-1.658464,-0.088782,2.06211,0.951092,2.768118,1,1,0,0,0
140,0,Creature\Sheep\Sheep.mdx,0,1,1,3,18,12,1,0,0,0,139,0.6111,2.031,0,-0.786118,-0.435435,-0.003777,0.80837,0.407423,1.085606,1,1,0,0,0
141,0,Creature\Ent\Ent.mdx,0,1,2,5,18,12,1,0,0,0,140,0.6111,2.031,0,-1.455463,-1.317787,-0.080353,1.378301,1.277907,3.351146,1,1,0,0,0
142,19,Creature\Frog\Frog.mdx,0,1,3,5,4,3,1,0,0,0,141,0.6111,2.031,0,-0.270783,-0.256931,-0.00593,0.258286,0.258044,0.291957,0.4,1,0,0,0
143,0,Creature\Horse\Horse.mdx,1,1,-1,6,18,12,1,0,0,0,65,0.6111,2.031,1.865713,-1.243863,-0.436629,-0.021972,2.004628,0.433532,2.630913,1,1,0,0,0
144,3,Creature\Banshee\Banshee.mdx,0,1,-1,4,18,12,1,0,0,0,142,0.6944,2.083,0,-1.51157,-1.431087,-0.018845,0.737711,1.43236,3.16271,1,1,0,0,0
145,0,Creature\Quillboar\QuillBoar.mdx,0,1,-1,3,18,12,1,0,0,0,143,0.6111,2.031,0,-0.808581,-0.695601,-0.01072,0.697088,0.726394,2.106076,1,1,0,0,0
146,0,Creature\Wendigo\Wendigo.mdx,0,1,1,4,18,12,1,0,0,0,144,0.6111,2.031,0,-1.242172,-1.697005,-0.037087,1.313718,1.695357,3.551641,1,1,0,0,0
147,1,Creature\Gryphon\Gryphon.mdx,2,1,1,-1,18,12,1,0,0,0,145,0.6111,2.031,1.56762,-2.541618,-4.04152,0.036023,1.936559,4.030259,5.403696,1,1,0,0,0
149,0,Creature\GolemHarvestStage2\GolemHarvestStage2.mdx,0,1,-1,1,0,0,0,0,0,0,147,0.6944,2.083,0,-1.026669,-1.415597,0.000997,0.595842,1.425126,3.007037,1,1,0,0,0
150,0,Creature\TempDeathGuard\DeathGuard.mdx,1,1,1,1,18,12,1,0,0,0,148,0.6944,2.083,0,-0.502933,-0.566322,-0.000469,0.2983,0.359835,1.858261,1,1,0,0,0
151,0,Creature\TempScarletCrusaderLight\ScarletCrusaderLight.mdx,1,1,1,1,18,12,1,0,0,0,149,0.6111,2.031,0,-0.290052,-0.452572,-0.003472,0.402503,0.455449,1.995164,1,1,0,0,0
152,0,Creature\TempScarletCrusaderHeavy\ScarletCrusaderHeavy.mdx,1,1,1,1,18,12,1,0,0,0,150,0.6111,2.031,0,-0.558294,-0.435082,-0.004824,0.429658,0.552906,2.157449,1,1,0,0,0
155,0,Creature\Cow\Cow.mdx,1,1,1,-1,18,12,1,0,0,0,153,0.6111,2.031,0,-1.224808,-0.567429,-0.007808,1.7202,0.605748,1.829899,1,1,0,0,0
156,0,Creature\FleshGolem\FleshGolem.mdx,2,1,-1,-1,18,12,1,0,0,0,154,0.6111,2.031,0,-2.024518,-1.833761,-0.155309,1.524516,1.878968,3.390238,1,1,0,0,0
157,0,Creature\QuirajBattleguard\BattleGuard.mdx,2,1,1,-1,0,0,0,0,0,0,155,0.6944,2.083,0,-2.26144,-1.695512,0.102808,0.719017,1.519929,4.714997,1,1,0,0,0
158,0,Creature\QuirajGladiator\QuirajGladiator.mdx,1,1,1,-1,0,0,0,0,0,0,156,0.6944,2.083,0,-0.996764,-2.540549,-0.221822,1.600499,1.995579,4.635949,1,1,0,0,0
159,0,Creature\QuirajProphet\QuirajProphet.mdx,1,1,-1,-1,18,12,1,0,0,0,157,0.6944,2.083,0,-2.340328,-2.820297,-0.118686,2.411597,2.854492,6.635825,1,1,0,0,0
160,11,Creature\FireElemental\FireElemental.mdx,1,1,-1,-1,18,12,1,0,0,0,158,0.6111,2.031,0,-0.972663,-1.5443,0.081421,1.080501,1.474219,3.445507,1,1,0,0,0
161,0,Creature\PrarieDog\PrarieDog.mdx,1,1,1,7,4,3,1,0,0,0,159,0.2778,0.2778,0,-0.303722,-0.101972,-0.014137,0.061565,0.107209,0.360961,1,1,0,0,0
162,2,Creature\VoidWalker\VoidWalker.mdx,1,1,2,1,18,12,1,0,0,0,162,0.6111,2.031,0,-0.972663,-1.840402,0.081421,1.080501,1.474219,3.445507,1,1,0,0,0
163,0,Creature\OrcMaleWarriorHeavy\OrcMaleWarriorHeavy.mdx,1,1,1,1,18,12,1,0,0,0,163,0.75,2.361,0,-0.626689,-0.769626,-0.000164,0.524904,0.730086,2.352855,1,1,0,0,0
164,0,Creature\Goblin\Goblin.mdx,1,1,2,-1,18,12,1,0,0,0,164,0.6111,2.031,0,-0.403987,-0.578804,-0.005904,0.318469,0.513541,1.42024,1,1,0,0,0
165,0,Creature\Rat\Rat.mdx,1,1,1,5,4,3,1,0,0,0,165,0.6111,2.031,0,-0.966399,-0.377423,-0.004225,0.37074,0.404857,0.448367,1,1,0,0,0
167,2,Creature\Zombie\ZombieArm.mdx,1,1,2,1,18,12,1,0,0,0,166,0.6111,2.031,1.128875,-0.444989,-0.470687,-0.003004,0.435288,0.376665,1.73373,1,1,0,0,0
168,2,Creature\Zombie\Zombie.mdx,1,1,2,1,18,12,1,0,0,0,167,0.6111,2.031,1.128875,-0.444989,-0.470687,-0.003004,0.435288,0.425147,1.97209,1,1,0,0,0
170,9,Creature\snake\snake.mdx,1,1,1,1,18,12,1,0,0,0,168,0.6111,2.031,0,-0.781156,-0.434277,-0.018618,0.988905,0.35284,0.381589,1,1,0,0,0
171,3,Creature\Wolf\Wolf_ghost.mdx,1,1,-1,7,18,12,1,0,0,0,169,0.6111,2.031,0,-2.256148,-0.636058,-7.8E-05,1.584775,0.666565,1.702781,1,1,0,0,0
172,0,Creature\Lobstrok\Lobstrok.mdx,2,1,1,5,0,0,1,0,0,0,170,0.6111,2.031,0,-3.062252,-1.887769,-0.022937,1.513942,1.825414,3.489059,1,1,0,0,0
173,10,Creature\SeaTurtle\SeaTurtle.mdx,1,1,1,7,18,12,1,0,0,0,171,0.6111,2.031,0,-3.347465,-1.345124,-0.066815,1.217253,1.316032,2.30216,1,1,0,0,0
174,2,Creature\SkeletonMage\SkeletonMage.mdx,1,1,-1,1,18,12,1,0,0,0,172,0.6111,2.031,0,-1.556352,-0.915018,-0.149362,0.483896,0.609738,2.239978,1,1,0,0,0
175,1,Creature\FaerieDragon\FaerieDragon.mdx,1,1,1,4,18,12,1,0,0,0,173,0.6944,2.083,0,-0.95222,-2.315178,0.853159,1.193446,2.243776,3.666005,1,1,0,0,0
176,0,Creature\Goblin\GoblinShredder.mdx,1,1,3,1,18,12,1,0,0,0,174,0.6111,2.031,0,-1.365406,-2.961361,-0.159389,3.531445,2.684843,4.6719,0.5,1,0,0,0
177,3,Creature\FaerieDragon\FaerieDragon_Ghost.mdx,1,1,-1,-1,18,12,1,0,0,0,175,0.6944,2.083,0,-0.95222,-2.315177,0.853159,1.193446,2.243776,3.666005,1,1,0,0,0
178,0,Creature\cockroach\Cockroach.mdx,0,1,-1,1,4,3,0.2,0,0,0,176,0.6111,2.031,0,-0.300567,-0.34876,-0.082147,0.612944,0.479913,0.235856,1,1,0,0,0
180,0,Creature\bear\Bear.mdx,1,1,1,1,18,12,1,0,2,12,83,0.6111,2.031,1.761474,-1.657582,-0.925305,-0.058709,1.681357,0.867246,1.843324,1,1,0,0,0
181,3,Creature\Spells\StasisTotem.mdx,1,1,-1,-1,18,12,1,0,0,0,177,0.7936,2.083,0,-1.840818,-1.838283,-0.20291,1.840064,1.842599,2.888687,1,1,0,0,0
182,2052,Character\Gnome\Male\GnomeMale.mdx,1,1,1,1,12,10,1,0,0,0,294,0.6944,1.056,0.410099,-0.456635,-0.390982,-0.003598,0.31527,0.401384,1.302289,1,1,0,0,0
183,2052,Character\Gnome\Female\GnomeFemale.mdx,1,1,1,1,12,10,1,0,0,0,295,0.6944,1.056,0.385456,-0.437713,-0.317554,-0.006103,0.17702,0.314671,1.149353,1,1,0,0,0
185,2052,Character\Troll\Male\TrollMale.mdx,1,1,1,1,12,10,1,0,0,0,296,0.6111,2.031,1.50425,-0.958703,-0.666762,0.006144,0.902441,0.732732,2.632289,1,1,0,0,0
186,2052,Character\Troll\Female\TrollFemale.mdx,1,1,1,1,12,10,1,0,0,0,297,0.613,2.427,1.25,-0.719771,-0.572894,0.000944,0.283596,0.439306,2.674979,1,1,0,0,0
187,8,Creature\AncientOfLore\AncientofLore.mdx,4,1,-1,1,18,12,1,0,2,11,178,0.6944,2.083,0,-2.730902,-3.889506,-0.10581,3.599945,3.886084,9.049429,1,1,0,0,0
188,0,Creature\AncientOfWar\AncientofWar.mdx,4,1,3,5,180,120,10,0,2,11,179,0.6111,2.031,0,-2.734283,-3.707076,-0.140285,4.599306,3.668625,9.405543,1,1,0,0,0
190,3,Creature\Spells\Serpent_Totem.mdx,1,1,-1,-1,18,12,1,0,0,0,180,0.7936,2.876,0,-1.948017,-1.901671,-0.20291,1.973258,2.019604,3.29023,1,1,0,0,0
191,0,Creature\ThunderLizard\ThunderLizard.mdx,2,1,1,7,18,12,1,0,0,0,181,0.6944,2.083,0,-8.755356,-3.728621,-0.020839,3.668304,3.231867,6.064037,1,1,0,0,0
192,0,Creature\Hyena\Hyena.mdx,1,1,1,7,18,12,1,0,0,0,182,0.6111,2.031,0,-1.59186,-0.57174,0.000812,1.58324,0.602691,1.830342,1,1,0,0,0
193,9,Creature\Shark\Shark.mdx,1,1,1,-1,18,12,1,0,0,0,183,0.6111,2.031,0,-3.289911,-3.379179,-0.102903,3.017033,3.55042,2.658882,1,1,0,0,0
194,0,Creature\Stag\Stag.mdx,1,1,1,6,18,12,1,0,0,0,184,0.6944,2.083,1.865716,-1.142169,-1.004955,-0.00608,2.796758,0.875445,3.374913,1,1,0,0,0
195,0,Creature\MountedKnight\MountedKnight.mdx,1,1,1,6,18,12,1,0,0,10,185,0.6111,2.031,1.078499,-1.398751,-0.657681,-0.001697,1.975419,0.61867,3.313895,1,1,0,0,0
197,0,Creature\Gazelle\Gazelle.mdx,1,1,1,3,18,12,1,0,0,0,186,0.6111,2.031,0,-0.629178,-0.282114,-0.003021,1.696362,0.296538,3.278119,1,1,0,0,0
198,0,Creature\giraffe\Giraffe.mdx,1,1,1,3,0,0,0,0,0,0,187,0.6111,2.031,0,-1.332436,-0.583711,-0.00183,2.510657,0.579677,6.110201,1,1,0,0,0
199,3,Creature\SPELLS\MonsterLure01.mdx,1,1,-1,-1,18,12,1,0,0,0,188,0.2799,1.1,0,-0.144385,-0.91378,-0.000279,0.136494,0.48755,1.305435,1,1,0,0,0
201,0,Creature\FelBat\FelBat.mdx,1,1,1,-1,18,12,1,0,0,0,189,0.6111,2.031,1.193891,-2.195609,-5.224782,1.380433,3.156975,5.239373,7.34411,1,1,0,0,0
202,3,Creature\Spells\HealingTotem.mdx,1,1,-1,-1,18,12,1,0,0,0,190,0.7936,2.083,0,-1.187258,-1.140912,-0.20291,1.212498,1.258844,2.315204,1,1,0,0,0
203,0,Creature\Dragon\NorthrendDragon.mdx,4,1,1,5,30,20,3,0,2,12,191,0.6111,2.031,8.139028,-20.13958,-9.659925,-0.580814,9.74292,9.591308,14.08966,1,1,0,0,0
204,2,Creature\TitanMale\TitanMale_Ghost.mdx,1,1,-1,4,18,12,1,0,0,0,192,0.6111,2.031,4.309965,-1.816336,-3.114526,-0.003741,1.748156,2.62203,7.391968,1,1,0,0,0
205,0,Creature\MountainGiant\MountainGiant.mdx,3,1,3,1,18,12,1,0,2,11,193,0.6944,2.083,0,-2.294729,-4.1475,-0.021338,2.474207,4.007579,7.679,1,0.75,0,0,0
206,0,Creature\SeaGiant\SeaGiant.mdx,1,1,1,4,18,12,1,0,2,12,35,0.6944,2.083,0,-2.412799,-4.203702,-0.036526,1.688339,4.423341,7.884146,1,1,0,0,0
207,19,Creature\Wisp\Wisp.mdx,1,1,-1,-1,18,12,1,0,0,0,194,0.6111,2.031,0,-1.131519,-1.490717,0.168879,1.863835,1.504637,3.361581,1,1,0,0,0
209,1,Creature\Hippogryph\Hippogryph.mdx,1,1,1,-1,18,12,1,0,0,0,90,0.6111,2.031,1.656586,-2.877178,-3.743629,0.039645,2.177575,3.76338,5.156446,1,1,0,0,0
210,0,Creature\Lion\Lion.mdx,1,1,1,7,18,12,1,0,0,0,196,0.6111,2.031,1.241372,-2.615423,-0.779157,-0.098847,1.027963,0.552041,1.438516,1,1,0,0,0
212,0,Creature\Unicorn\Unicorn.mdx,1,1,1,6,18,12,1,0,0,0,197,0.9444,2.778,0,-1.354468,-0.468764,-0.001343,2.447687,0.41813,2.707861,1,1,0,0,0
213,16,Creature\DruidBear\DruidBear.mdx,1,1,1,7,18,12,1,0,0,0,3022,0.6111,2.031,0,-1.531902,-1.070026,-0.072043,1.678474,1.041226,1.859403,1,1,0,0,0
214,16,Creature\DruidBear\DruidBearTauren.mdx,1,1,1,7,18,12,1,0,0,0,3022,0.6111,2.031,0,-1.531902,-0.921286,-0.072043,1.77529,0.859959,1.859403,1,1,0,0,0
215,0,Creature\Nightmare\Nightmare.mdx,1,1,3,6,18,12,1,0,0,10,65,0.6111,2.031,1.865717,-1.63553,-0.450452,-0.034621,1.939372,0.401508,2.640727,1,1,0,0,0
216,0,Creature\RidingHorse\RidingHorse.mdx,1,1,1,6,18,12,1,0,0,0,65,0.6111,2.031,1.86572,-1.243873,-0.436481,-0.021547,2.004627,0.433532,2.630913,1,1,0,0,0
217,0,Creature\DireWolf\RidingDireWolf.mdx,1,1,1,7,24,18,1,0,0,0,73,0.6111,2.031,1.399111,-2.306945,-0.575971,-0.023982,1.588482,0.546913,1.878976,1,1,0,0,0
218,1,Creature\Scorpion\Scorpion.mdx,1,1,2,5,0,0,0,0,0,0,198,0.6111,2.031,0,-1.213259,-1.034372,-0.000314,1.700677,1.078754,1.602842,1,1,0,0,0
219,3,Creature\Spells\ManaTotem.mdx,1,1,-1,-1,18,12,1,0,0,0,199,0.7936,2.083,0,-1.427234,-1.380888,-0.20291,1.452474,1.49882,2.315204,1,1,0,0,0
220,3,Creature\SPELLS\SentryTotem.mdx,1,1,-1,-1,18,12,1,0,0,0,200,0.7936,1.739,0,-1.158509,-1.112163,-0.20291,1.183749,1.230096,2.337321,1,1,0,0,0
221,3,Creature\Spells\InvisibilityTotem.mdx,1,1,-1,-1,18,12,1,0,0,0,201,0.7936,2.083,0,-1.09496,-1.048614,-0.20291,1.1202,1.166546,2.764852,1,1,0,0,0
222,3,Creature\Spells\EyeOfKilrog.mdx,0,1,2,-1,18,12,1,0,0,0,194,0.6944,1.389,0,-0.247249,-0.263774,0.593615,0.289978,0.284275,1.179125,1,1,0,0,0
223,0,Creature\SeaLion\SeaLion.mdx,1,1,1,-1,18,12,1,0,0,0,202,0.6111,2.031,0,-1.858223,-2.154384,0.193527,2.265087,1.701026,2.884648,1,1,0,0,0
224,1,Creature\SeaLion\SeaLion.mdx,1,1,1,-1,18,12,1,0,0,0,202,0.6111,2.031,0,-1.858223,-2.154384,0.193527,2.265087,1.701026,2.884648,1,1,0,0,0
225,0,Creature\ForceOfNature\ForceofNature.mdx,1,1,1,5,18,12,1,0,0,0,204,0.6111,2.031,0,-0.986391,-2.041616,-0.011403,1.245635,2.07472,4.230595,1,1,0,0,0
227,11,Creature\Orca\Orca.mdx,1,1,1,4,18,12,1,0,0,0,205,0.6111,2.031,0,-2.486959,-1.324465,-0.922794,2.049678,1.369736,1.839832,1,1,0,0,0
229,0,Creature\Ram\Ram.mdx,1,1,1,3,18,12,1,0,0,0,206,0.6944,2.083,0,-1.445407,-0.959342,-0.010213,2.099284,0.840243,2.592431,1,1,0,0,0
230,1,Creature\Shark\HammerHead.mdx,1,1,1,4,18,12,1,0,0,0,207,0.6111,2.031,0,-3.525643,-3.607702,-0.110477,3.23048,3.676964,2.255784,1,1,0,0,0
250,1,Creature\CryptFiend\CryptFiend.mdx,1,1,3,1,18,12,1,0,0,0,227,0.6111,2.031,0,-2.764326,-2.438102,-0.186012,2.054128,2.437529,3.503517,1,1,0,0,0
270,3,Creature\Object\WoodenDummy.mdx,1,1,-1,-1,18,12,1,0,0,0,247,0.4583,2.088,0,-0.340134,-0.920323,-0.163394,0.246303,1.011989,2.516048,1,1,0,0,0
271,3,Creature\Object\ArcheryTarget.mdx,1,1,3,4,18,12,1,0,0,0,248,2.757,4.677,0,-2.083843,-1.216408,-0.132554,0.754068,1.295942,4.58327,2,2,0,0,0
290,3,Creature\Object\Cannon.mdx,1,1,-1,4,18,12,1,0,0,0,267,0.6944,2.083,0,-3.731061,-2.887356,-0.032976,3.905539,2.887357,4.426822,1,1,0,0,0
310,0,Creature\HighElf\HighElfFemale_Mage.mdx,1,1,1,1,18,12,1,0,0,0,287,0,0,1.334737,-0.317467,-0.365948,0.001117,0.310581,0.440213,2.328202,1,1,0,0,0
311,0,Creature\HighElf\HighElfFemale_Hunter.mdx,1,1,1,1,18,12,1,0,0,0,288,0,0,1.334737,-0.253885,-0.343081,0.001117,0.310581,0.420011,2.328202,1,1,0,0,0
312,0,Creature\HighElf\HighElfFemale_Priest.mdx,1,1,1,1,18,12,1,0,0,0,289,0,0,1.334737,-0.317467,-0.342072,0.001117,0.310581,0.420011,2.328202,1,1,0,0,0
313,0,Creature\HighElf\HighElfFemale_Warrior.mdx,1,1,1,1,18,12,1,0,0,0,290,0,0,1.334737,-0.363323,-0.406066,0.001117,0.336256,0.474039,2.328202,1,1,0,0,0
314,0,Creature\HighElf\HighElfMale_Mage.mdx,1,1,1,1,18,12,1,0,0,0,291,0,0,1.341338,-0.389116,-0.508516,-0.000256,0.241634,0.50416,2.294297,1,1,0,0,0
315,0,Creature\HighElf\HighElfMale_Hunter.mdx,1,1,1,1,18,12,1,0,0,0,292,0.6111,2.031,0,-0.341633,-0.492767,-0.000255,0.241634,0.488248,2.294297,1,1,0,0,0
316,0,Creature\HighElf\HighElfMale_Priest.mdx,1,1,1,1,18,12,1,0,0,0,289,0,0,1.341338,-0.389116,-0.508516,-0.000256,0.241634,0.50416,2.294297,1,1,0,0,0
317,0,Creature\HighElf\HighElfMale_Warrior.mdx,1,1,1,1,18,12,1,0,0,0,293,0,0,1.341338,-0.381968,-0.509579,-0.000256,0.2519,0.505562,2.294297,1,1,0,0,0
331,1,Creature\FelBat\BatTaxi.mdx,1,1,1,-1,18,12,1,0,0,0,308,0.6111,2.031,1.193891,-2.269798,-5.225965,0.796045,3.382529,5.2302,6.770887,1,1,0,0,0
332,1,Creature\NagaMale\NagaMale.mdx,1,1,1,1,1,1,1,0,0,0,309,0.6111,2.031,0,-1.707701,-1.103933,-0.029985,0.74445,1.114047,2.826015,1,1,0,0,0
351,0,Creature\Chimera\Chimera.mdx,1,1,1,-1,18,12,1,0,0,0,328,0.6111,2.031,0,-4.835459,-6.571578,0.357205,3.524487,6.400876,4.85956,1,1,0,0,0
352,0,Creature\Serpent\Serpent.mdx,1,1,1,1,1,1,1,0,0,0,329,0.6111,2.031,0,-4.040947,-1.547717,-0.029341,1.426519,1.521258,3.447405,1,1,0,0,0
371,0,Creature\Imp\Imp.mdx,0,1,1,3,18,12,1,0,0,0,348,0.6111,2.031,0,-1.463788,-0.768818,-0.002778,0.697102,0.74807,1.861708,1,1,0,0,0
372,0,Creature\Quillboar\QuillBoarWarrior.mdx,1,1,1,6,18,12,1,0,0,0,143,0.6944,2.083,0,-1.579813,-0.714368,-0.01072,0.723103,0.726062,2.542257,1,1,0,0,0
373,1,Creature\Owl\Owl.mdx,1,1,1,1,18,12,1,0,0,0,350,0.6111,2.031,0,-2.591072,-2.028931,0.46202,1.547392,2.204091,6.261832,1,1,0,0,0
374,3,Creature\Spells\WaterElementalTotem.mdx,1,1,-1,-1,18,12,1,0,0,0,351,0.5193,1.315,0,-1.144781,-1.0966,-0.575261,1.165462,1.213644,1.465828,1,1,0,0,0
375,3,Creature\Spells\EarthElementalTotem.mdx,1,1,-1,-1,18,12,1,0,0,0,352,0.5193,1.315,0,-0.897001,-0.852837,-0.421537,0.922089,0.966252,1.465828,1,1,0,0,0
376,3,Creature\Spells\FireElementalTotem.mdx,1,1,-1,-1,18,12,1,0,0,0,353,0.5201,1.315,0,-0.897001,-0.852837,-0.421537,0.922089,0.966252,1.465828,1,1,0,0,0
377,3,Creature\SPELLS\AirElementalTotem.mdx,1,1,-1,-1,18,12,1,0,0,0,2508,0.5193,1.315,0,-0.897001,-0.852837,-0.421537,0.922089,0.966252,1.465827,1,1,0,0,0
391,3,Creature\Shade\Shade.mdx,1,1,3,-1,18,12,1,0,0,0,368,0.6111,2.031,0,-0.66202,-0.906147,0.464983,0.82943,1.057231,2.906141,1,1,0,0,0
392,0,Creature\Quillboar\QuillBoarCaster.mdx,1,1,1,6,18,12,1,0,0,0,143,0.6944,2.083,0,-0.856066,-0.784679,-0.010721,0.632179,0.795657,2.410287,1,1,0,0,0
393,3,Creature\Spells\FireLightTotem.mdx,1,1,-1,-1,18,12,1,0,0,0,370,0.5201,1.315,0,-0.897001,-0.852837,-0.237642,0.922089,0.966252,1.465828,1,1,0,0,0
411,9,Creature\FelBat\FelBat.mdx,1,1,2,-1,18,12,1,0,0,0,189,0.6111,2.031,1.193891,-2.195609,-5.224782,1.380433,3.156975,5.239373,7.34411,1,1,0,0,0
452,1,Creature\Fish\Fish.mdx,1,1,1,-1,18,12,1,0,0,0,389,0.6111,2.031,0,-3.939116,-1.923957,1.866905,2.074345,1.30562,2.515815,1,1,0,0,0
453,1,Creature\StormCrow\StormCrow.mdx,1,1,1,-1,0,0,0,0,0,0,390,0.6111,2.031,0,-1.496657,-2.028712,0.74859,1.739901,2.203794,6.261179,1,1,0,0,0
454,0,Creature\TRex\trex.mdx,2,1,3,5,12,18,1,0,0,0,391,0.6111,2.031,0,-9.46501,-2.396683,-0.108702,4.209991,2.307499,6.904156,1,1,0,0,0
455,2,Creature\Zombie\ZombieSword.mdx,1,1,2,4,12,18,1,0,0,0,392,0.6944,2.083,0,-0.52241,-0.470687,-0.003004,0.435288,0.423637,1.871041,1,1,0,0,0
456,10,Creature\Anubisath\Anubisath.mdx,1,1,3,1,18,12,1,0,2,12,40,0.6944,2.083,0,-1.638828,-3.094508,-0.003741,1.988744,2.622028,7.79566,1,1,0,0,0
457,0,Creature\FrostSabre\RidingFrostSabre.mdx,1,1,1,7,24,18,1,0,0,0,196,0.6111,2.031,1.241372,-2.432665,-0.656587,-0.036731,1.084704,0.522986,1.37463,1,1,0,0,0
458,0,Creature\RidingRaptor\RidingRaptor.mdx,1,1,1,5,24,18,1,0,0,0,34,0.6111,2.031,2.520609,-4.327703,-1.114641,-0.063824,2.134764,2.09821,3.372816,1,1,0,0,0
459,0,Creature\Tallstrider\TallStrider.mdx,1,1,1,3,24,18,1,0,0,0,38,0.6111,2.031,2.412617,-1.671618,-0.776143,-0.031664,1.221609,0.885709,3.322787,1,1,0,0,0
471,0,Creature\Centaur\CentaurKhan.mdx,1,1,1,6,18,12,1,0,0,0,3,0.6944,2.083,0,-1.424755,-0.632918,-0.000172,0.923705,0.632026,2.614836,1,1,0,0,0
491,2,Creature\UndeadHorse\RidingUndeadHorse.mdx,1,1,3,6,18,12,1,0,0,10,428,0.6111,2.031,1.984926,-1.635544,-0.462955,-0.034097,1.856299,0.462889,2.579803,1,1,0,0,0
492,0,Creature\Centaur\CentaurCaster.mdx,1,1,1,6,18,12,1,0,0,0,429,0.6944,2.083,0,-1.457067,-0.745667,-0.00472,0.932472,0.662532,2.824787,1,1,0,0,0
511,0,Creature\Centaur\CentaurWarrior.mdx,1,1,1,6,18,12,1,0,0,0,3,0.6944,2.083,0,-1.457067,-0.548783,-0.00472,0.932472,0.528956,2.686955,1,1,0,0,0
512,3,Creature\Fish\Fish.mdx,1,1,-1,-1,18,12,1,0,0,0,389,0.6111,2.031,0,-3.939116,-1.923957,1.866905,2.074345,1.30562,2.515815,1,1,0,0,0
531,1,Creature\NagaFemale\Siren.mdx,1,1,-1,-1,18,12,1,0,0,0,468,0.6111,2.031,0,-1.806274,-0.73834,-0.020102,0.556626,0.7471,2.83436,1,1,0,0,0
551,0,Creature\FelGuard\FelGuard.mdx,1,1,3,1,22,16,1,0,0,10,488,0.6111,2.031,0,-0.775396,-1.057631,-0.007959,1.123818,0.904919,3.64691,1,1,0,0,0
552,2,Creature\UndeadHorse\UndeadHorse.mdx,1,1,3,6,12,18,1,0,0,0,428,0.6111,2.031,1.865717,-1.635544,-0.462955,-0.034097,1.856299,0.462889,2.579803,1,1,0,0,0
571,9,Creature\Drake\Drake.mdx,2,1,1,1,18,12,1,0,0,10,508,0.6111,2.031,2.600726,-6.451479,-10.21152,-0.551222,2.749523,10.21095,11.51261,1,1,0,0,0
591,3,Creature\AirElemental\AirElemental.mdx,1,1,3,4,18,12,1,0,0,0,528,0.6944,2.083,0,-1.340894,-1.544356,0.414726,1.107398,1.500984,3.368752,1,1,0,0,0
611,1,Creature\Parrot\Parrot.mdx,0,1,-1,4,18,12,1,0,0,0,548,0.6111,2.031,0,-1.470697,-2.075704,0.764417,1.628565,2.249733,6.228829,1,1,0,0,0
631,16,Creature\Cat\Cat.mdx,0,1,1,7,4,3,1,0,0,0,568,0.4167,0.5556,0,-1.256005,-0.279825,-0.000143,0.525363,0.270766,0.685835,1,1,0,0,0
651,1,Creature\Parrot\Parrot.mdx,0,1,1,-1,18,12,1,0,0,0,548,0.6111,2.031,0,-1.470697,-2.075704,0.764417,1.628565,2.249733,6.228829,1,1,0,0,0
671,3,Creature\GnomeSpidertank\GnomeSpiderTank.mdx,2,1,3,-1,1,1,1,0,0,10,588,0.6111,2.031,0,-1.592256,-1.47701,0.017468,1.010801,1.475769,2.652474,1,1,0,0,0
692,2,Creature\StoneKeeper\StoneKeeper.mdx,3,1,3,1,130,70,1,0,1,12,608,0.6111,2.031,3.487729,-1.858846,-3.075679,-0.013021,1.720522,2.682394,7.411776,1,1,0,0,0
711,0,Creature\Kodobeast\KodoBeastTame.mdx,3,1,1,1,18,12,1,0,1,10,27,0.6944,2.083,0,-7.282069,-2.671489,-0.020839,3.343076,2.366496,4.532022,1,1,0,0,0
712,3,Creature\Spells\LandMine01.mdx,0,1,-1,1,18,12,1,0,0,0,629,0.884,0.3309,0,-0.441979,-0.441979,0,0.441979,0.441979,0.859121,1,1,0,0,0
731,0,Creature\MountedDeathKnight\MountedDeathKnight.mdx,1,1,-1,6,18,12,1,0,0,0,648,0.6111,2.031,1.078499,-1.88607,-0.934682,-0.003634,1.929764,0.935914,3.11112,1,1,0,0,0
751,2,Creature\MechaStrider\MechaStrider.mdx,1,1,-1,5,18,12,1,0,0,0,688,0.6111,2.031,1.625,-1.337222,-0.666828,-0.015617,0.972041,0.629964,2.250629,1,1,0,0,0
771,2,Creature\GNOMESPIDERTANK\GnomeBot.mdx,2,1,3,1,32,24,1,0,0,10,708,0.6111,2.031,0,-1.552909,-1.694909,-0.191527,0.84789,1.624392,3.185408,0.85,1,0,0,0
791,1,Creature\Wyvern\Wyvern.mdx,2,1,1,-1,18,12,1,0,0,0,85,0.6111,2.031,1.193891,-3.20153,-5.221857,0.423987,3.136625,5.234344,6.741571,1,1,0,0,0
792,1,Creature\Gryphon\Gryphon.mdx,2,1,1,-1,18,12,1,0,0,0,145,0.6111,2.031,1.56762,-2.541618,-4.04152,0.036023,1.936559,4.030259,5.403696,1,1,0,0,0
811,2,Creature\GnomeSpidertank\GnomeAlertBot.mdx,0,1,-1,-1,18,12,1,0,0,0,728,0.6111,2.031,0,-3.120336,-2.74266,-0.31655,2.473806,2.85448,5.277591,1,1,0,0,0
831,4,Character\Goblin\Male\GoblinMale.mdx,1,1,1,1,12,10,1,0,0,0,1128,0.5556,1.389,0.460123,-0.452914,-0.57907,-0.010637,0.470234,0.530076,1.398907,1,1,0,0,0
832,4,Character\Goblin\Female\GoblinFemale.mdx,1,1,1,1,12,10,1,0,0,0,294,0.5556,1.389,0.460123,-0.476561,-0.547329,-0.010054,0.466182,0.513474,1.359618,1,1,0,0,0
851,0,Creature\GnomeSpidertank\GnomeBomBot.mdx,0,1,-1,1,18,12,1,0,0,0,748,0.6111,2.031,0,-1.694566,-1.200527,-7.2E-05,1.082574,1.221715,3.909969,1,1,0,0,0
852,0,Creature\MechaStrider\GnomeMechaStrider.mdx,1,1,-1,5,18,12,1,0,0,0,749,0.6111,2.031,1.625,-1.338331,-0.665242,-0.015617,0.985476,0.629889,2.470776,1,1,0,0,0
853,2,Creature\GnomeSpidertank\GnomePounder.mdx,2,1,-1,1,18,12,1,0,0,10,750,0.6111,2.031,0,-1.574138,-2.825159,-0.184238,4.13985,3.209484,4.743273,1,1,0,0,0
871,1,Creature\SILITHIDSCARAB\SilithidScarab.mdx,1,1,2,-1,18,12,1,0,0,0,768,0.6111,2.031,0,-2.281543,-1.706355,-0.011417,2.881499,1.708602,2.628397,1,1,0,0,0
891,1,Creature\Gargoyle\Gargoyle.mdx,1,1,3,1,18,12,1,0,0,0,788,0.6111,2.031,1.800374,-1.520481,-3.357987,0.57848,1.195159,3.35428,3.799082,1,1,0,0,0
892,0,Creature\MineSpider\MineSpiderBoss.mdx,3,1,2,1,18,12,1,0,0,11,789,0.6111,2.031,0,-2.202567,-2.198774,-0.018529,3.882278,2.196033,2.039596,1,1,0,0,0
911,17,Creature\Worm\Worm.mdx,1,1,3,1,18,12,1,0,0,0,808,0.6111,2.031,0,-2.794904,-0.64994,-0.029336,1.387286,0.729856,3.287649,1,1,0,0,0
912,0,Creature\SkeletonNaked\SkeletonNaked.mdx,1,1,-1,4,18,12,1,0,0,0,809,0.6111,2.031,1.078235,-0.48021,-0.562625,-0.006402,0.376165,0.381836,1.807631,1,1,0,0,0
931,0,Creature\demonhunter\DemonHunter.mdx,1,1,1,1,18,12,1,0,0,0,828,0.6111,2.031,0,-2.161257,-1.853257,-0.169149,1.00397,1.828941,3.415699,1,1,0,0,0
932,35,Creature\Larva\Larva.mdx,0,1,1,1,18,24,1,0,0,0,829,0.6111,2.031,0,-4.814116,-1.82511,-0.236798,2.892836,1.742441,2.238282,1,1,0,0,0
951,3,Creature\Lasher\Lasher.mdx,1,1,2,1,18,12,1,0,0,0,848,0.6111,2.031,0,-1.724997,-1.773771,-0.147595,1.369573,1.969018,2.821822,1,1,0,0,0
971,16,Creature\TrollDire\TrollDire.mdx,2,1,1,1,18,12,1,0,0,0,868,0.6944,2.083,0,-0.722417,-2.350807,-0.012191,1.929023,2.035226,2.695635,1,1,0,0,0
991,3,Creature\Slime\SlimeLesser.mdx,0,1,2,-1,18,12,1,0,0,0,81,0.6944,2.083,0,-2.015581,-1.147471,-0.048086,0.777055,1.12493,1.386458,1,1,0,0,0
1011,0,Creature\DragonSpawnCaster\DragonSpawnCaster.mdx,1,1,1,5,18,12,1,0,0,0,0,0.6111,2.031,1.547733,-3.12984,-2.237443,-0.030039,1.946275,1.583493,2.443504,1,1,0,0,0
1031,0,Creature\DragonSpawn\DragonSpawnArmored.mdx,2,1,1,1,18,12,1,0,0,0,47,0.6944,2.083,0,-3.220913,-2.392489,-0.035368,1.97218,1.779187,3.288881,1,1,0,0,0
1051,3,Creature\Lich\Lich.mdx,1,1,3,4,18,12,1,0,0,0,948,0.6111,2.031,0,-1.299049,-1.335937,-0.391127,1.405216,1.426299,3.845491,1,1,0,0,0
1071,0,Creature\Kodobeast\KodoBeastPack.mdx,3,1,-1,6,18,12,1,0,1,10,27,0.6944,2.083,0,-7.282068,-2.542526,-0.020839,3.343075,2.277804,6.468338,1,1,0,0,0
1091,3,Creature\FlyingMachineCreature\FlyingMachineCreature.mdx,1,1,-1,-1,18,12,1,0,0,0,1728,0.6111,2.031,0.426886,-2.770354,-3.516919,1.41397,2.622717,3.562483,5.628866,1,1,0,0,0
1111,3,Creature\SkeletalSerpent\SkeletalSerpent.mdx,1,1,3,1,18,12,1,0,0,0,988,0.6944,2.083,0,-5.077379,-3.352263,0.042131,3.470318,3.218126,5.707887,1,1,0,0,0
1131,2,Creature\GolemStone\GolemCannonStone.mdx,2,1,3,4,18,12,1,0,0,0,1008,0.6111,2.031,0,-0.879996,-1.889463,-0.002894,1.933559,1.620386,3.309372,1,1,0,0,0
1151,1,Creature\Salamander\SalamanderMale.mdx,1,1,1,1,18,12,1,0,0,0,1028,0.6944,2.083,0,-1.648442,-1.124953,-0.045229,0.769515,1.099004,3.009744,1,1,0,0,0
1171,0,Creature\Pterrordax\Pterrordax.mdx,1,1,1,5,18,12,1,0,0,0,1048,0.6944,2.083,0,-2.456492,-5.221869,0.298336,3.136277,5.234324,6.741669,1,1,0,0,0
1191,0,Creature\WarHorse\WarHorse.mdx,2,1,1,6,16,10,1,0,0,10,65,0.6111,2.031,1.86572,-1.952967,-0.464979,-0.021533,2.040423,0.490535,2.540264,1,1,0,0,0
1211,0,Creature\Diemetradon\Diemetradon.mdx,1,1,3,7,18,12,1,0,0,0,1068,0.6944,2.083,0,-6.505508,-3.431702,-0.400213,3.365405,3.506704,4.127054,1,1,0,0,0
1231,16,Creature\DRUIDCAT\DruidCat.mdx,1,1,1,7,18,12,1,0,0,0,1088,0.6111,2.031,1.241372,-2.714715,-0.862427,-0.044873,1.050232,0.580746,1.471183,1,1,0,0,0
1232,0,Creature\DruidCatTauren\DruidCatTauren.mdx,1,1,1,7,18,12,1,0,0,0,1089,0.6111,2.031,1.241372,-2.79524,-0.932814,-0.044873,1.034084,0.617722,1.471183,1,1,0,0,0
1271,3,Creature\Spells\Creature_SpellPortal.mdx,0,1,-1,-1,18,12,1,0,0,0,1168,0.6111,2.031,0,1,1,1,-1,-1,-1,1,1,0,0,0
1291,1,Creature\Drake\OrcDrakeRider.mdx,3,1,1,-1,18,12,1,0,0,11,1188,0.6111,2.031,2.53466,-6.451479,-10.21152,-0.551217,2.749523,10.21095,11.51261,1,1,0,0,0
1311,0,Creature\ZigguratCrystal\ZigguratCrystal.mdx,2,1,-1,-1,18,12,1,0,0,0,1208,0.6944,2.083,0,-25.33346,-26.13239,-47.57452,27.15847,27.59571,43.27337,1,1,0,0,0
1331,0,Creature\FrostSabre\FrostSabre.mdx,1,1,1,7,24,18,1,0,0,0,1248,0.6111,2.031,1.241372,-2.432665,-0.656587,-0.036731,1.084704,0.522986,1.37463,1,1,0,0,0
1351,2,Creature\CryptScarab\Crypt_Scarab.mdx,0,1,-1,-1,18,12,1,0,0,0,1268,0.6111,2.031,0,-0.428757,-0.320899,-0.002514,0.541778,0.321474,0.49419,1,1,0,0,0
1371,0,Creature\Ram\RidingRam.mdx,1,1,1,6,18,12,1,0,0,0,1288,0.6111,2.031,1.866924,-1.445408,-0.959342,-0.010213,2.099284,0.840243,2.592431,1,1,0,0,0
1391,3,Creature\Egg\EggCreature.mdx,0,1,-1,1,0,0,0,0,0,0,1308,0.6111,2.031,0,-0.497435,-0.522459,0.003441,0.538979,0.49505,1.421908,1,1,0,0,0
1411,0,Creature\DragonSpawn\DragonSpawnOverlord.mdx,3,1,1,5,18,12,1,0,0,0,1328,0.6111,2.031,1.547733,-3.250959,-4.279484,-0.03537,1.952533,3.144126,4.873828,1,1,0,0,0
1431,0,Creature\Ogre\OgreWarlord.mdx,2,1,1,4,18,12,1,0,0,10,1348,0.6111,2.031,0,-0.571247,-1.324225,-0.012721,0.6004,1.130184,2.850969,1,1,0,0,0
1451,0,Creature\FelBeast\FelBeast.mdx,2,1,3,1,20,14,1,0,1,11,1368,0.6111,2.031,0,-4.191121,-2.344445,-0.024322,3.619161,2.329423,4.351176,1,1,0,0,0
1471,3,Creature\GoblinRocketCar\GoblinRocketCar.mdx,1,1,-1,1,0,0,0,0,0,0,1388,0.6944,1.389,0,-4.07057,-2.540959,-0.174007,4.801292,2.433932,2.22656,1,1,0,0,0
1491,3,Creature\Wight\Wight.mdx,2,1,2,4,18,12,1,0,0,0,1408,0.6944,2.083,0,-0.725866,-2.500159,0.000791,1.827271,2.059116,2.830142,1,1,0,0,0
1492,3,Creature\spirithealer\SpiritHealer.mdx,1,1,-1,-1,18,12,1,0,0,0,1409,0.6944,2.083,0,-3.350682,-7.216316,-0.229963,1.161631,7.167374,6.730695,1,1,0,0,0
1511,2,Creature\MountedDeathKnight\RidingUndeadWarHorse.mdx,2,1,3,6,18,12,1,0,0,10,1428,0.6111,2.031,1.86572,-1.437208,-0.936908,-0.01994,1.993951,0.909372,3.115737,1,1,0,0,0
1531,16,Creature\diablo\DiabloFunSized.mdx,0,1,3,5,10,6,1,0,0,0,1468,0.6111,2.031,0,-1.230732,-1.539625,-0.051297,1.404607,1.452415,2.970254,1,1,0,0,0
1532,0,Creature\panda\PandaCub.mdx,0,1,1,7,10,6,1,0,0,0,1469,0.6111,2.031,0,-1.746727,-0.925281,-0.154749,2.113511,0.861904,1.9511,1,1,0,0,0
1533,0,Creature\zergling\ZerglingPet.mdx,0,1,1,5,10,6,1,0,0,0,1470,0.6111,2.031,0,-2.094645,-1.02568,-0.02018,2.075116,1.023076,2.707867,1,1,0,0,0
1551,8,Creature\Dragon\DragonOnyxia.mdx,4,1,1,5,18,12,1,0,2,12,191,0.6111,2.031,8.139028,-19.48049,-10.7485,-1.505302,10.08676,10.98746,14.12257,1,1,0,0,0
1571,11,Creature\Ragnaros\Ragnaros.mdx,4,1,3,4,18,12,1,0,0,12,1508,0.6111,2.031,0,-14.21532,-22.08594,-5.780576,21.83959,22.10667,52.92045,0.57,1,0,0,0
1591,0,Creature\Dragon\DragonNefarian.mdx,4,1,3,5,18,12,1,0,2,12,191,0.6944,2.083,8.139028,-19.73081,-9.710937,-0.694382,10.30228,9.767403,13.7583,1,1,0,0,0
1611,0,Creature\Turkey\Turkey.mdx,0,1,1,5,3,2,1,0,0,0,1530,0.6111,2.031,0,-0.609812,-0.498159,-0.008568,0.434152,0.543,1.324603,1,1,0,0,0
1631,16,Creature\FelBoar\FelBoar.mdx,1,1,3,3,18,12,1,0,0,0,1548,0.6111,2.031,0,-1.149143,-0.656634,-0.018441,1.775755,0.658169,2.086976,1,1,0,0,0
1651,0,Creature\Dragon\DragonAzurgoz.mdx,3,1,3,5,30,20,2,0,2,12,191,0.6111,2.031,8.139028,-20.14612,-9.588581,-0.693878,10.45881,9.593826,13.75829,1,1,0,0,0
1671,3,Creature\CrystalPortal\CrystalPortal.mdx,0,1,-1,-1,18,12,1,0,0,0,1568,0.6944,2.083,0,-0.471362,-0.467943,0.960521,0.467777,0.435358,2.918858,1,1,0,0,0
1691,0,Creature\Lord Kezzak\LordKezzak.mdx,3,1,3,3,18,12,1,0,10,10,68,0.6111,2.031,0,-6.896017,-9.75801,0.001132,4.327205,9.908392,11.4411,1,1,0,0,0
1711,0,Creature\Kodobeast\RidingKodo.mdx,1,1,1,6,54,36,1,0,0,0,1588,0.6111,2.031,3.542867,-7.282068,-2.412746,-0.020839,3.343075,2.277804,4.342489,1,1,0,0,0
1731,3,Creature\InvisibleStalker\InvisibleStalker.mdx,1,1,3,4,0,0,0,0,0,0,1608,0.6111,2.031,1.300954,1,1,1,-1,-1,-1,1,1,0,0,0
1751,0,Creature\Tharazun\Tharazun.mdx,2,1,3,1,18,12,1,0,0,0,1628,0.6944,2.083,0,-2.22477,-2.028813,-0.003786,1.165861,1.996074,4.358971,1,1,0,0,0
1752,3,Creature\InvisibleStalker\InvisibleStalker.mdx,0,1,3,1,18,12,1,0,0,0,1608,0.6111,2.031,1.300954,1,1,1,-1,-1,-1,1,1,0,0,0
1753,0,Creature\ObsidianDestroyer\ObsidianDestroyer.mdx,3,1,3,5,18,12,1,0,0,0,1648,0.6944,2.083,0,-2.185289,-3.127546,-0.052051,2.036014,2.386564,3.708958,1,1,0,0,0
1771,0,Creature\BoneGolem\BoneGolem.mdx,1,1,-1,4,0,0,0,0,0,0,1668,0.6944,2.083,0,-0.542557,-0.712335,-0.132363,0.927112,0.975776,1.826384,1,1,0,0,0
1811,0,Creature\Lord Kezzak\LordKezzak.mdx,3,1,3,5,18,12,1,0,1,11,1708,0.6111,2.031,0,-6.896017,-9.75801,0.001132,4.327205,9.908392,11.4411,1,1,0,0,0
1831,11,Creature\Snowman\SnowMan.mdx,1,1,-1,1,0,0,0,0,0,0,1748,0.6944,1.389,0,-0.421122,-0.613745,-0.024655,0.666826,0.584289,1.166122,1,1,0,0,0
1851,0,Creature\voidterror\VoidTerror.mdx,1,1,3,5,18,12,1,0,0,0,1768,0.6111,2.031,0,-4.700993,-2.344445,-0.024323,2.764385,2.329423,4.868563,1.4,1,0,0,0
1871,9,Creature\Manafiend\ManaFiend.mdx,1,1,-1,-1,0,0,0,0,0,0,1788,0.6111,2.031,0,-1.527885,-1.956925,-0.123405,1.332205,1.955667,3.68225,1,1,0,0,0
1891,0,Creature\DragonFootSoldier\DragonFootSoldier.mdx,1,1,-1,1,18,12,1,0,0,10,1808,0.6111,2.031,0,-2.9175,-1.598814,0.003094,1.901538,3.230654,4.368904,1,1,0,0,0
1911,0,Creature\DireWolf\PvPRidingDireWolf.mdx,1,1,1,7,24,18,1,0,0,0,1828,0.6111,2.031,1.399111,-2.306945,-0.633575,-0.023982,1.606593,0.546913,2.025844,1,1,0,0,0
1912,0,Creature\FrostSabre\PVPRidingFrostSabre.mdx,1,1,1,7,20,16,1,0,0,0,1829,0.6111,2.031,1.241372,-2.432665,-0.656587,-0.036731,1.102324,0.533901,1.440939,1,1,0,0,0
1913,0,Creature\Ram\PVPRidingRam.mdx,1,1,1,6,18,12,1,0,0,0,1830,0.6111,2.031,2.106635,-1.275033,-1.087559,-0.010213,2.31308,0.835664,2.616765,1,1,0,0,0
1914,0,Creature\Kodobeast\KodoBeastPvPT2.mdx,1,1,1,6,54,36,1,0,0,0,1588,0.6111,2.031,3.542867,-7.364501,-2.44441,-0.017597,3.615493,2.294746,4.69473,1,1,0,0,0
1915,0,Creature\MechaStrider\PvPMechaStrider.mdx,1,1,3,5,18,12,1,0,0,0,1832,0.6111,2.031,1.625,-1.956961,-1.010247,-0.015617,1.292528,0.982764,2.531434,1,1,0,0,0
1916,0,Creature\RidingRaptor\PvPRidingRaptor.mdx,1,1,1,5,24,18,1,0,0,0,1833,0.6111,2.031,2.520609,-4.327703,-1.114641,-0.063824,1.975829,2.09821,3.441156,1,1,0,0,0
1917,0,Creature\RidingHorse\RidingHorsePvPT2.mdx,0,1,1,6,18,12,1,0,0,0,1834,0.6111,2.031,1.86572,-1.403828,-0.518758,-0.023,2.005188,0.47686,2.671894,1,1,0,0,0
1931,0,Creature\Drakeadon\Drakeadon.mdx,3,1,2,5,18,12,1,0,0,0,1848,0.6111,2.031,0,-4.191121,-2.344445,-0.024322,3.011969,2.329423,6.032905,1,1,0,0,0
1951,0,Creature\Nightmare\Gorgon101.mdx,1,1,3,3,18,12,1,0,0,0,1868,0.6111,2.031,1.865717,-1.434944,-0.885324,-0.013426,1.979149,0.902423,2.905035,1,1,0,0,0
1952,0,Creature\WARHORSE\PVPWarHorse.mdx,1,1,1,6,18,12,1,0,0,0,1869,0.6111,2.031,1.865717,-1.952967,-0.575566,-0.021533,2.406199,0.509168,2.830613,1,1,0,0,0
1971,0,Creature\Spells\BattleStandard_Alliance.mdx,0,1,-1,-1,18,12,1,0,0,0,1888,0,0,0,-3.066985,-3.055264,-0.313367,3.050155,3.061877,3.992081,1,1,0,0,0
1972,0,Creature\Spells\BattleStandard_Horde.mdx,0,1,-1,-1,0,0,0,0,0,0,1889,0,0,2.959686,-2.982971,-2.971833,-0.499315,2.965927,2.977066,4.338146,1,1,0,0,0
1973,0,Creature\DragonSpawn\DragonSpawnGreater.mdx,2,1,1,5,18,12,1,0,0,0,1890,0.6111,2.031,1.547733,-3.250959,-4.568821,-0.03537,1.952533,2.854789,3.523082,1,1,0,0,0
1991,0,Creature\RIDINGHORSE\PackMule.mdx,1,1,1,3,0,0,0,0,0,0,1908,0.6111,2.031,1.86572,-1.243596,-1.242734,-0.021547,2.118665,1.180331,3.533073,1,1,0,0,0
2011,0,Creature\OrcMaleKid\OrcMaleKid.mdx,0,1,1,4,18,12,1,0,0,0,1928,0.6111,2.031,0,-0.17382,-0.254723,0.005046,0.180887,0.256344,1.375584,1,1,0,0,0
2031,0,Creature\OrcFemaleKid\OrcFemaleKid.mdx,0,1,1,1,18,12,1,0,0,0,1948,0.6111,2.031,0,-0.16542,-0.217483,-0.002207,0.126756,0.209629,1.163884,1,1,0,0,0
2051,0,Creature\AncientOfLore\AncientofLore.mdx,4,1,3,5,18,12,1,0,2,12,178,0.6944,2.083,0,-2.730902,-3.889506,-0.10581,3.599945,3.886084,9.049429,1,1,0,0,0
2071,1,Creature\ChineseDragon\ChineseDragon.mdx,0,1,1,-1,0,0,0,0,0,0,1968,0.6111,2.031,0,-3.332881,-0.967526,0.500492,0.924739,0.811426,4.279819,1,1,0,0,0
2072,0,Creature\Spells\BattleStandard_Frostwolf_A_01.mdx,0,1,-1,-1,0,0,0,0,0,0,1969,0,0,0,-1.417035,-1.409885,-0.249658,1.404378,1.411529,2.169073,1,1,0,0,0
2073,0,Creature\Spells\BattleStandard_Stormpike_A_01.mdx,0,1,-1,-1,18,12,1,0,0,0,1970,0,0,0,-3.066985,-3.055264,-0.313367,3.050156,3.061877,4.295918,1,1,0,0,0
2091,0,Creature\tigon\TigonMale.mdx,1,1,1,5,18,12,1,0,0,0,1988,0.6111,2.031,1.294047,-1.429576,-0.922217,-0.016732,0.959842,0.865049,2.273338,1,1,0,0,0
2111,11,Creature\Thunderaan\Thunderaan.mdx,0,1,-1,-1,18,12,1,0,0,12,2008,0.6944,2.083,0,-17.72416,-26.31194,-2.301688,40.68151,22.38282,55.23362,1,1,0,0,0
2131,0,Creature\tigon\TigonFemale.mdx,1,1,1,7,18,12,1,0,0,0,2028,0.6111,2.031,1.319326,-1.473266,-2.935503,-0.232176,1.712248,2.071268,4.740191,1,1,0,0,0
2151,0,Creature\slith\Slith.mdx,1,1,-1,-1,0,0,0,0,0,0,2048,0.6944,2.083,0,-1.648573,-0.835492,-0.046057,0.807789,0.842099,2.161887,1,1,0,0,0
2171,0,Creature\mobat\Mobat.mdx,1,1,1,-1,0,0,0,0,0,0,2068,0.6944,2.083,0,-1.520481,-3.357987,0.57848,1.19516,3.35428,3.799081,1,1,0,0,0
2191,0,Creature\Dryder\Dryder.mdx,2,1,-1,-1,0,0,0,0,0,0,2088,0.6944,2.083,0,-2.340821,-2.438103,-0.186012,2.054129,2.437529,3.302981,1,1,0,0,0
2192,0,Creature\Hakkar\Hakkar.mdx,0,1,-1,-1,18,12,1,0,0,0,2089,0.6111,2.031,0,-1.748604,-1.908682,-0.136982,0.565231,1.881997,2.754536,1,1,0,0,0
2193,0,Creature\Hakkar\Hakkar.mdx,0,1,-1,-1,0,0,0,0,0,0,2089,0.6111,2.031,0,-1.748604,-1.908682,-0.136982,0.565231,1.881997,2.754536,1,1,0,0,0
2194,1,Creature\FelBat\BatRider.mdx,1,1,1,-1,18,12,1,0,0,0,2090,0.6111,2.031,1.193891,-2.269799,-5.229757,1.393457,3.439837,5.235109,7.355855,1,1,0,0,0
2195,0,Creature\GnomeRocketCar\GnomeRocketCar.mdx,1,1,3,-1,0,0,0,0,0,0,2091,5.064,6.252,0,-2.886657,-1.68521,-0.045064,2.675554,1.453197,6.669011,1,1,0,0,0
2196,0,Creature\Dragon\Taerar.mdx,3,1,1,5,30,20,3,0,2,12,2092,0.6111,2.031,8.139028,-20.14612,-9.710938,-0.694382,9.816065,9.767403,13.7583,1,1,0,0,0
2197,0,Creature\Dragon\Lethon.mdx,3,1,1,5,30,20,5,0,2,12,2093,0.6944,2.083,8.139028,-20.14612,-9.710938,-0.694382,9.816065,9.767403,13.7583,1,1,0,0,0
2198,0,Creature\Murloc\BabyMurloc.mdx,0,1,1,5,7,5,1,0,0,0,2094,0.6111,2.031,0.387196,-0.702306,-0.5118,-0.001952,0.441011,0.509685,1.30913,1,1,0,0,0
2199,0,Creature\DruidOwlbear\DruidOwlBear.mdx,1,1,-1,5,18,12,1,0,0,0,2095,0.6111,2.031,1.346687,-1.050461,-1.555344,-0.003735,0.878433,1.55198,3.966823,1,1,0,0,0
2200,0,Creature\DruidOwlbear\DruidOwlBearTauren.mdx,1,1,-1,5,18,12,1,0,0,0,2096,0.6111,2.031,1.346687,-1.050461,-1.555344,-0.003735,0.878433,1.55198,2.910512,1,1,0,0,0
2201,11,Creature\SteamTonk\SteamTonk.mdx,0,1,3,-1,18,12,1,0,0,0,2097,0.6111,2.031,0,-0.443818,-0.420379,-0.002871,0.438546,0.425988,0.672555,1,1,0,0,0
2202,0,CREATURE\MURLOC\BabyMurloc.mdx,0,1,3,5,18,12,1,0,0,0,2094,0.6944,1.389,0,-0.702306,-0.5118,-0.001952,0.441011,0.509685,1.30913,1,1,0,0,0
2203,0,Creature\ManafiendGreen\ManaFiendGreen.mdx,1,1,-1,-1,18,12,1,0,0,0,2098,0.6111,2.031,0,-0.972663,-1.840402,0.081421,1.080501,1.841627,3.445507,1,1,0,0,0
2204,1,Creature\SilithidWaspBoss\SilithidWaspBoss.mdx,2,1,2,-1,18,12,1,0,0,0,2099,0.6111,2.031,0,-3.812147,-6.675867,0.712772,5.511306,6.052883,13.65532,1,1,0,0,0
2205,0,Creature\Horisath\Horisath.mdx,3,1,-1,1,18,12,1,0,0,0,2100,0.6111,2.031,0,-2.062212,-3.175582,-0.003742,1.753953,2.73148,8.821517,1,1,0,0,0
2206,3,Creature\InvisibleMan\InvisibleMan.mdx,1,1,-1,-1,0,0,0,0,0,0,2101,0.6111,2.031,0,1,1,1,-1,-1,-1,1,1,0,0,0
2207,1,Creature\LesserManaFiend\LesserManaFiend.mdx,1,1,3,4,18,12,1,0,0,0,2102,0.6111,2.031,0,-0.857976,-0.905654,0.464983,0.82943,1.057231,3.02941,1,1,0,0,0
2208,2052,Character\BloodElf\Male\BloodElfMale.mdx,1,1,1,1,12,10,1,0,0,0,2155,0.6111,2.031,1.166132,-0.640333,-0.480391,-0.005972,0.370374,0.437216,2.229498,1,1,0,0,0
2209,2052,Character\BloodElf\Female\BloodElfFemale.mdx,1,1,1,1,12,10,1,0,0,0,2156,0.6111,2.031,1.158007,-0.500903,-0.377718,-0.000382,0.352958,0.316759,2.013748,1,1,0,0,0
2210,1,Creature\ManaWurm\ManaWurm.mdx,0,1,1,-1,0,0,0,0,0,0,2103,0.6111,2.031,0,-1.065003,-0.255494,0.817761,0.377519,0.525457,1.409159,1,1,0,0,0
2211,0,Creature\BloodElfGuard\BloodElfMale_Guard.mdx,1,1,1,1,18,12,1,0,0,0,2104,0.6111,2.031,0,-1.273414,-0.536408,9.7E-05,1.223056,0.490646,2.281559,1,1,0,0,0
2212,0,Creature\CrackElf\CrackElfMale.mdx,0,1,1,1,18,12,1,0,0,0,2105,0.6111,2.031,0,-0.476729,-0.566272,-0.007271,0.384068,0.382532,1.9498,1,1,0,0,0
2213,1,Creature\EyeOfKathune\EyeofKathune.mdx,4,1,3,-1,18,12,1,0,0,12,2106,26.11,22.78,0,-20.84484,-32.78127,-23.20214,20.86871,32.79073,46.49915,1,1,0,0,0
2215,0,Creature\MountedDemonKnight\MountedDemonKnight.mdx,1,1,3,6,0,0,0,0,0,0,2107,0.6944,2.083,0,-1.398751,-0.657681,-0.002116,2.212158,0.61867,3.384351,1,1,0,0,0
2216,1,Creature\SilithidTankBoss\SilithidTankBoss.mdx,2,1,2,4,18,12,1,0,0,0,2108,3.78,8.034,0,-4.433692,-3.856892,0.004614,5.59419,4.161187,7.621994,1,1,0,0,0
2217,1,Creature\SilithidTankBoss\SilithidTankBoss_Damaged.mdx,2,1,2,4,18,12,1,0,0,0,2109,3.824,8.341,0,-4.394686,-3.856061,0.00754,5.633789,4.164043,7.206059,1,1,0,0,0
2218,1,Creature\SANDWORM\SandWorm.mdx,4,1,2,4,18,12,1,0,0,0,2110,0.6111,2.031,0,-1.305904,-1.693934,-1.122847,1.055363,1.594303,4.272962,0.3,1.35,0,0,0
2219,0,Creature\RidingSilithid\RidingSilithid.mdx,2,1,2,-1,18,12,1,0,0,0,2111,0.6111,2.031,1.817263,-2.460742,-1.440652,-0.045786,1.36794,1.77296,3.219982,1,1,0,0,0
2220,1,Creature\RidingSilithid\RidingSilithid.mdx,1,1,2,-1,18,12,1,0,0,0,2112,0.6111,2.031,1.817263,-2.460742,-1.440652,-0.045786,1.36794,1.77296,3.219982,1,1,0,0,0
2221,0,Creature\SlimeGiant\GiantSlime.mdx,3,1,2,-1,18,12,1,0,0,0,81,0.6111,2.031,1.036183,-14.11924,-8.598783,-0.193876,7.036558,8.416142,12.85383,1,1,0,0,0
2222,0,Creature\SandReaver\SandReaver.mdx,2,1,2,-1,18,12,1,0,0,0,2113,0.8681,2.604,0,-8.922012,-5.015057,-1.565306,4.662356,5.343112,2.877672,1,1,0,0,0
2223,0,Creature\TwinEmperor\TwinEmperor.mdx,2,1,2,-1,0,0,0,0,0,0,2114,0.6111,2.031,3.39035,-1.13633,-2.048992,-0.009415,0.882669,2.041512,6.659571,1,1,0,0,0
2224,0,Creature\BODYOFKATHUNE\BodyofKathune.mdx,4,1,-1,-1,0,0,0,0,0,38,2115,27.08,11.18,0,-24.28719,-21.52135,-5.898159,25.41014,23.42202,26.04132,1,1,0,0,0
2225,0,Creature\HalfBodyofKathune\HalfBodyofKathune.mdx,4,1,-1,-1,0,0,0,0,0,0,2116,24.12,9.961,0,-15.90702,-15.93801,-0.771002,15.89511,15.89263,7.590403,1,1,0,0,0
2226,0,Creature\EyeStalkofKathune\EyeStalkofKathune.mdx,2,1,3,-1,18,12,1,0,0,0,2106,0.6111,2.031,0,-2.606706,-1.012982,-0.934058,1.210801,1.016241,6.181449,1,1,0,0,0
2227,0,Creature\ClawofKathune\ClawofKathune.mdx,2,1,3,4,18,12,1,0,0,0,2117,2.443,5.153,0,-1.336359,-1.446021,-1.185424,2.977993,1.445976,3.791444,1.15,1,0,0,0
2228,0,Creature\MouthofKathune01\MouthofKathune01.mdx,2,1,3,-1,18,12,1,0,0,0,2118,0.6111,2.031,8.306684,-3.598259,-3.746583,-12.89216,1.928209,3.750278,-1.138525,1,1,0,0,0
2229,0,Creature\Shark\Shark.mdx,3,1,1,-1,18,12,1,0,0,0,183,0.6111,2.031,0,-3.289911,-3.379179,-0.102903,3.017033,3.55042,2.658882,1,1,0,0,0
2230,0,Creature\PortalofKathune\PortalofKathune.mdx,3,1,-1,-1,0,0,0,0,0,0,2119,0.6111,2.031,0,-27.40695,-27.19981,-4.362099,26.03942,27.07105,1.413876,1,1,0,0,0
2231,0,Creature\NIAN\Nian.mdx,2,1,3,5,18,12,1,0,1,11,2120,0.6111,2.031,0,-4.191122,-2.289265,-0.019384,3.146662,2.31181,4.351175,1.5,0.4,0,0,0
2232,0,Creature\ReinDeer\ReinDeer.mdx,1,1,1,6,18,12,1,0,0,0,2121,0.6944,2.083,0,-1.15492,-0.85228,-0.018185,2.678789,0.742371,2.779006,1,1,0,0,0
2233,0,Creature\ReinDeer\ReinDeerMount.mdx,1,1,1,6,18,12,1,0,0,0,2122,0.6111,2.031,2.007804,-1.154923,-0.851931,-0.018223,2.67822,0.742371,2.774176,1,1,0,0,0
2234,9,Creature\CryptLord\CryptLord.mdx,2,1,3,4,18,12,1,0,0,0,2123,0.6111,2.031,0,-7.354059,-5.99184,-0.228506,8.216219,6.232382,12.26419,0.21,3.1,0,0,0
2235,3,Creature\KelThuzad\KelThuzad.mdx,2,1,-1,-1,0,0,0,0,0,0,2124,0.6944,2.083,0,-1.299049,-1.335937,-0.141643,1.405216,1.426299,3.877646,1,1,0,0,0
2236,3,Creature\KelThuzad\KelThuzad.mdx,3,1,3,4,18,12,1,0,0,0,2125,0.6944,2.083,0,-1.299049,-1.335937,-0.141643,1.405216,1.426299,3.877646,1,1,0,0,0
2237,1,Creature\Cupid\Cupid.mdx,1,1,1,-1,18,12,1,0,0,0,2126,0.75,3.222,0.454606,-0.788925,-0.881347,1.417987,0.727495,0.902436,3.456129,1,1,0,0,0
2239,0,Creature\SPELLS\ValentinesDummy.mdx,1,1,-1,-1,18,12,1,0,0,0,2127,0.2919,1.104,0,-0.144385,-1.053145,-0.000279,0.144268,0.629954,1.427019,1,1,0,0,0
2240,0,Creature\SpiritofRedemption\SpiritOfRedemption.mdx,0,1,-1,-1,18,12,1,0,0,0,2128,0.6111,2.031,0,-3.350681,-7.216314,-0.229962,1.161631,7.167377,6.730695,1,1,0,0,0
2241,0,Creature\FrostWurm\FrostWurm.mdx,3,1,-1,5,18,12,1,0,0,0,2129,0.6111,2.031,8.139028,-20.14612,-9.710932,-0.694384,9.73264,9.76741,13.75829,1,1,0,0,0
2242,0,Creature\FleshGiant\FleshGiant.mdx,3,1,2,4,18,12,1,0,0,0,2130,3.611,8.333,0,-2.490578,-4.420592,-0.025929,1.947312,4.970352,7.959436,1,1,0,0,0
2243,1,Creature\GiantSpider\GiantSpider.mdx,3,1,3,-1,18,12,1,0,0,0,2131,0.6111,2.031,0,-1.657608,-1.873402,-0.195818,2.586894,1.872784,1.826227,1,1,0,0,0
2244,0,Creature\MadScientist\MadScientist.mdx,1,1,1,4,18,12,1,0,0,0,2132,0.6111,2.031,1.078235,-0.739861,-0.585342,-0.007271,0.384067,0.412238,1.969654,1,1,0,0,0
2245,0,Creature\UndeadBeast\UndeadBeast.mdx,3,1,2,5,18,12,1,0,0,0,2133,0.6111,2.031,0,-3.411912,-2.11342,-0.023412,2.860831,2.204113,4.391782,1,1,0,0,0
2246,0,Creature\FungalMonster\FungalMonster.mdx,3,1,3,1,18,12,1,0,0,0,2134,0.6111,2.031,0,-0.863638,-2.447065,-0.125676,1.700097,2.153279,2.8454,1,1,0,0,0
2247,3,Creature\SporeCreature\SporeCreature.mdx,1,1,2,-1,18,12,1,0,0,0,2135,0.6111,2.031,0,-1.931838,-1.956832,0.765299,1.846245,1.777507,4.619514,1,1,0,0,0
2248,2052,Character\Draenei\Male\DraeneiMale.mdx,1,1,4,3,22,16,2,0,0,0,2153,0.8665,2.541,1.376026,-1.249101,-0.808191,0.000836,0.594403,0.758364,2.694754,1,1,0,0,0
2250,2052,Character\Draenei\Female\DraeneiFemale.mdx,1,1,4,3,10,10,1,0,0,0,2154,0.7114,2.464,1.286726,-0.971181,-0.530313,-0.013356,0.365669,0.599042,2.524939,1,1,0,0,0
2251,0,Creature\QuestObjects\Creature_ScourgeCrystal.mdx,0,1,3,4,18,12,1,0,0,0,2136,0.6944,3.194,0,-0.55457,-0.733395,-0.007871,0.730067,0.823736,5.077106,1,1,0,0,0
2252,0,Creature\QuestObjects\Creature_ScourgeCrystalDamaged.mdx,0,1,-1,-1,0,0,0,0,0,0,2137,0.6944,3.194,0,-0.529891,-0.600945,-0.013781,0.730067,0.945045,4.782206,1,1,0,0,0
2253,0,Creature\FleshTitan\FleshTitan.mdx,1,1,1,1,18,12,1,0,0,0,2138,0.6111,2.031,4.309965,-1.831911,-3.543119,-0.004388,1.860527,3.099257,7.292761,1,1,0,0,0
2254,0,Creature\MOUNTEDDEATHKNIGHT\MountedDeathKnight_Mograine.mdx,1,1,-1,-1,18,12,1,0,0,0,2139,0.6944,2.083,0,-1.88607,-0.934682,-0.003634,1.953828,0.935913,3.111121,1,1,0,0,0
2255,0,Creature\MOUNTEDDEATHKNIGHT\MountedDeathKnight_Blaumeux.mdx,0,1,-1,-1,18,12,1,0,0,0,2140,0.6944,2.083,0,-1.88607,-0.934682,-0.003634,1.953828,0.935913,3.346166,1,1,0,0,0
2256,0,Creature\MOUNTEDDEATHKNIGHT\MountedDeathKnight_Zeliek.mdx,0,1,-1,-1,18,12,1,0,0,0,2141,0.6944,2.083,0,-1.88607,-0.934682,-0.003634,1.953828,0.935913,3.442809,1,1,0,0,0
2257,0,Creature\MOUNTEDDEATHKNIGHT\MountedDeathKnight_Korthazz.mdx,0,1,-1,-1,18,12,1,0,0,0,2142,0.6944,2.083,0,-1.88607,-0.934682,-0.003634,1.953828,0.935913,3.208392,1,1,0,0,0
2259,0,Creature\Bear\PolarBearCub.mdx,0,1,3,7,18,12,1,0,0,0,2782,0.6111,2.031,0,-1.746727,-0.925281,-0.154749,2.113511,0.861904,1.9511,1,1,0,0,0
2260,0,Creature\Cocoon\Cocoon.mdx,1,1,-1,-1,0,0,0,0,0,0,2145,0.6111,2.031,0,-1.247049,-1.441736,-0.332708,1.257095,1.4498,2.31809,1,1,0,0,0
2261,0,Creature\Necromancer\Necromancer.mdx,1,1,1,1,18,12,1,0,0,0,2146,0.6111,2.031,1.036183,-0.537414,-0.567221,-0.001885,0.395696,0.556072,2.344571,1,1,0,0,0
2262,1,Creature\NetherDrake\NetherDrake.mdx,2,1,3,5,32,24,1,0,0,0,2147,0.6111,2.031,2.797753,-7.769135,-2.982964,-0.402444,3.352342,2.490784,3.708086,0.35,1,0,0,0
2263,0,Creature\FelOrc\FelOrc.mdx,1,1,1,4,18,12,1,0,0,0,2148,0.6111,2.031,0,-0.418873,-0.863676,-0.000199,0.673703,0.826487,2.294148,1,1,0,0,0
2264,0,Creature\Pig\Pig.mdx,0,1,1,3,9,6,1,0,0,0,66,0.6944,1.028,0,-0.865458,-0.364771,-5.4E-05,0.815368,0.340566,1.043228,1,1,0,0,0
2265,0,Creature\Turtle\Turtle.mdx,0,1,3,7,18,12,1,0,0,0,171,0.6944,2.083,0,-2.982562,-1.302432,0.000287,1.429752,1.308498,2.109995,1,1,0,0,0
2266,2,Creature\ArcaneGolem\ArcaneGolem.mdx,1,1,-1,1,18,12,1,0,0,0,2149,0.6111,2.031,0,-0.854847,-1.735719,0.002322,1.86361,1.535621,3.044606,1,1,0,0,0
2267,2,Creature\ArcaneGolem\ArcaneGolemBroken.mdx,1,1,-1,1,18,12,1,0,0,0,2150,0.6111,2.031,0,-1.429869,-1.374526,0.003567,0.871181,1.693583,3.137555,1,1,0,0,0
2270,0,Creature\CRAWLER\Crawler.mdx,1,1,-1,-1,0,0,0,0,0,0,2157,0.6111,2.031,0,-1.217309,-0.940511,-0.007436,0.946167,0.907427,3.020214,1,1,0,0,0
2271,0,Creature\FelOrcAxe\FelOrcWarriorAxe.mdx,1,1,1,4,18,12,1,0,0,0,2158,0.75,2.361,0,-0.418873,-0.868604,-0.000199,0.752754,0.899396,2.498475,1,1,0,0,0
2272,10,Creature\FelReaver\FelReaver.mdx,4,1,3,5,18,12,1,0,82,12,2159,0.6111,2.031,0,-8.980408,-7.70656,-0.018509,4.624515,7.705439,21.41519,1,1,0,0,0
2273,0,Creature\Moarg\Moarg1.mdx,1,1,2,1,18,12,1,0,0,0,2160,0.6111,2.031,0,-1.403434,-2.034487,-0.040161,1.889458,1.9697,4.27635,1,1,0,0,0
2274,0,Creature\Moarg\Moarg2.mdx,1,1,2,1,18,12,1,0,0,0,2161,0.6111,2.031,0,-1.421836,-2.034485,-0.215054,2.509336,2.564631,5.000454,1,1,0,0,0
2275,0,Creature\Moarg\Moarg3.mdx,1,1,3,1,18,12,1,0,0,0,2162,0.6111,2.031,0,-1.827266,-2.034485,-0.448605,2.737195,2.945516,5.616125,0.75,1,0,0,0
2276,0,Creature\Moarg\Moarg4.mdx,1,1,2,1,18,12,1,0,0,0,2163,0.6111,2.031,0,-1.516517,-2.034485,-0.269609,2.485577,2.730044,5.200812,1,1,0,0,0
2277,0,Creature\Moarg\Moarg5.mdx,1,1,2,1,18,12,1,0,0,0,2164,0.6111,2.031,0,-1.592141,-2.034485,-0.04016,2.508528,2.732593,5.354441,1,1,0,0,0
2278,0,Creature\MoargMinion\MoargMinion.mdx,0,1,3,1,18,12,1,0,0,0,2165,0.6111,2.031,0,-0.617663,-0.830989,-0.001112,0.586242,0.99531,1.565122,0.95,0.85,0,0,0
2279,0,Creature\PITLORD\Pitlord.mdx,3,1,1,5,18,12,1,0,0,10,2166,0.6111,2.031,0,-8.19556,-2.492996,-0.066967,1.625573,2.652407,5.755148,0.7,1.5,0,0,0
2280,0,Creature\Skunk\skunk.mdx,0,1,1,7,6,4,1,0,0,0,2167,0.6111,2.031,0.462593,-0.978602,-0.204659,-0.009655,0.417974,0.239392,1.041973,1,1,0,0,0
2281,0,Creature\FelOrcSword\FelOrcWarriorSword.mdx,1,1,1,4,18,12,1,0,0,0,2168,0.75,2.361,0,-0.418873,-0.776519,-0.000199,0.870654,0.868916,2.707454,1,1,0,0,0
2282,0,Creature\HydraOutland\HydraOutland.mdx,2,1,1,5,18,12,1,0,0,0,2169,0.6111,2.031,0,-6.229273,-2.99578,-0.191697,2.72561,4.293608,5.212564,1,1,0,0,0
2283,2,Creature\AbyssalOutland\Abyssal_Outland.mdx,2,1,3,1,18,12,1,0,0,0,2170,0.6111,2.031,0,-1.583212,-2.637431,-0.156471,1.292732,2.512493,4.204615,1,1,0,0,0
2284,0,Creature\Arakkoa\Arakkoa_Warrior.mdx,1,1,1,5,18,12,1,0,0,0,2171,0.6111,2.031,1.729134,-0.728516,-0.89927,-0.048,0.973006,0.870785,2.464668,1,1,0,0,0
2285,0,Creature\BasiliskOutland\Basilisk_Outland.mdx,1,1,1,5,18,12,1,0,0,0,2172,0.6944,2.083,0,-6.11824,-3.009243,-0.20584,2.65626,3.082281,2.504798,1,1,0,0,0
2286,1,Creature\CarrionBirdOutland\CarrionBirdOutland.mdx,1,1,1,-1,0,0,0,0,0,0,2173,0.6111,2.031,0,-2.169915,-2.075572,0.53717,1.654141,2.249722,6.228934,1,1,0,0,0
2288,1,Creature\Broom\BE_Broom01.mdx,0,1,-1,-1,0,0,0,0,0,0,2174,0,0,0,-0.689036,-0.16467,0.003596,0.671183,0.16467,2.015936,1,1,0,0,0
2289,3,Creature\FleshBeast\FleshBeast.mdx,1,1,1,-1,18,12,1,0,0,0,2175,0.6111,2.031,0,-1.352983,-1.766147,-0.089798,1.399567,1.519615,1.985039,1,1,0,0,0
2290,0,Creature\ImpOutland\ImpOutland.mdx,0,1,3,5,18,12,1,0,0,0,2176,0.6111,2.031,0,-1.463788,-0.74268,-0.002778,0.697102,0.74807,1.973222,1,1,0,0,0
2291,1,Creature\LarvaOutland\LarvaOutland.mdx,1,1,2,-1,0,0,0,0,0,0,2177,0.6111,2.031,0,-4.814116,-1.82511,-0.236798,3.227263,1.742441,2.491319,1,1,0,0,0
2293,0,Creature\RaptorOutland\Raptor_Outland.mdx,1,1,1,5,18,12,1,0,0,0,2178,0.6111,2.031,2.520609,-4.327215,-1.112205,-0.062383,2.047431,2.095047,3.357389,1,1,0,0,0
2295,1,Creature\WindserpentOutland\WindSerpentOutland.mdx,1,1,1,-1,0,0,0,0,0,0,2180,0.6111,2.031,0,-5.098208,-3.002672,0.012659,2.64352,2.717754,5.199361,1,1,0,0,0
2296,3,Creature\InvisibleStalker\InvisibleStalkerNoName.mdx,1,1,3,4,18,12,1,0,0,0,1608,0.6111,2.031,0,1,1,1,-1,-1,-1,1,1,0,0,0
2297,0,Creature\Tree\AshenvaleTreeFalling01.mdx,0,1,-1,-1,0,0,0,0,0,0,2181,0.6111,2.031,0,-35.98141,-49.97462,-29.6412,36.24332,75.11131,116.8824,1,1,0,0,0
2298,4,Character\FelOrc\Female\FelOrcFemale.mdx,1,1,1,1,12,11,1,0,0,0,2284,0.75,2.361,0,-0.725227,-0.874448,-0.006944,0.673703,0.853355,2.350848,1,1,0,0,0
2299,4,Character\FelOrc\Male\FelOrcMale.mdx,1,1,1,1,12,14,1,0,0,0,2283,0.75,2.361,1.117047,-0.725235,-0.874448,-0.006944,0.673703,0.853354,2.294148,1,1,0,0,0
2300,0,Creature\SPELLS\StasisTotem.mdx,0,1,-1,-1,0,0,0,0,0,0,177,0.7936,2.083,0,-1.840818,-1.838283,-0.20291,1.840064,1.842599,2.888687,1,1,0,0,0
2301,0,Creature\SPELLS\HealingTotem.mdx,0,1,-1,-1,18,12,1,0,0,0,190,0.7936,2.083,0,-1.187258,-1.140912,-0.20291,1.212498,1.258844,2.315204,1,1,0,0,0
2302,0,Creature\SPELLS\Serpent_Totem.mdx,0,1,-1,-1,0,0,0,0,0,0,180,0.7936,2.876,0,-1.948017,-1.901671,-0.20291,1.973258,2.019604,3.29023,1,1,0,0,0
2303,0,Creature\SPELLS\ManaTotem.mdx,0,1,-1,-1,0,0,0,0,0,0,199,0.7936,2.083,0,-1.427234,-1.380888,-0.20291,1.452474,1.49882,2.315204,1,1,0,0,0
2304,0,Creature\SPELLS\InvisibilityTotem.mdx,0,1,-1,-1,0,0,0,0,0,0,201,0.7936,2.083,0,-1.09496,-1.048614,-0.20291,1.1202,1.166546,2.764852,1,1,0,0,0
2305,0,Creature\SPELLS\SentryTotem.mdx,0,1,-1,-1,0,0,0,0,0,0,200,0.7936,1.739,0,-1.158509,-1.112163,-0.20291,1.183749,1.230096,2.337321,1,1,0,0,0
2306,0,Creature\SPELLS\FireTotem.mdx,0,1,-1,-1,0,0,0,0,0,0,2182,0,0,0,-0.930926,-0.88458,-0.448078,0.956166,1.002512,1.905412,1,1,0,0,0
2307,3,Creature\Cloud\CloudSwampGas.mdx,1,1,-1,-1,1,1,1,0,0,0,2183,0.6111,2.031,0,1,1,1,-1,-1,-1,1,1,0,0,0
2310,0,Creature\Arakkoa\Arakkoa_Sage.mdx,1,1,1,5,18,12,1,0,0,0,2186,0.6111,2.031,1.729134,-0.728514,-0.934374,-0.047999,0.973004,0.870786,2.395526,1,1,0,0,0
2311,0,Creature\Arakkoa\Arakkoa.mdx,1,1,1,5,18,12,1,0,0,0,2171,0.6111,2.031,1.729134,-0.728515,-0.899278,-0.048002,0.973008,0.870782,2.46467,1,1,0,0,0
2313,0,Creature\RidingElekk\RidingElekk.mdx,2,1,1,6,24,20,1,0,0,0,2188,0.6111,2.031,2.930861,-2.118531,-2.735876,-0.080192,3.491959,1.749824,4.46696,1,1,0,0,0
2315,2,Creature\MountainGiantOutland\MountainGiant_Bladesedge.mdx,3,1,3,1,18,12,1,0,0,0,2189,0.6111,2.031,0,-2.808567,-4.147496,-0.021337,3.972667,4.007575,10.13471,1,1,0,0,0
2316,2,Creature\MountainGiantOutland\MountainGiant_Netherstorm.mdx,3,1,3,1,18,12,1,0,0,0,2190,0.6111,2.031,0,-2.29473,-4.147496,-0.021337,3.972667,4.007575,8.500208,1,1,0,0,0
2317,2,Creature\MountainGiantOutland\MountainGiant_Zangarmarsh.mdx,3,1,3,1,18,12,1,0,0,0,2191,0.6111,2.031,0,-2.29473,-4.147496,-0.021337,3.972667,4.007575,8.500208,1,1,0,0,0
2318,1,Creature\VoidWalkerOutland\VoidWalker_Outland.mdx,1,1,3,4,18,12,1,0,0,0,2192,0.6111,2.031,0,-1.165525,-1.840402,0.081421,1.015104,1.841627,3.337138,0.4,1,0,0,0
2319,1,Creature\ChimeraOutland\ChimeraOutland.mdx,2,1,1,-1,0,0,0,0,0,0,2193,0.6111,2.031,0,-4.811544,-7.228538,0.313006,3.736141,7.034856,5.103721,1,1,0,0,0
2320,0,Creature\DoomGuardOutland\DoomGuardOutland.mdx,0,1,-1,-1,18,12,1,0,0,0,2194,0.6111,2.031,0,-2.48123,-2.232563,-0.008044,1.01201,2.456476,4.631334,1,1,0,0,0
2321,0,Creature\LobstrokOutland\LobstrokOutland.mdx,0,1,-1,-1,18,12,1,0,0,0,2195,0.6944,2.083,0,-3.062251,-2.156813,-0.021987,1.250076,1.809268,3.84386,1,1,0,0,0
2322,0,Creature\MountainGiantOutland\MountainGiant_Bladesedge.mdx,0,1,-1,-1,0,0,0,0,0,0,2189,0.6111,2.031,0,-2.808567,-4.147496,-0.021337,3.972667,4.007575,10.13471,1,1,0,0,0
2323,0,Creature\MountainGiantOutland\MountainGiant_Netherstorm.mdx,0,1,-1,-1,0,0,0,0,0,0,2190,0.6111,2.031,0,-2.29473,-4.147496,-0.021337,3.972667,4.007575,8.500208,1,1,0,0,0
2324,0,Creature\MountainGiantOutland\MountainGiant_Zangarmarsh.mdx,0,1,-1,-1,0,0,0,0,0,0,2191,0.6111,2.031,0,-2.29473,-4.147496,-0.021337,3.972667,4.007575,8.500208,1,1,0,0,0
2325,0,Creature\RidingTurtle\RidingTurtle.mdx,1,1,-1,6,18,12,1,0,0,0,2196,0.6111,2.031,1.69127,-2.077393,-0.978854,-0.01387,0.944146,0.978973,1.846965,1,1,0,0,0
2326,3,Creature\Gryphon\Gryphon_Skeletal.mdx,0,1,-1,5,18,12,1,0,0,0,2197,0.6111,2.031,1.56762,-2.470151,-3.383821,0.237628,1.698388,3.334072,4.354697,1,1,0,0,0
2328,0,Creature\Zippelin\Zippelin.mdx,0,1,-1,-1,0,0,0,0,0,0,2199,0.6944,2.083,0,-0.792914,-0.542132,0.70749,0.490943,0.548828,2.105674,1,1,0,0,0
2329,0,Creature\Landro\Landro.mdx,0,1,-1,-1,0,0,0,0,0,0,2200,0.6111,2.031,0,-0.403987,-0.578804,-0.005904,0.452517,0.616748,1.42024,1,1,0,0,0
2330,0,Creature\TempDeathGuard\DeathGuard.mdx,0,1,-1,-1,18,12,1,0,0,0,148,0.6944,2.083,0,-0.502933,-0.566322,-0.000469,0.2983,0.359835,1.858261,1,1,0,0,0
2332,1,Creature\AllianceRider\AllianceRider.mdx,0,1,-1,-1,18,12,1,0,0,0,2201,0.6111,2.031,0,-2.541015,-4.041359,0.033179,1.934455,4.030257,5.404322,1,1,0,0,0
2333,1,Creature\HordeRider\HordeRider.mdx,0,1,-1,-1,18,12,1,0,0,0,2202,0.6944,2.083,0,-3.20153,-5.221857,0.423987,3.136625,5.234344,6.741571,1,1,0,0,0
2334,1,Creature\DragonWhelpOutland\DragonWhelpOutland.mdx,0,1,1,-1,0,0,0,0,0,0,2203,0.6111,2.031,0,-0.752446,-0.898724,0.979083,0.622046,0.943049,3.196534,1,1,0,0,0
2335,0,Creature\Gronn\Gronn.mdx,4,1,1,1,18,12,1,0,2,12,2204,0.6111,2.031,0,-2.390379,-2.370678,-0.04484,1.997466,2.61977,4.84858,1,1,0,0,0
2337,0,Creature\Landro\Landro.mdx,0,1,-1,1,0,0,0,0,0,0,2206,0.6111,2.031,0,-0.403987,-0.578804,-0.005904,0.452517,0.616748,1.42024,1,1,0,0,0
2338,0,Creature\Elekk\Elekk.mdx,2,1,1,6,24,20,1,0,0,0,2207,3.803,3.358,0,1,1,1,-1,-1,-1,1,1,0,0,0
2340,3,Creature\AirElemental\AirElemental.mdx,0,1,2,4,0,0,0,0,0,0,528,0.6944,2.083,0,-1.340894,-1.544356,0.414726,1.107398,1.500984,3.368752,1,1,0,0,0
2353,0,CHARACTER\Naga_\Male\Naga_Male.mdx,0,1,1,1,0,0,0,0,0,0,2281,0.6111,2.031,0,-1.648441,-1.10391,-0.045229,0.800145,1.114195,2.815387,1,1,0,0,0
2354,4,CHARACTER\Naga_\Female\Naga_Female.mdx,0,1,1,1,0,0,0,0,0,0,2282,0.6111,2.031,0,-1.806274,-0.73834,-0.020102,0.602764,0.747194,2.83436,1,1,0,0,0
2355,0,Creature\Tiger\Tigercub.mdx,0,1,1,7,4,3,1,0,0,0,2208,0.6111,2.031,0,-1.256005,-0.279825,-0.000143,0.496194,0.270766,0.70163,1,1,0,0,0
2356,0,Creature\Hippogryph\HippogryphPet.mdx,0,1,-1,-1,0,0,0,0,0,0,2209,0.6111,2.031,1.656586,-3.556484,-2.332845,4.23749,2.7655,2.391085,9.72349,1,1,0,0,0
2357,0,Creature\QuestObjects\Creature_NagaDistiller.mdx,0,1,-1,-1,12,18,0,0,0,0,2210,2.985,4.574,0,-2.163442,-2.180796,-0.353008,2.175091,2.157738,4.687422,1,1,0,0,0
2358,0,Creature\Elekk\ElekkWild.mdx,1,1,1,3,24,20,1,0,0,0,2207,0.6111,2.031,0,-2.164633,-2.735859,-0.080545,3.491957,1.749821,4.466979,1,1,0,0,0
2360,0,Creature\Wrathguard\Wrathguard.mdx,1,1,1,4,18,12,1,0,0,0,2225,0.6111,2.031,0,-3.043092,-0.996633,0.00517,0.919769,1.530662,4.147787,1,1,0,0,0
2361,0,Creature\Shivan\Shivan.mdx,1,1,2,7,18,12,1,0,0,0,2226,0,0,0,-0.805182,-2.712103,-0.004211,1.684052,2.488175,5.312059,1,1,0,0,0
2363,1,Creature\DragonHawk\DragonHawk.mdx,1,1,1,-1,18,12,1,0,0,0,2228,0.6111,2.031,2.35259,-3.946105,-4.175804,-0.442462,3.407507,4.158127,4.655947,1,1,0,0,0
2364,0,Creature\RidingElekk\RidingElekk.mdx,0,1,3,6,24,20,1,0,0,0,2229,0.6111,2.031,2.930861,-2.118531,-2.735876,-0.080192,3.491959,1.749824,4.46696,1,1,0,0,0
2365,1,Creature\GRYPHON\Gryphon_Ghost.mdx,0,1,-1,-1,18,12,1,0,0,0,2230,0.6111,2.031,1.56762,-2.541015,-4.041359,-0.647368,2.514731,4.030257,6.215681,1,1,0,0,0
2366,1,Creature\Moth\Moth.mdx,1,1,2,-1,0,0,0,0,0,0,2231,0.6111,2.031,0,-1.892025,-3.977445,-0.455839,1.69037,4.140096,5.508933,1,1,0,0,0
2367,4,CHARACTER\Broken\Male\BrokenMale.mdx,0,1,1,1,0,0,0,0,0,0,2285,0.6111,2.031,0.987215,-1.376,-0.828457,-0.003823,0.63889,0.829371,2.479663,1,1,0,0,0
2368,0,CHARACTER\Broken\Female\BrokenFemale.mdx,0,1,1,1,0,0,0,0,0,0,2286,0.6667,2.111,0,-0.755765,-0.704947,-0.000734,0.330821,0.704947,2.14554,1,1,0,0,0
2369,0,CHARACTER\Skeleton\Male\SkeletonMale.mdx,0,1,1,1,18,14,1,0,0,0,2280,0.6944,1.861,1.078235,-0.825213,-0.562815,-0.005537,0.376165,0.463345,1.815309,1,1,0,0,0
2370,0,CHARACTER\Skeleton\Female\SkeletonFemale.mdx,0,1,1,1,18,14,1,0,0,0,2279,0,0,0,-0.117494,-0.117093,0,0.118663,0.119065,0.146137,1,1,0,0,0
2371,0,Creature\RockFlayer\RockFlayer.mdx,1,1,-1,5,18,12,1,0,0,0,2233,0.6111,2.031,0,-1.788573,-1.179748,-0.291443,1.458972,1.673305,2.356165,1,1,0,0,0
2372,0,Creature\InvisibleStalker\InvisibleStalkerNoName.mdx,0,1,-1,-1,18,12,1,0,0,0,2234,0.6111,2.031,0,1,1,1,-1,-1,-1,1,1,0,0,0
2373,0,Creature\StormCrow\StormCrow.mdx,0,1,1,-1,18,12,1,0,0,0,390,0.6111,2.031,0,-1.496657,-2.028712,0.74859,1.739901,2.203794,6.261179,1,1,0,0,0
2374,0,Creature\Wyvern\Wyvern_Armored.mdx,1,1,1,-1,18,12,1,0,0,0,2235,0.6944,2.083,1.193891,-3.390851,-5.221857,0.306299,3.136625,5.234344,6.741571,1,1,0,0,0
2375,0,Creature\Gryphon\Gryphon_Mount.mdx,1,1,1,5,24,16,1,0,0,0,2236,0.6111,2.031,1.567621,-2.135734,-1.289662,-0.097416,2.503899,1.174462,2.490018,1,1,0,0,0
2376,0,Creature\Gryphon\Gryphon_ArmoredMount.mdx,1,1,1,5,24,16,1,0,0,0,2237,0.6111,2.031,1.567621,-2.135736,-1.289662,-0.097414,2.52731,1.174462,2.665081,1,1,0,0,0
2377,0,Creature\RidingWyvern\RidingWyvern.mdx,1,1,1,5,18,12,1,0,0,0,2235,0.6111,2.031,1.193891,-4.447721,-1.549087,-0.224931,1.687837,0.954883,2.019848,1,1,0,0,0
2378,0,Creature\RidingWyvernArmored\RidingWyvernArmored.mdx,1,1,1,5,18,12,1,0,0,0,2238,0.6111,2.031,1.193891,-4.638083,-1.618196,-0.324002,1.728463,1.038783,2.116598,0.6,1,0,0,0
2379,0,Creature\Voidcaller\VoidCaller.mdx,1,1,3,4,18,12,1,0,0,0,2239,0.6111,2.031,0,-1.213004,-1.840402,0.081421,1.07103,1.841627,4.231808,0.5,1,0,0,0
2380,1,Creature\LasherOrchid\LasherOrchid.mdx,0,1,2,4,18,12,1,0,0,0,2240,0.6111,2.031,0,-1.724997,-1.773771,-0.086876,1.709322,1.969018,3.020389,1,1,0,0,0
2381,0,Creature\DragonWhelpOutlandCute\DragonWhelpOutlandCute.mdx,0,1,2,-1,10,6,1,0,0,0,2241,0.6111,2.031,0,-0.752446,-0.898724,0.979083,0.622046,0.943049,3.196534,1,1,0,0,0
2382,0,Creature\InvisibleMan\InvisibleMan.mdx,0,1,-1,-1,18,12,1,0,0,0,2101,0.6111,2.031,0,1,1,1,-1,-1,-1,1,1,0,0,0
2383,0,Creature\sporebat\SporeBat.mdx,0,1,2,-1,18,12,1,0,0,0,2242,0.6111,2.031,0,-1.762484,-1.067784,0.206971,1.20354,0.996336,3.763164,1,1,0,0,0
2384,11,Creature\PHOENIX\Phoenix.mdx,3,1,-1,-1,18,12,1,0,0,0,2243,0.6111,2.031,1.56762,-3.882576,-4.726706,-0.462449,2.27771,4.621935,6.001948,0.6,1,0,0,0
2385,9,Creature\Tripod\Tripod.mdx,2,1,2,-1,18,12,1,0,0,0,2244,0.6111,2.031,0,-1.067839,-1.564611,-0.121418,2.60427,1.502675,7.553962,1,1,0,0,0
2386,0,Creature\DragonWhelpOutland\DragonWhelpOutland.mdx,0,1,-1,-1,0,0,0,0,0,0,2203,0.6111,2.031,0,-0.752446,-0.898724,0.979083,0.622046,0.943049,3.196534,1,1,0,0,0
2387,0,Creature\Velen\Velen.mdx,1,1,1,1,18,12,1,0,0,0,2245,0.8629,2.504,0,-1.074795,-0.719511,-0.0033,0.665598,0.667403,2.843592,1,1,0,0,0
2388,1,Creature\QuestObjects\Creature_PowerCrystal.mdx,0,1,-1,-1,18,12,1,0,0,0,2246,0.4444,0.4444,0,-0.686639,-0.722746,0.086748,0.634922,0.626118,1.208103,1,1,0,0,0
2390,0,Creature\Naaru\Naaru.mdx,2,1,-1,-1,0,0,0,0,0,0,2248,0.6111,2.031,0,-2.408952,-2.476407,0.805461,2.46561,2.500221,8.060759,1,1,0,0,0
2392,0,Creature\SporeCreature\SporeCreature.mdx,0,1,-1,-1,18,12,1,0,0,0,2135,0.6111,2.031,0,-1.931838,-1.956832,0.765299,1.846245,1.777507,4.619514,1,1,0,0,0
2393,0,Creature\Voidlord\VoidLord.mdx,0,1,3,4,18,12,1,0,0,0,2250,0.6111,2.031,0,-1.165525,-1.388685,0.081421,1.015104,1.410706,3.66544,0.5,1,0,0,0
2394,0,Creature\Voidwraith\VoidWraith.mdx,1,1,3,4,18,12,1,0,0,0,2251,0.6111,2.031,0,-1.307138,-1.476596,0.460248,1.251373,1.4454,3.167249,0.4,1,0,0,0
2395,0,Creature\Lord Kezzak\LordKezzak_Armored.mdx,2,1,3,3,12,18,1,0,1,11,2252,0.6111,2.031,0,-6.896018,-9.758015,0.001132,4.327205,9.908403,11.4411,1,1,0,0,0
2396,0,Creature\NetherDrake\NetherDrake.mdx,1,1,-1,-1,18,12,1,0,0,0,2147,0.6111,2.031,2.797753,-7.769135,-2.982964,-0.402444,3.352342,2.490784,3.708086,1,1,0,0,0
2397,9,Creature\NetherDragon\NetherDragon.mdx,2,1,3,4,18,12,1,0,0,0,2253,0.6111,2.031,0,-9.739508,-3.918645,0.524357,3.827445,4.481482,9.211594,1.1,3,0,0,0
2398,0,Creature\RidingPhoenix\RidingPhoenix.mdx,1,1,-1,-1,18,12,1,0,0,0,2254,0.6111,2.031,1.567621,-3.858041,-4.758667,-0.527917,2.555013,4.673545,6.093445,1,1,0,0,0
2399,0,Creature\RidingElekk\RidingElekk.mdx,1,1,3,3,24,20,1,0,0,0,2229,0.6111,2.031,2.930861,-2.118531,-2.735876,-0.080192,3.491959,1.749824,4.46696,1,1,0,0,0
2400,0,Creature\RidingElekk\RidingElekkElite.mdx,0,1,3,6,24,20,1,0,0,0,2255,0.6111,2.031,2.930861,-2.163933,-2.654414,-0.186485,3.75438,1.768203,4.488004,1,1,0,0,0
2401,0,Creature\OgreMageLord\OgreMageLord.mdx,2,1,1,4,18,12,1,0,0,0,2256,0.6111,2.031,0,-0.619898,-1.102902,-0.012722,0.555241,1.097788,2.881102,1,1,0,0,0
2402,0,Creature\FungalGiant\FungalGiant.mdx,3,1,2,1,18,12,1,0,0,0,2258,0.6111,2.031,0,-1.39423,-2.614861,-0.005557,2.02268,2.671407,5.988422,1,1,0,0,0
2405,0,Creature\Nightbane\NightBane.mdx,3,1,3,5,8,12,1,0,2,12,2261,0.6111,2.031,0,-18.76118,-10.51989,-0.41255,10.05063,10.58985,13.7527,1,1,0,0,0
2409,1,Creature\Raccoon\Raccoon.mdx,0,1,1,5,18,12,1,0,0,0,2265,0.6111,2.031,0,-5.246969,-1.29989,-1.692382,2.222215,1.355406,3.030633,1,1,0,0,0
2410,0,Creature\PitLord\Magtheridon.mdx,3,1,2,1,18,12,1,0,0,0,2266,0.6111,2.031,0,-8.195559,-2.492997,-0.066967,1.696124,2.652409,5.755147,1,1,0,0,0
2411,0,Creature\WarpStorm\WarpStorm.mdx,1,1,-1,-1,0,0,0,0,0,0,2267,0.6111,2.031,0,-7.846309,-7.742655,-4.527683,7.626886,7.73054,10.94551,1,1,0,0,0
2416,0,Creature\Rabbit\RabbitGold.mdx,0,1,1,4,18,12,1,0,0,0,2272,0.6111,2.031,0,-0.477103,-0.201774,-0.006385,0.28776,0.194655,0.497671,1,1,0,0,0
2417,0,Creature\Drake\Drake.mdx,1,1,-1,-1,18,12,1,0,0,0,1188,0.6111,2.031,2.600726,-6.451479,-10.21152,-0.551222,2.749523,10.21095,11.51261,1,1,0,0,0
2418,0,Creature\DoomGuardOutland\DoomGuardOutland.mdx,3,1,-1,3,18,12,1,0,79,12,2194,0.6111,2.031,0,-2.48123,-2.232563,-0.008044,1.01201,2.456476,4.631334,1,1,0,0,0
2423,0,Creature\Etherial\Etherial.mdx,1,1,-1,-1,18,12,1,0,0,0,2277,0.6111,2.031,0,-0.796857,-0.826611,-0.001928,0.47879,0.904797,2.502115,1,1,0,0,0
2424,0,Creature\EREDAR\Eredar.mdx,2,1,3,3,0,0,0,0,0,0,2278,0.6111,2.031,1.375894,-1.054902,-0.918145,0.000703,0.584841,0.792734,2.526165,1,1,0,0,0
2425,1,Creature\DragonHawk\DragonHawk.mdx,1,1,1,-1,1,1,1,0,0,0,2228,0.6111,2.031,2.35259,-3.946105,-4.175804,-0.442462,3.407507,4.158127,4.655947,1,1,0,0,0
2426,0,Creature\Owl\Owl.mdx,1,1,-1,5,0,0,0,0,0,0,350,0.6111,2.031,0,-2.591072,-2.028931,0.46202,1.547392,2.204091,6.261832,1,1,0,0,0
2427,0,Creature\EREDAR\Archimonde.mdx,4,1,-1,-1,18,12,1,0,0,0,2287,0.6111,2.031,1.375894,-1.054902,-0.918151,0.000703,0.594212,0.792545,2.661856,1,1,0,0,0
2428,3,Creature\FelCannon\FelCannon.mdx,1,1,3,-1,18,12,1,0,0,0,2288,0.6111,2.031,0,-3.178585,-2.607412,-1.263417,4.522241,2.607411,5.374071,1,1,0,0,0
2429,0,Creature\OgreKing\OgreKing.mdx,3,1,-1,-1,18,12,1,0,0,0,2289,0.6111,2.031,0,-1.008924,-1.08066,-0.001994,0.786606,1.07487,3.109771,1,1,0,0,0
2430,0,Creature\Sporeling\Sporeling.mdx,0,1,2,-1,18,12,1,0,0,0,2227,0.6111,2.031,0,-0.247948,-0.855028,-0.001826,1.082981,0.856485,2.172258,1,1,0,0,0
2432,3,Creature\WarpStorm\WarpStorm_Large.mdx,2,1,-1,-1,0,0,0,0,0,0,2291,0.6111,2.031,0,-13.61694,-13.51329,-5.577567,13.39752,13.50117,21.43689,1,1,0,0,0
2433,3,Creature\WarpStorm\WarpStorm_XLarge.mdx,3,1,-1,-1,0,0,0,0,0,0,2292,0.6111,2.031,0,-0.109711,-13.16096,-0.216245,-0.10971,13.14885,26.09356,1,1,0,0,0
2434,0,Creature\Cockatrice\CockatriceMount.mdx,1,1,3,5,18,12,1,0,0,0,2293,0.6111,2.031,2.308809,-1.843695,-1.228365,0.008555,1.470045,1.515234,3.360334,1,1,0,0,0
2435,0,Creature\Cockatrice\CockatriceElite.mdx,1,1,3,5,18,12,1,0,0,0,2294,0.6111,2.031,2.308809,-2.026368,-1.228365,0.008555,1.470045,1.515234,3.360334,1,1,0,0,0
2436,0,Creature\Wyvern\Wyvern_Armored.mdx,1,1,1,5,18,12,1,0,0,0,2238,0.6944,2.083,0,-3.390851,-5.221857,0.306299,3.136625,5.234344,6.741571,1,1,0,0,0
2437,0,Creature\medivh\Medivh.mdx,1,1,-1,1,0,0,0,0,0,0,2295,0.6111,2.031,0,-0.493138,-0.904696,-0.004171,0.33755,0.90427,2.45682,1,1,0,0,0
2438,0,Creature\warpstalker\WarpStalker.mdx,1,1,1,5,18,12,1,0,0,0,2296,0.6111,2.031,0,-8.984439,-2.096377,-0.089307,2.04835,2.055444,2.829718,1,1,0,0,0
2439,3,Creature\firefly\FireFlyGreen.mdx,1,1,2,-1,0,0,0,0,0,0,2297,0.6111,2.031,2.83406,-2.482397,-3.567214,1.029646,2.40411,3.449948,6.881572,1,1,0,0,0
2442,0,Creature\FelBeast\FelBeast.mdx,1,1,3,1,20,14,0,0,0,0,1368,0.6111,2.031,0,-4.191121,-2.344445,-0.024322,3.619161,2.329423,4.351176,1,1,0,0,0
2443,0,Creature\Gryphon\Gryphon_Armored.mdx,1,1,1,5,18,12,1,0,0,0,2237,0.6111,2.031,1.56762,-2.541618,-4.041522,0.036023,1.936561,4.030262,5.403697,1,1,0,0,0
2444,0,Creature\FelOrcNetherdrake\FelOrcNetherDrake.mdx,1,1,3,-1,18,12,1,0,0,0,2300,0.6111,2.031,0,-7.272362,-2.969753,-0.366902,3.752443,2.710803,3.864715,1,1,0,0,0
2445,1,Creature\FelOrcNetherdrake\FelOrcNetherDrakeMounted.mdx,2,1,3,-1,18,12,1,0,0,0,2301,0.6111,2.031,0,-7.25062,-2.925512,-0.366902,3.752444,2.663224,4.573591,1,1,0,0,0
2446,1,Creature\Murmur\Murmur.mdx,0,1,-1,-1,18,12,1,0,0,12,2302,0.6111,2.031,0,-14.59569,-18.37943,-2.301688,24.30922,18.41118,44.08781,1,1,0,0,0
2447,11,Creature\Timerift\Time_Rift1.mdx,1,1,1,-1,0,0,0,0,0,0,2303,0.6111,2.031,0,1,1,1,-1,-1,-1,1,1,0,0,0
2448,0,Creature\Krakken\Krakken.mdx,4,1,1,-1,18,12,1,0,0,0,2304,0.6111,2.031,0,-9.67973,-10.55497,-20.36516,5.601659,10.44734,8.372259,1,1,0,0,0
2449,0,Creature\Beholder\Beholder.mdx,1,1,-1,-1,18,12,1,0,0,0,2305,0.6111,2.031,1.278172,-2.68801,-2.628942,0.529363,3.235418,3.216633,8.626985,1,1,0,0,0
2450,9,Creature\DragonWhelpOutlandCute\DragonWhelpOutlandCute.mdx,0,1,3,-1,18,12,1,0,0,0,2241,0.6111,2.031,0,-0.752446,-0.898724,0.979083,0.622046,0.943049,3.196534,1,1,0,0,0
2453,0,Creature\DragonSpawnDarkshade\DragonSpawnDarkshade.mdx,1,1,3,5,18,12,1,0,0,0,2308,0.6111,2.031,1.547733,-3.220913,-2.392489,-0.035368,1.97218,1.779187,2.580163,1,1,0,0,0
2454,0,Creature\DragonSpawnArmoredDarkshade\DragonSpawnArmoredDarkshade.mdx,1,1,3,5,18,12,1,0,0,0,2309,0.6111,2.031,0,-3.220913,-2.392489,-0.035368,1.97218,1.779187,3.288881,1,1,0,0,0
2455,0,Creature\DrakeDarkshade\DrakeDarkshade.mdx,1,1,3,5,18,12,1,0,0,0,2310,0.6111,2.031,2.53466,-6.451479,-10.21152,-0.551221,2.749523,10.21095,11.51261,1,1,0,0,0
2456,0,Creature\DragonSpawnCasterDarkshade\DragonSpawnCasterDarkshade.mdx,1,1,3,5,18,12,1,0,0,0,2311,0.6111,2.031,0,-4.051073,-1.959626,-0.030039,1.025043,1.86131,2.443504,1,1,0,0,0
2457,3,Creature\SPELLS\DraeneiTotem_Air.mdx,0,1,-1,-1,18,12,1,0,0,0,2312,0.5193,1.315,0,-1.134596,-1.136914,-0.861518,1.159684,1.157367,1.616884,1,1,0,0,0
2458,3,Creature\SPELLS\DraeneiTotem_Earth.mdx,0,1,-1,-1,0,0,0,0,0,0,2313,0.5193,1.315,0,-1.118749,-1.070567,-0.550365,1.140332,1.188514,1.616884,1,1,0,0,0
2459,3,Creature\SPELLS\DraeneiTotem_Fire.mdx,0,1,-1,-1,0,0,0,0,0,0,2314,0.5201,1.315,0,-1.404712,-1.350936,-0.446231,1.420942,1.474719,1.616884,1,1,0,0,0
2460,3,Creature\SPELLS\DraeneiTotem_Water.mdx,0,1,-1,-1,0,0,0,0,0,0,2315,0.5193,1.315,0,-1.491318,-1.443136,-0.552131,1.511999,1.56018,1.616884,1,1,0,0,0
2462,0,Creature\DraeneiFemaleKid\DraeneiFemaleKid.mdx,0,1,1,3,18,12,1,0,0,0,2317,0.6111,2.031,0,-0.328565,-0.213489,-0.000487,0.137,0.20648,1.220236,1,1,0,0,0
2463,0,Creature\DraeneiMaleKid\DraeneiMaleKid.mdx,0,1,1,3,18,12,1,0,0,0,2318,0.6111,2.031,0,-0.417512,-0.254112,0.006621,0.203091,0.256929,1.399425,1,1,0,0,0
2464,0,Creature\talbuk\Talbuk.mdx,1,1,1,-1,18,12,1,0,0,0,2303,0.6111,2.031,0,-1.367971,-0.534037,-0.003023,1.345095,0.49329,3.460194,1,1,0,0,0
2465,0,Creature\FelOrcBoss\FelOrcWarriorBoss.mdx,1,1,-1,-1,0,0,0,0,0,0,2319,0.6111,2.031,0,-0.725227,-0.937222,-0.000199,1.055821,0.94657,2.667219,1,1,0,0,0
2466,3,Creature\SPELLS\FlameTurret.mdx,0,1,3,-1,18,12,1,0,0,0,2320,0.6111,1.52,0,-0.308548,-0.559979,-0.095121,0.246116,0.557029,1.458649,1,1,0,0,0
2467,0,Creature\ARCANETITAN\ArcaneTitan.mdx,3,1,-1,4,18,12,1,0,0,0,2321,0.6111,2.031,0,-1.574138,-2.816106,-0.060544,4.13985,3.209484,4.743273,1,1,0,0,0
2468,0,Creature\Kaelthas\Kaelthas.mdx,1,1,1,1,18,12,1,0,0,0,2322,0.6111,2.031,0,-0.552885,-0.788341,-0.004676,0.33051,0.634866,2.443119,1,1,0,0,0
2470,0,Creature\MOUNTEDDEATHKNIGHT\UnMountedDeathKnight.mdx,0,1,1,1,18,12,1,0,0,0,2324,0.6111,2.031,0,-0.576529,-0.477784,-0.001885,0.334475,0.471355,2.298821,1,1,0,0,0
2471,0,Creature\FelOrc\FelOrc_Axe.mdx,1,1,-1,1,0,0,0,0,0,0,2158,0.6111,2.031,0,-0.418873,-0.776519,-0.000199,0.673703,0.826487,2.294148,1,1,0,0,0
2472,0,Creature\FelOrc\FelOrc_Sword.mdx,1,1,-1,1,0,0,0,0,0,0,2168,0.6111,2.031,0,-0.418873,-0.776519,-0.000199,0.870654,0.826487,2.294148,1,1,0,0,0
2473,3,Creature\QuestObjects\Creature_EtherealStorm.mdx,1,1,-1,-1,18,12,1,0,0,0,2325,0.6111,2.031,0,1,1,1,-1,-1,-1,1,1,0,0,0
2474,0,Creature\Ancientofarcane\AncientofArcane.mdx,4,1,3,5,180,120,10,0,82,12,2326,0.6111,2.031,0,-2.730903,-3.683378,-0.10581,3.599947,3.658053,10.75263,0.3,0.3,0,0,0
2475,0,Creature\felhorse\FelHorseEpic.mdx,0,1,3,6,18,12,1,0,0,0,2327,0.6111,2.031,1.877115,-1.190584,-0.61867,-0.018232,2.21191,0.61867,2.6697,1,1,0,0,0
2477,1,Creature\QuestObjects\Creature_PowerCrystal.mdx,0,1,-1,-1,0,0,0,0,0,0,2246,0.4444,0.4444,0,-0.686639,-0.722746,0.086748,0.634922,0.626118,1.208103,1,1,0,0,0
2478,0,Creature\Dragon\Dragon.mdx,0,1,-1,-1,0,0,0,0,0,0,191,0.6111,2.031,8.139028,-20.14612,-9.710938,-0.694382,9.732644,9.767403,13.7583,1,1,0,0,0
2479,0,Creature\NetherDrake\NetherDrakeOutland.mdx,2,1,4,5,18,12,1,0,0,0,2329,0.6111,2.031,0,-7.272361,-2.969747,-0.366901,3.139319,2.54448,3.567155,0.5,1,0,0,0
2480,0,Creature\DragonSpawnOverlordDarkshade\DragonSpawnOverlordDarkshade.mdx,1,1,3,5,18,12,1,0,0,0,2330,0.6111,2.031,0,-3.250958,-4.568821,-0.03537,1.952533,2.854789,3.523082,1,1,0,0,0
2481,0,Creature\InvisibleStalker\InvisibleStalkerNoName.mdx,1,1,-1,-1,18,12,1,0,0,0,2234,0.6111,2.031,0,1,1,1,-1,-1,-1,1,1,0,0,0
2482,0,Creature\MountainGiantCrystal\MountainGiantCrystal.mdx,3,1,3,4,18,12,1,0,0,0,2331,0.6111,2.031,0,-2.29473,-4.147496,-0.021337,4.033771,4.007575,9.926457,1,1,0,0,0
2483,0,Creature\RIDINGTALBUK\RidingTalbuk.mdx,1,1,-1,3,18,12,1,0,0,0,2332,0.6111,2.031,2.097909,-1.343116,-0.541737,-0.001622,1.593104,0.523108,3.670003,1,1,0,0,0
2484,0,Creature\ridingtalbuk\RidingTalbukEpic.mdx,1,1,-1,3,18,12,1,0,0,0,2333,0.6111,2.031,2.083234,-1.343116,-0.541737,-0.001622,1.663333,0.523108,3.670003,1,1,0,0,0
2485,0,Creature\BloodElfMaleKid\BloodelfMaleKid.mdx,0,1,-1,-1,0,0,0,0,0,0,2334,0.6111,2.031,0,-0.176264,-0.256508,0.007187,0.212311,0.254527,1.37194,1,1,0,0,0
2486,0,Creature\BloodElfFemaleKid\BloodelfFemaleKid.mdx,0,1,-1,-1,0,0,0,0,0,0,2335,0.6111,2.031,0,-0.21269,-0.208797,-0.001194,0.089624,0.201048,1.221695,1,1,0,0,0
2488,0,Creature\MountainGiantCrystal\MountainGiantCrystal_Boss.mdx,3,1,3,1,180,120,10,0,0,0,2336,0.6111,2.031,0,-2.988278,-4.147496,-0.021337,4.033771,4.007575,11.30304,1,1,0,0,0
2489,0,Creature\Dragon\Dragon.mdx,0,1,-1,5,0,0,0,0,0,0,191,0.6111,2.031,8.139028,-20.14612,-9.710938,-0.694382,9.732644,9.767403,13.7583,1,1,0,0,0
2490,1,Creature\netherray\NetherRay.mdx,2,1,1,-1,0,0,0,0,0,0,2337,0.6111,2.031,0,-4.668909,-2.105867,-0.096459,1.890887,2.084477,4.244544,1,1,0,0,0
2491,0,Creature\CleftHoove\CleftHoove.mdx,2,1,1,6,18,12,1,0,0,0,2338,0.6111,2.031,0,-7.1155,-2.366963,-0.144483,3.465865,2.238163,4.893066,1,1,0,0,0
2499,0,Creature\Tiger\TigerGem.mdx,1,1,1,7,18,12,1,0,0,0,2346,0.6111,2.031,1.241372,-2.428367,-0.658701,-0.006203,0.908416,0.533702,1.268102,1,1,0,0,0
2500,1,Creature\RidingWyvern_Armored\RidingWyvern_Armored.mdx,2,1,1,-1,0,0,0,0,0,0,2347,0,0,0,0,0,0,0,0,0,1,1,0,0,0
2501,1,Creature\RidingWyvern\RidingWyvern.mdx,2,1,1,-1,0,0,0,0,0,0,2348,0.6111,2.031,1.193891,-4.447721,-1.549087,-0.224931,1.687837,0.954883,2.019848,1,1,0,0,0
2502,0,Creature\Moarg\Moarg6.mdx,0,1,2,1,12,18,1,0,0,0,2349,0.6111,2.031,0,-1.403434,-2.034485,-0.04016,1.900904,2.12834,4.456798,1,1,0,0,0
2503,0,Creature\Ogre02\Ogre02.mdx,2,1,1,4,18,12,1,0,0,0,2351,0.6111,2.031,0,-0.632382,-1.11398,-0.012721,0.513097,1.108892,2.876059,1,1,0,0,0
2504,0,Creature\OgreMage02\OgreMage02.mdx,2,1,1,4,18,12,1,0,0,0,2352,0.6111,2.031,0,-0.571247,-1.076308,-0.012721,0.513097,1.069556,2.881102,1,1,0,0,0
2505,0,Creature\Kargath\Kargath.mdx,1,1,-1,-1,18,12,1,0,0,0,2353,0.6111,2.031,0,-0.725227,-0.937222,-0.000199,1.055821,0.94657,2.667219,1,1,0,0,0
2506,2,Creature\FelReaver\FelReaver.mdx,2,1,3,1,18,12,1,0,0,0,2159,0.6111,2.031,0,-8.980408,-7.70656,-0.018509,4.624515,7.705439,21.41519,1,1,0,0,0
2507,0,Creature\NetherDrake\NetherDrake.mdx,1,1,-1,-1,0,0,0,0,0,0,2147,0.6111,2.031,2.797753,-7.769135,-2.982964,-0.402444,3.352342,2.490784,3.708086,1,1,0,0,0
2508,0,Creature\Gryphon\Gryphon_Ghost.mdx,0,1,-1,-1,0,0,0,0,0,0,2230,0.6111,2.031,1.56762,-2.541015,-4.041359,-0.647368,2.514731,4.030257,6.215681,1,1,0,0,0
2509,0,Creature\Gryphon\Gryphon_Ghost.mdx,0,1,3,4,18,12,1,0,0,0,2230,0.6111,2.031,1.56762,-2.541015,-4.041359,-0.647368,2.514731,4.030257,6.215681,1,1,0,0,0
2510,0,Creature\DRAGON\Taerar.mdx,3,1,1,5,30,20,3,0,0,0,2092,0.6111,2.031,8.139028,-20.14612,-9.710938,-0.694382,9.816065,9.767403,13.7583,0.5,3,0,0,0
2511,3,Creature\sandvortex\SandVortex.mdx,1,1,-1,-1,0,0,0,0,0,0,2357,0.6111,2.031,0,1,1,1,-1,-1,-1,1,1,0,0,0
2512,0,Creature\InvisibleMan\InvisibleMan.mdx,0,1,-1,-1,18,12,1,0,0,0,2101,0.6111,2.031,0,1,1,1,-1,-1,-1,1,1,0,0,0
2513,0,Creature\InvisibleStalker\InvisibleStalkerNoName.mdx,0,1,-1,-1,18,12,1,0,0,0,2234,0.6111,2.031,0,1,1,1,-1,-1,-1,1,1,0,0,0
2514,0,Creature\RockFlayer\RockFlayerElite.mdx,1,1,1,5,18,12,1,0,0,0,2233,0.6111,2.031,0,-1.807765,-1.179748,-0.609013,1.560902,1.884695,2.381629,1,1,0,0,0
2515,0,Creature\CrawlerElite\CrawlerElite.mdx,1,1,2,-1,0,0,1,0,0,0,2359,0.6111,2.031,0,-1.522127,-1.067475,-0.007436,0.967814,1.077288,3.124409,1,1,0,0,0
2516,0,Creature\NetherDrake\NetherDrakeElite.mdx,2,1,3,5,32,24,1,0,0,0,2300,0.6111,2.031,2.930886,-7.769135,-2.982963,-0.402444,3.676373,2.764566,3.899822,0.4,1.6,0,0,0
2517,1,Creature\CrateCreature\CrateCreature.mdx,0,1,-1,-1,0,0,0,0,0,0,2360,0.7666,0.4444,0,-0.382476,-0.407538,0.00246,0.384915,0.412696,0.506164,1,1,0,0,0
2518,0,Creature\Egg\EggCreature.mdx,0,1,-1,-1,0,0,0,0,0,0,1308,0.6111,2.031,0,-0.497435,-0.522459,0.003441,0.538979,0.49505,1.421908,1,1,0,0,0
2519,0,Creature\DragonDarkshade\DragonDarkShade.mdx,3,1,3,5,30,20,3,0,2,12,191,0.6111,2.031,8.139028,-20.14612,-9.710938,-0.694382,9.732644,9.767403,13.7583,1,1,0,0,0
2520,9,Creature\DragonWhelpDarkshade\DragonWhelpdarkshade.mdx,0,1,3,-1,18,12,1,0,0,0,2203,0.6111,2.031,0,-0.752446,-0.943528,0.979083,0.637078,0.966223,3.190623,1,1,0,0,0
2521,0,Creature\DragonFootSoldierDarkshade\DragonFootSoldierDarkshade.mdx,1,1,3,1,18,12,1,0,0,10,1808,0.6111,2.031,0,-2.9175,-1.598814,0.003094,1.901538,3.230654,4.368904,1,1,0,0,0
2522,0,Creature\FelBeastShadowmoon\felbeastshadowmoon.mdx,2,1,3,1,18,12,1,0,0,0,2362,0.6111,2.031,0,-4.191119,-2.344444,-0.024323,3.619161,2.329423,4.351176,1,1,0,0,0
2523,0,Creature\OrcFemaleKidBrown\OrcFemaleKidBrown.mdx,0,1,-1,4,0,0,0,0,0,0,2363,0.6111,2.031,0,-0.211922,-0.21764,-0.002207,0.126757,0.209875,1.163304,1,1,0,0,0
2524,0,Creature\OrcMaleKidBrown\OrcMaleKidBrown.mdx,0,1,-1,4,0,0,0,0,0,0,2364,0.6111,2.031,0,-0.17382,-0.254723,0.005046,0.180887,0.256344,1.375584,1,1,0,0,0
2525,0,Creature\OrcMaleKidBrown\OrcMaleKidBrown.mdx,0,1,-1,4,0,0,0,0,0,0,2364,0.6111,2.031,0,-0.17382,-0.254723,0.005046,0.180887,0.256344,1.375584,1,1,0,0,0
2526,0,Creature\OrcFemaleKidBrown\OrcFemaleKidBrown.mdx,0,1,-1,4,0,0,0,0,0,0,2363,0.6111,2.031,0,-0.211922,-0.21764,-0.002207,0.126757,0.209875,1.163304,1,1,0,0,0
2527,0,Creature\Dragon\Taerar_q.mdx,4,1,4,5,30,20,3,0,0,0,2092,0.6111,2.031,8.139028,-20.14612,-9.710938,-0.694382,9.816065,9.767403,13.7583,1,1,0,0,0
2528,0,Creature\BoneWorm\Boneworm.mdx,2,1,-1,4,18,12,1,0,0,0,2365,0.6111,2.031,0,-1.305904,-1.693934,-1.122847,1.055363,1.594303,4.272962,0.13,1,0,0,0
2529,0,Creature\Miev\Miev.mdx,0,1,1,4,0,0,0,0,0,0,2384,0.6111,2.031,1.257891,-0.762435,-0.843534,-0.276132,0.479932,0.737129,1.965561,1,1,0,0,0
2530,0,Creature\FELREAVER\FelReaver.mdx,3,1,-1,-1,18,12,1,0,2,12,2159,0.6111,2.031,0,-8.980408,-7.70656,-0.018509,4.624515,7.705439,21.41519,1,1,0,0,0
2531,0,Creature\Akama\Akama.mdx,1,1,-1,4,18,12,1,0,0,0,2385,0.6111,2.031,0,-1.071328,-0.809882,-0.003823,0.595131,0.803092,2.229058,1,1,0,0,0
2532,0,Creature\NetherDrakonid\NetherDrakonid.mdx,2,1,4,5,0,0,0,0,0,0,2386,0.6111,2.031,0,-2.9175,-1.598814,0.003094,1.901538,3.230654,4.353492,1,1,0,0,0
2533,0,Creature\NetherDrakonidBoss\NetherDrakonidBoss.mdx,2,1,3,5,0,0,0,0,1,10,2387,0.6111,2.031,0,-2.9175,-1.728607,0.003094,2.030327,3.230654,4.789638,1,1,0,0,0
2534,0,Creature\Voidlord\VoidLord.mdx,3,1,-1,-1,18,12,1,0,0,0,2388,0.6111,2.031,0,-1.165525,-1.388685,0.081421,1.015104,1.410706,3.66544,1,1,0,0,0
2535,0,Creature\LadyVashj\LadyVashj.mdx,1,1,3,-1,18,12,1,0,0,0,2389,0.6111,2.031,0,-1.806273,-1.11059,-0.020102,0.646371,1.065072,2.352755,1,1,0,0,0
2536,0,Creature\WaterBubbleCreature\WaterBubbleCreature.mdx,0,1,-1,-1,18,12,1,0,0,0,2390,0.6111,2.031,0,-1.944444,-1.944444,0.198141,1.944444,1.944444,4.08703,1,1,0,0,0
2537,0,Creature\CRATECREATURE\CrateCreatureBasic.mdx,0,1,-1,-1,0,0,0,0,0,0,2391,0.7666,0.4444,0,-0.382476,-0.407538,0.00246,0.384915,0.412696,0.506164,1,1,0,0,0
2538,0,Creature\Diemetradon\Diemetradon.mdx,2,1,3,7,18,12,1,0,0,0,1068,0.6944,2.083,0,-6.505508,-3.431702,-0.400213,3.365405,3.506704,4.127054,1,1,0,0,0
2539,0,Creature\FelBeastShadowmoon\felbeastshadowmoon.mdx,2,1,3,1,18,12,1,0,0,0,2362,0.6111,2.031,0,-4.191119,-2.344444,-0.024323,3.619161,2.329423,4.351176,1,1,0,0,0
2540,0,Creature\StormCrowDruid\StormCrowDruid.mdx,1,1,3,5,18,12,1,0,0,0,2392,0.6111,2.031,0,-1.7049,-3.40195,0.470901,2.252631,3.435442,4.462834,1,1,0,0,0
2541,0,Creature\StormCrowDruid\StormCrowDruid.mdx,1,1,3,5,18,12,1,0,0,0,390,0.6111,2.031,0,-1.7049,-3.40195,0.470901,2.252631,3.435442,4.462834,1,1,0,0,0
2542,0,Creature\EtherialRobe\EtherialRobe.mdx,1,1,-1,1,18,12,1,0,0,0,2393,0.6111,2.031,0,-0.895328,-0.83831,-0.104185,0.401054,0.904799,2.580553,1,1,0,0,0
2543,0,Creature\Rexxar\Rexxar.mdx,1,1,-1,1,18,12,1,0,0,0,2394,0.6111,2.031,0,-0.639194,-0.889506,-0.000199,0.607552,0.764931,2.232187,1,1,0,0,0
2544,0,Creature\Dragon\Taerar.mdx,2,1,-1,5,0,0,0,0,0,0,2092,0.6111,2.031,8.139028,-20.14612,-9.710938,-0.694382,9.816065,9.767403,13.7583,1,1,0,0,0
2546,0,Creature\FROSTWURM\FrostWurm_NoFrost.mdx,4,1,-1,5,0,0,0,0,0,0,2129,0.6111,2.031,0,-18.76118,-10.51989,-0.41255,10.05063,10.58985,13.7527,1,1,0,0,0
2548,0,Creature\Illidan\Illidan.mdx,2,1,1,6,18,12,1,0,0,0,2397,0.6111,2.031,0,-5.473407,-4.261626,-0.018075,1.217466,5.660176,7.033809,1,1,0,0,0
2549,3,Creature\WellofSouls\WellofSouls.mdx,3,1,-1,-1,0,0,0,0,0,0,2398,0.6111,2.031,0,-25.56697,-37.31192,-1.791267,11.13037,37.60689,38.09786,1,1,0,0,0
2550,0,Creature\netherray\NetherRay.mdx,0,1,-1,-1,0,0,0,0,0,0,2337,0.6111,2.031,0,-4.668909,-2.105867,-0.096459,1.890887,2.084477,4.244544,0.5,1,0,0,0
2551,0,Creature\RidingNetherRay\RidingNetherRay.mdx,0,1,-1,-1,18,12,1,0,0,0,2399,0.6111,2.031,2.576896,-4.529532,-2.470285,-0.327987,2.039263,2.337444,4.68851,1,1,0,0,0
2552,1,Creature\RidingNetherRay\RidingNetherRay.mdx,1,1,1,-1,18,12,1,0,0,0,2399,0.6111,2.031,2.576896,-4.529532,-2.470285,-0.327987,2.039263,2.337444,4.68851,1,1,0,0,0
2553,0,Creature\BasiliskOutland\Basilisk_Outland.mdx,2,1,-1,-1,18,12,1,0,0,0,2172,0.6944,2.083,0,-6.11824,-3.009243,-0.20584,2.65626,3.082281,2.504798,1,1,0,0,0
2554,0,Creature\RockFlayer\RockFlayerCrystal.mdx,2,1,-1,-1,18,12,1,0,0,0,2400,0.6111,2.031,0,-1.807765,-1.179748,-0.609013,1.560902,1.884695,2.483056,1,1,0,0,0
2555,0,Creature\NagaLordMale\NagaLordMale.mdx,2,1,2,-1,18,12,1,0,0,0,2401,0.6111,2.031,0,-1.707701,-1.032573,-0.144805,0.784633,0.953508,3.304043,1,1,0,0,0
2556,0,Creature\Serpent\SerpentRuby.mdx,0,1,-1,-1,0,0,0,0,0,0,2402,0.6111,2.031,0,-4.040948,-1.547717,-0.029336,1.42652,1.521258,3.447278,1,1,0,0,0
2557,3,Creature\Iceberg\Iceberg.mdx,1,1,-1,-1,18,12,1,0,0,0,2403,0.6111,2.031,0,-0.737759,-1.065455,-0.343501,0.737758,1.174598,0.160768,1,1,0,0,0
2558,0,Creature\AbyssalIllidan\Abyssal_Illidan.mdx,2,1,3,4,18,12,1,0,0,0,2421,0.6111,2.031,0,-1.297387,-2.59769,0.055943,0.792624,2.535188,4.204048,1,1,0,0,0
2559,0,Creature\EpicDruidFlightAlliance\EpicDruidFlightAlliance.mdx,1,1,3,5,18,12,1,0,0,0,390,0.6111,2.031,0,-1.932874,-3.480851,0.444904,2.227892,3.514793,4.490458,1,1,0,0,0
2560,0,Creature\EpicDruidFlightHorde\EpicDruidFlightHorde.mdx,0,1,3,5,18,12,1,0,0,0,2392,0.6111,2.031,0,-1.954294,-3.480421,0.341441,2.210581,3.514402,4.482859,1,1,0,0,0
2561,0,Creature\HaremMatron\HaremMatron.mdx,0,1,-1,-1,0,0,0,0,0,0,2422,0.6111,2.031,0,-0.785365,-2.591322,-0.021949,1.753812,2.701042,5.05924,0.01,1,0,0,0
2562,0,Creature\FelOrcWarlord\FelOrcWarlord.mdx,0,1,-1,-1,0,0,0,0,0,0,2423,0.6111,2.031,0,-0.725227,-0.96981,-0.000199,0.748649,0.970589,2.599968,0.1,1,0,0,0
2563,0,Creature\DragonFootSoldier\DragonFootSoldier.mdx,0,1,-1,-1,0,0,0,0,0,0,1808,0.6111,2.031,0,-2.9175,-1.598814,0.003094,1.901538,3.230654,4.368904,0.1,1,0,0,0
2564,0,Creature\NagaLordMale\NagaLordMale.mdx,0,1,-1,-1,0,0,0,0,0,0,2401,0.6111,2.031,0,-1.707701,-1.032573,-0.144805,0.784633,0.953508,3.304043,0.1,1,0,0,0
2565,0,Creature\HaremMatron\HaremMatron.mdx,2,1,1,1,18,12,1,0,0,0,2424,0.6111,2.031,0,-0.785365,-2.591322,-0.021949,1.753812,2.701042,5.05924,1,1,0,0,0
2566,0,Creature\FelOrcWarlord\FelOrcWarlord.mdx,2,1,1,1,18,12,1,0,0,0,2425,0.6111,2.031,0,-0.725227,-0.96981,-0.000199,0.748649,0.970589,2.599968,1,1,0,0,0
2567,0,Creature\TeronGorefiend\TeronGorefiend.mdx,1,1,3,-1,0,0,0,0,0,0,2426,0.6111,2.031,1.036183,-0.726933,-0.55629,-0.001958,0.319046,0.570472,2.17531,0.1,1,0,0,0
2568,0,Creature\TeronGorefiend_Mounted\TeronGorefiend_Mounted.mdx,1,1,3,-1,0,0,0,0,0,0,2427,0.6111,2.031,0.97387,-1.888512,-0.934682,-0.002795,1.956654,0.935913,3.444462,0.1,1,0,0,0
2569,0,Creature\QUESTOBJECTS\Creature_BurningAsh.mdx,1,1,2,-1,18,12,1,0,0,0,2428,0.6111,2.031,0,-0.976472,-1.013354,-0.090454,0.982795,1.003336,1.457896,1,1,0,0,0
2570,0,Creature\Illidan\IllidanDark.mdx,2,1,1,6,18,12,1,0,0,0,2443,0.6111,2.031,0,-5.473409,-4.261623,-0.018075,1.217466,5.660174,7.033803,1,1,0,0,0
2571,0,Creature\AbyssalIllidan\Abyssal_Illidan.mdx,0,1,-1,-1,0,0,0,0,0,0,2421,0.6111,2.031,0,-1.297387,-2.59769,0.055943,0.792624,2.535188,4.204048,1,1,0,0,0
2572,3,Creature\FelCannon\FelCannon_02.mdx,1,1,3,-1,18,12,1,0,0,0,2444,0.6111,2.031,0,-3.696166,-2.613292,-0.972197,3.45167,2.601988,6.567099,1,1,0,0,0
2573,0,Creature\Gorilla\gorillapet.mdx,0,1,1,4,18,12,1,0,0,0,2445,0.6111,2.031,0,-1.512038,-1.224194,-0.080273,1.192434,1.242587,2.470804,1,1,0,0,0
2574,0,Creature\Gorilla\gorillapet.mdx,0,1,1,4,18,12,1,0,0,0,2446,0.6111,2.031,0,-1.512038,-1.224194,-0.080273,1.192434,1.242587,2.470804,1,1,0,0,0
2575,1,Creature\BabyBeholder\BabyBeholder.mdx,0,1,1,-1,18,12,1,0,0,0,2447,0.6111,2.031,0,-2.409766,-2.722094,2.230548,2.887566,2.596575,9.14994,1,1,0,0,0
2576,0,Creature\BabyHawkstrider\Babyhawkstrider.mdx,0,1,1,5,18,12,1,0,0,0,2448,0.6111,2.031,3.448826,-2.724231,-1.711454,-0.007668,2.491772,1.674035,4.126977,1,1,0,0,0
2577,0,Creature\BabyElekk\BabyElekk.mdx,1,1,1,6,27,18,1,0,0,0,2450,0.6111,2.031,2.930861,-1.872455,-1.798796,-0.390586,2.718909,1.65949,3.82433,2.3,1.7,0,0,0
2578,0,Creature\RavenGod\RavenGod.mdx,1,1,2,5,24,18,1,0,0,0,2451,0.6111,2.031,2.723067,-4.651409,-1.765684,-0.08399,2.100585,2.437538,3.372599,1,1,0,0,0
2579,3,Creature\Zombie\ZombieSword.mdx,1,1,3,-1,18,12,1,0,0,0,392,0.6944,2.083,0,-0.52241,-0.470687,-0.003004,0.435288,0.423637,1.871041,1,1,0,0,0
2580,0,Creature\FelOrcDire\FelOrcDire.mdx,2,1,-1,1,18,12,1,0,0,0,2452,0.6111,2.031,1.504953,-0.962088,-2.230797,0.007734,1.784422,2.025556,3.228793,0.1,1,0,0,0
2581,1,Creature\WellofSouls\WellofSoulsGrief.mdx,2,1,3,4,18,12,1,0,0,0,2453,0.6111,2.031,0,-7.240117,-6.416811,0.374186,6.712339,6.420378,16.11581,1,1,0,0,0
2582,9,Creature\WellofSouls\WellofSoulsPain.mdx,2,1,3,4,18,12,1,0,0,0,2454,0.6111,2.031,0,-7.546882,-6.593049,0.378797,6.730816,6.42356,16.12053,1,1,0,0,0
2583,1,Creature\WellofSouls\WellofSoulsSeduction.mdx,2,1,3,4,18,12,1,0,0,0,2455,0.6111,2.031,0,-7.656797,-6.420119,0.374192,6.712339,6.598511,16.11581,1,1,0,0,0
2584,1,Creature\RidingNetherRay\RidingNetherRay.mdx,1,1,1,-1,0,0,0,0,0,0,2399,0.6111,2.031,2.576896,-4.529532,-2.470285,-0.327987,2.039263,2.337444,4.68851,1,1,0,0,0
2585,3,Creature\IllidanGlaive\Creature_IllidansGlaive.mdx,1,1,-1,-1,0,0,0,0,0,0,2456,0.6111,2.031,0,-0.539727,-0.960386,-0.234306,0.951511,0.636205,2.043836,1,1,0,0,0
2586,4,Creature\FELORC\FelOrc.mdx,0,1,1,4,18,12,1,0,0,0,2148,0.6111,2.031,0,-0.418873,-0.863676,-0.000199,0.673703,0.826487,2.294148,0.1,1,0,0,0
2587,0,Creature\MountainGiantCrystalOgrila\MountainGiantCrystalOgrila.mdx,1,1,3,1,18,12,1,0,0,0,2459,0.6111,2.031,0,-2.29473,-4.147496,-0.021337,4.022841,4.007575,9.899137,1,1,0,0,0
2588,0,Creature\Yeti\Yeti.mdx,2,1,1,4,40,34,1,0,1,0,2460,0.6111,2.031,0,-2.049195,-3.145761,-0.299517,3.503182,2.742841,5.248879,1,1,0,0,0
2589,0,Creature\Tauren_MountedCanoe\Tauren_MountedCanoe.mdx,1,1,-1,-1,0,0,0,0,0,0,2461,0.6111,2.031,0.370102,-2.828202,-2.293294,-0.5354,2.500093,0.832926,1.757894,1,1,0,0,0
2590,0,Creature\EagleGod\EagleGod.mdx,1,1,1,5,18,12,1,0,0,0,2396,0.6111,2.031,1.50425,-0.505301,-0.855442,-0.006622,0.840512,0.932195,2.78937,1,1,0,0,0
2591,0,Creature\BearGod\beargod.mdx,1,1,1,1,18,12,1,0,0,0,2462,0.6111,2.031,1.418861,-1.032898,-0.743599,-1.3E-05,0.673372,0.812972,2.251595,1,1,0,0,0
2592,0,Creature\LynxGod\Lynxgod.mdx,1,1,1,1,18,12,1,0,0,0,2463,0.6111,2.031,1.418861,-1.093628,-0.712309,-0.039594,0.513025,0.798665,2.106505,1,1,0,0,0
2593,0,Creature\DragonhawkGod\DragonHawkGod.mdx,1,1,1,1,18,12,1,0,0,0,2464,0.6111,2.031,0,-1.110465,-0.962865,-1.3E-05,0.623824,0.944104,2.368433,1,1,0,0,0
2594,0,Character\Vrykul\Male\VrykulMale.mdx,0,1,1,1,18,12,1,0,0,0,2475,0.6111,2.031,2.745128,-1.468,-1.429061,-0.116891,0.840544,1.380811,5.075645,1,1.5,0,0,0
2595,0,Character\Vrykul\Male\VrykulMale.mdx,0,1,1,1,0,0,0,0,0,0,2476,0.6111,2.031,2.745128,-1.468,-1.429061,-0.116891,0.840544,1.380811,5.075645,1,1,0,0,0
2596,16,Creature\band\bandUndeadMale.mdx,1,1,2,1,12,10,1,0,0,0,2465,0.6111,2.031,1.078235,-0.658014,-0.881811,-0.202562,1.07764,0.863915,1.771872,1,1,0,0,0
2597,0,Creature\band\BandTaurenMale.mdx,1,1,1,3,22,16,2,0,0,0,2466,0.6111,2.031,0,-2.475976,-2.491262,-0.062492,2.28335,2.305503,4.350561,1,1,0,0,0
2598,0,Creature\band\BandTrollMale.mdx,1,1,1,1,12,10,1,0,0,0,2467,0.6111,2.031,1.50425,-1.12233,-0.789453,-0.000242,1.860143,1.264169,2.40541,1,1,0,0,0
2599,0,Creature\band\bandOrcMale.mdx,1,1,1,1,14,14,1,0,0,0,2468,0.6111,2.031,1.117047,-1.130764,-0.614821,-0.035353,1.109003,1.038638,2.170601,1,1,0,0,0
2600,0,Creature\band\bandBloodElfMale.mdx,1,1,1,1,12,10,1,0,0,0,2469,0.6111,2.031,0,-0.568566,-0.753225,-0.00687,0.675036,1.202058,2.135803,1,1,0,0,0
2601,128,Creature\MurlocCostume\murloccostume.mdx,1,1,1,4,18,12,1,0,0,0,2470,0.6111,2.031,0,-1.351396,-1.75464,-0.002218,0.734284,1.099059,2.588011,1,1,0,0,0
2602,1,Creature\Mothpet\MothPet.mdx,0,1,2,-1,1,1,1,0,0,0,2471,0,0,0,-0.175232,-0.282242,-0.07379,0.259295,0.291576,0.375831,1,1,0,0,0
2603,0,World\KhazModan\Ironforge\PassiveDoodads\SteamTank\IronForgeSteamTank.mdx,2,1,3,-1,18,12,1,0,0,0,2097,13.45,8.858,0,-5.510329,-5.164229,-0.019359,9.084619,5.2314,8.800614,1,1,0,0,0
2604,0,Character\Tuskarr\Male\TuskarrMale.mdx,1,1,1,1,18,12,1,0,0,0,2477,0.6111,2.031,0.935023,-1.330573,-1.205137,-0.024865,0.770327,1.166747,2.858751,1,1,0,0,0
2605,0,Character\Tuskarr\Male\TuskarrMale.mdx,0,1,1,1,0,0,0,0,0,0,2478,0.6111,2.031,0.935023,-1.330573,-1.205137,-0.024865,0.770327,1.166747,2.858751,1,1,0,0,0
2610,0,Creature\pumpkinSoldier\PumpkinSoldier.mdx,1,1,2,1,18,12,1,0,0,0,2472,0.6111,2.031,0,-1.724997,-1.773771,-0.086876,1.605327,1.969018,3.736336,1,1,0,0,0
2611,0,Creature\InvisibleStalker\InvisibleStalker.mdx,1,1,3,4,18,12,1,0,0,0,1608,0.6111,2.031,1.300954,1,1,1,-1,-1,-1,1,1,0,0,0
2612,0,Creature\BroomMount\BroomMount.mdx,1,1,3,-1,18,12,1,0,0,0,2474,0.6111,2.031,0.034499,-1.128649,-0.228146,0.881756,1.481498,0.24355,1.492788,1,1,0,0,0
2613,0,CHARACTER\ForestTroll\Male\ForestTrollMale.mdx,0,1,1,1,12,14,1,0,0,0,2501,0.6944,2.083,1.50425,-0.930057,-0.9221,-0.051154,0.852583,0.986574,2.793046,1,1,0,0,0
2614,0,CHARACTER\ForestTroll\Male\ForestTrollMale.mdx,0,1,1,1,12,14,1,0,0,0,2502,0.6944,2.083,1.50425,-0.930057,-0.9221,-0.051154,0.852583,0.986574,2.793046,1,1,0,0,0
2615,2,Creature\Arthas\Arthas.mdx,1,1,1,1,18,12,1,0,0,0,2816,0.6111,2.031,1.036183,-0.633083,-0.563277,-0.012354,0.351918,0.56014,1.994441,1,1,0,0,0
2616,0,Creature\FireSprite\FireSprite.mdx,0,1,-1,4,18,12,1,0,0,0,2480,0.6944,2.083,0,0.014601,-1.052058,0.594806,0.726551,1.065977,2.922921,1,1,0,0,0
2617,0,Creature\UndeadNerubianBeast\UndeadNerubianBeast.mdx,2,1,3,-1,18,12,1,0,0,0,2481,0.6111,2.031,0,-1.523494,-1.375575,-0.064469,2.276027,1.375575,3.066265,1,1,0,0,0
2618,0,Creature\saberworg\Saberworg.mdx,1,1,1,7,18,12,1,0,0,0,2482,0.6111,2.031,1.743184,-1.958029,-0.600325,-0.031008,1.689024,0.626317,2.268851,1,1,0,0,0
2619,0,Creature\SpectralTiger\SpectralTiger.mdx,1,1,3,7,18,12,1,0,0,0,2483,0.6111,2.031,1.241372,-2.432665,-0.656587,-0.036731,1.064693,0.634267,1.440939,1,1,0,0,0
2620,0,Creature\SpectralTiger\SpectralTiger.mdx,0,1,4,7,24,18,1,0,0,0,2484,0.6111,2.031,1.241372,-2.432665,-0.656587,-0.036731,1.064693,0.634267,1.440939,1,1,0,0,0
2622,0,Creature\FrostNymph\FrostNymph.mdx,0,1,-1,3,18,12,1,0,0,0,2486,0.6111,2.031,0,-0.945386,-0.415127,-0.012841,0.963201,0.475741,2.19776,1,1,0,0,0
2623,0,Creature\SuperZombie\superzombie.mdx,1,1,3,4,18,12,1,0,0,0,2487,0.6111,2.031,1.504498,-1.039032,-1.396668,0.021153,1.134905,1.368538,4.360271,1,1,0,0,0
2624,0,Creature\ShovelTusk\ShovelTusk.mdx,1,1,1,3,18,12,1,0,0,0,2488,0.6111,2.031,0,-1.246718,-0.75072,-0.004097,1.943898,0.820186,2.420816,1,1,0,0,0
2625,0,Creature\ShovelTusk\ShovelTusk.mdx,0,1,-1,3,18,12,1,0,0,0,2488,0.6111,2.031,0,-1.246718,-0.75072,-0.004097,1.943898,0.820186,2.420816,1,1,0,0,0
2626,0,Creature\SpectralTiger\SpectralTigerEpic.mdx,0,1,4,7,24,18,1,0,0,0,2489,0.6111,2.031,1.241372,-2.432665,-0.656587,-0.036731,1.064693,0.634267,1.440939,1,1,0,0,0
2627,0,Creature\TuskarrMaleFisherman\TuskarrMaleFisherman.mdx,1,1,-1,-1,18,12,1,0,0,0,2490,0.6111,2.031,0,-0.811572,-0.987673,-0.016576,0.796052,0.965559,2.146976,1,1,0,0,0
2628,0,Creature\ArthasLichKing\ArthasLichKing.mdx,2,1,-1,1,18,12,1,0,0,0,2491,0.6111,2.031,0.876507,-0.913929,-1.24582,-0.076837,1.616673,0.566638,2.160921,1,1,0,0,0
2629,0,Creature\ArthasUndead\ArthasUndead.mdx,1,1,-1,1,18,12,1,0,0,0,2492,0.6111,2.031,1.036183,-0.742705,-0.689768,-0.01533,0.455984,0.689473,1.995746,1,1,0,0,0
2630,0,Creature\zuljin\Zuljin.mdx,1,1,-1,4,18,12,1,0,0,0,2493,0.6111,2.031,1.50425,-0.566932,-0.76567,-0.008837,0.672721,0.650805,2.363746,1,1,0,0,0
2631,1,Creature\Eagle\eagle.mdx,1,1,1,-1,18,12,1,0,0,0,2494,0.6111,2.031,0,-1.601197,-3.440232,0.465553,2.249244,3.476891,4.484732,1,1,0,0,0
2632,0,Creature\Wolpertinger\Wolpertinger.mdx,0,1,1,7,4,3,1,0,0,0,2495,0.6111,2.031,0,-0.501009,-0.266219,-0.006325,0.349719,0.266219,0.579391,1,1,0,0,0
2633,0,Creature\HeadlessHorsemanMount\HeadlessHorsemanMount.mdx,1,1,2,6,18,12,1,0,0,0,2496,0.6111,2.031,0,-1.398751,-0.659033,-0.002116,2.002069,0.61867,2.976331,1,1,0,0,0
2634,0,Creature\HeadlessHorseman\Headlesshorseman.mdx,0,1,2,1,18,12,1,0,0,0,2497,0.6111,2.031,1.036183,-0.716916,-0.529079,-0.001774,0.375358,0.529097,2.019469,1,1,0,0,0
2636,147,Creature\InvisibleMan\InvisibleMan.mdx,1,1,1,1,18,12,1,0,0,0,2101,0.6111,2.031,0,1,1,1,-1,-1,-1,1,1,0,0,0
2637,0,Creature\Cloud\CloudSwampGas_Shadowmoon_White.mdx,0,1,-1,-1,18,12,1,0,0,0,2498,0.6111,2.031,0,1,1,1,-1,-1,-1,1,1,0,0,0
2638,0,Creature\bearmount\BearMount.mdx,1,1,-1,7,18,12,2,0,0,0,2499,0.6111,2.031,1.968109,-1.889315,-1.25484,-0.058709,1.681357,1.204725,2.335124,1,1,0,0,0
2639,0,Creature\HippogryphMount\HippogryphMount.mdx,0,1,3,5,24,16,1,0,0,0,2500,0.6111,2.031,1.881287,-2.275916,-1.1624,-0.051369,2.607393,1.198436,3.223356,1,1,0,0,0
2640,1,Creature\BabyCrocodile\BabyCrocodile.mdx,0,1,-1,-1,18,12,1,0,0,0,2503,0.6111,2.031,0,-1.998684,-1.383901,-0.038714,2.905082,1.3819,1.662137,1,1,0,0,0
2641,0,Creature\QuestObjects\Creature_ScourgeCrystal02.mdx,0,1,-1,-1,18,12,1,0,0,0,2504,2.507,3.564,0,-1.253543,-1.253543,-0.301553,1.253543,1.253543,7.019532,1,1,0,0,0
2642,3,Creature\Harpoon\VR_Harpoon_01.mdx,1,1,-1,-1,18,12,1,0,0,0,2505,0.6111,2.031,0,-2.823578,-1.781094,-1.212905,6.525051,1.730354,5.926391,1,1,0,0,0
2643,0,Creature\FlyingMachineCreature_Vehicle\FlyingMachineCreature_Vehicle.mdx,0,1,-1,-1,18,12,1,0,0,0,2512,0.6111,2.031,0.426886,-2.770354,-3.516919,1.41397,2.622716,3.562483,5.628866,1,1,0,0,0
2644,0,Creature\Oracle\Oracle.mdx,0,1,2,1,18,12,1,0,0,0,2513,0.6111,2.031,0,-1.866995,-1.667166,-0.010626,1.665195,1.223156,2.439527,1,1,0,0,0
2645,0,Creature\BabyHawkstrider\babyhawkstrider.mdx,0,1,-1,5,18,12,1,0,0,0,2448,0.6111,2.031,3.448826,-2.724231,-1.711454,-0.007668,2.491772,1.674035,4.126977,1,1,0,0,0
2646,0,Creature\NorthrendGiant\NorthrendGiant.mdx,3,1,1,1,18,12,1,0,2,12,2514,0.6111,2.031,9.313585,-4.035321,-6.27873,-0.007257,3.574185,6.905941,15.86605,0.3,1,0,0,0
2647,0,CREATURE\HeadlessHorsemanHorse\HeadlessHorsemanHorse.mdx,1,1,-1,6,18,12,1,0,0,0,428,0.6111,2.031,0,-1.398751,-0.61867,-0.002116,2.002069,0.61867,2.668712,1,1,0,0,0
2648,0,Creature\CRAB\Crab.mdx,1,1,-1,-1,18,12,1,0,0,0,2515,0.6111,2.031,0,-0.717807,-0.952885,-0.032214,1.28324,0.952488,0.964783,1,1,0,0,0
2649,0,Creature\BabyCrocodile\BabyCrocodile.mdx,0,1,-1,-1,18,12,1,0,0,0,2503,0.6111,2.031,0,-1.998684,-1.383901,-0.038714,2.905082,1.3819,1.662137,1,1,0,0,0
2650,0,Creature\ProtoDragon\ProtoDragon.mdx,2,1,3,5,18,12,2,0,0,0,2516,0.6111,2.031,6.929265,-13.56336,-11.82971,-0.394802,6.81527,12.17867,7.524527,0.4,4,0,0,0
2651,0,Creature\QuestObjects\Creature_DemonCrystal_02.mdx,0,1,-1,-1,12,18,1,0,0,0,2517,0.6111,2.031,0,-3.560143,-3.585061,0.566242,3.586655,3.561738,8.205457,1,1,0,0,0
2652,0,World\GENERIC\PASSIVEDOODADS\MISC\WheelBarrow\CaveMineWheelbarrow01.mdx,0,1,3,-1,18,12,1,0,0,0,2518,2.877,1.2,0,-1.727763,-0.788115,-0.008783,1.1582,0.796854,1.230823,1,1,0,0,0
2653,0,Creature\SnowFlakeCreature\SnowFlakeCreature.mdx,0,1,-1,-1,18,12,1,0,0,0,2519,0.6111,2.031,0,-1.19097,-1.319384,0.271564,1.588836,1.647566,4.55189,1,1,0,0,0
2654,0,Creature\Brutallus\Brutallus.mdx,3,1,2,5,18,12,1,0,82,12,2520,0.6111,2.031,0,-8.19556,-2.367606,-0.066967,2.083774,2.716282,4.478281,1,1,0,0,0
2655,0,Creature\Muru\Muru.mdx,2,1,-1,-1,18,12,1,0,0,0,2521,0.6111,2.031,0,-2.408952,-2.476407,0.805461,2.46561,2.500221,8.060759,1,1,0,0,0
2656,3,Creature\Gyrocopter\Gyrocopter_02.mdx,0,1,-1,-1,18,12,1,0,0,0,2522,0.6111,2.031,0,-3.177817,-2.162469,0.945354,1.639396,2.149121,3.73997,1,1,0,0,0
2657,3,Creature\Gyrocopter\Gyrocopter_01.mdx,0,1,-1,-1,18,12,1,0,0,0,2523,0.6111,2.031,0,-3.177817,-2.159443,0.945354,1.639396,2.145037,3.73997,1,1,0,0,0
2658,0,SPELLS\Missile_Snowball.mdx,0,1,-1,-1,18,12,1,0,0,0,2524,0,0,0,-0.36651,-0.362254,-0.187775,0.366514,0.37077,0.191716,1,1,0,0,0
2659,0,Creature\FireSprite\FireSprite.mdx,0,1,-1,-1,18,12,1,0,0,0,2525,0.6944,2.083,0,0.014601,-1.052058,0.594806,0.726551,1.065977,2.922921,1,1,0,0,0
2660,1,Creature\ArcaneVoidwraith\ArcaneVoidWraith.mdx,2,1,-1,-1,18,12,1,0,0,0,2526,0.6111,2.031,0,-1.939737,-2.29198,-0.133405,2.098074,2.117031,4.122591,1,1,0,0,0
2661,2,Creature\FelGolem\FelGolem.mdx,2,1,3,1,18,12,1,0,0,0,2527,0.6111,2.031,0,-0.854847,-1.998698,0.002322,2.220008,1.878889,3.949459,1,1,0,0,0
2662,0,Spells\Creature_SpellPortalLarge_Purple.mdx,0,1,-1,-1,18,12,1,0,0,0,2528,0,0,0,-3.485082,-5.059741,-2.00666,3.564404,6.230626,12.14908,1,1,0,0,0
2663,0,World\GOOBER\G_GnomeMultiBox.mdx,0,1,-1,-1,18,12,1,0,0,0,2529,0.6111,2.031,0,-1.142897,-1.043133,-0.004329,1.041768,1.170494,2.889448,1,1,0,0,0
2664,2,Creature\HolidayRobot\HolidayRobot.mdx,1,1,3,1,18,12,1,0,0,0,2530,0.6111,2.031,0,-1.627612,-2.014386,-0.248071,1.100031,2.110098,3.825243,1,1,0,0,0
2665,0,Creature\Oracle\Oracle.mdx,0,1,-1,4,18,12,1,0,0,0,2513,0.6111,2.031,0,-1.866995,-1.667166,-0.010626,1.665195,1.223156,2.439527,1,1,0,0,0
2666,0,Creature\FlyingReindeer\FlyingReindeer.mdx,1,1,1,6,18,12,1,0,0,0,2531,0.6111,2.031,0,-1.155143,-0.963081,-0.018152,2.678464,1.129207,2.914156,1,1,0,0,0
2667,0,Spells\Meteor_Ball_Missile.mdx,0,1,1,-1,18,12,1,0,0,0,2532,0,0,0,-1.600441,-2.720356,-2.720357,1.600441,2.720356,2.720356,1,1,0,0,0
2668,19,Creature\SiegeVehicle\SiegeVehicle.mdx,2,1,-1,-1,18,12,1,0,0,0,2533,7.778,8.333,0,-6.310678,-5.528345,-0.220268,9.232588,5.527174,7.65841,1,1,0,0,0
2669,0,Creature\DragonHawk\DragonHawk.mdx,0,1,-1,-1,18,12,1,0,0,0,2228,0.6111,2.031,2.35259,-3.946105,-4.175804,-0.442462,3.407507,4.158127,4.655947,1,1,0,0,0
2670,19,World\GOOBER\G_ScourgeRuneCircleCrystal.mdx,0,1,1,-1,18,12,1,0,0,0,2535,0,0,0,-10.39516,-10.42681,0.001292,10.47529,10.44364,2.005963,1,1,0,0,0
2671,0,World\GOOBER\G_ControlConsoleZippelin.mdx,0,1,-1,-1,18,12,1,0,0,0,2536,0.5364,1.668,0,-0.283605,-0.573923,-0.054419,0.361796,0.577534,1.494325,1,1,0,0,0
2672,0,Creature\FlyingMachineCreature_Vehicle\FlyingMachineCreature_Vehicle.mdx,1,1,3,4,18,12,1,0,0,0,2537,0.6111,2.031,0.426886,-2.770354,-3.516919,1.41397,2.622716,3.562483,5.628866,1,1,0,0,0
2673,0,World\GENERIC\Tauren\Passive Doodads\Kites\TaurenKite03.mdx,0,1,-1,-1,18,12,1,0,0,0,2538,0,0,0,-0.4749,-0.537541,0.524402,0.939304,0.541001,3.872912,1,1,0,0,0
2674,0,Creature\RocketChicken\RocketChicken.mdx,0,1,3,5,4,3,1,0,0,0,2542,0.6111,2.031,0,-0.279039,-0.398105,0.000307,0.283869,0.379389,0.441103,1,1,0,0,0
2675,0,Creature\Kaelthas_broken\KaelThasBroken.mdx,1,1,1,1,18,12,1,0,0,0,2539,0.6111,2.031,0,-0.478447,-0.512585,-0.004676,0.320658,0.473361,2.170681,1,1,0,0,0
2676,0,Creature\dragonkite\DragonKite.mdx,0,1,3,4,18,12,1,0,0,0,2540,0.6111,2.031,0,-5.875854,-2.751629,6.301993,0.847724,2.403704,11.55217,1,1,0,0,0
2677,0,Creature\FelElfWarriorMale\FelElfWarriorMale.mdx,1,1,1,1,12,14,1,0,0,0,2541,0.6111,2.031,1.166132,-0.919727,-0.695098,-0.004456,0.883586,0.88642,2.15723,1,1,0,0,0
2678,0,Creature\FelElfCasterFemale\FelElfCasterFemale.mdx,0,1,1,1,18,12,1,0,0,0,2543,0.6111,2.031,0,-0.826716,-0.492175,0.00048,0.3261,0.386724,2.231977,1,1,0,0,0
2679,0,World\GENERIC\PassiveDoodads\SummerFestival\SummerFest_Bonfire_Large01.mdx,0,1,-1,-1,18,12,1,0,0,0,2545,10.07,6.472,0,-5.19942,-5.219851,-1.946326,5.153739,5.133307,6.091428,1,1,0,0,0
2680,0,Creature\ProtoDragon\ProtoDragon.mdx,1,1,3,5,18,12,1,0,0,0,2516,0.6111,2.031,6.929265,-13.56336,-11.82971,-0.394802,6.81527,12.17867,7.524527,1,1,0,0,0
2681,0,Creature\MurlocCostume\murloccostume_noflag.mdx,1,1,1,4,18,12,1,0,0,0,2546,0.6111,2.031,0,-1.351396,-1.19325,-0.002218,0.605834,1.099059,2.588011,1,1,0,0,0
2682,0,Creature\MurlocCostume\murloccostume_whiteflag.mdx,1,1,1,4,18,12,1,0,0,0,2547,0.6111,2.031,0,-1.351396,-1.75464,-0.002218,0.734284,1.099059,2.588011,1,1,0,0,0
2683,0,Creature\RidingWyvernArmored\RidingWyvernArmored.mdx,0,1,-1,5,18,12,1,0,0,0,2548,0.6111,2.031,1.193891,-4.638083,-1.618196,-0.324002,1.728463,1.038783,2.116598,0.31,1,0,0,0
2684,0,World\Goober\G_EggSpider.mdx,0,1,-1,-1,18,12,1,0,0,0,2549,1.348,1.587,0,-0.988649,-0.613356,-0.110452,0.827556,0.625544,1.510131,0.31,1,0,0,0
2685,0,World\Goober\G_Necropolis.mdx,4,1,-1,-1,18,12,1,0,0,0,2550,0,0,0,-17.38651,-21.49606,-6.373473,17.65648,21.45243,53.36195,1,1,0,0,0
2686,0,Creature\EredarFemale\EredarFemale.mdx,2,1,3,3,18,12,1,0,0,0,2551,0.6111,2.031,0,-0.521141,-0.455811,0.00012,0.365669,0.489799,2.393948,1,1,0,0,0
2687,0,Creature\Kiljaeden\Kiljaeden.mdx,4,1,-1,-1,18,12,1,0,0,12,2552,0.6111,2.031,0,-2.390323,-2.143775,-3.088063,2.295424,2.455499,3.634304,1,1,0,0,0
2688,0,World\GENERIC\TAUREN\PASSIVE DOODADS\TaurenRugs\TaurenRug02.mdx,0,1,-1,-1,18,12,1,0,0,0,2553,0,0,0,-1.350365,-0.890608,0.003639,1.336565,0.901976,0.042982,1,1,0,0,0
2689,0,Creature\FrostWurmFellfire\FrostWurmFellfire.mdx,2,1,-1,5,18,12,1,0,2,12,2554,0.6111,2.031,8.139028,-20.14152,-9.65992,-0.580815,9.742922,9.59131,13.89963,1,1,0,0,0
2690,0,Creature\FelElfCasterMale\FelElfCasterMale.mdx,0,1,1,1,18,12,1,0,0,0,2555,0.6111,2.031,1.166132,-0.919727,-0.695098,-0.049328,0.883586,0.88642,2.174769,1,1,0,0,0
2691,0,Creature\FelElfHunterFemale\FelElfHunterFemale.mdx,0,1,1,1,18,12,1,0,0,0,2556,0.6111,2.031,0,-0.826716,-0.492175,0.00048,0.3261,0.303948,1.985586,1,1,0,0,0
2692,0,Creature\VoidGod\VoidGod.mdx,2,1,-1,-1,18,12,1,0,0,0,2557,0.6111,2.031,0,-0.750289,-1.535297,0.45982,0.860575,1.560822,3.642481,1,1,0,0,0
2693,19,Creature\GroundFlower\GroundFlower.mdx,0,1,-1,-1,18,12,1,0,0,0,2558,0.6111,2.031,0,1,1,1,-1,-1,-1,1,1,0,0,0
2694,3,Creature\VrykulBoat\Transport_Vrykul_MediumLight.mdx,2,1,3,-1,18,12,1,0,0,0,2559,0.6111,2.031,4.949482,-32.62376,-13.55413,-4.619597,32.54247,13.86787,44.44027,1,1,0,0,0
2695,0,World\EXPANSION01\DOODADS\BLOODMYST\Webs\Cocoon_Yellow.mdx,0,1,-1,-1,18,12,1,0,0,0,2560,0,0,0,-1.247049,-1.441736,-0.332708,1.257095,1.4498,2.31809,1,1,0,0,0
2696,17,SPELLS\LightningStorm_Cloud_State.mdx,2,1,3,-1,18,12,1,0,0,0,2561,0,0,0,-7.812839,-7.921497,0,7.998112,7.893131,9.225676,1,1,0,0,0
2697,0,SPELLS\Steam.mdx,0,1,3,-1,18,12,1,0,0,0,2562,0,0,0,1,1,1,-1,-1,-1,1,1,0,0,0
2698,0,Creature\DragonKalecgos\DragonKalecgos.mdx,3,1,3,5,30,20,2,0,2,12,2563,0.6111,2.031,8.139028,-20.14612,-9.710937,-0.69438,10.12188,9.767403,13.75829,1,1,0,0,0
2699,0,Creature\Kalecgos\Kalecgos.mdx,1,1,1,1,12,10,1,0,0,0,2564,0.6111,2.031,0,-0.576529,-0.477784,-0.001885,0.334475,0.471355,2.006102,1,1,0,0,0
2700,0,Creature\MountainGiantNorthrend\MountainGiant_Howling.mdx,3,1,3,1,18,12,1,0,2,12,2771,0.6111,2.031,0,-6.370946,-5.884487,-0.021337,2.789077,4.891731,14.7175,1,1,0,0,0
2701,0,Creature\FlyingBomber\flyingBomber.mdx,0,1,3,4,18,12,1,0,0,0,2566,0.6111,2.031,-0.250009,-5.228281,-4.882368,-0.813985,5.448802,4.904247,4.426452,1,1,0,0,0
2702,0,World\EXPANSION01\DOODADS\SUNWELL\PASSIVEDOODADS\SUNWELL\Sunwell_FX.mdx,0,1,-1,-1,18,12,1,0,0,0,2567,0,0,0,-40.65521,-46.09107,-20.38015,40.37093,46.09577,294.1752,1,1,0,0,0
2703,0,Creature\Muru\Muru.mdx,2,1,-1,-1,18,12,1,0,0,0,2568,0.6111,2.031,0,-2.408952,-2.476407,0.805461,2.46561,2.500221,8.060759,1,1,0,0,0
2704,0,Creature\DireFurbolg\DireFurbolg.mdx,1,1,-1,7,18,12,1,0,0,0,2569,0.6111,2.031,0,-0.575035,-0.937925,-0.016534,1.132669,0.966749,2.101517,1,1,0,0,0
2705,1,Creature\FrostLord\FrostLordCore.mdx,2,1,-1,-1,18,12,1,0,0,0,2570,0.6111,2.031,0,-0.958891,-2.51629,1.441007,1.029494,2.492966,7.186454,1,1,0,0,0
2706,1,Creature\FrostLord\FrostLord.mdx,0,1,-1,-1,18,12,1,0,0,0,2571,0.6111,2.031,0,-16.71991,-19.17481,-5.780576,21.28048,18.63478,49.09779,1,1,0,0,0
2707,0,Creature\Elekk\ElekkWild.mdx,2,1,3,3,24,20,1,0,1,10,2207,0.6111,2.031,0,-2.164633,-2.735859,-0.080545,3.491957,1.749821,4.466979,1,1,0,0,0
2708,0,Creature\ArcticCondor\ArcticCondor.mdx,0,1,-1,-1,18,12,1,0,0,0,2572,0.6111,2.031,0,-1.7049,-3.40195,0.504558,2.252631,3.435441,4.462834,1,1,0,0,0
2709,19,Creature\FireDancer\FireDancer.mdx,1,1,3,3,10,10,1,0,0,0,2573,0.7114,2.464,0,-0.433973,-0.455811,0.00012,0.365669,0.450666,2.408964,1,1,0,0,0
2710,0,Creature\Drake\Drake.mdx,0,1,1,1,18,12,1,0,0,10,508,0.6111,2.031,2.600726,-6.451479,-10.21152,-0.551222,2.749523,10.21095,11.51261,1,1,0,0,0
2711,0,Creature\Drake\Drake.mdx,2,1,1,1,18,12,1,0,0,10,508,0.6111,2.031,2.600726,-6.451479,-10.21152,-0.551222,2.749523,10.21095,11.51261,1,1,0,0,0
2712,0,Creature\SeaVrykulMale\SeaVrykulMale.mdx,0,1,1,4,18,12,1,0,0,0,2574,0.6111,2.031,2.745128,-2.725986,-2.615592,0.01077,1.981545,2.626946,4.52094,1,1,0,0,0
2713,0,Creature\NerubianWarrior\NerubianWarrior.mdx,0,1,3,1,6,4,1,0,0,0,2575,0.6111,2.031,0,-2.571846,-2.30753,-0.195637,2.077722,2.306995,3.304591,1,1.5,0,0,0
2714,0,Creature\NerubianCaster\NerubianCaster.mdx,1,1,3,1,18,12,1,0,0,0,2576,0.6111,2.031,0,-2.571847,-2.30753,-0.195637,2.054127,2.306995,3.298456,1,1.5,0,0,0
2715,0,Creature\Nerubian\Nerubian.mdx,1,1,3,1,6,4,1,0,0,0,2577,0.6111,2.031,0,-2.571846,-2.30753,-0.195637,2.054127,2.306995,3.187894,1,1,0,0,0
2716,0,Creature\Wolf\Wolf.mdx,1,1,-1,7,18,12,1,0,0,0,43,0.6111,2.031,0,-2.256148,-0.636058,-7.8E-05,1.584775,0.666565,1.702781,1,1,0,0,0
2717,0,Creature\Direwolf\RidingDireWolf.mdx,0,1,-1,7,18,12,1,0,0,0,2578,0.6111,2.031,1.399111,-2.306945,-0.575971,-0.023982,1.588482,0.546913,1.878976,1,1,0,0,0
2718,27,Creature\RocketMount\RocketMount.mdx,0,1,3,-1,18,12,1,0,0,0,2579,0.6111,2.031,0.580206,-2.24301,-0.858283,0.099018,2.20594,0.830643,2.69684,1,1,0,0,0
2719,0,Creature\PhoenixPet\PhoenixPet.mdx,0,1,1,-1,18,12,1,0,0,0,2580,0.6111,2.031,0,-0.896122,-1.320888,0.09345,0.940604,1.334327,2.101663,1,1,0,0,0
2720,0,Spells\MagePortal_Blank.mdx,2,1,-1,-1,18,12,1,0,0,0,2581,0.4167,2.361,0,1,1,1,-1,-1,-1,1,1,0,0,0
2721,0,World\GENERIC\ActiveDoodads\SpellPortals\MagePortal_Shattrath.mdx,2,1,-1,-1,18,12,1,0,0,0,2582,0,0,0,0,-1.561411,0.175986,0,1.561411,3.648433,1,1,0,0,0
2722,0,World\GOOBER\G_JewelBlack.mdx,1,1,-1,-1,18,12,1,0,0,0,2583,0.4167,1.389,0,-1.463389,-1.777932,-0.619562,1.457933,1.778948,3.534489,1,1,0,0,0
2723,0,Creature\Dragon\Dragon.mdx,4,1,1,5,30,20,3,0,2,12,191,0.6111,2.031,8.139028,-20.14612,-9.710938,-0.694382,9.732644,9.767403,13.7583,1,1,0,0,0
2724,0,World\GENERIC\PASSIVEDOODADS\BABIES\Baby_Ta.mdx,0,1,-1,-1,18,12,1,0,0,0,2584,1.198,2.928,0,-0.583381,-0.531034,-0.045662,0.584259,0.511716,0.609665,1,1,0,0,0
2725,0,Creature\NerubianSpiderling\NerubianSpiderling.mdx,0,1,3,4,6,4,1,0,0,0,2585,0.6111,2.031,0,-1.419673,-1.800305,-0.050222,1.366587,1.800442,2.473928,1,1,0,0,0
2726,0,Creature\ForsakenCatapult\ForsakenCatapult.mdx,0,1,-1,-1,18,12,1,0,0,0,2587,3.889,4.167,1.800083,-3.43419,-2.666506,-0.753027,4.268676,2.696218,6.657133,1,1,0,0,0
2727,3,Creature\ForsakenCatapult\ForsakenCatapult.mdx,0,1,3,4,18,12,1,0,0,0,2587,3.889,4.167,1.800083,-3.43419,-2.666506,-0.753027,4.268676,2.696218,6.657133,1,1,0,0,0
2728,0,Creature\FlyingNerubian\FlyingNerubian.mdx,0,1,3,4,18,12,1,0,0,0,2588,0.6111,2.031,0,-2.081826,-2.48324,-0.006417,2.087939,2.526642,2.109186,1,1,0,0,0
2729,0,World\GENERIC\HUMAN\PASSIVE DOODADS\MEAT\BloodyMeat02.mdx,0,1,-1,-1,18,12,1,0,0,0,2595,0.619,0.1734,0,-0.706571,-1.018437,-0.004159,0.411174,0.560466,0.75556,1,1,0,0,0
2730,27,World\AZEROTH\KARAZAHN\PASSIVEDOODADS\Pedestals\KarazahnPedestals02.mdx,0,1,-1,-1,18,12,1,0,0,0,2596,3.786,5.207,0,-1.907112,-1.97546,-0.036731,1.878037,1.809688,5.182298,1,1,0,0,0
2731,0,Creature\WYVERN\Wyvern.mdx,0,1,-1,-1,18,12,1,0,0,0,85,0.6111,2.031,0,-3.20153,-5.221857,0.423987,3.136625,5.234344,6.741571,1,1,0,0,0
2732,0,Creature\WYVERN\Wyvern_Armored.mdx,0,1,-1,-1,18,12,1,0,0,0,2238,0.6944,2.083,0,-3.390851,-5.221857,0.306299,3.136625,5.234344,6.741571,1,1,0,0,0
2733,0,Creature\NerubianPriest\NerubianPriest.mdx,0,1,-1,-1,18,12,1,0,0,0,2597,0.6111,2.031,0,-1.525592,-1.048664,-0.031143,1.553108,1.00001,3.219615,1,1,0,0,0
2734,0,Creature\ClockworkGnome\ClockworkGnome.mdx,0,1,3,1,18,12,1,0,0,0,2598,0.6111,2.031,0.410099,-0.258554,-0.381793,-0.002125,0.187306,0.388054,1.020944,1,1,0,0,0
2735,0,Creature\ClockworkGnome\ClockworkGnome_A.mdx,0,1,3,4,18,12,1,0,0,0,2599,0.6111,2.031,0.410099,-0.258554,-0.381793,-0.002125,0.187306,0.388054,1.11782,1,1,0,0,0
2736,0,Creature\ClockworkGnome\ClockworkGnome_B.mdx,0,1,3,1,18,12,1,0,0,0,2600,0.6111,2.031,0.410099,-0.258554,-0.381793,-0.002125,0.187306,0.388054,1.020944,1,1,0,0,0
2737,0,Creature\ClockworkGnome\ClockworkGnome_C.mdx,0,1,3,1,18,12,1,0,0,0,2601,0.6111,2.031,0.410099,-0.258554,-0.381793,-0.002125,0.187306,0.388054,1.020944,1,1,0,0,0
2738,0,Creature\ClockworkGnome\ClockworkGnome_D.mdx,0,1,3,1,18,12,1,0,0,0,2602,0.6111,2.031,0.410099,-0.258554,-0.381793,-0.002125,0.191336,0.388054,1.050376,1,1,0,0,0
2739,0,Creature\Dragon\NorthrendDragon.mdx,4,1,1,5,30,20,3,0,2,12,2603,0.6111,2.031,8.139028,-20.13958,-9.659925,-0.580814,9.74292,9.591308,14.08966,0.4,3.3,0,0,0
2740,0,Creature\NorthrendFrostWurm\NorthrendFrostWurm.mdx,3,1,3,5,18,12,1,0,0,0,2604,0.6111,2.031,8.139028,-18.75363,-10.5016,-0.484639,10.06395,10.42854,13.89459,1,1,0,0,0
2741,0,Creature\NorthrendNightbane\NorthrendNightBane.mdx,2,1,3,5,18,12,1,0,0,0,2605,0.6111,2.031,8.139028,-18.75362,-10.5016,-0.484638,10.06396,10.42855,13.89459,1,1,0,0,0
2742,19,Creature\SiegeVehicle\SiegeVehicle.mdx,1,1,3,4,18,12,1,0,0,0,2533,7.778,8.333,0,-6.310678,-5.528345,-0.220268,9.232588,5.527174,7.65841,1,1,0,0,0
2743,0,Creature\Dreadlord\DreadLord.mdx,2,1,2,3,18,12,1,0,0,0,130,0.6111,2.031,0,-2.89868,-2.36577,-0.182645,1.039702,2.260313,3.46735,1,1,0,0,0
2744,0,World\GENERIC\HUMAN\PASSIVE DOODADS\OILDRUMS\oildrum01.mdx,0,1,-1,-1,18,12,1,0,0,0,2606,1.875,2.849,0,-0.937443,-1.073146,-0.008802,0.937443,1.15806,2.839941,1,1,0,0,0
2745,0,Creature\NorthrendFleshGiant\NorthrendFleshGiant.mdx,0,1,3,1,18,12,1,0,82,12,2748,0.6111,2.031,9.313585,-3.274463,-7.618589,-0.008257,6.13324,4.140361,12.56717,1,1,0,0,0
2746,1,Creature\HippogryphMount\HippogryphMount.mdx,0,1,-1,5,18,12,1,0,0,0,90,0.6111,2.031,1.881287,-2.275916,-1.1624,-0.051369,2.607393,1.198436,3.223356,1,1,0,0,0
2747,0,Creature\FelBat\BatTaxi.mdx,0,1,-1,5,18,12,1,0,0,0,308,0.6111,2.031,0,-2.269798,-5.225965,0.796045,3.382529,5.2302,6.770887,1,1,0,0,0
2748,0,Creature\Gryphon\Gryphon_Skeletal.mdx,0,1,-1,-1,18,12,1,0,0,0,2197,0.6111,2.031,1.56762,-2.470151,-3.383821,0.237628,1.698388,3.334072,4.354697,1,1,0,0,0
2749,0,Creature\Gryphon\Gryphon_Ghost.mdx,0,1,-1,-1,18,12,1,0,0,0,2230,0.6111,2.031,1.56762,-2.541015,-4.041359,-0.647368,2.514731,4.030257,6.215681,1,1,0,0,0
2750,0,World\EXPANSION01\DOODADS\GENERIC\BloodElf\PowerOrb\BloodElf_PowerOrb_Green.mdx,0,1,-1,-1,18,12,1,0,0,0,2607,0,0,0,-1.939328,-2.352403,-2.353823,1.939328,2.352403,2.347174,1,1,0,0,0
2751,0,World\Expansion02\Doodads\Generic\Scourge\SC_Blighter.mdx,0,1,-1,-1,18,12,1,0,0,0,2608,6.098,9.878,0,-4.065631,-4.065632,-0.536147,4.065631,4.065636,10.67587,1,1,0,0,0
2752,0,Creature\NorthrendIceGiant\NorthrendIceGiant.mdx,3,1,4,1,140,80,1,0,0,0,2609,0.6111,2.031,9.313585,-4.115623,-5.71981,-0.157621,5.496852,6.410836,14.21189,1,1,0,0,0
2753,0,Creature\JormungarLarva\JormungarLarva.mdx,2,1,3,4,18,12,1,0,0,0,2610,0.6111,2.031,0,-3.670468,-1.210421,-0.321019,1.957413,1.125325,3.824203,1,1,0,0,0
2754,0,Creature\NorthrendGeist\NorthrendGeist.mdx,0,1,3,4,18,12,1,0,0,0,2611,0.6111,2.031,0.98552,-0.327934,-0.586319,-0.040411,0.468205,0.395657,0.897384,1,0.75,0,0,0
2755,0,Creature\RocketMount\RocketMount.mdx,0,1,3,4,18,12,1,0,0,0,2579,0.6111,2.031,0.580206,-2.24301,-0.858283,0.099018,2.20594,0.830643,2.69684,1,1,0,0,0
2756,0,Creature\Warhorse\WarHorse.mdx,0,1,1,4,18,12,1,0,0,0,2612,0.6111,2.031,1.86572,-1.952967,-0.464979,-0.021533,2.040423,0.490535,2.540264,1,1,0,0,0
2757,0,World\GENERIC\HUMAN\PASSIVE DOODADS\Clothing\ClothYarnBallRed.mdx,0,1,3,4,18,12,1,0,0,0,2613,0,0,0,-0.11854,-0.122918,-0.0069,0.11854,0.114163,0.230181,0.2,1,0,0,0
2758,1,Creature\Gryphon\Gryphon_ArmoredMount.mdx,2,1,1,4,18,12,1,0,0,0,2614,0.6111,2.031,1.567621,-2.135736,-1.289662,-0.097414,2.52731,1.174462,2.665081,1,1,0,0,0
2759,0,Creature\ZebraMount\ZebraMount.mdx,0,1,3,4,18,12,1,0,0,0,2615,0.6111,2.031,1.865717,-1.354393,-0.46844,-0.01035,2.552169,0.41773,2.70697,1,1,0,0,0
2760,0,CREATURE\ZebraMount\ZebraMount.mdx,0,1,1,6,18,12,1,0,1,0,197,0.6111,2.031,1.865717,-1.354393,-0.46844,-0.01035,2.552169,0.41773,2.70697,1,1,0,0,0
2761,0,Creature\NorthrendPenguin\NorthrendPenguin.mdx,0,1,1,4,18,12,1,0,0,0,2616,0.6111,2.031,0,-0.870671,-0.519444,-0.100067,0.734886,0.53724,1.606367,1,1,0,0,0
2762,0,Creature\RocketMount\RocketMount.mdx,0,1,3,4,18,12,1,0,0,0,2579,0.6111,2.031,0.580206,-2.24301,-0.858283,0.099018,2.20594,0.830643,2.69684,1,1,0,0,0
2763,0,World\Expansion02\Doodads\Generic\Scourge\SC_Wagon.mdx,0,1,3,4,18,12,1,0,0,0,2617,0,0,0,-14.38312,-5.328387,-0.649484,9.152519,5.008802,12.88187,1,1,0,0,0
2764,0,Creature\ZebraMount\ZebraMount.mdx,0,1,1,6,18,12,1,0,0,0,2618,0.6111,2.031,1.865717,-1.354393,-0.46844,-0.01035,2.552169,0.41773,2.70697,1,1,0,0,0
2765,0,World\GENERIC\HUMAN\PASSIVE DOODADS\GunShop\GunTripod.mdx,0,1,3,4,18,12,1,0,0,0,2619,1.133,1.407,0,-0.535936,-0.760469,-0.001824,0.601046,0.879806,1.63196,1,1,0,0,0
2766,0,World\AZEROTH\STRANGLETHORN\PASSIVEDOODADS\TrollDungeonSacks\TrollDungeonSacks.mdx,0,1,3,4,18,12,1,0,0,0,2620,1.12,1.078,0,-0.54398,-0.502468,-0.036349,0.545051,0.502468,0.946389,1,1,0,0,0
2767,0,Creature\Gryphon\Gryphon_ArmoredMount.mdx,0,1,3,4,18,12,1,0,0,0,2614,0.6111,2.031,1.567621,-2.135736,-1.289662,-0.097414,2.52731,1.174462,2.665081,1,1,0,0,0
2768,3,Creature\ScryingOrb\ScryingOrb.mdx,0,1,3,4,18,12,1,0,0,0,2621,0.6111,2.031,0,-0.506762,-0.505763,-0.008438,0.506762,0.507762,1.827319,1,1,0,0,0
2769,0,Creature\Magnataur\magnataur.mdx,2,1,1,4,18,12,1,0,1,10,2622,0.6111,2.031,2.308032,-2.038985,-1.355032,-0.001507,2.487218,1.415324,3.736028,1,1,0,0,0
2770,0,World\DUNGEON\CAVERNSOFTIME\PASSIVEDOODADS\HourGlass\COT_HourGlass_redo.mdx,0,1,3,4,18,12,1,0,0,0,2623,0,0,0,-31.72278,-31.67124,4.816495,31.71246,31.72117,164.3797,1,1,0,0,0
2771,0,Creature\Gryphon\Gryphon_ArmoredMount.mdx,0,1,3,4,18,12,1,0,0,0,2614,0.6111,2.031,1.567621,-2.135736,-1.289662,-0.097414,2.52731,1.174462,2.665081,1,1,0,0,0
2772,0,World\Expansion02\Doodads\DragonBlight\DB_Flowers02.mdx,0,1,3,4,18,12,1,0,0,0,2624,0,0,0,-0.64736,-0.563626,-0.019972,0.560183,0.60706,1.026458,1,1,0,0,0
2773,0,World\GENERIC\PASSIVEDOODADS\Furniture\Containers\Lichcontainer01.mdx,0,1,3,4,18,12,1,0,0,0,2625,0,0,0,-0.578409,-0.578409,0.006129,0.578409,0.578409,1.90676,1,1,0,0,0
2774,0,World\AZEROTH\ELWYNN\PASSIVEDOODADS\DETAIL\ElwynnFlower01.mdx,0,1,3,4,18,12,1,0,0,0,2626,0,0,0,-0.697981,-0.41496,-0.017176,0.225942,0.373621,0.881195,1,1,0,0,0
2775,0,Creature\RidingWyvernArmored\RidingWyvernArmored.mdx,0,1,3,4,18,12,1,0,0,0,2548,0.6111,2.031,1.193891,-4.638083,-1.618196,-0.324002,1.728463,1.038783,2.116598,1,1,0,0,0
2776,0,World\AZEROTH\ELWYNN\PASSIVEDOODADS\DETAIL\ElwynnFlower02.mdx,0,1,3,4,18,12,1,0,0,0,2627,0,0,0,-0.558435,-0.419731,-0.04909,0.32583,0.466778,0.856388,1,1,0,0,0
2777,17,World\OUTLAND\PASSIVEDOODADS\caltrop01.mdx,2,1,3,4,18,12,1,0,0,0,2628,24.03,19.08,0,-13.08902,-11.62416,-0.792308,10.94055,10.9456,18.28534,1,1,0,0,0
2778,0,World\KALIMDOR\FELWOOD\PASSIVEDOODADS\PLANTSQUEST\NightDragon02.mdx,0,1,3,4,18,12,1,0,0,0,2629,0,0,0,-0.467656,-0.451192,-0.190804,0.349361,0.475559,1.079172,1,1,0,0,0
2779,0,World\KALIMDOR\FELWOOD\PASSIVEDOODADS\PLANTSQUEST\SongFlower01.mdx,0,1,3,4,18,12,1,0,0,0,2630,0,0,0,-0.413001,-0.414362,-0.042844,0.361312,0.434082,0.869027,1,1,0,0,0
2780,3,Creature\RevenantFire\RevenantFire.mdx,0,1,3,4,18,12,1,0,0,0,2631,0.6111,2.031,0,-3.781758,-3.659616,-1.34158,3.11196,3.67445,5.103592,0.3,0.3,0,0,0
2781,0,Creature\MageHunter\MageHunter.mdx,0,1,3,7,18,12,1,0,0,0,2632,0.6111,2.031,0,-1.346204,-0.473691,-0.010816,0.81945,0.423427,1.619908,1,1,0,0,0
2782,0,CREATURE\ELEKK\ElekkWild.mdx,1,1,3,6,24,20,1,0,0,0,2207,0.6111,2.031,0,-2.164633,-2.735859,-0.080545,3.491957,1.749821,4.466979,1,1,0,0,0
2783,0,World\GENERIC\GNOME\PASSIVE DOODADS\FURNITURE\GnomeChair02.mdx,0,1,3,4,18,12,1,0,0,0,2634,1.211,1.231,0,-0.654306,-0.460582,-0.013889,0.583744,0.460582,1.205534,1,1,0,0,0
2784,0,Creature\LionSeal\LionSeal.mdx,0,1,3,4,18,12,1,0,0,0,2635,0.6111,2.031,0,-1.519938,-0.966609,-0.052045,1.252717,1.247999,1.842292,1,1,0,0,0
2785,0,SPELLS\Harpoon_Fire_Missile.mdx,0,1,3,4,18,12,1,0,0,0,2636,0,0,0,-15.50173,-2.094953,-0.412464,4.962707,2.347638,0.443347,1,1,0,0,0
2786,0,CREATURE\WaterBubbleCreature\WaterBubbleCreature_NoSound.mdx,0,1,3,4,18,12,1,0,0,0,2390,0.6111,2.031,0,-1.944444,-1.944444,0.198141,1.944444,1.944444,4.08703,1,1,0,0,0
2787,0,World\EXPANSION01\DOODADS\GENERIC\BloodElf\Rowboat\BE_Rowboat.mdx,0,1,3,4,18,12,1,0,0,0,2637,13.87,2.554,0,-8.507298,-2.401628,-0.745978,5.358843,2.142932,1.807548,1,1,0,0,0
2788,0,Creature\GNOMESPIDERTANK\GnomeSpiderTank02.mdx,2,1,3,4,1,1,1,0,0,10,2638,0.6111,2.031,1.182267,-1.592257,-1.47701,0.017468,1.010801,1.475769,2.652474,1,1,0,0,0
2789,0,SPELLS\Missile_Wave_Water.mdx,0,1,4,4,18,12,1,0,0,0,2639,0,0,0,-12.98573,-6.152149,-0.305201,3.218552,6.116613,7.377266,1,1,0,0,0
2790,0,Creature\InvisibleStalker\InvisibleStalkerGround.mdx,0,1,3,4,18,12,1,0,0,0,2640,0.6111,2.031,0,1,1,1,-1,-1,-1,1,1,0,0,0
2791,0,World\Generic\GNOME\PASSIVE DOODADS\HazardLights\GnomeHazardLight01.mdx,0,1,3,4,18,12,1,0,0,0,2641,0.7422,1.584,0,-4.071814,-4.070805,-0.001605,4.069395,4.071962,2.012795,1,1,0,0,0
2792,0,World\Expansion02\Doodads\Nexus\Nexus_Elevator_BaseStructure_01.mdx,0,1,3,4,18,12,1,0,0,0,2642,11.4,2.455,0,-5.701376,-11.84232,-0.000562,5.701377,11.84232,2.454469,1,1,0,0,0
2793,0,Creature\Valkier\Valkier.mdx,2,1,3,4,18,12,1,0,0,0,2643,0.6111,2.031,2.615264,-3.57751,-3.907612,-0.183474,1.880367,3.911128,6.244998,1,1,0,0,0
2794,0,Creature\NorthrendGhoul\NorthrendGhoul.mdx,0,1,3,4,18,12,1,0,0,0,2644,0.6111,2.031,1.217973,-0.585378,-1.365441,-0.047204,1.180987,1.617798,2.251136,1,1,0,0,0
2795,2,World\Generic\HUMAN\PASSIVE DOODADS\DOLLS\ragdoll_02.mdx,0,1,3,4,18,12,1,0,0,0,2645,0,0,0,-0.192449,-0.394105,0.000905,0.420359,0.351775,0.831763,1,1,0,0,0
2796,0,World\GENERIC\PASSIVEDOODADS\FRUITS\Fruit_Apple.mdx,0,1,3,4,18,12,1,0,0,0,2646,0,0,0,-0.175725,-0.201708,0.001131,0.176756,0.247038,0.480552,1,1,0,0,0
2797,3,Creature\DemolisherVehicle\DemolisherVehicle.mdx,0,1,3,4,18,12,1,0,0,0,2647,9.651,6.106,1.809831,-7.038121,-5.492237,-0.422851,7.287582,5.492237,10.35936,1,1,0,0,0
2798,0,CREATURE\HHMount\HHMount.mdx,1,1,3,6,18,12,1,0,0,10,2648,0.6111,2.031,1.865723,-1.190986,-0.61867,-0.001349,2.003753,0.61867,2.669328,1,1,0,0,0
2799,0,Creature\Warhorse\WarHorse.mdx,2,1,1,3,18,12,1,0,0,10,2612,0.6111,2.031,1.86572,-1.952967,-0.464979,-0.021533,2.040423,0.490535,2.540264,1,1,0,0,0
2800,2,World\GOOBER\G_BarrelExplode.mdx,0,1,3,4,18,12,1,0,0,0,2649,0.6167,0.648,0,-0.308737,-0.360661,-0.001209,0.309601,0.353334,0.647607,1,1,0,0,0
2801,1,Creature\Valkier\Valkier.mdx,1,1,3,4,18,12,1,0,0,0,2643,0.6111,2.031,2.615264,-3.57751,-3.907612,-0.183474,1.880367,3.911128,6.244998,1,1,0,0,0
2802,0,Creature\DragonSpawnNexus\DragonSpawnArmoredNexus.mdx,1,1,3,5,18,12,1,0,0,0,2650,0.6111,2.031,1.547733,-2.880074,-2.074448,-0.032286,2.253371,2.08143,2.72568,1,1,0,0,0
2803,0,Creature\VrykulFemale\VrykulFemale.mdx,1,1,3,4,18,12,1,0,0,0,2476,0.6111,2.031,2.615264,-0.734509,-1.09739,-0.016094,0.719155,0.921434,4.383039,1,1,0,0,0
2804,0,CREATURE\BAND\Band_DrumSet.mdx,0,1,3,4,18,12,1,0,0,0,2651,0.6111,2.031,0,-2.475976,-2.491262,-0.062492,2.256285,2.305503,4.350561,1,1,0,0,0
2805,0,Creature\ZombiefiedVrykul\ZombiefiedVrykul.mdx,2,1,3,4,18,12,1,0,0,0,2652,0.6111,2.031,2.745128,-1.203868,-1.581999,-0.006493,1.137464,1.194393,4.104521,1,1,0,0,0
2806,0,Creature\ZombiefiedVrykulCaster\ZombiefiedVrykulCaster.mdx,2,1,3,4,18,12,1,0,0,0,2653,0.6111,2.031,2.745128,-1.203868,-1.483551,0.010809,1.129242,0.864203,4.126082,1,1,0,0,0
2807,0,Creature\DragonSpawn\DragonSpawnOverlordNexus.mdx,0,1,3,4,18,12,1,0,0,0,2654,0.6111,2.031,1.547733,-3.250959,-4.279484,-0.03537,1.952533,3.144126,3.523082,1,1,0,0,0
2808,3,World\Expansion02\Doodads\Generic\Scourge\SC_Blighter.mdx,2,1,3,4,18,12,1,0,0,0,2608,6.098,9.878,0,-4.065631,-4.065632,-0.536147,4.065631,4.065636,10.67587,1,1,0,0,0
2809,4,Creature\DemonForm\DemonForm.mdx,0,1,3,4,18,12,1,0,0,0,2655,0.6111,2.031,0,-4.926067,-3.835461,-0.016268,1.038406,5.094155,6.330422,1,1,0,0,0
2810,0,Creature\DeathKnightMount\DeathKnightMount.mdx,0,1,3,6,18,12,1,0,0,0,2656,0.6111,2.031,1.934237,-1.190747,-0.615622,-0.019883,1.998955,0.619455,2.603795,1,1,0,0,0
2811,0,Creature\SiegeVehicle\SiegeVehicle.mdx,0,1,3,4,18,12,1,0,0,0,2533,7.778,8.333,0,-6.310678,-5.528345,-0.220268,9.232588,5.527174,7.65841,1,1,0,0,0
2812,1,Creature\SiegeVehicle\SiegeVehicle.mdx,2,1,3,4,18,12,1,0,0,0,2533,7.778,8.333,0,-6.310678,-5.528345,-0.220268,9.232588,5.527174,7.65841,1,1,0,0,0
2813,0,Creature\SiegeVehicle\SiegeVehicle_Weapon_Cannon.mdx,1,1,3,4,18,12,1,0,0,0,2657,0.6111,2.031,0,-2.271902,-1.318876,-0.249522,3.1926,1.31887,3.794573,1,1,0,0,0
2814,0,Creature\SiegeVehicle\SiegeVehicle_Weapon_Cannon.mdx,0,1,3,4,18,12,1,0,0,0,2657,0.6111,2.031,0,-2.271902,-1.318876,-0.249522,3.1926,1.31887,3.794573,1,1,0,0,0
2815,0,Creature\FlyingBomber\flyingBomber.mdx,0,1,3,4,18,12,1,0,0,0,2658,0.6111,2.031,0,-5.228281,-4.882368,-0.813985,5.448802,4.904247,4.426452,1,1,0,0,0
2816,0,SPELLS\ENCHANTMENTS\Sparkle_A.mdx,0,1,3,4,18,12,1,0,0,0,2659,0,0,0,-1E-06,-0.213074,-0.185297,0,0.213074,0.240852,1,1,0,0,0
2817,0,CREATURE\bearmountALT\BearMountALT.mdx,1,1,1,7,18,12,1,0,0,0,2660,0.6111,2.031,1.862083,-1.657581,-0.911972,-0.058709,1.681356,0.867246,2.325113,1,1,0,0,0
2818,0,Creature\SiegeVehicle\SiegeVehicleHasGun.mdx,0,1,3,4,18,12,1,0,0,0,2661,7.778,8.333,0,-6.310678,-5.528345,-0.220268,9.232588,5.527174,8.66268,1,1,0,0,0
2819,0,Creature\Wolvar\Wolvar.mdx,0,1,3,4,18,12,1,0,0,0,2662,0.6111,2.031,0,-1.611659,-1.169165,-0.016933,1.240952,1.030889,1.993279,1,1,0,0,0
2820,3,ITEM\OBJECTCOMPONENTS\WEAPON\Sword_2H_Deathknight_B_01_Q.mdx,0,1,3,4,18,12,1,0,0,0,2663,0,0,0,-0.4212,-0.054697,-0.408832,1.642138,0.054697,0.408832,1,1,0,0,0
2821,3,ITEM\OBJECTCOMPONENTS\WEAPON\Axe_2H_Deathknight_C_01_Q.mdx,0,1,3,4,18,12,1,0,0,0,2664,0,0,0,-0.503807,-0.12519,-0.613887,1.182728,0.12519,0.37099,1,1,0,0,0
2822,0,Creature\Mammoth\mammoth.mdx,0,1,1,4,18,12,1,0,1,10,2665,0.6111,2.031,4.023158,-2.15665,-1.768878,-0.110208,4.035641,1.664974,4.488163,1,1,0,0,0
2823,0,Creature\Mammoth\MammothMount_1seat.mdx,2,1,3,3,36,24,1,0,1,10,2784,0.6111,2.031,4.433225,-2.225293,-2.169382,-0.15771,4.035641,2.068158,5.240027,0.85,1.8,0,0,0
2824,0,Creature\Mammoth\MammothMount_3seat.mdx,0,1,3,3,32,21,1,0,1,10,2785,0.6111,2.031,4.433225,-2.385066,-2.316531,-0.15771,4.035641,2.300715,5.240027,1,1,0,0,0
2825,1,Creature\ValkierDark\ValkierDark.mdx,0,1,3,4,18,12,1,0,0,0,2668,0.6111,2.031,2.615264,-3.577509,-3.907612,-0.183474,1.880367,3.911128,6.244998,1,1,0,0,0
2826,3,World\ENVIRONMENT\DOODAD\GENERALDOODADS\ELEMENTALRIFTS\AirRift.mdx,1,1,3,4,18,12,1,0,0,0,2669,0,0,0,1,1,1,-1,-1,-1,1,1,0,0,0
2827,0,Creature\FrostWurmNorthrend\FrostWurmNorthrend.mdx,0,1,3,4,18,12,1,0,2,12,2670,0.6111,2.031,8.139028,-23.20576,-10.98071,-0.484076,10.29541,10.90149,14.08321,0.4,1,0,0,0
2828,0,Creature\RidingUndeadDrake\RidingUndeadDrake.mdx,0,1,3,5,24,16,1,0,0,0,2147,0.6111,2.031,2.930889,-7.316209,-3.449286,-0.165108,3.685983,2.765122,3.669262,1,1,0,0,0
2829,0,Creature\EYEOFKATHUNE\EyeofKathune.mdx,0,1,3,4,18,12,1,0,0,0,2671,26.11,22.78,0,-20.84484,-32.78127,-23.20214,20.86871,32.79073,46.49915,1,1,0,0,0
2830,0,Creature\VampyrBloodPrince\VampyrBloodPrince.mdx,0,1,3,4,18,12,1,0,0,0,2672,0.6111,2.031,1.166132,-1.029139,-0.75485,-0.049988,0.498925,0.489956,2.315285,1,1,0,0,0
2831,0,Creature\Undead_Eagle\Undead_Eagle.mdx,0,1,3,4,18,12,1,0,0,0,2673,0.6111,2.031,0,-1.601197,-3.440231,0.465553,2.249244,3.476891,4.484732,1,1,0,0,0
2832,256,SPELLS\DeathKnight_DestroyCorpse_Bones_01.mdx,0,1,3,4,18,12,1,0,0,0,2674,0,0,0,-0.09908,-0.561746,-0.133337,0.77263,0.590708,0.421892,1,1,0,0,0
2833,256,World\GENERIC\HUMAN\PASSIVE DOODADS\MEAT\BloodyMeat02.mdx,0,1,3,4,18,12,1,0,0,0,2595,0.619,0.1734,0,-0.706571,-1.018437,-0.004159,0.411174,0.560466,0.75556,1,1,0,0,0
2834,256,World\GENERIC\HUMAN\PASSIVE DOODADS\MEAT\BloodyMeat01.mdx,0,1,3,4,18,12,1,0,0,0,2675,1.184,1.154,0,-1.186601,-1.222721,-0.348854,0.806619,0.931032,1.182612,1,1,0,0,0
2835,256,World\EXPANSION01\DOODADS\GENERIC\Ogre\Bones\OM_Bones_03.mdx,0,1,3,4,18,12,1,0,0,0,2676,2.294,1.355,0,0.21852,-2.368547,-0.090958,2.652646,0.394367,1.123309,1,1,0,0,0
2836,1,Creature\Gyrocopter\Gyrocopter_02.mdx,2,1,3,4,18,12,1,0,0,0,2523,0.6111,2.031,0,-3.177817,-2.162469,0.945354,1.639396,2.149121,3.73997,1,1,0,0,0
2837,1,Creature\Gargoyle\Gargoyle.mdx,1,1,3,4,18,12,1,0,0,0,788,0.6111,2.031,1.800374,-1.520481,-3.357987,0.57848,1.195159,3.35428,3.799082,1,1,0,0,0
2838,0,Creature\FlyingBomber\flyingBomber.mdx,0,1,3,4,18,12,1,0,0,0,2658,0.6111,2.031,0,-5.228281,-4.882368,-0.813985,5.448802,4.904247,4.426452,1,1,0,0,0
2839,0,Creature\Undead_Eagle\Undead_Eagle.mdx,0,1,3,4,18,12,1,0,0,0,2673,0.6111,2.031,0,-1.601197,-3.440231,0.465553,2.249244,3.476891,4.484732,0.5,1,0,0,0
2840,0,Creature\SeaVrykul\SeaVrykul.mdx,0,1,3,4,18,12,1,0,0,0,2574,0.6111,2.031,2.741065,-0.872072,-1.465369,-0.007254,1.020408,1.230503,4.485096,1,1,0,0,0
2841,0,Creature\SeaVrykulMale\SeaVrykulMale.mdx,0,1,3,4,18,12,1,0,0,0,2677,0.6111,2.031,2.745128,-2.725986,-2.615592,0.01077,1.981545,2.626946,4.52094,1,1,0,0,0
2842,0,Creature\SeaVrykulMale\SeaVrykulMale_A.mdx,0,1,3,4,18,12,1,0,0,0,2678,0.6111,2.031,2.745128,-2.725986,-2.615593,0.01077,1.981545,2.626946,4.52094,1,1,0,0,0
2843,0,Creature\SeaVrykulMale\SeaVrykulMale_A.mdx,0,1,3,4,18,12,1,0,0,0,2678,0.6111,2.031,2.745128,-2.725986,-2.615593,0.01077,1.981545,2.626946,4.52094,1,1,0,0,0
2844,0,Creature\Gryphon\Gryphon_ArmoredMount.mdx,0,1,3,4,18,12,1,0,0,0,2237,0.6111,2.031,1.567621,-2.135736,-1.289662,-0.097414,2.52731,1.174462,2.665081,1,1,0,0,0
2845,0,World\AZEROTH\STRANGLETHORN\PASSIVEDOODADS\GemMineCar02\GemMineCar03.mdx,0,1,3,4,18,12,1,0,0,0,2679,2.05,2.468,0,-1.023755,-0.748014,-0.026267,1.026245,1.065536,2.424548,1,1,0,0,0
2846,0,Creature\IronDwarf\IronDwarf.mdx,0,1,3,1,18,12,1,0,0,0,2680,0.6111,2.031,1.082618,-0.703441,-0.970538,-0.021472,0.626873,0.916532,2.315061,1,1,0,0,0
2847,1,Creature\FrostwyrmPet\FrostWyrmPet.mdx,0,1,3,4,18,12,1,0,0,0,2681,0.6111,2.031,0,-0.825038,-1.022771,0.84769,0.605375,0.952629,3.41896,1,1,0,0,0
2848,0,Creature\NorthrendGiant\NorthrendGiant.mdx,3,1,1,4,18,12,1,0,1,12,2514,0.6111,2.031,9.313585,-4.035321,-6.27873,-0.007257,3.574185,6.905941,15.86605,1,1,0,0,0
2849,128,Creature\VrykulFemale\FrostVrykulFemaleWarrior.mdx,0,1,3,4,18,12,1,0,0,0,2683,0.6111,2.031,2.615265,-0.734504,-1.174157,-0.016096,0.714881,1.060832,4.475289,1,1,0,0,0
2850,0,Character\Vrykul\Male\VrykulMale.mdx,0,1,3,4,18,12,1,0,0,0,2475,0.6111,2.031,2.745128,-1.468,-1.429061,-0.116891,0.840544,1.380811,5.075645,1,1,0,0,0
2852,0,Creature\VrykulFemale\FemaleVrykulBoss.mdx,0,1,3,4,18,12,1,0,1,10,2685,0.6111,2.031,2.615263,-0.830698,-1.135743,-0.016095,0.719378,0.982642,4.500167,1,1,0,0,0
2853,0,Creature\VrykulFemale\FrostVrykulFemaleCaster.mdx,2,1,3,4,18,12,1,0,0,0,2686,0.6111,2.031,2.615264,-0.768653,-1.163432,-0.016095,0.967933,1.125407,4.400739,1,1,0,0,0
2854,0,Creature\VrykulFemale\FrostVrykulFemaleHunter.mdx,0,1,3,4,18,12,1,0,0,0,2687,0.6111,2.031,2.615264,-0.760259,-1.097389,-0.016095,0.719154,0.921433,4.526381,1,1,0,0,0
2855,0,Creature\VrykulFemale\FrostVrykulFemaleDruid.mdx,0,1,3,4,18,12,1,0,0,0,2688,0.6111,2.031,2.615265,-0.830697,-1.135743,-0.016096,0.719376,0.98264,4.383038,1,1,0,0,0
2856,0,Creature\VrykulFemale\VrykulFemaleWarrior.mdx,0,1,3,4,18,12,1,0,0,0,2689,0.6111,2.031,2.615264,-0.734505,-1.174157,-0.016096,0.714882,1.060832,4.47529,1,1,0,0,0
2857,0,Creature\FrostVrykulMale\FrostVrykulMale.mdx,0,1,3,4,18,12,1,0,0,0,2690,0.6111,2.031,2.745128,-1.429272,-1.252771,0.010803,0.818483,1.281584,4.594245,1,1,0,0,0
2858,0,Creature\DrakeMount\DrakeMount.mdx,0,1,3,5,32,24,1,0,0,0,2684,0.6111,2.031,2.930889,-7.886135,-3.003202,-0.363761,3.128877,2.49078,3.575971,1,1,0,0,0
2859,0,Creature\VrykulFemale\VrykulFemaleHunter.mdx,0,1,3,4,18,12,1,0,0,0,2691,0.6111,2.031,2.615264,-0.700121,-1.097389,-0.016095,0.719154,0.921434,4.526382,1,1,0,0,0
2860,0,Creature\VrykulFemale\VrykulFemaleCaster.mdx,0,1,3,4,18,12,1,0,0,0,2692,0.6111,2.031,2.615265,-0.768652,-1.163429,-0.016096,0.967933,1.125407,4.400739,1,1,0,0,0
2861,0,Creature\VrykulFemale\VrykulFemaleDruid.mdx,0,1,3,4,18,12,1,0,0,0,2693,0.6111,2.031,2.615264,-0.830698,-1.135743,-0.016096,0.719377,0.98264,4.383039,1,1,0,0,0
2862,1027,Creature\MotorcycleVehicle\MotorcycleVehicle.mdx,0,1,3,4,18,12,1,0,0,0,2694,0.6111,2.031,0.762392,-1.922838,-0.779004,-0.074658,2.814294,1.031971,2.075215,1,1,0,0,0
2863,1,World\Expansion02\Doodads\Ulduar\UL_Chandelier.mdx,0,1,3,4,18,12,1,0,0,0,2695,0,0,0,0,0,0,0,0,0,1,1,0,0,0
2864,27,CREATURE\TYRAELPET\TyraelPet.mdx,0,1,3,4,18,12,1,0,0,0,2697,0.6111,2.031,0,-0.619795,-0.842169,0.789952,0.368771,0.853167,2.159183,1,1,0,0,0
2865,0,World\Goober\G_ExplodingBallista.mdx,0,1,3,4,18,12,1,0,0,0,2698,0,0,0,0,0,0,0,0,0,1,1,0,0,0
2866,0,World\KHAZMODAN\BLACKROCK\PASSIVEDOODADS\GolemParts\CannonGolemBust.mdx,0,1,3,4,18,12,1,0,0,0,2699,0,0,0,0,0,0,0,0,0,1,1,0,0,0
2867,0,World\Expansion02\Doodads\Generic\Oracle\O_Crystal_Large.mdx,0,1,3,4,18,12,1,0,0,0,2700,0,0,0,0,0,0,0,0,0,1,1,0,0,0
2868,0,World\Expansion02\Doodads\Generic\Oracle\O_Lamppost_01.mdx,0,1,3,4,18,12,1,0,0,0,2701,0,0,0,0,0,0,0,0,0,1,1,0,0,0
2869,0,World\Expansion02\Doodads\Generic\Oracle\O_Crystal_01.mdx,0,1,3,4,18,12,1,0,0,0,2702,0,0,0,0,0,0,0,0,0,1,1,0,0,0
2870,0,Creature\ARCANETITAN\ArcaneTitan.mdx,3,1,3,4,18,12,1,0,0,0,2321,0.6111,2.031,0,-1.574138,-2.816106,-0.060544,4.13985,3.209484,4.743273,1,1,0,0,0
2871,0,CREATURE\HHGroundMount\HHGroundMount.mdx,1,1,3,6,18,12,1,0,0,10,2703,0.6111,2.031,1.86572,-1.190747,-0.615622,-0.011646,2.005212,0.619455,2.634169,1,1,0,0,0
2872,0,Creature\IronVrykulMale\IronVrykulMale.mdx,0,1,3,4,18,12,1,0,0,0,2704,0,0,0,0,0,0,0,0,0,1,1,0,0,0
2874,0,Creature\Taunka\Taunka.mdx,0,1,1,4,18,12,1,0,0,0,2706,0,0,0,0,0,0,0,0,0,1,1,0,0,0
2875,0,Creature\EarthenDwarf\EarthenDwarf.mdx,0,1,3,4,18,12,1,0,0,0,2707,0.6111,2.031,1.082618,-0.537471,-0.947483,-0.021472,0.626874,0.887662,2.22144,1,1,0,0,0
2876,0,World\Expansion02\Doodads\Generic\Scourge\SC_PlagueBomb_Orange.mdx,0,1,3,4,18,12,1,0,0,0,2717,0,0,0,0,0,0,0,0,0,1,1,0,0,0
2877,0,Creature\MineSpider\MineSpiderBoss.mdx,0,1,3,4,18,12,1,0,0,0,789,0,0,0,0,0,0,0,0,0,1,1,0,0,0
2878,0,Creature\GolemIron\GolemIron.mdx,0,1,3,1,100,50,5,0,0,0,2718,0.6111,2.031,0,-1.011327,-2.025661,-0.067876,2.028448,1.72008,3.348155,1,1,0,0,0
2879,0,Creature\GolemIron\GolemCannonIron.mdx,1,1,3,4,18,12,1,0,0,0,2719,0.6111,2.031,2.870827,-0.879996,-1.889463,-0.002894,1.926994,1.620386,3.309372,1,1,0,0,0
2880,0,Creature\RevenantEarth\RevenantEarth.mdx,0,1,3,4,18,12,1,0,0,0,2720,0.6111,2.031,0,-1.181671,-2.330715,0.822539,1.89298,1.919776,4.35851,0.3,0.3,0,0,0
2881,0,World\GENERIC\HUMAN\PASSIVE DOODADS\Banners\BannerArgentDawn.mdx,0,1,3,4,18,12,1,0,0,0,2721,0,0,0,0,0,0,0,0,0,1,1,0,0,0
2882,0,Creature\Jormungar\Jormungar.mdx,2,1,3,4,18,12,1,0,0,0,2610,0.6111,2.031,0,-1.91376,-1.497695,-0.671465,1.618537,1.410863,4.4861,0.5,1,0,0,0
2883,0,World\Goober\G_TrapCannonFloor.mdx,0,1,3,4,18,12,1,0,0,0,2722,0,0,0,0,0,0,0,0,0,1,1,0,0,0
2884,0,World\GENERIC\DWARF\PASSIVE DOODADS\PowderKegs\PowderKegFused.mdx,0,1,3,4,18,12,1,0,0,0,2726,0,0,0,0,0,0,0,0,0,1,1,0,0,0
2885,0,Creature\ValkierDark\ValkierDark.mdx,1,1,3,4,18,12,1,0,0,0,2668,0.6111,2.031,2.615264,-3.577509,-3.907612,-0.183474,1.880367,3.911128,6.244998,1,1,0,0,0
2886,0,Creature\FleshTitan\FleshTitan.mdx,0,1,3,4,18,12,1,0,82,38,2138,0.6111,2.031,4.309965,-1.831911,-3.543119,-0.004388,1.860527,3.099257,7.292761,1,1,0,0,0
2887,0,Creature\WoolyRhino\WoolyRhino.mdx,2,1,3,6,40,30,1,0,1,10,2727,0.6111,2.031,5.291909,-6.006822,-2.243132,-0.085129,4.506615,2.114488,5.672194,1,2.3,0,0,0
2888,0,Creature\NorthrendWorgen\NorthrendWorgen.mdx,0,1,3,4,18,12,1,0,0,0,2728,0.6111,2.031,1.294047,-0.716095,-1.444793,0.000851,1.05589,1.110702,2.328401,1,1,0,0,0
2889,0,Creature\Gryphon\Gryphon_Skeletal_Mount.mdx,0,1,3,4,24,16,1,0,0,0,2729,0.6111,2.031,1.567621,-2.116482,-1.410241,-0.24777,2.663876,1.28548,2.452729,1,1,0,0,0
2890,0,Creature\Gryphon\Gryphon_Skeletal_Mount.mdx,0,1,3,4,18,12,1,0,0,0,2729,0.6111,2.031,1.567621,-2.116482,-1.410241,-0.24777,2.663876,1.28548,2.452729,1,1,0,0,0
2891,0,Character\Taunka\Male\TaunkaMale.mdx,0,1,1,1,12,14,1,0,0,0,2818,0.5903,1.653,0.987215,-1.070817,-0.855726,-0.014023,0.863729,0.858508,2.248531,1,1,0,0,0
2892,0,Character\Taunka\Male\TaunkaMale.mdx,0,1,1,1,12,14,1,0,0,0,2818,0.5903,1.653,0.987215,-1.070817,-0.855726,-0.014023,0.863729,0.858508,2.248531,1,1,0,0,0
2893,3,World\GENERIC\DWARF\PASSIVE DOODADS\ChainLinks\TS_Chainmounting01.mdx,0,1,3,4,18,12,1,0,0,0,2730,0,0,0,0,0,0,0,0,0,1,1,0,0,0
2894,3,World\Expansion02\Doodads\Generic\Scourge\SC_EyeofAcherus_02.mdx,0,1,3,4,18,12,1,0,0,0,2731,0,0,0,0,0,0,0,0,0,1,1,0,0,0
2895,3,Creature\QuestObjects\Creature_Sc_Crystal.mdx,0,1,3,4,18,12,1,0,0,0,2732,0,0,0,0,0,0,0,0,0,1,1,0,0,0
2896,0,Creature\VrykulFemale\FrostVrykulFemaleWarrior.mdx,0,1,3,4,18,12,1,0,0,0,2683,0.6111,2.031,2.615265,-0.734504,-1.174157,-0.016096,0.714881,1.060832,4.475289,1,1,0,0,0
2897,0,Creature\NorthrendBearMount\NorthrendBearMountArmored.mdx,0,1,3,7,18,12,1,0,0,0,2733,0.6111,2.031,1.862083,-1.709206,-0.911972,-0.04843,1.681356,0.867246,1.924647,1,1,0,0,0
2898,3,Creature\RevenantAir\RevenantAir.mdx,1,1,3,4,18,12,1,0,0,0,2734,0.6111,2.031,0,-1.587555,-2.286254,0.694064,2.92619,1.990959,4.663965,0.3,1,0,0,0
2899,27,World\Goober\G_JewelBlue.mdx,0,1,3,4,18,12,1,0,0,0,2736,0,0,0,0,0,0,0,0,0,1,1,0,0,0
2900,27,World\Goober\G_JewelRed.mdx,0,1,3,4,18,12,1,0,0,0,2737,0,0,0,0,0,0,0,0,0,1,1,0,0,0
2901,0,Creature\PenguinPet\PenguinPet.mdx,0,1,3,5,9,6,1,0,0,0,2738,0.6111,2.031,0,-0.315465,-0.231577,-0.020807,0.256381,0.232067,0.703884,1,1,0,0,0
2902,0,World\GENERIC\ActiveDoodads\SpellPortals\Portal_AlteracValleyAlliance.mdx,0,1,3,4,18,12,1,0,0,0,2739,0,0,0,0,0,0,0,0,0,1,1,0,0,0
2903,0,World\GENERIC\ActiveDoodads\SpellPortals\Portal_AlteracValleyHorde.mdx,0,1,3,4,18,12,1,0,0,0,2740,0,0,0,0,0,0,0,0,0,1,1,0,0,0
2904,0,World\GENERIC\ActiveDoodads\SpellPortals\Portal_ArathiBasinAlliance.mdx,0,1,3,4,18,12,1,0,0,0,2741,0,0,0,0,0,0,0,0,0,1,1,0,0,0
2905,0,World\GENERIC\ActiveDoodads\SpellPortals\Portal_ArathiBasinHorde.mdx,0,1,3,4,18,12,1,0,0,0,2742,0,0,0,0,0,0,0,0,0,1,1,0,0,0
2906,0,World\GENERIC\ActiveDoodads\SpellPortals\Portal_EyeOfTheStormAlliance.mdx,0,1,3,4,18,12,1,0,0,0,2743,0,0,0,0,0,0,0,0,0,1,1,0,0,0
2907,0,World\GENERIC\ActiveDoodads\SpellPortals\Portal_EyeOfTheStormHorde.mdx,0,1,3,4,18,12,1,0,0,0,2744,0,0,0,0,0,0,0,0,0,1,1,0,0,0
2908,0,World\GENERIC\ActiveDoodads\SpellPortals\Portal_WarsongGulchAlliance.mdx,0,1,3,4,18,12,1,0,0,0,2745,0,0,0,0,0,0,0,0,0,1,1,0,0,0
2909,0,World\GENERIC\ActiveDoodads\SpellPortals\Portal_WarsongGulchHorde.mdx,0,1,3,4,18,12,1,0,0,0,2746,0,0,0,0,0,0,0,0,0,1,1,0,0,0
2910,0,World\GENERIC\ActiveDoodads\SpellPortals\Portal_StrandOfTheAncients.mdx,0,1,3,4,18,12,1,0,0,0,2747,0,0,0,0,0,0,0,0,0,1,1,0,0,0
2911,0,World\GENERIC\ActiveDoodads\SpellPortals\Portal_StrandOfTheAncients.mdx,0,1,3,4,18,12,1,0,0,0,2747,0,0,0,0,0,0,0,0,0,1,1,0,0,0
2912,0,World\Expansion02\Doodads\Ulduar\UL_Torch01.mdx,0,1,3,4,18,12,1,0,0,0,2749,0,0,0,0,0,0,0,0,0,1,1,0,0,0
2913,0,Creature\NorthrendStoneGiant\NorthrendStoneGiant.mdx,3,1,3,4,18,12,1,0,0,0,2752,0.6111,2.031,9.313585,-4.479152,-6.954848,-0.13903,4.896459,6.535279,14.32606,0.85,0.6,0,0,0
2914,0,Creature\FlyingBomber\flyingBomber_02.mdx,0,1,3,4,18,12,1,0,0,0,2753,0.6111,2.031,-0.314558,-5.056208,-5.448079,0.637474,6.441612,5.468167,4.752298,1,1,0,0,0
2915,2,Creature\GoblinShredderMount\GoblinShredderMount.mdx,0,1,3,4,18,12,1,0,0,0,2754,0.6111,2.031,0,-1.365406,-2.961361,-0.159389,3.531445,2.684843,4.671901,1,1,0,0,0
2916,0,World\Expansion02\Doodads\Generic\TUSKARR\TS_FishingHook_Hook.mdx,0,1,3,4,18,12,1,0,0,0,2755,0,0,0,0,0,0,0,0,0,1,1,0,0,0
2917,2,Creature\GoblinShredderMount\GoblinShredderMount.mdx,0,1,3,4,18,12,1,0,0,0,2754,0.6111,2.031,0,-1.365406,-2.961361,-0.159389,3.531445,2.684843,4.671901,1,1,0,0,0
2918,2,Creature\ZuldrakGolem\ZuldrakGolem.mdx,2,1,3,4,18,12,1,0,1,10,2756,0.6111,2.031,0,-0.828125,-1.807837,-0.049229,1.900335,1.67383,4.122249,1,1,0,0,0
2919,0,Creature\MissileRocketMount\MissileRocketMount.mdx,0,1,3,4,18,12,1,0,0,0,2757,0,0,0,0,0,0,0,0,0,1,1,0,0,0
2920,0,Creature\StoneTreeLog\StoneTreeLog02_Mount.mdx,0,1,3,4,18,12,1,0,0,0,2764,0,0,0,0,0,0,0,0,0,1,1,0,0,0
2921,0,Creature\StoneTreeLog\StoneTreeLog03_Mount.mdx,0,1,3,4,18,12,1,0,0,0,2765,0,0,0,0,0,0,0,0,0,1,1,0,0,0
2922,0,Creature\MissileRocketMount\MissileRocketMount.mdx,0,1,3,4,18,12,1,0,0,0,2757,0,0,0,0,0,0,0,0,0,1,1,0,0,0
2923,0,Creature\GoblinShredderMount\GoblinShredderMount.mdx,0,1,3,4,18,12,1,0,0,0,2754,0.6111,2.031,0,-1.365406,-2.961361,-0.159389,3.531445,2.684843,4.671901,1,1,0,0,0
2924,3,Creature\RevenantWater\RevenantWater.mdx,0,1,3,4,18,12,1,0,0,0,2766,0.6111,2.031,0,-1.105462,-1.941904,0.631051,2.03723,2.106748,4.040948,0.3,0.3,0,0,0
2925,0,World\KALIMDOR\FELWOOD\PASSIVEDOODADS\PLANTSQUEST\SongFlower02.mdx,0,1,3,4,18,12,1,0,0,0,2629,0,0,0,0,0,0,0,0,0,1,1,0,0,0
2926,0,World\KALIMDOR\FELWOOD\PASSIVEDOODADS\PLANTSQUEST\NightDragon01.mdx,0,1,3,4,18,12,1,0,0,0,2767,0,0,0,0,0,0,0,0,0,1,1,0,0,0
2927,20,Creature\DemonForm\DemonForm.mdx,0,1,3,4,18,12,1,0,0,0,2655,0.6111,2.031,0,-4.926067,-3.835461,-0.016268,1.038406,5.094155,6.330422,0.1,1,0,0,0
2928,0,Creature\NorthrendGiant\Gymer.mdx,3,1,3,4,18,12,1,0,82,12,2514,2.809,12.13,13.73131,-6.168358,-8.734011,-0.100946,7.712554,6.151261,14.28618,5,1,0,0,0
2929,0,World\Expansion02\Doodads\Generic\Scourge\SC_BoneArm_01.mdx,0,1,3,4,18,12,1,0,0,0,2772,0,0,0,0,0,0,0,0,0,1,1,0,0,0
2930,2,Creature\Gryphon\Gryphon_Ghost_Mount.mdx,0,1,3,5,18,12,1,0,0,0,2778,0,0,0,0,0,0,0,0,0,1,1,0,0,0
2931,0,Creature\Dragon\Dragon.mdx,4,1,1,5,30,20,3,0,2,12,191,0.6111,2.031,8.139028,-20.14612,-9.710938,-0.694382,9.732644,9.767403,13.7583,1,1,0,0,0
2932,0,Creature\ProtoDragon\ProtoDragonMount.mdx,2,1,3,4,18,12,1,0,0,0,2779,0.6111,2.031,6.929265,-13.56336,-11.8297,-0.394803,6.815273,12.17867,8.014619,0.4,2.9,0,0,0
2933,0,Creature\ValkierDark\ValkierDark.mdx,0,1,3,4,18,12,1,0,0,0,2643,0.6111,2.031,2.615264,-3.577509,-3.907612,-0.183474,1.880367,3.911128,6.244998,0.5,1.2,0,0,0
2934,2,Creature\BoneSpider\BoneSpider.mdx,0,1,3,1,6,4,1,0,0,0,2780,0.6111,2.031,0,-2.110119,-2.205341,-0.018594,3.882282,2.2026,2.05988,1,1,0,0,0
2935,0,Creature\Malygos\Malygos.mdx,3,1,3,4,18,12,1,0,0,0,2603,0.6111,2.031,8.139028,-20.13961,-9.659922,-0.58082,11.19386,9.591296,14.08965,1,1,0,0,0
2936,0,Creature\Valkier\Valkier.mdx,0,1,3,4,18,12,1,0,0,0,2643,0.6111,2.031,2.615264,-3.57751,-3.907612,-0.183474,1.880367,3.911128,6.244998,1,1,0,0,0
2937,0,World\AZEROTH\Duskwood\PASSIVEDOODADS\DuskwoodHaystack\DuskwoodHayStack.mdx,0,1,3,4,18,12,1,0,0,0,2781,0,0,0,0,0,0,0,0,0,1,1,0,0,0
2938,0,Creature\NorthrendSkeleton\NorthrendSkeleton.mdx,1,1,3,4,18,12,1,0,0,0,2783,0,0,0,0,0,0,0,0,0,1,1,0,0,0
2939,0,Creature\UndeadIceTroll\UndeadIceTroll.mdx,0,1,3,4,18,12,1,0,0,0,2786,0.6111,2.031,1.50425,-0.677561,-1.126751,-0.010083,0.766606,0.964137,2.313036,1,1,0,0,0
2940,0,Character\NorthrendSkeleton\Male\NorthrendSkeletonMale.mdx,0,1,1,1,12,14,1,0,0,0,2783,1.487,3.986,2.309203,-1.767316,-1.247592,-0.023901,0.822538,0.99273,4.500131,0.55,1,0,0,0
2941,0,Character\NorthrendSkeleton\Male\NorthrendSkeletonMale.mdx,0,1,1,1,12,14,1,0,0,0,2279,1.487,3.986,2.309203,-1.767316,-1.247592,-0.023901,0.822538,0.99273,4.500131,1,1,0,0,0
2942,0,Character\IceTroll\Male\IceTrollMale.mdx,0,1,1,1,12,14,1,0,0,0,2840,0.6944,2.083,0,0,0,0,0,0,0,1,1,0,0,0
2943,0,Character\IceTroll\Male\IceTrollMale.mdx,0,1,1,1,12,14,1,0,0,0,2840,0.75,2.361,0,0,0,0,0,0,0,1,1,0,0,0
2944,59,Creature\Nexus\Nexus_Floating_Disc.mdx,1,1,3,4,18,12,1,0,0,0,2787,0,0,0,0,0,0,0,0,0,1,1,0,0,0
2945,0,Creature\ColdWraith\ColdWraith.mdx,0,1,3,4,18,12,1,0,0,0,2788,0.6111,2.031,0,-1.556711,-0.913821,-0.149382,0.484067,0.60975,2.24024,1,1,0,0,0
2946,0,Creature\NORTHRENDIRONGIANT\NorthrendIronGiant.mdx,3,1,3,4,18,12,1,0,2,12,2752,0.6111,2.031,9.313585,-3.907163,-6.190742,-0.004997,4.397373,6.723755,13.85681,1,0.55,0,0,0
2947,0,Creature\Ghoul\GhoulNoBirth.mdx,1,1,2,4,18,12,1,0,0,0,2791,0.6111,2.031,1.217973,-0.586297,-1.359796,-0.028198,1.179566,1.513941,1.940702,1,1,0,0,0
2948,11,Creature\WaterElemental\WaterElemental.mdx,1,1,3,4,18,12,1,0,0,0,2795,0.6111,2.031,0,-1.035244,-1.680827,0.366207,1.043886,1.684634,3.043421,0.5,1,0,0,0
2949,0,Creature\NorthrendGiant\NorthrendGiant.mdx,0,1,3,4,18,12,1,0,0,0,2514,0.6111,2.031,9.313585,-4.035321,-6.27873,-0.007257,3.574185,6.905941,15.86605,0.8,0.6,0,0,0
2950,0,Creature\UndeadDrake\NorthrendUndeadDrake.mdx,3,1,3,5,18,12,1,0,0,0,2815,0.6111,2.031,2.931585,-6.984496,-4.241719,-0.133897,4.234684,4.213617,5.299296,0.35,0.35,0,0,0
2951,0,Creature\NORTHRENDIRONGIANT\NorthrendIronGiant.mdx,3,1,3,4,18,12,1,0,0,0,2817,0.6111,2.031,9.313585,-3.907163,-6.190742,-0.004997,4.397373,6.723755,13.85681,1,1,0,0,0
2952,51,Creature\Goblin_Cannon\Goblin_Cannon.mdx,1,1,3,1,18,12,1,0,0,0,2819,0.6111,2.031,0,-2.486799,-1.328922,-0.126955,2.747948,0.863534,3.073694,1,1,0,0,0
2953,0,World\Goober\G_ChestTitan.mdx,0,1,3,4,18,12,1,0,0,0,2820,0,0,0,0,0,0,0,0,0,1,1,0,0,0
2954,0,SPELLS\RocketLauncher_PreCast.mdx,0,1,3,4,18,12,1,0,0,0,2833,0,0,0,0,0,0,0,0,0,1,1,0,0,0
2955,115,World\Expansion02\Doodads\Dalaran\Dalaran_ForgeArms.mdx,2,1,3,1,18,12,1,0,0,0,2835,0,0,0,0,0,0,0,0,0,1,1,0,0,0
2957,0,Creature\Snobold\Snobold.mdx,0,1,3,4,18,12,1,0,0,0,2837,0,0,0,0,0,0,0,0,0,1,1,0,0,0
2958,0,World\EXPANSION01\DOODADS\SILVERMOON\FLOWERS\SilvermoonFlower06.mdx,0,1,3,4,18,12,1,0,0,0,2838,0,0,0,0,0,0,0,0,0,1,1,0,0,0
2959,0,World\Expansion02\Doodads\Scholazar\Bushes\Sholazar_FlowerA.mdx,0,1,3,4,18,12,1,0,0,0,2839,0,0,0,0,0,0,0,0,0,1,1,0,0,0
2960,0,SPELLS\DeathKnight_DeathGate_Q.mdx,0,1,3,4,18,12,1,0,0,0,2841,0,0,0,0,0,0,0,0,0,1,1,0,0,0
2961,0,Creature\Skeleton\SkeletonNoHelm.mdx,0,1,3,4,18,12,1,0,0,0,2842,0,0,0,0,0,0,0,0,0,1,1,0,0,0
2962,0,Creature\CrystalSatyr\CrystalSatyr.mdx,0,1,3,4,18,12,1,0,0,0,2843,0.6111,2.031,0,-1.870827,-1.081649,-0.006889,0.620473,1.159446,2.818453,1,1,0,0,0
2963,11,Creature\Portal\PortalBlueArcane.mdx,0,1,3,4,18,12,1,0,0,0,2844,0,0,0,0,0,0,0,0,0,1,1,0,0,0
2964,0,World\Goober\G_DragonEggChromatic.mdx,0,1,3,4,18,12,1,0,0,0,2845,0,0,0,0,0,0,0,0,0,1,1,0,0,0
2965,0,World\Expansion02\Doodads\Generic\ArgentCrusade\ArgentCrusade_Banner01.mdx,0,1,3,4,18,12,1,0,0,0,2848,0,0,0,0,0,0,0,0,0,1,1,0,0,0
2966,0,Creature\AncientProtectorCrystalSong\AncientProtectorCrystalSong.mdx,3,1,3,4,18,12,1,0,2,12,2849,0.6111,2.031,0,-1.838293,-2.812557,-0.033276,2.667753,2.977111,6.281034,0.6,0.5,0,0,0
2967,0,World\Expansion02\Doodads\Generic\SCOURGE\SC_PlagueBomb_Orange.mdx,0,1,3,4,18,12,1,0,0,0,2717,0,0,0,0,0,0,0,0,0,1,1,0,0,0
2968,0,World\EXPANSION01\DOODADS\GENERIC\BLOODELF\Food\BE_Meat01.mdx,0,1,3,4,18,12,1,0,0,0,2850,0,0,0,0,0,0,0,0,0,1,1,0,0,0
2969,0,Creature\RidingUndeadDrake\RidingUndeadDrake.mdx,2,1,3,5,18,12,1,0,0,0,2851,0.6111,2.031,2.930889,-7.316209,-3.449286,-0.165108,3.685983,2.765122,3.669262,1,1,0,0,0
2970,0,Creature\DragonRedCrystal\RedCrystalDragon.mdx,0,1,3,4,18,12,1,0,1,10,2852,0.6111,2.031,0,0,0,0,0,0,0,1,1,0,0,0
2971,0,Creature\ProtoDragon\ProtoDragonMount.mdx,0,1,3,4,18,12,1,0,0,0,2779,0,0,0,0,0,0,0,0,0,1,1,0,0,0
2972,64,Creature\HumanMaleKid\HumanMaleKid.mdx,0,1,3,4,18,12,1,0,0,0,2853,0,0,0,0,0,0,0,0,0,1,1,0,0,0
2973,3,Creature\HordeDeckGun\HordeDeckGun.mdx,0,1,3,4,18,12,1,0,0,0,2854,0.6111,2.031,0,-1.252034,-1.95555,-0.014218,6.221471,1.877406,4.212055,1,1,0,0,0
2974,0,Creature\HippogryphMount\HippogryphMount.mdx,1,1,1,4,18,12,1,0,0,0,2500,0.6111,2.031,1.881287,-2.275916,-1.1624,-0.051369,2.607393,1.198436,3.223356,1,1,0,0,0
2975,0,Creature\NorthrendBearMount\NorthrendBearMountBlizzcon.mdx,0,1,1,7,18,12,1,0,0,0,2770,0.6111,2.031,1.862083,-1.709206,-0.911972,-0.04843,1.681356,0.867246,2.215217,1,1,0,0,0
2976,0,Creature\CrystalDryad\CrystalDryad.mdx,0,1,3,6,18,12,1,0,0,0,2855,0,0,0,0,0,0,0,0,0,1,1,0,0,0
2977,2,Creature\GNOMESPIDERTANK\GnomePounderVehicle.mdx,2,1,3,4,18,12,1,0,0,10,2856,0.6111,2.031,3.250558,-1.574138,-2.825159,-0.184238,4.139849,3.209484,4.743273,1,1,0,0,0
2978,3,Creature\WailingWindsCreature\WailingWindsCreature.mdx,1,1,3,4,18,12,1,0,0,0,2857,0.6111,2.031,1.305212,-0.556099,-0.556099,0.752551,0.556099,0.556099,1.86475,1,1,0,0,0
2979,0,World\Expansion02\Doodads\Generic\Forsaken\FK_PlagueWagon.mdx,0,1,3,4,18,12,1,0,0,0,2858,0,0,0,0,0,0,0,0,0,1,1,0,0,0
2980,0,World\Expansion02\Doodads\Generic\Forsaken\FK_ChemistrySet_05.mdx,0,1,3,4,18,12,1,0,0,0,2859,0,0,0,0,0,0,0,0,0,1,1,0,0,0
2981,0,World\Expansion02\Doodads\Generic\Forsaken\FK_ChemistrySet_06.mdx,0,1,3,4,18,12,1,0,0,0,2859,0,0,0,0,0,0,0,0,0,1,1,0,0,0
2982,0,World\Expansion02\Doodads\Generic\Forsaken\FK_PlagueBarrel.mdx,0,1,3,4,18,12,1,0,0,0,2860,0,0,0,0,0,0,0,0,0,1,1,0,0,0
2983,0,World\Expansion02\Doodads\Generic\Forsaken\FK_PlagueBarrelBroken01.mdx,0,1,3,4,18,12,1,0,0,0,2861,0,0,0,0,0,0,0,0,0,1,1,0,0,0
2984,0,World\Expansion02\Doodads\Generic\Forsaken\FK_PlagueBarrelBroken02.mdx,0,1,3,4,18,12,1,0,0,0,2862,0,0,0,0,0,0,0,0,0,1,1,0,0,0
2985,0,World\GENERIC\HUMAN\PASSIVE DOODADS\Fire\UndeadFireLarge.mdx,0,1,3,4,18,12,1,0,0,0,2863,0,0,0,0,0,0,0,0,0,1,1,0,0,0
2986,0,World\GENERIC\HUMAN\PASSIVE DOODADS\Fire\UndeadFireSmall.mdx,0,1,3,4,18,12,1,0,0,0,2864,0,0,0,0,0,0,0,0,0,1,1,0,0,0
2987,99,World\GENERIC\ACTIVEDOODADS\SPELLPORTALS\MagePortal_Stormwind.mdx,0,1,3,4,18,12,1,0,0,0,2865,0,0,0,0,0,0,0,0,0,1,1,0,0,0
2988,2,Creature\ClockworkGnome\ClockworkGnome.mdx,0,1,3,4,18,12,1,0,0,0,2599,0.6111,2.031,0.410099,-0.258554,-0.381793,-0.002125,0.187306,0.388054,1.020944,1,1,0,0,0
2989,2,Creature\ClockworkGnome\ClockworkGnome_C.mdx,0,1,3,4,18,12,1,0,0,0,2601,0.6111,2.031,0.410099,-0.258554,-0.381793,-0.002125,0.187306,0.388054,1.020944,1,1,0,0,0
2990,3,SPELLS\Creature_SpellPortal_LargeShadow.mdx,0,1,3,4,18,12,1,0,0,0,2866,0,0,0,0,0,0,0,0,0,1,1,0,0,0
2991,0,World\Expansion02\Doodads\Nexus\Nexus_DragonEgg_01.mdx,0,1,3,4,18,12,1,0,0,0,2868,0,0,0,0,0,0,0,0,0,1,1,0,0,0
2992,0,World\Expansion02\Doodads\Nexus\Nexus_DragonEgg_02.mdx,0,1,3,4,18,12,1,0,0,0,2869,0,0,0,0,0,0,0,0,0,1,1,0,0,0
2993,83,World\Goober\G_HolyLightWell.mdx,1,1,3,4,18,12,1,0,0,0,2870,0,0,0,0,0,0,0,0,0,1,1,0,0,0
2994,0,Creature\AllianceBrassCannon\AllianceBrassCannon.mdx,0,1,3,4,18,12,1,0,0,0,2871,0.6111,2.031,0,-2.472446,-1.32668,-0.028074,6.460456,1.332645,3.183245,1,1,0,0,0
2995,0,World\GENERIC\UNDEAD\PASSIVE DOODADS\MEATWAGON\MeatWagon.mdx,0,1,3,4,18,12,1,0,0,0,2872,0,0,0,0,0,0,0,0,0,1,1,0,0,0
2996,0,World\Expansion02\Doodads\Generic\SCOURGE\SC_Wagon.mdx,0,1,3,4,18,12,1,0,0,0,2617,0,0,0,0,0,0,0,0,0,1,1,0,0,0
2997,0,World\Expansion02\Doodads\Generic\SCOURGE\SC_MeatWagon_01_Broken.mdx,0,1,3,4,18,12,1,0,0,0,2873,0,0,0,0,0,0,0,0,0,1,1,0,0,0
2998,0,World\Expansion02\Doodads\Generic\SCOURGE\SC_Wagon_Broken.mdx,0,1,3,4,18,12,1,0,0,0,2874,0,0,0,0,0,0,0,0,0,1,1,0,0,0
2999,0,Creature\AllianceBomb\AllianceBomb.mdx,0,1,3,4,18,12,1,0,0,0,2875,0,0,0,0,0,0,0,0,0,1,1,0,0,0
3000,0,World\Expansion02\Doodads\WINTERTAUREN\WT_Totem01Snow.mdx,1,1,3,4,18,12,1,0,0,0,2876,0,0,0,0,0,0,0,0,0,1,1,0,0,0
3001,0,World\GENERIC\GOBLIN\PassiveDoodads\GoblinRocketCarts\GoblinRocketCart02_RC.mdx,0,1,3,4,18,12,1,0,0,0,2877,0,0,0,0,0,0,0,0,0,1,1,0,0,0
3002,0,SPELLS\MagicBurst_Impact.mdx,1,1,3,4,18,12,1,0,0,0,2878,0,0,0,0,0,0,0,0,0,1,1,0,0,0
3003,0,Creature\FacelessOne\FacelessOne.mdx,0,1,3,4,18,12,1,0,0,0,2879,0.6111,2.031,0,-1.276874,-2.25908,-0.126816,1.548453,2.65013,4.06433,1,1,0,0,0
3004,0,Creature\NorthrendFireGiant\NorthrendFireGiant.mdx,0,1,3,4,18,12,1,0,0,0,2880,0.6111,2.031,9.313585,-6.164257,-6.89432,-0.007255,5.777327,6.931512,14.25564,1,1,0,0,0
3005,0,World\Goober\G_RuneGroundBlue01.mdx,0,1,4,4,18,12,1,0,0,0,2881,0,0,0,0,0,0,0,0,0,1,1,0,0,0
3006,0,Creature\FlyingBomber\FlyingBomber_noSmoke.mdx,0,1,3,4,18,12,1,0,0,0,2882,0.6111,2.031,-0.250009,-5.228281,-4.882368,-0.813985,5.448802,4.904247,4.426452,1,1,0,0,0
3007,3,World\Expansion02\Doodads\Dalaran\Dalaran_Helm_Mail_Northrend_D_01.mdx,0,1,3,4,18,12,1,0,0,0,2883,0,0,0,0,0,0,0,0,0,1,1,0,0,0
3008,0,Creature\DragonRedCrystal\RedCrystalDragonHologram.mdx,0,1,3,4,18,12,1,0,1,10,2884,0,0,0,0,0,0,0,0,0,1,1,0,0,0
3009,0,Creature\LARVA\Larva.mdx,0,1,3,4,18,12,1,0,0,12,829,0.6111,2.031,0,-4.814116,-1.82511,-0.236798,2.892836,1.742441,2.238282,1,1,0,0,0
3010,0,SPELLS\SnakeSpin_Hold.mdx,1,1,3,4,18,12,1,0,0,0,2885,0,0,0,0,0,0,0,0,0,0.1,1,0,0,0
3011,0,Creature\Harkoa\Harkoa.mdx,2,1,3,7,18,12,1,0,0,0,2886,0.6111,2.031,1.241372,-2.584557,-0.781437,-0.026867,1.121,0.511718,1.241447,1,1,0,0,0
3012,0,Creature\KingYmiron\KingYmiron.mdx,0,1,3,4,18,12,1,0,0,0,2774,0.6111,2.031,2.745128,-1.094072,-1.491752,0.014031,0.963071,1.489724,4.786224,1,1,0,0,0
3013,0,Creature\ProtoDragon\MDProtoDrakeMount.mdx,0,1,3,5,48,36,1,0,0,0,2779,0.6111,2.031,3.445055,-5.098628,-5.914852,-0.080919,5.090687,6.089334,4.132617,1,1,0,0,0
3014,3,Creature\FlyingCarpetMount\FlyingCarpetMount.mdx,0,1,3,4,18,12,1,0,0,0,2887,0.6111,2.031,0.102033,-3.694713,-3.376791,-0.745256,4.076678,3.474637,2.445286,1,1,0,0,0
3015,0,Creature\SeaVrykulMale\SeaVrykulMaleOarsman.mdx,0,1,3,4,18,12,1,0,0,0,2888,0,0,0,0,0,0,0,0,0,1,1,0,0,0
3016,2,World\GENERIC\HUMAN\PASSIVE DOODADS\DOLLS\ragdoll_03.mdx,0,1,3,4,18,12,1,0,0,0,2889,0,0,0,0,0,0,0,0,0,1,1,0,0,0
3017,2,World\GENERIC\HUMAN\PASSIVE DOODADS\DOLLS\ragdoll_04.mdx,0,1,3,4,18,12,1,0,0,0,2890,0,0,0,0,0,0,0,0,0,1,1,0,0,0
3018,2,World\GENERIC\HUMAN\PASSIVE DOODADS\DOLLS\ragdoll_05.mdx,0,1,3,4,18,12,1,0,0,0,2891,0,0,0,0,0,0,0,0,0,1,1,0,0,0
3019,0,Creature\Drake\NorthrendDrake.mdx,0,1,3,5,18,12,1,0,0,0,2892,0.6111,2.031,3.055076,-7.552645,-3.689336,-0.382173,3.664193,3.663393,5.28301,1,1,0,0,0
3020,0,Creature\ProtoDragon\MDProtoDrakeMount.mdx,0,1,3,4,18,12,1,0,0,0,2893,0.6111,2.031,3.445055,-5.098628,-5.914852,-0.080919,5.090687,6.089334,4.132617,1,1,0,0,0
3021,3,Creature\GhostlySkullPet\GhostlySkullPet.mdx,0,1,3,4,18,12,1,0,0,0,2894,0.6111,2.031,1.300954,-0.009055,-0.157699,1.943928,0.314337,0.123812,2.294312,1,1,0,0,0
3022,0,Creature\NorthrendBearMount\NorthrendBearMountArmored.mdx,0,1,1,7,18,12,1,0,0,0,2733,0.6111,2.031,1.862083,-1.709206,-0.911972,-0.04843,1.681356,0.867246,1.924647,1,1,0,0,0
3023,3,World\GENERIC\HUMAN\PASSIVE DOODADS\BOOKS\Book_Human_01.mdx,0,1,3,4,18,12,1,0,0,0,2895,0,0,0,0,0,0,0,0,0,1,1,0,0,0
3024,0,Creature\Gryphon\Gryphon_Skeletal_Mount.mdx,0,1,3,5,18,12,1,0,0,0,2729,0.6111,2.031,1.567621,-2.116482,-1.410241,-0.24777,2.663876,1.28548,2.452729,1,1,0,0,0
3025,0,Creature\Alexstrasza\Alexstrasza.mdx,0,1,3,4,18,12,1,0,0,0,2896,0.6111,2.031,8.139028,-20.14157,-9.659925,-0.580814,9.768452,9.591308,13.89961,1,1,0,0,0
3026,0,Creature\KingVarianWrynn\KingVarianWrynn.mdx,0,1,3,4,18,12,1,0,0,0,2897,0.6111,2.031,1.036183,-0.523481,-0.588069,-5.6E-05,0.357116,0.509332,2.138089,1,1,0,0,0
3027,0,Creature\LadySylvanasWindrunner\LadySylvanasWindrunner.mdx,0,1,3,4,18,12,1,0,0,0,2898,0.6111,2.031,1.158007,-0.459097,-0.560309,-0.000847,0.323344,0.529917,1.991055,1,1,0,0,0
3028,0,Creature\MalGanis\MalGanis.mdx,1,1,3,4,18,12,1,0,0,0,2823,0,0,0,0,0,0,0,0,0,1,1,0,0,0
3029,0,Creature\Alexstrasza\LadyAlexstrasa.mdx,0,1,3,4,18,12,1,0,0,0,2899,0,0,0,0,0,0,0,0,0,1,1,0,0,0
3030,11,Creature\PowerSparkCreature\PowerSparkCreature.mdx,0,1,3,4,18,12,1,0,0,0,2900,0,0,0,0,0,0,0,0,0,1,1,0,0,0
3031,0,SPELLS\Creature_SpellPortalLarge_Green.mdx,0,1,3,4,18,12,1,0,0,0,2901,0,0,0,0,0,0,0,0,0,1,1,0,0,0
3032,0,Creature\NorthrendGhoul\NorthrendGhoulSpiked.mdx,0,1,3,4,18,12,1,0,0,0,2902,0.6111,2.031,1.217973,-0.586027,-1.365441,-0.047211,1.180987,1.617798,2.293137,1,1,0,0,0
3033,0,World\GENERIC\PassiveDoodads\Thanksgiving\G_ThanksgivingTable_01.mdx,0,1,3,4,18,12,1,0,0,0,2903,0,0,0,0,0,0,0,0,0,1,1,0,0,0
3034,0,World\GENERIC\HUMAN\PASSIVE DOODADS\Food\RoastBoarPlatter_nocollision.mdx,0,1,3,4,18,12,1,0,0,0,2904,0,0,0,0,0,0,0,0,0,1,1,0,0,0
3035,0,World\GENERIC\ORC\PASSIVE DOODADS\VOODOOSTUFF\BubblingBowl02.mdx,0,1,3,4,18,12,1,0,0,0,2905,0,0,0,0,0,0,0,0,0,1,1,0,0,0
3036,0,World\EXPANSION02\DOODADS\Generic\Potions\Potion_Red04.mdx,0,1,3,4,18,12,1,0,0,0,2906,0,0,0,0,0,0,0,0,0,1,1,0,0,0
3037,0,World\GENERIC\HUMAN\PASSIVE DOODADS\VIALS\SmallVials.mdx,0,1,3,4,18,12,1,0,0,0,2907,0,0,0,0,0,0,0,0,0,1,1,0,0,0
3038,0,World\AZEROTH\ELWYNN\PASSIVEDOODADS\JUGS\jug01.mdx,0,1,3,4,18,12,1,0,0,0,2908,0,0,0,0,0,0,0,0,0,1,1,0,0,0
3039,0,World\GENERIC\HUMAN\PASSIVE DOODADS\Chairs\GeneralMedChair01.mdx,0,1,3,4,18,12,1,0,0,0,2909,0,0,0,0,0,0,0,0,0,1,1,0,0,0
3040,0,World\GENERIC\PassiveDoodads\Thanksgiving\G_ThanksgivingPlate_01.mdx,0,1,3,4,18,12,1,0,0,0,2910,0,0,0,0,0,0,0,0,0,1,1,0,0,0
3041,0,Creature\ProtoDragon\ProtoDragon.mdx,0,1,3,4,18,12,1,0,0,0,2516,0.6111,2.031,6.929265,-13.56336,-11.82971,-0.394802,6.81527,12.17867,7.524527,1,1,0,0,0
3042,0,CREATURE\IronDwarf\IronDwarf.mdx,0,1,3,1,18,12,1,0,0,0,2680,0.6111,2.031,1.082618,-0.703441,-0.970538,-0.021472,0.626873,0.916532,2.315061,1,1,0,0,0
3043,34,World\GENERIC\Goblin\PassiveDoodads\GoblinRocketCarts\GoblinRocketCart_RC.mdx,0,1,3,4,18,12,1,0,0,0,2912,0,0,0,0,0,0,0,0,0,1,1,0,0,0
3044,0,CREATURE\GRYPHON\Gryphon_Ghost.mdx,0,1,3,4,18,12,1,0,0,0,2230,0,0,0,0,0,0,0,0,0,1,1,0,0,0
3045,1,CREATURE\DragonHawk\DragonHawkMount.mdx,1,1,3,4,18,12,1,0,0,0,2915,0.6111,2.031,2.25881,-4.831474,-3.981456,-0.185969,1.763272,3.932057,3.93177,1,1,0,0,0
3046,0,CREATURE\GRYPHON\Gryphon_Skeletal_Mount.mdx,0,1,3,4,18,12,1,0,0,0,2729,0.6111,2.031,1.567621,-2.116482,-1.410241,-0.24777,2.663876,1.28548,2.452729,1,1,0,0,0
3047,832,SPELLS\AcidBurn_Black.mdx,0,1,3,4,18,12,1,0,0,0,2916,0,0,0,0,0,0,0,0,0,1,1,0,0,0
3048,0,Creature\BlackHole\BlackHole.mdx,0,1,3,4,18,12,1,0,0,0,2917,0,0,0,0,0,0,0,0,0,1,1,0,0,0
3049,0,CREATURE\BlackHole\BlackHole.mdx,0,1,3,4,18,12,1,0,0,0,2844,0.6111,2.031,0,-3.498697,-4.527834,-1.339472,3.498697,4.609916,7.415228,1,1,0,0,0
3050,59,World\GENERIC\GNOME\PASSIVE DOODADS\Tools\GnomeTool01.mdx,0,1,3,4,18,12,1,0,0,0,2918,0,0,0,0,0,0,0,0,0,1,1,0,0,0
3051,0,World\EXPANSION02\DOODADS\Ulduar\UL_Stalagtit_01.mdx,0,1,3,4,18,12,1,0,0,0,2919,0,0,0,0,0,0,0,0,0,1,1,0,0,0
3052,0,World\EXPANSION02\DOODADS\Generic\Goblin\Goblin_FuelCell.mdx,0,1,1,4,18,12,1,0,0,0,2920,0,0,0,0,0,0,0,0,0,1,1,0,0,0
3053,0,World\GENERIC\PassiveDoodads\CratesFirstAid\CrateAllianceFirstAid01.mdx,0,1,3,4,18,12,1,0,0,0,2921,0,0,0,0,0,0,0,0,0,1,1,0,0,0
3054,0,CREATURE\BearCub\BearCub.mdx,0,1,1,7,18,12,1,0,0,0,2144,0.6111,2.031,0,-1.746727,-1.126443,-0.193339,2.042595,1.076267,1.951101,1,1,0,0,0
3055,9,CREATURE\FELBAT\FelBat.mdx,0,1,2,4,18,12,1,0,0,0,189,0,0,0,0,0,0,0,0,0,1,1,0,0,0
3057,0,CREATURE\FacelessGeneral\FacelessGeneral.mdx,4,1,3,4,18,12,1,0,2,12,2879,0.6111,2.031,9.313585,-15.95051,-7.635313,-0.124587,4.716388,8.792934,17.89603,1,1,0,0,0
3058,128,CREATURE\IronDwarf\IronDwarf_low01.mdx,0,1,4,4,18,12,1,0,0,0,2923,0,0,0,0,0,0,0,0,0,1,1,0,0,0
3059,0,CREATURE\IronDwarf\IronDwarf_low02.mdx,0,1,4,4,18,12,1,0,0,0,2924,0,0,0,0,0,0,0,0,0,1,1,0,0,0
3060,0,CREATURE\ClockworkGiant\ClockworkGiant.mdx,0,1,3,4,18,12,1,0,82,12,2925,0.6111,2.031,0,-3.119602,-7.928115,0.065696,4.201357,7.872946,19.30849,1,1,0,0,0
3061,0,CREATURE\Roots\EntanglingRoots_Brown_01.mdx,1,1,3,4,18,12,1,0,0,0,2926,0.6111,2.031,0,-1.283251,-1.423427,-0.822549,1.459632,1.282871,1.22509,1,1,0,0,0
3062,68,Character\HUMAN\MALE\HumanMale.mdx,0,1,3,4,18,12,1,0,0,0,49,0.6111,2.031,1.036183,-0.576729,-0.544345,-0.000694,0.368137,0.535902,2.1292,1,1,0,0,0
3063,0,CREATURE\KOLOGARN\Kologarn.mdx,3,1,3,4,18,12,1,0,0,12,2927,0.6111,2.031,0,-11.46952,-23.07639,-41.94601,14.61241,14.19929,28.28091,1,1,0,0,0
3064,0,CREATURE\AlglontheObserver\AlgalontheObserver.mdx,1,1,3,4,18,12,1,0,0,0,2928,0.6111,2.031,2.745128,-4.480922,-4.163375,-1.532429,3.967647,4.28239,6.891016,1,1,0,0,0
3066,0,World\EXPANSION01\DOODADS\GENERIC\BLOODELF\BOOKSHELF\BE_BookshelfTall.mdx,0,1,3,4,18,12,1,0,0,0,2930,0,0,0,0,0,0,0,0,0,1,1,0,0,0
3067,0,World\EXPANSION01\DOODADS\GENERIC\BLOODELF\BOOKSHELF\BE_BookshelfFilled_02.mdx,0,1,3,4,18,12,1,0,0,0,2931,0,0,0,0,0,0,0,0,0,1,1,0,0,0
3068,35,CREATURE\TitanOrb\TitanOrb_02.mdx,0,1,3,4,18,12,1,0,0,0,2932,0.6111,2.031,0,-3.208297,-3.123828,-3.169009,3.142021,3.22649,3.181308,1,1,0,0,0
3069,0,CREATURE\Freia\Freia.mdx,3,1,3,4,18,12,1,0,0,0,2933,0.6111,2.031,4.548936,-1.274705,-1.959132,-0.018271,1.20522,1.415858,7.795442,1,1,0,0,0
3070,0,CREATURE\Hodir\Hodir.mdx,0,1,3,4,18,12,1,0,0,0,2934,0.6111,2.031,4.309965,-1.885534,-3.173491,-0.00575,1.664595,2.921158,7.603161,1,1,0,0,0
3071,0,World\EXPANSION01\DOODADS\GENERIC\BLOODELF\BOOKSHELF\BE_BookshelfFilled_01.mdx,0,1,3,4,18,12,1,0,0,0,2935,0,0,0,0,0,0,0,0,0,1,1,0,0,0
3072,2,CREATURE\ClockworkGiant\ClockworkGiant.mdx,2,1,3,1,18,12,1,0,0,0,2925,0.6111,2.031,0,-3.119602,-7.928115,0.065696,4.201357,7.872946,19.30849,1,1,0,0,0
3073,0,World\EXPANSION02\DOODADS\Ulduar\UL_PyriteFuelCellLarge.mdx,0,1,3,4,18,12,1,0,0,0,2936,0,0,0,0,0,0,0,0,0,1,1,0,0,0
3074,3,World\EXPANSION02\DOODADS\Ulduar\UL_PyriteFuelCell.mdx,0,1,4,4,18,12,1,0,0,0,2937,0,0,0,0,0,0,0,0,0,1,1,0,0,0
3075,0,CREATURE\ProtoDragon\ProtoDragon_Razorscale.mdx,2,1,3,5,130,70,1,0,0,0,2516,0.6111,2.031,6.929265,-13.56336,-11.82971,-0.394802,6.815269,12.17867,7.524527,0.4,4,0,0,0
3076,0,CREATURE\Mimiron\Mimiron_Legs.mdx,0,1,3,4,18,12,1,0,0,0,2938,0.6111,2.031,0,-7.060281,-5.118806,-0.100318,7.265562,5.151281,7.181329,1,1,0,0,0
3077,131,CREATURE\SpectralTiger\Sandbox_SpectralTiger_01.mdx,0,1,3,4,18,12,1,0,0,0,2939,0.6111,2.031,1.084805,-1.479191,-0.531931,0.000251,1.249171,0.34064,1.542844,1,1,0,0,0
3078,3,CREATURE\YoggSaron\YoggSaronTentacle.mdx,0,1,3,4,18,12,1,0,0,0,2940,0.6111,2.031,0,-4.91275,-5.651102,-2.802601,6.527922,5.692024,10.75368,1,1,0,0,0
3079,3,CREATURE\YoggSaron\YoggSaronTentacleMace.mdx,0,1,3,4,18,12,1,0,0,0,2941,0.6111,2.031,0,-6.063217,-6.517067,-2.802601,7.977791,6.690511,12.01442,1,1,0,0,0
3080,3,CREATURE\YoggSaron\YoggSaronTentacleThin.mdx,0,1,3,4,18,12,1,0,0,0,2942,0.6111,2.031,0,-4.662933,-5.271979,-2.802601,6.405261,5.321693,10.50104,1,1,0,0,0
3081,3,CREATURE\YoggSaron\YoggSaron.mdx,0,1,3,4,18,12,1,0,0,0,2943,0.6111,2.031,17.14508,-21.40637,-17.72615,-12.26951,17.71133,17.77788,16.87937,1,1,0,0,0
3082,3,CREATURE\KOLOGARN\KoloArmL.mdx,2,1,3,4,18,12,1,0,0,0,2944,0.6111,2.031,0,-9.029533,4.538462,0.738351,25.93883,29.51808,23.0563,1,1,0,0,0
3083,0,CREATURE\KOLOGARN\KoloArmR.mdx,2,1,3,4,18,12,1,0,0,0,2945,0.6111,2.031,0,-7.3973,-31.12518,0.461357,21.78954,-9.522556,23.58243,1,1,0,0,0
3084,3,CREATURE\GnomeCopter\GnomeCopter.mdx,0,1,3,4,18,12,1,0,0,0,2946,0.6111,2.031,0,-2.079027,-2.055964,0.017883,2.098466,2.121512,2.401894,1,1,0,0,0
3085,3,CREATURE\Mimiron\Mimiron_Torso.mdx,2,1,3,4,18,12,1,0,0,0,2947,0.6111,2.031,4.13387,-3.037245,-4.288546,-0.242815,3.931372,4.273122,7.958927,1,1,0,0,0
3086,0,CREATURE\SpectralTiger\SpectralTiger.mdx,0,1,1,4,18,12,1,0,0,0,2484,0,0,0,0,0,0,0,0,0,1,1,0,0,0
3087,0,CREATURE\SpectralTigerFeral\SpectralTigerFeral.mdx,0,1,3,4,18,12,1,0,0,0,2948,0,0,0,0,0,0,0,0,0,1,1,0,0,0
3088,3,CREATURE\FlameLeviathan\FlameLeviathan.mdx,0,1,3,4,18,12,1,0,0,0,2949,0.6111,2.031,0,-7.060282,-5.118806,-0.100318,7.265561,5.151281,7.181329,1,1,4.8,5,-3.6
3089,0,World\EXPANSION02\DOODADS\DALARAN\Dalaran_BuildingCrystal_01.mdx,0,1,3,4,18,12,1,0,0,0,2950,0,0,0,0,0,0,0,0,0,1,1,0,0,0
3090,0,CREATURE\saberworg\Saberworg.mdx,1,1,1,7,18,12,1,0,0,0,2482,0,0,0,0,0,0,0,0,0,1,1,0,0,0
3091,35,CREATURE\FlameLeviathan\FlameLeviathan_Weapon_Cannon.mdx,0,1,3,4,18,12,1,0,0,0,2951,0,0,0,0,0,0,0,0,0,1,1,2,2,-1
3092,19,CREATURE\ClockworkGiant\ClockworkGiantHeart.mdx,0,1,3,4,18,12,1,0,0,0,2952,0,0,0,0,0,0,0,0,0,1,1,0,0,0
3093,0,CREATURE\Mimiron\Mimiron_Head_Mount.mdx,0,1,3,4,18,12,1,0,0,0,2953,0.6111,2.031,1.815667,-3.913384,-2.814505,0.802559,2.162723,2.890471,4.891405,1,1,0,0,0
3094,3,CREATURE\YoggSaron\YoggSaronStage2.mdx,0,1,3,4,18,12,1,0,0,0,2954,0.6111,2.031,17.14508,-21.40637,-17.72615,-12.26951,17.71133,17.77788,16.87937,1,1,0,0,0
3095,0,CREATURE\HumanMaleKid\ArgentSquireHumanMaleKid_BP.mdx,0,1,1,1,18,12,1,0,0,0,2955,0.6111,2.031,0.704457,-0.384574,-0.355631,0.007144,0.212211,0.300132,1.301312,1,1,0,0,0
3096,0,CREATURE\OrcMaleKid\OrcMaleKidGruntling.mdx,0,1,1,4,18,12,1,0,0,0,2956,0.6111,2.031,0.68397,-0.174358,-0.254723,0.005046,0.180887,0.256344,1.378559,1,1,0,0,0
3097,0,CREATURE\HumanMaleKid\ArgentSquireHumanMaleKid.mdx,0,1,1,1,18,12,1,0,0,0,2957,0.6111,2.031,0.704457,-0.166321,-0.254709,0.007144,0.212211,0.25633,1.301312,1,1,0,0,0
3098,0,CREATURE\OrcMaleKid\OrcMaleKidGruntling_BP.mdx,0,1,1,4,18,12,1,0,0,0,2958,0.6111,2.031,0.68397,-0.384574,-0.355631,0.005046,0.180887,0.300132,1.378559,1,1,0,0,0
3099,3,CREATURE\YoggSaron\YoggSaronBrain.mdx,0,1,3,4,18,12,1,0,0,0,2959,0.6111,2.031,0,-39.8873,-40.01073,-29.61897,36.15137,38.51856,30.28208,1,1,0,0,0
3100,0,CREATURE\Thorum\Thorum.mdx,3,1,1,4,18,12,1,0,2,12,2960,0.6111,2.031,4.309965,-2.017499,-3.193789,-0.042924,1.728802,2.824542,7.533334,1,1,0,0,0
3101,0,CREATURE\ProtoDragon\ProtoDragon_Razorscale_Mount.mdx,0,1,3,5,48,36,1,0,0,0,2961,0.6111,2.031,3.445055,-5.098628,-5.914853,-0.197401,5.090687,6.089335,4.00731,1,1,0,0,0
3102,3,CREATURE\Mimiron\Mimiron_Head.mdx,1,1,3,4,18,12,1,0,0,0,2962,0.6111,2.031,0,-1.666053,-3.595888,-0.106095,3.534522,3.647524,5.728676,1,1,0,0,0
3103,0,CREATURE\Star\Collapsing_Star.mdx,1,1,3,4,18,12,1,0,0,0,2963,0.6111,2.031,0,-1.30757,-1.306082,1.652798,1.292371,1.293859,4.252739,1,1,0,0,0
3104,0,CREATURE\LifebinderGift\LifebinderGift.mdx,0,1,3,4,18,12,1,0,0,0,2964,0.6111,2.031,0,-2.548953,-2.441196,-0.544549,1.825808,3.136795,8.689831,1,1,0,0,0
3105,67,CREATURE\WATERELEMENTAL\WaterElemental.mdx,1,1,2,4,18,12,1,0,0,0,110,0.6111,2.031,0,-1.035244,-1.680827,0.366207,1.043886,1.684634,3.043421,0.35,1,0,0,0
3106,51,CREATURE\Vapor\Vapor.mdx,1,1,2,4,18,12,1,0,0,0,2965,0.6111,2.031,0,-0.305556,-0.305556,0,0.305556,0.305556,2.031278,1,1,0,0,0
3107,0,World\GENERIC\DWARF\PASSIVE DOODADS\TARGETS\TargetAxe03.mdx,0,1,3,4,18,12,1,0,0,0,2966,0,0,0,0,0,0,0,0,0,1,1,0,0,0
3108,3,World\GENERIC\TROLL\PASSIVE DOODADS\Tikimasks\Troll_tikimask03.mdx,0,1,3,4,18,12,1,0,0,0,2967,0,0,0,0,0,0,0,0,0,1,1,0,0,0
3109,0,World\GOOBER\G_ButtonBigRed.mdx,0,1,3,4,18,12,1,0,0,0,2968,0,0,0,0,0,0,0,0,0,1,1,0,0,0
3110,0,World\EXPANSION02\DOODADS\Ulduar\UL_Chest_Ice.mdx,0,1,3,4,18,12,1,0,0,0,2969,0,0,0,0,0,0,0,0,0,1,1,0,0,0
3112,0,CREATURE\ClockworkGiant\ClockworkGiant.mdx,0,1,3,4,18,12,1,0,0,0,2925,0.6111,2.031,0,-3.119602,-7.928115,0.065696,4.201357,7.872946,19.30849,1,1,0,0,0
3113,3,World\GOOBER\G_GhostTrap.mdx,0,1,3,4,18,12,1,0,0,0,2970,0,0,0,0,0,0,0,0,0,1,1,0,0,0
3114,0,World\GENERIC\ACTIVEDOODADS\INSTANCEPORTAL\Summon_Ritual.mdx,0,1,3,4,18,12,1,0,0,0,2971,0,0,0,0,0,0,0,0,0,1,1,0,0,0
3115,3,World\GENERIC\DWARF\PASSIVE DOODADS\TARGETS\TargetHammer01.mdx,0,1,3,4,18,12,1,0,0,0,2972,0,0,0,0,0,0,0,0,0,1,1,0,0,0
3117,0,CREATURE\MURLOC\BabyMurlocPlated.mdx,0,1,1,5,7,5,1,0,0,0,2981,0,0,0,0,0,0,0,0,0,1,1,0,0,0
3118,3,World\EXPANSION02\DOODADS\Ulduar\UL_Planet_Azeroth_NoBase.mdx,0,1,3,4,18,12,1,0,0,0,2982,0,0,0,0,0,0,0,0,0,1,1,0,0,0
3119,0,CREATURE\FrostVrykulMale\FrostVrykulMale.mdx,0,1,3,4,18,12,1,0,0,0,2690,0.6111,2.031,2.745128,-1.429272,-1.252771,0.010803,0.818483,1.281584,4.594245,1,1,0,0,0
3120,33,CREATURE\TikiMask\TikiMask.mdx,0,1,3,1,18,12,0.01,0,0,0,2989,0.6111,2.031,0,-0.181519,-0.988293,-0.037143,0.583665,0.988293,2.86859,1,1,0,0,0
3122,0,World\GENERIC\PassiveDoodads\Thanksgiving\G_ThanksgivingChair_01.mdx,0,1,3,4,18,12,1,0,0,0,2991,0,0,0,0,0,0,0,0,0,1,1,0,0,0
3123,0,Creature\Raptor\RaptorPet.mdx,0,1,1,5,9,6,1,0,0,0,2992,0.6111,2.031,0.364219,-0.317019,-0.205345,-0.023446,0.408477,0.222452,0.73261,1,1,0,0,0
3124,2,Creature\FuelRobot\Fuelrobot.mdx,0,1,3,1,18,12,1,0,0,0,2993,0.6111,2.031,0,-1.882348,-2.014386,-0.248072,1.100032,2.110097,3.825243,1,1,0,0,0
3126,0,SPELLS\BlackHole_White.mdx,0,1,3,4,18,12,1,0,0,0,2385,0,0,0,0,0,0,0,0,0,1,1,0,0,0
3127,0,Creature\ValkierDark\ValkierDark.mdx,0,1,3,4,18,12,1,0,0,0,2668,0.6111,2.031,2.615264,-3.577509,-3.907612,-0.183474,1.880367,3.911128,6.244998,1,1,0,0,0
3128,0,Creature\Valkier\Valkier.mdx,0,1,3,4,18,12,1,0,0,0,2643,0.6111,2.031,2.615264,-3.57751,-3.907612,-0.183474,1.880367,3.911128,6.244998,1,1,0,0,0
3131,3,World\Generic\UpperDeck\UD_OgrePinata.mdx,0,1,3,4,18,12,1,0,0,0,2996,0,0,0,0,0,0,0,0,0,1,1,0,0,0
3132,0,Creature\ChickenMount\ChickenMount.mdx,0,1,1,5,18,12,1,0,0,0,2997,0.6111,2.031,1.841721,-1.274335,-0.852791,0.000373,0.643898,0.951319,2.471723,1,1,0,0,0
3133,0,Creature\MURLOC\MarineBabyMurloc.mdx,0,1,3,1,18,12,1,0,0,0,2998,0.6111,2.031,0.387196,-0.632969,-0.547302,-0.005579,0.478507,0.727499,1.117492,1,1,0,0,0
3134,0,SPELLS\SnowFlakeCreature_Var1.mdx,0,1,3,4,18,12,1,0,0,0,2999,0,0,0,0,0,0,0,0,0,1,1,0,0,0
3135,0,SPELLS\SnowFlakeCreature_Var2.mdx,0,1,3,4,18,12,1,0,0,0,3000,0,0,0,0,0,0,0,0,0,1,1,0,0,0
3137,0,Creature\ChickenMount\ChickenMount35.mdx,0,1,1,5,18,12,1,0,0,0,3002,0.6111,2.031,1.805709,-1.274335,-0.852791,0.000373,0.643898,0.951319,2.471723,1,1,0,0,0
3138,0,Creature\ChickenMount\ChickenMount15.mdx,0,1,1,5,18,12,1,0,0,0,3003,0.6111,2.031,1.805709,-1.274335,-0.852791,0.000373,0.643898,0.951319,2.471723,1,1,0,0,0
3141,4,Character\Worgen\Male\WorgenMale.mdx,1,1,1,7,18,12,1,0,0,0,44,0.6111,2.031,1.29405,-0.655967,-1.17623,0.000852,0.702095,1.08036,2.29018,1,1,0,0,0
3142,4,Character\Worgen\Female\WorgenFemale.mdx,1,1,1,7,18,12,1,0,0,0,44,0.6111,2.031,1.29405,-0.655967,-1.17623,0.000852,0.702095,1.08036,2.29018,1,1,0,0,0
3143,0,Creature\DRUIDCAT\DruidCat_Legacy.mdx,0,1,3,4,18,12,1,0,0,0,3004,0.6111,2.031,1.241372,-2.597059,-0.777423,-0.006203,1.057516,0.533702,1.536153,1,1,0,0,0
3146,9,Creature\CryptLord\CryptLord_Frost.mdx,2,1,3,4,18,12,1,0,0,0,3007,0.6111,2.031,0,-7.354058,-5.99184,-0.228506,8.216221,6.232382,12.26419,0.21,3.1,0,0,0
3147,0,SPELLS\Infernal_Ball_02.mdx,0,1,3,4,18,12,1,0,0,0,3008,0,0,0,0,0,0,0,0,0,1,1,0,0,0
3148,3,Creature\AllianceBrassCannon\AllianceBrassCannon.mdx,1,1,3,4,18,12,1,0,0,0,3009,0.6111,2.031,0,-2.472446,-1.32668,-0.028074,6.460456,1.332645,3.183245,1,1,0,0,0
3149,3,Creature\HordeDeckGun\HordeDeckGun.mdx,0,1,3,4,18,12,1,0,0,0,2854,0.6111,2.031,0,-1.252034,-1.95555,-0.014218,6.221471,1.877406,4.212055,1,1,0,0,0
3151,0,World\GOOBER\G_ImpBottle.mdx,0,1,1,4,18,12,1,0,0,0,3011,0,0,0,0,0,0,0,0,0,1,1,0,0,0
3152,12288,SPELLS\MAGE_ARCANEBARRAGE_MISSILE.mdx,0,1,3,4,18,12,1,0,0,0,3012,0,0,0,0,0,0,0,0,0,1,1,0,0,0
3153,0,Creature\panda\Jadepandacub.mdx,0,1,2,7,10,6,1,0,0,0,3013,0.6111,2.031,0,-1.746727,-0.925281,-0.154783,2.11351,0.861904,1.951101,1,1,0,0,0
3154,0,Creature\GLAIVETHROWERVEHICLE\GlaiveThrowerVehicle.mdx,1,1,3,4,18,12,1,0,0,0,3014,2.541,2.936,0.890852,-2.616223,-3.848607,-0.120897,6.52128,3.848585,4.597781,1,1,0,0,0
3155,0,Creature\saberworg\SpectralSaberWorg.mdx,0,1,3,4,18,12,1,0,0,0,3015,0,0,0,0,0,0,0,0,0,1,1,0,0,0
3156,0,World\GENERIC\ActiveDoodads\SpellPortals\Portal_isleofconquestAlliance.mdx,0,1,3,4,18,12,1,0,0,0,3016,0,0,0,0,0,0,0,0,0,1,1,0,0,0
3157,0,World\GENERIC\ActiveDoodads\SpellPortals\Portal_isleofconquestHorde.mdx,0,1,3,4,18,12,1,0,0,0,3017,0,0,0,0,0,0,0,0,0,1,1,0,0,0
3159,3,World\EXPANSION02\Doodads\Ships\ND_Icebreaker_ship_BG_Flip.mdx,2,1,3,4,18,12,1,0,0,0,3019,0,0,0,0,0,0,0,0,0,1,1,0,0,0
3160,3,World\EXPANSION02\Doodads\Ships\ND_Ship_UD_BG_Flip.mdx,0,1,3,4,18,12,1,0,0,0,3020,0,0,0,0,0,0,0,0,0,1,1,0,0,0
3161,2,World\GOOBER\G_Barrel.mdx,0,1,3,4,18,12,1,0,0,0,3021,0,0,0,0,0,0,0,0,0,1,1,0,0,0
3162,0,World\EXPANSION02\Doodads\Generic\Human\FENCE\HU_Fencepost_Northrend.mdx,0,1,3,1,18,12,1,0,0,0,3023,0,0,0,0,0,0,0,0,0,1,1,0,0,0
3166,0,Creature\Warhorse\ArgentWarhorse.mdx,0,1,1,6,18,12,1,0,0,0,3031,0.6111,2.031,1.865717,-1.952967,-0.575566,-0.021533,2.057411,0.509168,3.801905,1,1,0,0,0
3174,8,Creature\Direwolf\PvPRidingDireWolf.mdx,0,1,1,7,24,18,1,0,0,0,1828,0,0,0,0,0,0,0,0,0,1,1,0,0,0
3177,0,Creature\ClockworkGnome\ClockworkGnome_B.mdx,0,1,3,4,18,12,1,0,0,0,2600,0,0,0,0,0,0,0,0,0,1,1,0,0,0
3178,0,Creature\saberworg\Saberworg.mdx,1,1,1,7,18,12,1,0,0,0,2482,0,0,0,0,0,0,0,0,0,1,1,0,0,0
3181,3,Creature\tuskarkite\UD_TS_Kite.mdx,0,1,3,4,18,12,1,0,0,0,3051,0.6111,2.031,0,-6.092992,-1.975266,5.434441,0.891311,3.020056,12.16175,1,1,0,0,0
3191,0,Creature\Rowboat_vehicle\RowBoat01_vehicle.mdx,0,1,3,4,18,12,1,0,0,0,3056,0,0,0,0,0,0,0,0,0,1,1,0,0,0
3194,0,Creature\Hobgoblin\Hobgoblin.mdx,2,1,3,4,18,12,1,0,0,0,3110,0.6112,2.031,1.34669,-0.571247,-0.994102,-0.01056,0.590039,0.989905,2.81037,1,1,0,0,0
3195,59,World\EXPANSION02\DOODADS\NEXUS\Nexus_Spike_B_ice.mdx,0,1,4,4,18,12,1,0,0,0,0,0,0,0,0,0,0,0,0,0,1,1,0,0,0
3196,0,World\GENERIC\UNDEAD\PASSIVE DOODADS\UndeadAlchemyTable\undead_alchemy_table.mdx,0,1,3,4,18,12,1,0,0,0,0,0,0,0,0,0,0,0,0,0,1,1,0,0,0
3200,0,Creature\Dragon\OnyxiaMount.mdx,0,1,3,5,32,24,1,0,0,0,0,0.6111,2.031,2.797753,-7.383925,-2.982338,-0.318654,3.262881,2.490779,3.931219,1,1,0,0,0
3204,9,Creature\DragonWhelp\DragonWhelpOnyxia.mdx,0,1,1,4,18,12,1,0,0,0,0,0.6111,2.031,0,-0.813812,-1.022771,0.847691,0.605375,0.95263,3.418959,1,1,0,0,0
3208,115,World\EXPANSION02\DOODADS\GENERIC\SCOURGE\SC_EyeofAcherus_03.mdx,0,1,3,4,18,12,1,0,0,0,0,0,0,0,0,0,0,0,0,0,1,1,0,0,0
3209,0,Creature\SpectralTiger\SpectralTigerCub.mdx,0,1,3,7,9,6,1,0,0,0,0,0.6111,2.031,0,-1.291184,-0.297137,-9.1E-05,0.513118,0.290337,0.772239,1,1,0,0,0
3212,0,Creature\GryphonPet\GryphonPet.mdx,0,1,1,5,18,12,1,0,0,0,0,0.6111,2.031,0,-1.889823,-1.565114,-0.008959,2.83187,1.174659,3.351523,1,1,0,0,0
3213,0,Creature\WyvernPet\WyvernPet.mdx,0,1,1,7,18,12,1,0,0,0,0,0.6111,2.031,1.193891,-3.935176,-1.218161,-0.342243,1.854338,1.030595,2.202821,1,1,0,0,0
3214,0,Creature\PandarenMonk\PandarenMonk.mdx,1,1,1,7,18,12,1,0,0,0,8,0.6111,2.031,0.935023,-0.817277,-1.177775,0.000338,0.927152,1.168537,2.407669,1,1,0,0,0
3218,0,Creature\FelBeast\Corehoundpet.mdx,0,1,3,5,40,28,1,0,0,0,0,0.6111,2.031,0,-3.059385,-2.795163,-1.064036,4.349036,2.897801,4.747417,1,1,0,0,0
3219,3,Creature\Slime\SlimeLesser.mdx,0,1,2,4,18,12,1,0,0,0,81,0.6944,2.083,0,0,0,0,0,0,0,1,1,0,0,0
3222,3,Creature\BabyLich\BabyLich.mdx,0,1,3,4,18,12,1,0,0,0,0,0.6111,2.031,0,-1.30512,-1.392944,-0.063146,1.443508,1.362577,4.79141,1,1,0,0,0
3224,0,World\KALIMDOR\AZSHARA\ActiveDoodads\StoneTablets\AzsharaStoneTablet02.mdx,0,2,3,4,18,12,1,0,0,0,0,0,0,0,0,0,0,0,0,0,1,1,0,0,0
3228,0,Creature\saberworg\Saberworg.mdx,1,1,1,7,18,12,1,0,0,0,2482,0.6111,2.031,0,0,0,0,0,0,0,1,1,0,0,0
3230,3,Creature\InvisibleStalker\InvisibleStalker.mdx,1,1,3,4,18,12,1,0,0,0,1608,0.6111,2.031,0,0,0,0,0,0,0,1,1,0,0,0
3231,0,Spells\Orange_Gas_01.mdx,0,1,3,4,18,12,1,0,0,0,2999,0,0,0,0,0,0,0,0,0,1,1,0,0,0
3232,2048,Creature\ArthasLichKing\ArthasLichKing_Unarmed.mdx,2,1,3,1,18,12,1,0,0,0,2491,0.6111,2.031,0,-0.913929,-1.24582,-0.076837,0.548211,0.566638,2.160921,1,1,0,0,0
3234,3,Creature\SPELLS\DwarvenTotem_Air.mdx,0,1,3,4,18,12,1,0,0,0,0,0.5193,1.315,0,-1.151664,-1.134408,-0.85887,1.187689,1.159872,1.349231,1,1,0,0,0
3235,3,Creature\SPELLS\DwarvenTotem_Earth.mdx,0,1,3,4,18,12,1,0,0,0,0,0.5193,1.315,0,-1.118749,-1.070567,-0.550365,1.140332,1.188514,1.349407,1,1,0,0,0
3236,3,Creature\SPELLS\DwarvenTotem_Fire.mdx,0,1,3,4,18,12,1,0,0,0,0,0,0,0,0,0,0,0,0,0,1,1,0,0,0
3237,3,Creature\SPELLS\DwarvenTotem_Water.mdx,0,1,3,4,18,12,1,0,0,0,0,0,0,0,0,0,0,0,0,0,1,1,0,0,0
3238,3,Creature\SPELLS\OrcTotem_Air.mdx,0,1,3,4,18,12,1,0,0,0,0,0.5193,1.315,0,-1.151664,-1.134408,-0.85887,1.187689,1.159872,1.342143,1,1,0,0,0
3239,3,Creature\SPELLS\OrcTotem_Earth.mdx,0,1,3,4,18,12,1,0,0,0,0,0.5193,1.315,0,-1.118749,-1.070567,-0.550365,1.140332,1.188514,1.318137,1,1,0,0,0
3240,3,Creature\SPELLS\OrcTotem_Fire.mdx,0,1,3,4,18,12,1,0,0,0,0,0,0,0,0,0,0,0,0,0,1,1,0,0,0
3241,3,Creature\SPELLS\OrcTotem_Water.mdx,0,1,3,4,18,12,1,0,0,0,0,0,0,0,0,0,0,0,0,0,1,1,0,0,0
3242,3,Creature\SPELLS\TrollTotem_Air.mdx,0,1,3,4,18,12,1,0,0,0,0,0,0,0,0,0,0,0,0,0,1,1,0,0,0
3243,3,Creature\SPELLS\TrollTotem_Earth.mdx,0,1,3,4,18,12,1,0,0,0,0,0,0,0,0,0,0,0,0,0,1,1,0,0,0
3244,3,Creature\SPELLS\TrollTotem_Fire.mdx,0,1,3,4,18,12,1,0,0,0,0,0,0,0,0,0,0,0,0,0,1,1,0,0,0
3245,3,Creature\SPELLS\TrollTotem_Water.mdx,0,1,3,4,18,12,1,0,0,0,0,0,0,0,0,0,0,0,0,0,1,1,0,0,0
3249,0,World\GENERIC\PASSIVEDOODADS\Weapons\Hammer_PVPAlliance_A_01.mdx,0,1,3,4,18,12,1,0,0,0,2700,0,0,0,0,0,0,0,0,0,1,1,0,0,0
3251,0,Creature\Rowboat_vehicle\RowBoat01_vehicle.mdx,0,1,3,4,18,12,1,0,0,0,3056,0,0,0,0,0,0,0,0,0,1,1,0,0,0
3252,0,Creature\Rowboat_vehicle\BE_Rowboat_vehicle.mdx,0,1,3,4,18,12,1,0,0,0,3056,0,0,0,0,0,0,0,0,0,1,1,0,0,0
3253,0,Creature\Jaina\Jaina.mdx,0,1,3,4,18,12,1,0,0,0,0,0.6111,2.031,1.002637,-0.22917,-0.340762,-0.000769,0.261,0.351009,1.897864,1,1,0,0,0
3254,0,Creature\Rowboat_vehicle\DarkshoreBoat_vehicle.mdx,0,1,3,4,18,12,1,0,0,0,3056,0,0,0,0,0,0,0,0,0,1,1,0,0,0
3255,0,World\KALIMDOR\AZSHARA\ActiveDoodads\StoneTablets\AzsharaStoneTablet04.mdx,0,2,3,4,18,12,1,0,0,0,0,0,0,0,0,0,0,0,0,0,1,1,0,0,0
3256,0,Creature\QUESTOBJECTS\Creature_IceBlock_Sindragosa.mdx,2,1,3,4,18,12,1,0,0,0,0,0,0,0,-4.808122,-5.013731,-0.005488,4.82577,4.515381,4.694275,1,1,0,0,0
3257,1,Creature\MinisterofDeath\MinisterofDeath.mdx,3,1,3,4,18,12,1,0,0,0,0,0.6111,2.031,0,-1.381266,-1.384412,-0.136641,1.537143,1.452046,3.955711,1,1,0,0,0
3258,0,Creature\UndeadDrake\NorthrendUndeadDrake.mdx,3,1,3,5,18,12,1,0,0,0,2815,0.6111,2.031,2.931585,-6.984496,-4.241719,-0.133897,4.234684,4.213617,5.299296,0.35,1,0,0,0
3259,0,World\EXPANSION01\DOODADS\ZULAMAN\DOORS\ZulAman_FireDoor.mdx,0,1,3,4,18,12,1,0,0,0,0,0,0,0,0,0,0,0,0,0,1,1,0,0,0
3260,0,World\EXPANSION02\DOODADS\GENERIC\FORSAKEN\FK_PlagueWagon.mdx,0,1,3,4,18,12,1,0,0,0,2739,0,0,0,0,0,0,0,0,0,1,1,0,0,0
3261,1,World\Expansion02\Doodads\Generic\Forsaken\FK_PlagueWagon.mdx,0,1,3,4,18,12,1,0,0,0,2858,0,0,0,0,0,0,0,0,0,1,1,0,0,0
3263,99,World\GENERIC\ACTIVEDOODADS\SPELLPORTALS\MagePortal_Ogrimmar.mdx,0,1,3,4,18,12,1,0,0,0,2865,0,0,0,0,0,0,0,0,0,1,1,0,0,0
3264,0,World\EXPANSION02\DOODADS\ICECROWN\Weapon\IceCrown_Axe_ShadowsEdge.mdx,0,1,3,4,18,12,1,0,0,0,2700,0,0,0,0,0,0,0,0,0,1,1,0,0,0
3265,0,Creature\MadScientist\MadScientistNoBackpack.mdx,1,1,1,4,18,12,1,0,0,0,2132,0.6111,2.031,1.078235,-0.581413,-0.585342,-0.007271,0.384067,0.412238,1.845162,1,1,0,0,0
3266,3,Creature\Wight\WightScientist.mdx,2,1,2,4,18,12,1,0,0,0,1408,0.6111,2.031,1.504953,-0.84539,-2.46124,0.005522,1.853681,2.333408,3.067913,1,1,0,0,0
3267,0,World\Lordaeron\STRATHOLME\PassiveDoodads\FX\StratholmeFireSmokeEmberM.mdx,0,1,3,4,18,12,1,0,0,0,0,0,0,0,0,0,0,0,0,0,1,1,0,0,0
3268,0,Creature\IcecrownFleshBeast\IcecrownFleshBeast.mdx,0,1,3,1,18,12,1,0,82,12,2748,0.6111,2.031,0,-3.116671,-7.08585,-0.225683,6.316501,5.144793,13.48537,0.8,0.5,0,0,0
3269,0,Creature\MadScientist\MadScientistNoBackpack.mdx,0,1,3,4,18,12,1,0,0,0,0,0.6111,2.031,1.078235,-0.581413,-0.585342,-0.007271,0.384067,0.412238,1.845162,1,1,0,0,0
3270,0,Creature\IcecrownFleshBeast\IcecrownFleshBeast.mdx,0,1,3,4,18,12,1,0,0,12,0,0.6111,2.031,0,-3.116671,-7.08585,-0.225683,6.316501,5.144793,13.48537,1,0.3,0,0,0
3271,128,Creature\WingedHorse\WingedHorse.mdx,0,1,3,6,18,12,1,0,0,0,0,0.6111,2.031,1.92485,-2.180731,-1.044701,-0.020854,2.246274,1.161985,2.832946,1,1,0,0,0
3272,0,Creature\TerenasMenethil\TerenasMenethil.mdx,1,1,3,4,18,12,1,0,0,0,0,0,0,0,0,0,0,0,0,0,1,1,0,0,0
3274,3,Creature\InvisibleStalker\InvisibleStalker_noAnims.mdx,1,1,3,4,18,12,1,0,0,0,1608,0.6111,2.031,0,1,1,1,-1,-1,-1,1,1,0,0,0
3275,0,Creature\BloodQueen\BloodQueen.mdx,0,1,3,4,18,12,1,0,0,0,0,0.6111,2.031,0,-1.793212,-2.238467,-0.048861,0.309172,1.617531,2.186773,1,1,0,0,0
3276,0,Creature\bear\SpectralBear.mdx,1,1,1,7,18,12,1,0,0,0,83,0.6111,2.031,0,-1.657581,-0.925305,-0.058709,1.681357,0.867246,2.016598,1,1,0,0,0
3277,0,Spells\IceNuke_Missile.mdx,0,1,3,4,18,12,1,0,0,0,2999,0,0,0,0,0,0,0,0,0,1,1,0,0,0
3282,0,Creature\BoneGuard\BoneGuard.mdx,0,1,3,4,18,12,1,0,0,0,0,0.6111,2.031,0,-4.371671,-5.812672,-0.806038,5.313057,5.722497,8.635706,1,1,0,0,0
3285,3,Spells\BoneGuardSpike.mdx,0,1,3,3,18,12,1,0,0,0,0,0,0,0,0,0,0,0,0,0,1,1,0,0,0
3286,0,World\GENERIC\HUMAN\PASSIVE DOODADS\OilPuddle\Oil_Puddle_01.mdx,0,1,3,4,18,12,1,0,0,0,0,0,0,0,0,0,0,0,0,0,1,1,0,0,0
3287,0,Creature\RidingUndeadDrake\ArmoredRidingUndeadDrake.mdx,0,1,3,5,24,16,1,0,0,0,2147,0.6111,2.031,2.930889,-7.31621,-3.449284,-0.165108,3.976765,2.765121,3.765531,1,1,0,0,0
3289,2048,Creature\BloodQueen\BloodQueen.mdx,2,1,3,4,18,12,1,0,0,0,0,0.6111,2.031,0,-1.793212,-2.238467,-0.048861,0.309172,1.617531,2.186773,1,1,0,0,0
3291,0,Creature\Pug\pug.mdx,0,1,1,7,3,2,1,0,0,0,0,0.6111,2.031,0,-0.4018,-0.239832,-0.000459,0.510909,0.21235,0.711418,1,1,0,0,0
3292,0,Creature\NorthrendFleshGiant\NorthrendFleshGiant.mdx,0,1,3,1,18,12,1,0,82,12,2748,0.6111,2.031,9.313585,-3.274463,-7.618589,-0.008257,6.13324,4.140361,12.56717,1,1,0,0,0
3293,0,Creature\WarpStorm\WarpStorm.mdx,1,1,3,4,18,12,1,0,0,0,2267,0.6111,2.031,0,0,0,0,0,0,0,1,1,0,0,0
3296,128,Creature\WingedHorse\WingedHorse_NonFlying.mdx,0,1,3,6,18,12,1,0,0,0,0,0.6111,2.031,1.92485,-2.180731,-1.044701,-0.020854,2.246274,1.161985,2.832946,1,1,0,0,0
3299,1,Creature\ValkierDark\ValkierDark.mdx,0,1,3,4,18,12,1,0,0,0,2668,0.6111,2.031,0,0,0,0,0,0,0,1,1,0,0,0
3314,0,Creature\Oracle\Oracle_Quest.mdx,0,1,3,4,18,12,1,0,0,0,2513,0.6111,2.031,0,-1.866995,-1.667166,-0.010626,1.665195,1.223156,2.439527,1,1,0,0,0
3315,3,Creature\Ghost\Ghost.mdx,1,1,1,4,18,12,1,0,0,0,9,0.6111,2.031,0,0,0,0,0,0,0,1,1,0,0,0
3320,1,Creature\ValkierDark\ValkierDark.mdx,0,1,3,4,18,12,1,0,0,0,2668,0.6111,2.031,0,0,0,0,0,0,0,1,1,0,0,0
3324,0,World\GOOBER\G_FireworkLauncher02.mdx,1,1,3,4,18,12,1,0,0,0,0,0,0,0,0,0,0,0,0,0,1,1,0,0,0
3327,0,CREATURE\FACELESSONEAQUATIC\FACELESSONEAQUATIC.mdx,0,1,3,4,18,12,1,0,0,0,3117,0.611112,2.03128,0,-1.19564,-2.4143,-0.14065,1.55714,2.65013,4.48518,1,1,0,0,0
3332,0,Creature\Pyrogryph\PyroGryph.mdx,0,1,3,5,24,16,1,0,0,0,0,0,0,0,0,0,0,0,0,0,1,1,0,0,0
3333,0,Creature\Pyrogryph\PyroGryph.mdx,0,1,3,4,18,12,1,0,0,0,0,0,0,0,0,0,0,0,0,0,1,1,0,0,0
3334,0,Creature\WOOLYRHINO\WoolyRhinoMount.mdx,0,1,1,6,20,15,1,0,0,0,0,0.6111,2.031,2.298184,-3.294059,-1.009409,-0.038308,1.436987,0.95152,2.724668,1,2.3,0,0,0
3335,3,World\EXPANSION01\DOODADS\SHATTRATH\PASSIVEDOODADS\BattlemasterPedestal\BattlemasterPedestal.mdx,0,1,3,4,18,12,1,0,0,0,2596,3.786,5.207,0,0,0,0,0,0,0,1,1,0,0,0
3341,0,Creature\Hippogryph\BurntHippoGryph.mdx,0,1,3,5,24,16,1,0,0,0,0,0.6111,2.031,1.841115,-2.275914,-1.162389,-0.051368,2.27351,1.198439,3.308225,1,1,0,0,0
3342,35,World\Azeroth\ZulGurub\ACTIVEDOODADS\VOODOOPILE\VoodooPile01.mdx,0,1,3,4,18,12,1,0,0,0,2905,0,0,0,0,0,0,0,0,0,1,1,0,0,0
3343,0,Creature\FelBat\BatTaxi.mdx,0,1,3,5,18,12,1,0,0,0,308,0.6111,2.031,0,0,0,0,0,0,0,1,1,0,0,0
3345,0,World\Expansion02\Doodads\Ulduar\UL_TeleportationPad.mdx,0,1,3,4,18,12,1,0,0,0,0,0,0,0,0,0,0,0,0,0,1,1,0,0,0
3346,0,World\Expansion02\Doodads\Generic\Gnome\Gnome_Radiation_Bomb_01.mdx,0,1,3,4,18,12,1,0,0,0,0,0,0,0,0,0,0,0,0,0,1,1,0,0,0
3353,0,Creature\TwighlightDragon\TwighlightDragon.mdx,4,1,1,5,30,20,3,0,2,12,191,0.6111,2.031,8.139028,-20.72995,-9.548882,-0.579811,9.810954,9.41843,13.92624,1,1,0,0,0
3356,1,Creature\CelestialDragonWyrm\CelestialDragonWyrm.mdx,0,1,4,4,18,12,1,0,0,0,0,0.6111,2.031,0,-3.371183,-0.863706,0.488105,1.003242,0.83188,4.224533,1,1,0,0,0
3357,128,Creature\CelestialHorse\CelestialHorse_NonFlying.mdx,0,1,3,6,18,12,1,0,0,0,0,0.6111,2.031,1.92485,-2.18073,-1.944237,-0.435299,2.104037,1.944237,3.453175,1,1,0,0,0
3358,128,Creature\CelestialHorse\CelestialHorse.mdx,0,1,3,6,18,12,1,0,0,0,0,0.6111,2.031,1.92485,-2.180731,-1.944237,-0.435299,2.104037,1.944237,3.453175,1,1,0,0,0
3364,0,Creature\ProtoDragon\ProtoDragon.mdx,1,1,3,5,18,12,1,0,0,0,2516,0.6111,2.031,0,0,0,0,0,0,0,1,1,0,0,0
3367,27,Creature\RocketMount2\RocketMount2.mdx,0,1,3,4,18,12,1,0,0,0,0,0,0,0,0,0,0,0,0,0,1,1,0,0,0
3372,2,Creature\ClockworkGiant\ClockworkGiantPet.mdx,0,1,3,1,12,8,1,0,0,0,0,0.6111,2.031,0,-0.214281,-0.496447,-0.018642,0.257704,0.496447,1.411705,1,1,0,0,0
3440,2,creature\t_robot\t_robot.mdx,0,1,3,1,18,12,1,0,0,0,0,0.6111,2.031,0,-1.352985,-1.874912,-0.055337,1.621918,1.874008,3.237974,1,1,0,0,0
3623,12291,Creature\GoblinTrike\GoblinTrike01.mdx,0,1,3,4,18,12,1,0,0,0,0,0.6112,2.031,0.540327,-2.03107,-0.995891,-0.02369,0,0,0,1,1,0,0,0
3624,12291,Creature\GoblinTrike\GoblinTrike02.mdx,0,1,3,4,18,12,1,0,0,0,0,0.6112,2.031,0.540327,-1.76779,-1.08014,-0.006577,0,0,0,1,1,0,0,0
3755,12288,WORLD\GENERIC\PASSIVEDOODADS\BREWFEST\BEERFEST_MOLEMACHINE.mdx,0,1,3,4,18,12,1,0,0,0,0,8.612,19.258,0,0,0,0,0,0,0,1,1,0,0,0
3871,4096,CREATURE\BOUNDFIREELEMENTAL\UNBOUNDFIREELEMENTALLORD.mdx,0,1,3,4,18,12,1,0,0,0,158,0.611112,2.03128,0,-0.734955,-1.65524,0.327695,1.45031,1.81143,4.38975,1,1,0,0,0
3875,12298,CREATURE\FIREHAWK\FIREHAWK_NOARMOR.mdx,3,1,3,5,72,48,1,0,0,0,3915,0.611112,2.03128,6.92927,-18.0795,-11.0915,-4.26442,5.22456,10.4472,9.97847,1,1,0,0,0
3885,0,WORLD\GENERIC\TAUREN\PASSIVE DOODADS\TAURENMUMMIES\TAURENMUMMY.mdx,0,1,3,4,18,12,1,0,0,0,0,2.0806,1.1111,0,0,0,0,0,0,0,1,1,0,0,0
3893,4098,CREATURE\HELLHOUND\HELLHOUND.mdx,1,1,3,7,18,12,1,0,0,0,3854,0.611112,2.03128,0,-1.36717,-0.485155,-0.020554,0.830802,0.452693,1.62115,1,1,0,0,0
3895,4096,CREATURE\MALORNE\MALORNE.mdx,1,1,1,6,18,12,1,0,0,0,184,0.611112,2.03128,1.86572,-1.13923,-2.0444,-0.007234,3.32969,1.93394,4.01664,1,1,0,0,0
3898,35,CREATURE\FIRESPIDER\FIRESPIDER.mdx,1,1,1,4,18,12,1,0,0,0,28,0.611112,2.03128,0,-2.02404,-2.22587,-0.015091,3.8818,2.22578,2.13188,1,1,0,0,0
4011,0,CREATURE\MOLTENGIANT\MOLTENGIANT.mdx,3,1,3,1,18,12,1,0,2,11,3916,0.611112,2.03128,9.31359,-7.76213,-9.76319,-0.018966,5.02249,10.3719,17.2786,1,1.5,0,0,0
4014,64,CREATURE\MOLTENGIANT\MOLTENGIANT.mdx,3,1,3,1,18,12,1,0,2,11,0,0.611112,2.03128,9.31359,-7.76213,-9.76319,-0.018966,5.02249,10.3719,17.2786,1,1.5,0,0,0
4027,0,CREATURE\NOZDORMU\NOZDORMU.mdx,1,1,1,4,18,12,1,0,0,0,0,0.611112,2.03128,0,-0.546815,-0.674087,-0.00063,0.315587,0.618854,2.66619,1,1,0,0,0
4214,0,CREATURE\TYRANDE\TYRANDE.mdx,0,1,3,4,18,12,1,0,0,0,4018,0.611112,2.03128,1.33474,-0.389343,-0.406482,0.00232,0.420021,0.567223,2.33079,1,1,0,0,0
500001,0,Creature\dreamowl_firemount\dreamowl_firemount.m2,0,1,0,0,0,0,0,0,0,0,0,1.2,2.4,2,-1.2,-1.2,-0.2,1.2,1.2,2.4,1,1,0,0,0
500002,0,creature\emeralddreamstag\emeralddreamstag.mdx,0,1,0,0,0,0,0,0,0,0,0,1.1,2.2,1.9,-1.1,-1.1,-0.2,1.1,1.1,2.2,1,1,0,0,0
500003,0,creature\flyingsprite\flyingsprite.mdx,0,1,0,0,0,0,0,0,0,0,0,0.7,1.6,1.2,-0.7,-0.7,-0.2,0.7,0.7,1.6,1,1,0,0,0
500004,0,creature\infernalmount\infernalmount.mdx,0,1,0,0,0,0,0,0,0,0,0,1.4,2.6,2.2,-1.4,-1.4,-0.2,1.4,1.4,2.6,1,1,0,0,0
500005,0,Creature\netherwingmount\netherwingmount.m2,0,1,0,0,0,0,0,0,0,0,0,1.5,2.8,2.3,-1.5,-1.5,-0.2,1.5,1.5,2.8,1,1,0,0,0
500006,0,creature\phoenix2darkwell\phoenix2darkwell.mdx,0,1,0,0,0,0,0,0,0,0,0,1.2,2.3,1.8,-1.2,-1.2,-0.2,1.2,1.2,2.3,1,1,0,0,0
500007,0,creature\skeletalwarhorse2\skeletalwarhorse2.mdx,0,1,0,0,0,0,0,0,0,0,0,1.1,2.1,1.8,-1.1,-1.1,-0.2,1.1,1.1,2.1,1,1,0,0,0
500008,0,creature\thunderhydra\thunderhydra.mdx,0,1,0,0,0,0,0,0,0,0,0,2,3.8,2.6,-2,-2,-0.2,2,2,3.8,1,1,0,0,0
500101,0,Creature\pandaren\PandaMale.M2,1,1,1,7,18,12,1,0,0,0,8,0.6111,2.031,0.935023,-0.817277,-1.177775,0.000338,0.927152,1.168537,2.407669,1,1,0,0,0
500102,0,Creature\pandaren\PandaMale.M2,1,1,1,7,18,12,1,0,0,0,8,0.6111,2.031,0.935023,-0.817277,-1.177775,0.000338,0.927152,1.168537,2.407669,1,1,0,0,0
500103,0,Creature\pandaren\PandaMale.M2,1,1,1,7,18,12,1,0,0,0,8,0.6111,2.031,0.935023,-0.817277,-1.177775,0.000338,0.927152,1.168537,2.407669,1,1,0,0,0
500104,0,Creature\pandaren\PandaMale.M2,1,1,1,7,18,12,1,0,0,0,8,0.6111,2.031,0.935023,-0.817277,-1.177775,0.000338,0.927152,1.168537,2.407669,1,1,0,0,0
500105,0,Creature\pandaren\PandaFemale.M2,1,1,1,7,18,12,1,0,0,0,8,0.6111,2.031,0.935023,-0.817277,-1.177775,0.000338,0.927152,1.168537,2.407669,1,1,0,0,0
500106,0,Creature\pandaren\PandaFemale.M2,1,1,1,7,18,12,1,0,0,0,8,0.6111,2.031,0.935023,-0.817277,-1.177775,0.000338,0.927152,1.168537,2.407669,1,1,0,0,0
500107,0,Creature\pandaren\PandaFemale.M2,1,1,1,7,18,12,1,0,0,0,8,0.6111,2.031,0.935023,-0.817277,-1.177775,0.000338,0.927152,1.168537,2.407669,1,1,0,0,0
500108,0,Creature\pandaren\PandaFemale.M2,1,1,1,7,18,12,1,0,0,0,8,0.6111,2.031,0.935023,-0.817277,-1.177775,0.000338,0.927152,1.168537,2.407669,1,1,0,0,0
500109,0,creature\mammoth2lava\mammoth2lava.m2,0,1,1,4,18,12,1,0,1,10,2665,0.6111,2.031,4.023158,-2.15665,-1.768878,-0.110208,4.035641,1.664974,4.488163,1,1,0,0,0
500110,8,creature\onyxiaundead\onyxiaundead.m2,4,1,1,5,18,12,1,0,2,12,191,0.6111,2.031,8.139028,-19.48049,-10.7485,-1.505302,10.08676,10.98746,14.12257,1,1,0,0,0
500111,0,creature\camel\camelmount.m2,0,1,1,4,18,12,1,0,1,10,2665,0.6111,2.031,2.5,-2.15665,-1.768878,-0.110208,4.035641,1.664974,4.488163,1,1,0,0,0
500112,0,creature\neptulon\neptulon.m2,0,1,1,4,18,12,1,0,1,10,2665,0.6111,2.031,5,-2.15665,-1.768878,-0.110208,4.035641,1.664974,4.488163,1,1,0,0,0
500113,1,creature\azsharanaga\azsharanaga.m2,1,1,1,1,1,1,1,0,0,0,309,0.6111,2.031,0,-1.707701,-1.103933,-0.029985,0.74445,1.114047,2.826015,1,1,0,0,0
500114,0,creature\mountaingiantcrystal\mountaingiantcrystal_boss.m2,3,1,3,1,180,120,10,0,0,0,2336,0.6111,2.031,0,-2.988278,-4.147496,-0.021337,4.033771,4.007575,11.30304,1,1,0,0,0
500115,0,creature\mountaingiantnorthrend\mountaingiant_howling.m2,3,1,3,1,18,12,1,0,2,12,2771,0.6111,2.031,0,-6.370946,-5.884487,-0.021337,2.789077,4.891731,14.7175,1,1,0,0,0
500116,0,creature\chimerafiremount\chimerafiremount.m2,0,1,0,0,0,0,0,0,0,0,0,1.5,2.8,2.3,-1.5,-1.5,-0.2,1.5,1.5,2.8,1,1,0,0,0
500117,0,creature\crocsunmount\crocsunmount.m2,0,1,0,0,0,0,0,0,0,0,0,1.1,2.2,1.9,-1.1,-1.1,-0.2,1.1,1.1,2.2,1,1,0,0,0
500118,0,creature\geargrindermount\geargrindermount.m2,0,1,0,0,0,0,0,0,0,0,0,1.4,2.6,2.2,-1.4,-1.4,-0.2,1.4,1.4,2.6,1,1,0,0,0
500119,0,creature\gianteagle2hexmount\gianteagle2hexmount.m2,0,1,0,0,0,0,0,0,0,0,0,1.5,2.8,2.3,-1.5,-1.5,-0.2,1.5,1.5,2.8,1,1,0,0,0
500120,0,creature\stormcrowmount_fel\stormcrowmount_fel.m2,0,1,0,0,0,0,0,0,0,0,0,1.5,2.8,2.3,-1.5,-1.5,-0.2,1.5,1.5,2.8,1,1,0,0,0
500121,0,creature\drustmonster\drustmonster.m2,0,1,0,0,0,0,0,0,0,0,0,1.2,2.4,2,-1.2,-1.2,-0.2,1.2,1.2,2.4,1,1,0,0,0
500122,0,creature\ladyvashjshadowlands\ladyvashjshadowlands.m2,0,1,0,0,0,0,0,0,0,0,0,1.1,2.3,1.9,-1.1,-1.1,-0.2,1.1,1.1,2.3,1,1,0,0,0
500123,0,creature\lichlord\lichlord.m2,0,1,0,0,0,0,0,0,0,0,0,1.3,2.6,2.2,-1.3,-1.3,-0.2,1.3,1.3,2.6,1,1,0,0,0
500124,0,creature\maldraxxusskeleton\maldraxxusskeleton.m2,0,1,0,0,0,0,0,0,0,0,0,1,2.2,1.9,-1,-1,-0.2,1,1,2.2,1,1,0,0,0
500205,0,Creature\falcosauros\falcosauros.m2,1,1,1,5,18,12,1,0,0,0,34,0.6111,2.031,0,-4.327215,-1.163992,-0.062383,1.987665,2.095047,3.211344,1,1,0,0,0
500206,0,Creature\falcosauros\falcosaurospet.m2,1,1,1,5,18,12,1,0,0,0,34,0.6111,2.031,0,-4.327215,-1.163992,-0.062383,1.987665,2.095047,3.211344,1,1,0,0,0
500207,0,Creature\falcosauros\falcosaurosmount.m2,1,1,1,5,24,18,1,0,0,0,34,0.6111,2.031,2.520609,-4.327703,-1.114641,-0.063824,2.134764,2.09821,3.372816,1,1,0,0,0
500220,0,Creature\brontosaurus\brontosaurus.m2,1,1,1,5,24,18,1,0,0,0,34,0.6111,2.031,5.4,-4.327215,-1.163992,-0.062383,1.987665,2.095047,5.711344,1,1,0,0,0
500221,0,Creature\babydevilsaur\babydevilsaur.m2,1,1,1,5,16,12,1,0,0,0,34,0.6111,2.031,0.9,-1.327215,-0.863992,-0.062383,1.187665,1.095047,1.911344,1,1,0,0,0
500222,0,Creature\mechadevilsaur\mechadevilsaur.m2,1,1,1,5,20,16,1,0,0,0,34,0.6111,2.031,2.3,-3.327215,-1.063992,-0.062383,1.687665,1.895047,3.011344,1,1,0,0,0
500223,0,Creature\mechadevilsaurmount\mechadevilsaurmount.m2,1,1,1,5,24,18,1,0,0,0,34,0.6111,2.031,2.9,-4.327703,-1.114641,-0.063824,2.134764,2.09821,3.672816,1,1,0,0,0
500233,0,Creature\zandalaridevilsaur\zandalaribattlesaur.m2,1,1,1,5,24,18,1,0,0,0,34,0.6111,2.031,3,-5,-2,-0.062383,2.5,2,5,1,1,0,0,0
500235,0,Creature\aggramar_original\aggramar_original.m2,1,1,1,5,24,18,1,0,0,0,0,0.6111,2.031,0,-1.261903,-2.124514,-0.029369,1.334974,2.124515,8.283689,1,1,0,0,0
500236,0,Creature\alleria\alleria.m2,1,1,1,5,20,16,1,0,0,0,0,0.6111,2.031,0,-0.328761,-0.548261,-0.003944,0.146278,0.520297,1.973925,1,1,0,0,0
500237,0,Creature\amanthul\amanthul.m2,1,1,1,5,24,18,1,0,0,0,0,0.6111,2.031,0,-1.9635,-2.452451,-0.042115,1.862364,2.452449,7.6032,1,1,0,0,0
500238,0,Creature\armoredtrex\armoredtrex.m2,1,1,1,5,24,18,1,0,0,0,34,0.6111,2.031,0,-10.47608,-2.096073,-0.076809,4.19083,2.096073,7.858013,1,1,0,0,0
500239,0,Creature\bandtaurenmale2\bandtaurenmale2.m2,1,1,1,5,20,16,1,0,0,0,0,0.6111,2.031,0,-2.897967,-2.491262,-0.727455,2.309863,2.352361,4.335981,1,1,0,0,0
500241,0,Creature\compy\compy.m2,1,1,1,5,16,12,1,0,0,0,34,0.6111,2.031,0,-4.404515,-0.821394,0.012203,1.756856,0.821394,3.373178,1,1,0,0,0
500242,0,Creature\darkwatcherfemale\darkwatcherfemale.m2,1,1,1,5,20,16,1,0,0,0,0,0.6111,2.031,0,-0.78286,-1.703319,0.013325,0.898761,1.70332,7.920229,1,1,0,0,0
500243,0,Creature\darkwatchergatekeeper\darkwatchergatekeeper.m2,1,1,1,5,24,18,1,0,0,0,0,0.6111,2.031,0,-0.699874,-1.773041,-2E-06,0.816488,1.773041,5.310346,1,1,0,0,0
500244,0,Creature\darkwatchermale\darkwatchermale.m2,1,1,1,5,20,16,1,0,0,0,0,0.6111,2.031,0,-1.199619,-2.376635,-0.001316,1.297184,2.376635,8.304059,1,1,0,0,0
500245,0,Creature\eredarboss\eredarboss.m2,1,1,1,5,20,16,1,0,0,0,0,0.6111,2.031,0,-0.872142,-1.168044,-0.001273,0.47649,1.168044,3.322885,1,1,0,0,0
500246,0,Creature\felhound3_fire\felhound3_fire.m2,1,1,1,5,20,16,1,0,0,0,0,0.6111,2.031,0,-5.824429,-5.276022,-1.214873,4.383594,5.088707,7.701874,1,1,0,0,0
500247,0,Creature\felhound3_shadow\felhound3_shadow.m2,1,1,1,5,20,16,1,0,0,0,0,0.6111,2.031,0,-5.824435,-5.276022,-1.214873,4.382875,5.088707,7.435559,1,1,0,0,0
500248,0,Creature\fellord_bountyhunter\fellord_bountyhunter.m2,1,1,1,5,24,18,1,0,0,0,0,0.6111,2.031,0,-1.380636,-2.093823,-0.000272,0.942576,1.959051,5.846252,1,1,0,0,0
500249,0,Creature\ferryman\ferryman_noeffect.m2,1,1,1,5,20,16,1,0,0,0,0,0.6111,2.031,0,-1.947877,-1.859989,-0.034746,0.744152,1.85999,4.692141,1,1,0,0,0
500250,0,Creature\giantsnake\giantsnake.m2,1,1,1,5,20,16,1,0,0,0,0,0.6111,2.031,0,-4.713996,-1.090698,-0.462038,4.448939,1.0907,0.502451,1,1,0,0,0
500251,0,Creature\hippo2\hippo2.m2,1,1,1,5,24,18,1,0,0,0,0,0.6111,2.031,0,-4.349787,-3.299479,-0.006398,6.944764,3.29948,7.319897,1,1,0,0,0
500252,0,Creature\kingrastakhan\kingrastakhan.m2,1,1,1,5,20,16,1,0,0,0,0,0.6111,2.031,0,-0.512023,-1.252791,-0.010501,0.398405,1.194442,3.766114,1,1,0,0,0
500253,0,Creature\komododragon\komododragon.m2,1,1,1,5,20,16,1,0,0,0,0,0.6111,2.031,0,-6.620873,-1.992975,-0.032113,2.525789,1.992975,2.612567,1,1,0,0,0
500254,0,Creature\lightmotherbroken\lightmotherbroken.m2,1,1,1,5,20,16,1,0,0,0,0,0.6111,2.031,0,-0.897623,-3.268631,0.078011,-0.169576,3.306515,6.163893,1,1,0,0,0
500255,0,Creature\nhallish_void\nhallish_void.m2,1,1,1,5,20,16,1,0,0,0,0,0.6111,2.031,0,-1.174105,-4.358758,-1.574014,1.54216,4.358758,4.68063,1,1,0,0,0
500256,0,Creature\nightbornefemalecreature\nightbornefemalecreature.m2,1,1,1,5,20,16,1,0,0,0,0,0.6111,2.031,0,-1.044011,-0.933064,-0.015281,0.523834,0.932974,3.298342,1,1,0,0,0
500257,0,Creature\nightbornemalecreature\nightbornemalecreature.m2,1,1,1,5,20,16,1,0,0,0,0,0.6111,2.031,0,-1.401892,-1.159705,-0.00524,0.457915,1.160682,3.264944,1,1,0,0,0
500258,0,Creature\norgannon\norgannon.m2,1,1,1,5,24,18,1,0,0,0,0,0.6111,2.031,0,-1.361207,-2.379613,-0.001284,1.309449,2.380635,7.666168,1,1,0,0,0
500259,0,Creature\seaeel\seaeel.m2,1,1,1,5,20,16,1,0,0,0,0,0.6111,2.031,0,-5.376235,-0.813738,-0.706195,4.392778,0.819176,1.314855,1,1,0,0,0
500260,0,Creature\shivanpriestessfel\shivanpriestessfel.m2,1,1,1,5,20,16,1,0,0,0,0,0.6111,2.031,0,-0.399083,-1.690145,-1E-06,0.946853,1.690145,5.20858,1,1,0,0,0
500261,0,Creature\shivanpriestessfire\shivanpriestessfire.m2,1,1,1,5,20,16,1,0,0,0,0,0.6111,2.031,0,-0.423308,-1.770753,-0.000134,2.660017,1.770753,4.881909,1,1,0,0,0
500262,0,Creature\shivanpriestessfrost\shivanpriestessfrost.m2,1,1,1,5,20,16,1,0,0,0,0,0.6111,2.031,0,-0.423308,-1.770753,-0.000134,2.660017,1.770753,4.923228,1,1,0,0,0
500263,0,Creature\shivanpriestessshadow\shivanpriestessshadow.m2,1,1,1,5,20,16,1,0,0,0,0,0.6111,2.031,0,-0.399082,-1.690146,-1E-06,0.946852,1.690146,5.487232,1,1,0,0,0
500264,0,Creature\threshadon2\threshadon2.m2,1,1,1,5,24,18,1,0,0,0,34,0.6111,2.031,0,-4.633368,-1.626765,1.326979,5.063036,1.626765,3.359612,1,1,0,0,0
500265,0,Creature\thunderlizard2\thunderlizard2.m2,1,1,1,5,24,18,1,0,0,0,34,0.6111,2.031,0,-8.32616,-2.798629,-0.103116,3.922007,2.798629,6.098898,1,1,0,0,0
500266,0,Creature\tigerloa\tigerloa.m2,1,1,1,5,20,16,1,0,0,0,0,0.6111,2.031,0,-2.387817,-0.466591,-0.015511,1.388182,0.466591,1.89249,1,1,0,0,0
500267,0,Creature\titankeepertroll\titankeepertroll.m2,1,1,1,5,24,18,1,0,0,0,0,0.6111,2.031,0,-1.059004,-2.310663,-0.003484,1.349515,2.310663,10.33134,1,1,0,0,0
500268,0,Creature\toadloa\toadloa.m2,1,1,1,5,20,16,1,0,0,0,0,0.6111,2.031,0,-2.338151,-1.551,-0.134774,1.894112,1.550945,3.124359,1,1,0,0,0
500269,0,Creature\toadloa_small\toadloa_small.m2,1,1,1,5,16,12,1,0,0,0,0,0.6111,2.031,0,-2.338151,-1.532266,-0.134774,1.88852,1.532253,2.983761,1,1,0,0,0
500270,0,Creature\toadswamp\toadswamp.m2,1,1,1,5,16,12,1,0,0,0,0,0.6111,2.031,0,-0.225374,-0.230828,-0.00156,0.212143,0.230828,0.338786,1,1,0,0,0
500271,0,Creature\tortollan\tortollan.m2,1,1,1,5,20,16,1,0,0,0,0,0.6111,2.031,0,-1.475667,-1.320664,0.000342,0.850748,1.320673,3.688644,1,1,0,0,0
500272,0,Creature\turalyon\turalyon.m2,1,1,1,5,20,16,1,0,0,0,0,0.6111,2.031,0,-0.339701,-0.63114,-0.001384,0.288338,0.631141,2.037753,1,1,0,0,0
500273,0,Creature\voidbrokenbrute\voidbrokenbrute.m2,1,1,1,5,20,16,1,0,0,0,0,0.6111,2.031,0,-1.102527,-2.110127,-0.03297,0.445793,1.452389,4.186527,1,1,0,0,0
500274,0,Creature\windserpent2\windserpent2.m2,1,1,1,5,20,16,1,0,0,0,0,0.6111,2.031,0,-1.000647,-2.74316,-5.623518,0.928347,2.743159,2.746231,1,1,0,0,0
500275,0,Creature\wingederedarboss\wingederedarboss.m2,1,1,1,5,24,18,1,0,0,0,0,0.6111,2.031,0,-4.429597,-1.63792,-0.001398,0.473194,1.637919,7.034358,1,1,0,0,0
500276,0,Creature\zandalarifemalekid\zandalarifemalekid.m2,1,1,1,5,16,12,1,0,0,0,0,0.6111,2.031,0,-0.270551,-0.259595,-0.009191,0.128123,0.252904,1.258398,1,1,0,0,0
500277,0,Creature\zandalarimalekid\zandalarimalekid.m2,1,1,1,5,16,12,1,0,0,0,0,0.6111,2.031,0,-0.143502,-0.301062,0.003978,0.169705,0.301062,1.289816,1,1,0,0,0
500322,0,Creature\chimerabeast\chimerabeast.m2,1,1,1,5,16,12,1,0,0,0,0,0.6111,2.031,0,-7.2076,-4.7016,-1.0883,5.4327,4.7321,6.014,1,1,0,0,0
500323,0,Creature\troll_canoe_02_creature\troll_canoe_02_creature.m2,1,1,1,5,16,12,1,0,0,0,0,0.6111,2.031,0,-8.8926,-2.9144,-1.2676,10.5631,4.8652,6.6787,1,1,0,0,0
500324,0,Creature\warpstalker\warpstalker_low.m2,1,1,1,5,16,12,1,0,0,0,0,0.6111,2.031,0,-9.7053,-6.9577,-6.3856,3.9648,3.13,6.0225,1,1,0,0,0
500325,0,Creature\waterelementalmercury\waterelementalmercury.m2,1,1,1,5,16,12,1,0,0,0,0,0.6111,2.031,0,-6.4221,-5.4987,-6.3963,6.2327,5.1795,21.9201,1,1,0,0,0
500330,0,Creature\waterelemental\waterelemental.m2,1,1,1,5,16,12,1,0,0,0,0,0.6111,2.031,0,-6.0951,-3.9708,-2.9897,2.9063,5.0319,3.7763,1,1,0,0,0
500331,0,Creature\berserker\berserker.m2,1,1,1,5,16,12,1,0,0,0,0,0.6111,2.031,0,-7.7562,-4.8017,-6.0331,5.9268,4.8121,8.2124,1,1,0,0,0
500332,0,Creature\dhmaledps\dhmaledps_void.m2,1,1,1,5,16,12,1,0,0,0,0,0.6111,2.031,0,-11.2819,-12.2485,-1.8958,11.9711,12.2967,12.7804,1,1,0,0,0
500333,0,Creature\grovemanfemale\grovemanfemale.m2,1,1,1,5,16,12,1,0,0,0,0,0.6111,2.031,0,-19.3061,-7.8119,-5.8198,9.4269,10.6011,15.3295,1,1,0,0,0
500334,0,Creature\lyssabeldawnpetal\lyssabeldawnpetal.m2,1,1,1,5,16,12,1,0,0,0,0,0.6111,2.031,0,-9.4049,-10.1837,-1.1177,9.7336,10.1155,8.8329,1,1,0,0,0
500335,0,Creature\snowman2\snowman2.m2,1,1,1,5,16,12,1,0,0,0,0,0.6111,2.031,0,-1.0492,-0.9189,-0.2022,1.9868,0.9784,1.7704,1,1,0,0,0
500336,0,Creature\voidwraithraidboss\voidwraithraidboss.m2,1,1,1,5,16,12,1,0,0,0,0,0.6111,2.031,0,-25.7442,-28.2326,-26.7741,30.721,28.2326,29.7065,1,1,0,0,0
500344,0,Creature\druidaquaticharanir\druidaquaticharanir.m2,1,1,1,5,16,12,1,0,0,0,0,0.6111,2.031,0,-1.5,-1.5,-0.1,1.5,1.5,2,1,1,0,0,0
500345,0,Creature\druidaquatickultiran\druidaquatickultiran.m2,1,1,1,5,16,12,1,0,0,0,0,0.6111,2.031,0,-1.5,-1.5,-0.1,1.5,1.5,2,1,1,0,0,0
500346,0,Creature\druidaquaticzandalari\druidaquaticzandalari.m2,1,1,1,5,16,12,1,0,0,0,0,0.6111,2.031,0,-1.5,-1.5,-0.1,1.5,1.5,2,1,1,0,0,0
500347,0,Creature\druidbear\druidbearepic.m2,1,1,1,5,16,12,1,0,0,0,0,0.6111,2.031,0,-1.531902,-1.070026,-0.072043,1.678474,1.041226,1.859403,1,1,0,0,0
500348,0,Creature\druidbear\druidbeartaurenepic.m2,1,1,1,5,16,12,1,0,0,0,0,0.6111,2.031,0,-1.531902,-1.070026,-0.072043,1.678474,1.041226,1.859403,1,1,0,0,0
500349,0,Creature\druidbear2\druidbear2.m2,1,1,1,5,16,12,1,0,0,0,0,0.6111,2.031,0,-1.531902,-1.070026,-0.072043,1.678474,1.041226,1.859403,1,1,0,0,0
500350,0,Creature\druidbear2\druidbeartauren2.m2,1,1,1,5,16,12,1,0,0,0,0,0.6111,2.031,0,-1.531902,-1.070026,-0.072043,1.678474,1.041226,1.859403,1,1,0,0,0
500351,0,Creature\druidbear2\druidbeartroll2.m2,1,1,1,5,16,12,1,0,0,0,0,0.6111,2.031,0,-1.531902,-1.070026,-0.072043,1.678474,1.041226,1.859403,1,1,0,0,0
500352,0,Creature\druidbear2\druidbearworgen2.m2,1,1,1,5,16,12,1,0,0,0,0,0.6111,2.031,0,-1.531902,-1.070026,-0.072043,1.678474,1.041226,1.859403,1,1,0,0,0
500353,0,Creature\druidbearharanir\druidbearharanir.m2,1,1,1,5,16,12,1,0,0,0,0,0.6111,2.031,0,-1.531902,-1.070026,-0.072043,1.678474,1.041226,1.859403,1,1,0,0,0
500354,0,Creature\druidbearhmtauren\druidbearhmtauren.m2,1,1,1,5,16,12,1,0,0,0,0,0.6111,2.031,0,-1.531902,-1.070026,-0.072043,1.678474,1.041226,1.859403,1,1,0,0,0
500355,0,Creature\druidbearkultiran\druidbearkultiran.m2,1,1,1,5,16,12,1,0,0,0,0,0.6111,2.031,0,-1.531902,-1.070026,-0.072043,1.678474,1.041226,1.859403,1,1,0,0,0
500356,0,Creature\druidbearkultiran_noarmor\druidbearkultiran_noarmor.m2,1,1,1,5,16,12,1,0,0,0,0,0.6111,2.031,0,-1.531902,-1.070026,-0.072043,1.678474,1.041226,1.859403,1,1,0,0,0
500357,0,Creature\druidbeartroll\druidbeartrollepic.m2,1,1,1,5,16,12,1,0,0,0,0,0.6111,2.031,0,-1.531902,-1.070026,-0.072043,1.678474,1.041226,1.859403,1,1,0,0,0
500358,0,Creature\druidbearworgen\druidbearworgenepic.m2,1,1,1,5,16,12,1,0,0,0,0,0.6111,2.031,0,-1.531902,-1.070026,-0.072043,1.678474,1.041226,1.859403,1,1,0,0,0
500359,0,Creature\druidbearzandalaritroll\druidbearzandalaritroll.m2,1,1,1,5,16,12,1,0,0,0,0,0.6111,2.031,0,-1.531902,-1.070026,-0.072043,1.678474,1.041226,1.859403,1,1,0,0,0
500360,0,Creature\druidbearzandalaritroll_noarmor\druidbearzandalaritroll_noarmor.m2,1,1,1,5,16,12,1,0,0,0,0,0.6111,2.031,0,-1.531902,-1.070026,-0.072043,1.678474,1.041226,1.859403,1,1,0,0,0
500361,0,Creature\druidcat\druidcatepic.m2,1,1,1,5,16,12,1,0,0,0,0,0.6111,2.031,1.241372,-2.714715,-0.862427,-0.044873,1.050232,0.580746,1.471183,1,1,0,0,0
500362,0,Creature\druidcat2\druidcat2.m2,1,1,1,5,16,12,1,0,0,0,0,0.6111,2.031,1.241372,-2.714715,-0.862427,-0.044873,1.050232,0.580746,1.471183,1,1,0,0,0
500363,0,Creature\druidcat2\druidcattauren2.m2,1,1,1,5,16,12,1,0,0,0,0,0.6111,2.031,1.241372,-2.714715,-0.862427,-0.044873,1.050232,0.580746,1.471183,1,1,0,0,0
500364,0,Creature\druidcat2\druidcattroll2.m2,1,1,1,5,16,12,1,0,0,0,0,0.6111,2.031,1.241372,-2.714715,-0.862427,-0.044873,1.050232,0.580746,1.471183,1,1,0,0,0
500365,0,Creature\druidcat2\druidcatworgen2.m2,1,1,1,5,16,12,1,0,0,0,0,0.6111,2.031,1.241372,-2.714715,-0.862427,-0.044873,1.050232,0.580746,1.471183,1,1,0,0,0
500366,0,Creature\druidcatharanir\druidcatharanir.m2,1,1,1,5,16,12,1,0,0,0,0,0.6111,2.031,1.241372,-2.714715,-0.862427,-0.044873,1.050232,0.580746,1.471183,1,1,0,0,0
500367,0,Creature\druidcathmtauren\druidcathmtauren.m2,1,1,1,5,16,12,1,0,0,0,0,0.6111,2.031,1.241372,-2.714715,-0.862427,-0.044873,1.050232,0.580746,1.471183,1,1,0,0,0
500368,0,Creature\druidcatkultiran\druidcatkultiran.m2,1,1,1,5,16,12,1,0,0,0,0,0.6111,2.031,1.241372,-2.714715,-0.862427,-0.044873,1.050232,0.580746,1.471183,1,1,0,0,0
500369,0,Creature\druidcatkultiran_noarmor\druidcatkultiran_noarmor.m2,1,1,1,5,16,12,1,0,0,0,0,0.6111,2.031,1.241372,-2.714715,-0.862427,-0.044873,1.050232,0.580746,1.471183,1,1,0,0,0
500370,0,Creature\druidcattauren\druidcattaurenepic.m2,1,1,1,5,16,12,1,0,0,0,0,0.6111,2.031,1.241372,-2.714715,-0.862427,-0.044873,1.050232,0.580746,1.471183,1,1,0,0,0
500371,0,Creature\druidcattroll\druidcattrollepic.m2,1,1,1,5,16,12,1,0,0,0,0,0.6111,2.031,1.241372,-2.714715,-0.862427,-0.044873,1.050232,0.580746,1.471183,1,1,0,0,0
500372,0,Creature\druidcatworgen\druidcatworgenepic.m2,1,1,1,5,16,12,1,0,0,0,0,0.6111,2.031,1.241372,-2.714715,-0.862427,-0.044873,1.050232,0.580746,1.471183,1,1,0,0,0
500373,0,Creature\druidcatzandalaritroll\druidcatzandalaritroll.m2,1,1,1,5,16,12,1,0,0,0,0,0.6111,2.031,1.241372,-2.714715,-0.862427,-0.044873,1.050232,0.580746,1.471183,1,1,0,0,0
500374,0,Creature\druidcatzandalaritroll_noarmor\druidcatzandalaritroll_noarmor.m2,1,1,1,5,16,12,1,0,0,0,0,0.6111,2.031,1.241372,-2.714715,-0.862427,-0.044873,1.050232,0.580746,1.471183,1,1,0,0,0
500375,0,Creature\druidflightform\druidflightform.m2,1,1,1,5,16,12,1,0,0,0,0,0.6111,2.031,0,-1.5,-1.5,-0.1,1.5,1.5,2,1,1,0,0,0
500376,0,Creature\druidflighthmtauren\druidflighthmtauren.m2,1,1,1,5,16,12,1,0,0,0,0,0.6111,2.031,0,-1.5,-1.5,-0.1,1.5,1.5,2,1,1,0,0,0
500377,0,Creature\druidflightkultiran\druidflightkultiran.m2,1,1,1,5,16,12,1,0,0,0,0,0.6111,2.031,0,-1.5,-1.5,-0.1,1.5,1.5,2,1,1,0,0,0
500378,0,Creature\druidflightzandalaritroll\druidflightzandalaritroll.m2,1,1,1,5,16,12,1,0,0,0,0,0.6111,2.031,0,-1.5,-1.5,-0.1,1.5,1.5,2,1,1,0,0,0
500379,0,Creature\druidflightzandalaritroll_noarmor\druidflightzandalaritroll_noarmor.m2,1,1,1,5,16,12,1,0,0,0,0,0.6111,2.031,0,-1.5,-1.5,-0.1,1.5,1.5,2,1,1,0,0,0
500380,0,Creature\druidowlbear\druidowlbearepic.m2,1,1,1,5,16,12,1,0,0,0,0,0.6111,2.031,0,-1.531902,-1.070026,-0.072043,1.678474,1.041226,1.859403,1,1,0,0,0
500381,0,Creature\druidowlbear\druidowlbeartaurenepic.m2,1,1,1,5,16,12,1,0,0,0,0,0.6111,2.031,0,-1.531902,-1.070026,-0.072043,1.678474,1.041226,1.859403,1,1,0,0,0
500382,0,Creature\druidowlbear2\druidowlbear2.m2,1,1,1,5,16,12,1,0,0,0,0,0.6111,2.031,0,-1.531902,-1.070026,-0.072043,1.678474,1.041226,1.859403,1,1,0,0,0
500383,0,Creature\druidowlbear2\druidowlbearepic2.m2,1,1,1,5,16,12,1,0,0,0,0,0.6111,2.031,0,-1.531902,-1.070026,-0.072043,1.678474,1.041226,1.859403,1,1,0,0,0
500384,0,Creature\druidowlbear2\druidowlbeartauren2.m2,1,1,1,5,16,12,1,0,0,0,0,0.6111,2.031,0,-1.531902,-1.070026,-0.072043,1.678474,1.041226,1.859403,1,1,0,0,0
500385,0,Creature\druidowlbear2\druidowlbeartaurenepic2.m2,1,1,1,5,16,12,1,0,0,0,0,0.6111,2.031,0,-1.531902,-1.070026,-0.072043,1.678474,1.041226,1.859403,1,1,0,0,0
500386,0,Creature\druidowlbearhmtauren2\druidowlbearhmtauren2.m2,1,1,1,5,16,12,1,0,0,0,0,0.6111,2.031,0,-1.531902,-1.070026,-0.072043,1.678474,1.041226,1.859403,1,1,0,0,0
500387,0,Creature\druidowlbearhmtaurenepic2\druidowlbearhmtaurenepic2.m2,1,1,1,5,16,12,1,0,0,0,0,0.6111,2.031,0,-1.531902,-1.070026,-0.072043,1.678474,1.041226,1.859403,1,1,0,0,0
500388,0,Creature\druidowlbearkultiranepic2\druidowlbearkultiranepic2.m2,1,1,1,5,16,12,1,0,0,0,0,0.6111,2.031,0,-1.531902,-1.070026,-0.072043,1.678474,1.041226,1.859403,1,1,0,0,0
500389,0,Creature\druidowlbearzandalariepic2\druidowlbearzandalariepic2.m2,1,1,1,5,16,12,1,0,0,0,0,0.6111,2.031,0,-1.531902,-1.070026,-0.072043,1.678474,1.041226,1.859403,1,1,0,0,0
500390,0,Creature\druidtravelalliance\druidtravelalliance.m2,1,1,1,5,16,12,1,0,0,0,0,0.6111,2.031,1.241372,-2.714715,-0.862427,-0.044873,1.050232,0.580746,1.471183,1,1,0,0,0
500391,0,Creature\druidtravelcat\druidtravelcat.m2,1,1,1,5,16,12,1,0,0,0,0,0.6111,2.031,1.241372,-2.714715,-0.862427,-0.044873,1.050232,0.580746,1.471183,1,1,0,0,0
500392,0,Creature\druidtravelharanir\druidtravelharanir.m2,1,1,1,5,16,12,1,0,0,0,0,0.6111,2.031,1.241372,-2.714715,-0.862427,-0.044873,1.050232,0.580746,1.471183,1,1,0,0,0
500393,0,Creature\druidtravelhmtauren\druidtravelhmtauren.m2,1,1,1,5,16,12,1,0,0,0,0,0.6111,2.031,1.241372,-2.714715,-0.862427,-0.044873,1.050232,0.580746,1.471183,1,1,0,0,0
500394,0,Creature\druidtravelhorde\druidtravelhorde.m2,1,1,1,5,16,12,1,0,0,0,0,0.6111,2.031,1.241372,-2.714715,-0.862427,-0.044873,1.050232,0.580746,1.471183,1,1,0,0,0
500395,0,Creature\druidtravelkultiran\druidtravelkultiran.m2,1,1,1,5,16,12,1,0,0,0,0,0.6111,2.031,1.241372,-2.714715,-0.862427,-0.044873,1.050232,0.580746,1.471183,1,1,0,0,0
500396,0,Creature\druidtreeform\druidtreeform.m2,1,1,1,5,16,12,1,0,0,0,0,0.6111,2.031,0,-1.5,-1.5,-0.1,1.5,1.5,2,1,1,0,0,0
500397,0,Creature\druidtreeharanir\druidtreeharanir.m2,1,1,1,5,16,12,1,0,0,0,0,0.6111,2.031,0,-1.5,-1.5,-0.1,1.5,1.5,2,1,1,0,0,0
500398,0,Creature\epicdruidflightalliance\epicdruidflightalliance.m2,1,1,1,5,16,12,1,0,0,0,0,0.6111,2.031,0,-1.5,-1.5,-0.1,1.5,1.5,2,1,1,0,0,0
500399,0,Creature\epicdruidflighthorde\epicdruidflighthorde.m2,1,1,1,5,16,12,1,0,0,0,0,0.6111,2.031,0,-1.5,-1.5,-0.1,1.5,1.5,2,1,1,0,0,0
500400,0,Creature\epicdruidflighttroll\epicdruidflighttroll.m2,1,1,1,5,16,12,1,0,0,0,0,0.6111,2.031,0,-1.5,-1.5,-0.1,1.5,1.5,2,1,1,0,0,0
500401,0,Creature\epicdruidflightworgen\epicdruidflightworgen.m2,1,1,1,5,16,12,1,0,0,0,0,0.6111,2.031,0,-1.5,-1.5,-0.1,1.5,1.5,2,1,1,0,0,0
500402,0,Creature\malfuriondruidbear\malfuriondruidbear.m2,1,1,1,5,16,12,1,0,0,0,0,0.6111,2.031,0,-1.531902,-1.070026,-0.072043,1.678474,1.041226,1.859403,1,1,0,0,0
500403,0,Creature\stormcrowdruid\stormcrowdruid.m2,1,1,1,5,16,12,1,0,0,0,0,0.6111,2.031,0,-1.5,-1.5,-0.1,1.5,1.5,2,1,1,0,0,0
500528,0,Creature\direwolf\direwolf.m2,1,1,1,5,16,12,1,0,0,0,0,0.6111,2.031,0,-1.5,-1.5,-0.1,1.5,1.5,2,1,1,0,0,0
500529,0,Creature\doomguard\doomguard.m2,1,1,1,5,16,12,1,0,0,0,0,0.6111,2.031,0,-1.5,-1.5,-0.1,1.5,1.5,2,1,1,0,0,0
500530,0,Creature\doomguard\doomguard_pet.m2,1,1,1,5,16,12,1,0,0,0,0,0.6111,2.031,0,-1.5,-1.5,-0.1,1.5,1.5,2,1,1,0,0,0
500531,0,Creature\doomguard2\doomguard2.m2,1,1,1,5,16,12,1,0,0,0,0,0.6111,2.031,0,-1.5,-1.5,-0.1,1.5,1.5,2,1,1,0,0,0
500532,0,Creature\doomguardpet\doomguardpet.m2,1,1,1,5,16,12,1,0,0,0,0,0.6111,2.031,0,-1.5,-1.5,-0.1,1.5,1.5,2,1,1,0,0,0
500533,0,Creature\felguard\felguard.m2,1,1,1,5,16,12,1,0,0,0,0,0.6111,2.031,0,-1.5,-1.5,-0.1,1.5,1.5,2,1,1,0,0,0
500534,0,Creature\felguard2\felguard2.m2,1,1,1,5,16,12,1,0,0,0,0,0.6111,2.031,0,-1.5,-1.5,-0.1,1.5,1.5,2,1,1,0,0,0
500535,0,Creature\frostwolfpup\frostwolfpup.m2,1,1,1,5,16,12,1,0,0,0,0,0.6111,2.031,0,-1.5,-1.5,-0.1,1.5,1.5,2,1,1,0,0,0
500536,0,Creature\frostwolfpup\frostwolfpup_fel.m2,1,1,1,5,16,12,1,0,0,0,0,0.6111,2.031,0,-1.5,-1.5,-0.1,1.5,1.5,2,1,1,0,0,0
500537,0,Creature\frostwolfpup\frostwolfpup_fire.m2,1,1,1,5,16,12,1,0,0,0,0,0.6111,2.031,0,-1.5,-1.5,-0.1,1.5,1.5,2,1,1,0,0,0
500538,0,Creature\frostwolfpup\frostwolfpup_nocollar.m2,1,1,1,5,16,12,1,0,0,0,0,0.6111,2.031,0,-1.5,-1.5,-0.1,1.5,1.5,2,1,1,0,0,0
500539,0,Creature\frostwolfpup\frostwolfpup_shadow.m2,1,1,1,5,16,12,1,0,0,0,0,0.6111,2.031,0,-1.5,-1.5,-0.1,1.5,1.5,2,1,1,0,0,0
500540,0,Creature\mechanowolf\mechanowolf.m2,1,1,1,5,16,12,1,0,0,0,0,0.6111,2.031,0,-1.5,-1.5,-0.1,1.5,1.5,2,1,1,0,0,0
500541,0,Creature\ridingdirewolfspectral\ridingdirewolfspectral.m2,1,1,1,5,16,12,1,0,0,0,0,0.6111,2.031,0,-1.5,-1.5,-0.1,1.5,1.5,2,1,1,0,0,0
500542,0,Creature\spells\6oc_orcclans_totem_air.m2,1,1,1,5,16,12,1,0,0,0,0,0.6111,2.031,0,-1.5,-1.5,-0.1,1.5,1.5,2,1,1,0,0,0
500543,0,Creature\spells\6oc_orcclans_totem_earth.m2,1,1,1,5,16,12,1,0,0,0,0,0.6111,2.031,0,-1.5,-1.5,-0.1,1.5,1.5,2,1,1,0,0,0
500544,0,Creature\spells\6oc_orcclans_totem_fire.m2,1,1,1,5,16,12,1,0,0,0,0,0.6111,2.031,0,-1.5,-1.5,-0.1,1.5,1.5,2,1,1,0,0,0
500545,0,Creature\spells\6oc_orcclans_totem_water.m2,1,1,1,5,16,12,1,0,0,0,0,0.6111,2.031,0,-1.5,-1.5,-0.1,1.5,1.5,2,1,1,0,0,0
500546,0,Creature\spells\airelementaltotem.m2,1,1,1,5,16,12,1,0,0,0,0,0.6111,2.031,0,-1.5,-1.5,-0.1,1.5,1.5,2,1,1,0,0,0
500547,0,Creature\spells\darkshaman_ashflare_totem.m2,1,1,1,5,16,12,1,0,0,0,0,0.6111,2.031,0,-1.5,-1.5,-0.1,1.5,1.5,2,1,1,0,0,0
500548,0,Creature\spells\darkshaman_foulstream_totem.m2,1,1,1,5,16,12,1,0,0,0,0,0.6111,2.031,0,-1.5,-1.5,-0.1,1.5,1.5,2,1,1,0,0,0
500549,0,Creature\spells\darkshaman_poisonmist_totem.m2,1,1,1,5,16,12,1,0,0,0,0,0.6111,2.031,0,-1.5,-1.5,-0.1,1.5,1.5,2,1,1,0,0,0
500550,0,Creature\spells\darkshaman_rustediron_totem.m2,1,1,1,5,16,12,1,0,0,0,0,0.6111,2.031,0,-1.5,-1.5,-0.1,1.5,1.5,2,1,1,0,0,0
500551,0,Creature\spells\draeneitotem_air.m2,1,1,1,5,16,12,1,0,0,0,0,0.6111,2.031,0,-1.5,-1.5,-0.1,1.5,1.5,2,1,1,0,0,0
500552,0,Creature\spells\draeneitotem_earth.m2,1,1,1,5,16,12,1,0,0,0,0,0.6111,2.031,0,-1.5,-1.5,-0.1,1.5,1.5,2,1,1,0,0,0
500553,0,Creature\spells\draeneitotem_fire.m2,1,1,1,5,16,12,1,0,0,0,0,0.6111,2.031,0,-1.5,-1.5,-0.1,1.5,1.5,2,1,1,0,0,0
500554,0,Creature\spells\draeneitotem_water.m2,1,1,1,5,16,12,1,0,0,0,0,0.6111,2.031,0,-1.5,-1.5,-0.1,1.5,1.5,2,1,1,0,0,0
500555,0,Creature\spells\dwarventotem_air.m2,1,1,1,5,16,12,1,0,0,0,0,0.6111,2.031,0,-1.5,-1.5,-0.1,1.5,1.5,2,1,1,0,0,0
500556,0,Creature\spells\dwarventotem_earth.m2,1,1,1,5,16,12,1,0,0,0,0,0.6111,2.031,0,-1.5,-1.5,-0.1,1.5,1.5,2,1,1,0,0,0
500557,0,Creature\spells\dwarventotem_fire.m2,1,1,1,5,16,12,1,0,0,0,0,0.6111,2.031,0,-1.5,-1.5,-0.1,1.5,1.5,2,1,1,0,0,0
500558,0,Creature\spells\dwarventotem_water.m2,1,1,1,5,16,12,1,0,0,0,0,0.6111,2.031,0,-1.5,-1.5,-0.1,1.5,1.5,2,1,1,0,0,0
500559,0,Creature\spells\earthelementaltotem.m2,1,1,1,5,16,12,1,0,0,0,0,0.6111,2.031,0,-1.5,-1.5,-0.1,1.5,1.5,2,1,1,0,0,0
500560,0,Creature\spells\fireelementaltotem.m2,1,1,1,5,16,12,1,0,0,0,0,0.6111,2.031,0,-1.5,-1.5,-0.1,1.5,1.5,2,1,1,0,0,0
500561,0,Creature\spells\firelighttotem.m2,1,1,1,5,16,12,1,0,0,0,0,0.6111,2.031,0,-1.5,-1.5,-0.1,1.5,1.5,2,1,1,0,0,0
500562,0,Creature\spells\firetotem.m2,1,1,1,5,16,12,1,0,0,0,0,0.6111,2.031,0,-1.5,-1.5,-0.1,1.5,1.5,2,1,1,0,0,0
500563,0,Creature\spells\goblinshamantotem_air.m2,1,1,1,5,16,12,1,0,0,0,0,0.6111,2.031,0,-1.5,-1.5,-0.1,1.5,1.5,2,1,1,0,0,0
500564,0,Creature\spells\goblinshamantotem_earth.m2,1,1,1,5,16,12,1,0,0,0,0,0.6111,2.031,0,-1.5,-1.5,-0.1,1.5,1.5,2,1,1,0,0,0
500565,0,Creature\spells\goblinshamantotem_fire.m2,1,1,1,5,16,12,1,0,0,0,0,0.6111,2.031,0,-1.5,-1.5,-0.1,1.5,1.5,2,1,1,0,0,0
500566,0,Creature\spells\goblinshamantotem_water.m2,1,1,1,5,16,12,1,0,0,0,0,0.6111,2.031,0,-1.5,-1.5,-0.1,1.5,1.5,2,1,1,0,0,0
500567,0,Creature\spells\healingtotem.m2,1,1,1,5,16,12,1,0,0,0,0,0.6111,2.031,0,-1.5,-1.5,-0.1,1.5,1.5,2,1,1,0,0,0
500568,0,Creature\spells\invisibilitytotem.m2,1,1,1,5,16,12,1,0,0,0,0,0.6111,2.031,0,-1.5,-1.5,-0.1,1.5,1.5,2,1,1,0,0,0
500569,0,Creature\spells\manatotem.m2,1,1,1,5,16,12,1,0,0,0,0,0.6111,2.031,0,-1.5,-1.5,-0.1,1.5,1.5,2,1,1,0,0,0
500570,0,Creature\spells\orctotem_air.m2,1,1,1,5,16,12,1,0,0,0,0,0.6111,2.031,0,-1.5,-1.5,-0.1,1.5,1.5,2,1,1,0,0,0
500571,0,Creature\spells\orctotem_earth.m2,1,1,1,5,16,12,1,0,0,0,0,0.6111,2.031,0,-1.5,-1.5,-0.1,1.5,1.5,2,1,1,0,0,0
500572,0,Creature\spells\orctotem_fire.m2,1,1,1,5,16,12,1,0,0,0,0,0.6111,2.031,0,-1.5,-1.5,-0.1,1.5,1.5,2,1,1,0,0,0
500573,0,Creature\spells\orctotem_water.m2,1,1,1,5,16,12,1,0,0,0,0,0.6111,2.031,0,-1.5,-1.5,-0.1,1.5,1.5,2,1,1,0,0,0
500574,0,Creature\spells\pandarentotem_air.m2,1,1,1,5,16,12,1,0,0,0,0,0.6111,2.031,0,-1.5,-1.5,-0.1,1.5,1.5,2,1,1,0,0,0
500575,0,Creature\spells\pandarentotem_earth.m2,1,1,1,5,16,12,1,0,0,0,0,0.6111,2.031,0,-1.5,-1.5,-0.1,1.5,1.5,2,1,1,0,0,0
500576,0,Creature\spells\pandarentotem_fire.m2,1,1,1,5,16,12,1,0,0,0,0,0.6111,2.031,0,-1.5,-1.5,-0.1,1.5,1.5,2,1,1,0,0,0
500577,0,Creature\spells\pandarentotem_water.m2,1,1,1,5,16,12,1,0,0,0,0,0.6111,2.031,0,-1.5,-1.5,-0.1,1.5,1.5,2,1,1,0,0,0
500578,0,Creature\spells\sentrytotem.m2,1,1,1,5,16,12,1,0,0,0,0,0.6111,2.031,0,-1.5,-1.5,-0.1,1.5,1.5,2,1,1,0,0,0
500579,0,Creature\spells\serpent_totem.m2,1,1,1,5,16,12,1,0,0,0,0,0.6111,2.031,0,-1.5,-1.5,-0.1,1.5,1.5,2,1,1,0,0,0
500580,0,Creature\spells\stasistotem.m2,1,1,1,5,16,12,1,0,0,0,0,0.6111,2.031,0,-1.5,-1.5,-0.1,1.5,1.5,2,1,1,0,0,0
500581,0,Creature\spells\trolltotem_air.m2,1,1,1,5,16,12,1,0,0,0,0,0.6111,2.031,0,-1.5,-1.5,-0.1,1.5,1.5,2,1,1,0,0,0
500582,0,Creature\spells\trolltotem_earth.m2,1,1,1,5,16,12,1,0,0,0,0,0.6111,2.031,0,-1.5,-1.5,-0.1,1.5,1.5,2,1,1,0,0,0
500583,0,Creature\spells\trolltotem_fire.m2,1,1,1,5,16,12,1,0,0,0,0,0.6111,2.031,0,-1.5,-1.5,-0.1,1.5,1.5,2,1,1,0,0,0
500584,0,Creature\spells\trolltotem_water.m2,1,1,1,5,16,12,1,0,0,0,0,0.6111,2.031,0,-1.5,-1.5,-0.1,1.5,1.5,2,1,1,0,0,0
500585,0,Creature\spells\waterelementaltotem.m2,1,1,1,5,16,12,1,0,0,0,0,0.6111,2.031,0,-1.5,-1.5,-0.1,1.5,1.5,2,1,1,0,0,0
500586,0,Creature\wolf\wolf.m2,1,1,1,5,16,12,1,0,0,0,0,0.6111,2.031,0,-1.5,-1.5,-0.1,1.5,1.5,2,1,1,0,0,0
500587,0,Creature\wolfboss\wolfboss.m2,1,1,1,5,16,12,1,0,0,0,0,0.6111,2.031,0,-1.5,-1.5,-0.1,1.5,1.5,2,1,1,0,0,0
500588,0,Creature\wolfdraenor\wolfdraenor.m2,1,1,1,5,16,12,1,0,0,0,0,0.6111,2.031,0,-1.5,-1.5,-0.1,1.5,1.5,2,1,1,0,0,0
500589,0,Spells\metamorphosis.m2,1,1,1,5,16,12,1,0,0,0,0,0.6111,2.031,0,-1.5,-1.5,-0.1,1.5,1.5,2,1,1,0,0,0
500590,0,Spells\void_totem.m2,1,1,1,5,16,12,1,0,0,0,0,0.6111,2.031,0,-1.5,-1.5,-0.1,1.5,1.5,2,1,1,0,0,0
500591,0,Creature\aetherserpentpet\aetherserpentpet.m2,1,1,1,5,8,6,1,0,0,0,0,0.61111,2.03128,0,-4.29393,-1.86609,0.04621,1.46632,1.6438,6.08261,1,1,0,0,0
500592,0,Creature\azmerlothmurlocpet\azmerlothmurlocpet.m2,1,1,1,5,8,6,1,0,0,0,0,0.61111,2.03128,0,-5.22309,-5.55556,-4.96845,10.4112,7.98643,11.30282,1,1,0,0,0
500593,0,Creature\babydemonpet\babydemonpet.m2,1,1,1,5,8,6,1,0,0,0,0,0.61111,2.03128,0,-4.77226,-7.81343,-0.00211,3.68663,8.67167,19.15875,1,1,0,0,0
500594,0,Creature\batpetmaldraxxus\batpetmaldraxxus.m2,1,1,1,5,8,6,1,0,0,0,0,0.61111,2.03128,0,-1.23131,-4.47488,1.76892,2.81525,4.5044,7.11855,1,1,0,0,0
500595,0,Creature\batpetrevendreth\batpetrevendreth.m2,1,1,1,5,8,6,1,0,0,0,0,0.61111,2.03128,0,-2.0073,-4.47487,0.82997,2.91607,4.50439,7.11855,1,1,0,0,0
500596,0,Creature\beaverprimalpet\beaverprimalpet.m2,1,0.2,1,5,8,6,1,0,0,0,0,0.61111,2.03128,0,-3.22411,-1.20504,-0.01384,1.99824,1.21469,2.1176,1,1,0,0,0
500597,0,Creature\bloodlousepet\bloodlousepet.m2,1,0.1,1,5,8,6,1,0,0,0,0,0.61111,2.03128,0,-3.67844,-2.39164,-0.07931,3.04325,2.37678,4.32317,1,1,0,0,0
500598,0,Creature\caterpillarpetlarva\caterpillarpetlarva.m2,1,1,1,5,8,6,1,0,0,0,0,0.61111,2.03128,0,-4.43653,-1.90662,-0.30559,2.66787,1.73236,3.01979,1,1,0,0,0
500599,0,Creature\cornpet\cornpet.m2,1,1,1,5,8,6,1,0,0,0,0,0.61111,2.03128,0,-10.72013,-16.27195,2.0418,15.44824,16.69092,73.71485,1,1,0,0,0
500600,0,Creature\dogpetgolden\dogpetgolden.m2,1,1,1,5,8,6,1,0,0,0,0,0.61111,2.03128,0,-1.87912,-1.48695,-0.03392,2.11782,1.49252,2.04376,1,1,0,0,0
500601,0,Creature\eyeofnzothpet\eyeofnzothpet.m2,1,1,1,5,8,6,1,0,0,0,0,0.61111,2.03128,0,0.0606,-0.32513,1.4293,0.60827,0.3443,2.1036,1,1,0,0,0
500602,0,Creature\foxwyvernpet\foxwyvernpet.m2,1,0.3,1,5,8,6,1,0,0,0,0,0.61111,2.03128,0,-4.0549,-1.53831,-0.14163,1.64402,1.45033,2.42926,1,1,0,0,0
500603,0,Creature\futurebotpet\futurebotpet.m2,1,1,1,5,8,6,1,0,0,0,0,-2E+07,-2E+07,0,-0.3447,-0.44964,-0.00089,0.2509,0.43442,0.94347,1,1,0,0,0
500604,0,Creature\gnometoypet\gnometoypet.m2,1,1,1,5,8,6,1,0,0,0,0,0.61111,2.03128,0,-0.59559,-0.44713,0.0016,0.13339,0.61996,1.25391,1,1,0,0,0
500605,0,Creature\harvestgolempet\harvestgolempet.m2,1,1,1,5,8,6,1,0,0,0,0,0.61111,2.03128,0,-1.41754,-1.80878,-0.00328,0.77887,1.73618,3.98525,1,1,0,0,0
500606,0,Creature\kodopet\kodopet.m2,1,0.5,1,5,8,6,1,0,0,0,0,0.61111,2.03128,0,-10.72031,-5.08262,-0.53764,9.69754,4.96166,7.80667,1,1,0,0,0
500607,0,Creature\lunarrabbitpet2\lunarrabbitpet2.m2,1,1,1,5,8,6,1,0,0,0,0,0.61111,2.03128,0,-0.54773,-0.22927,-0.01833,0.31076,0.22904,0.52624,1,1,0,0,0
500608,0,Creature\magicalfishpet\magicalfishpet.m2,1,1,1,5,8,6,1,0,0,0,0,0.61111,2.03128,0,-5.89254,-4.69715,-2.35737,1.30396,5.6849,5.50429,1,1,0,0,0
500609,0,Creature\mammoth2pet\mammoth2pet.m2,1,0.35,1,5,8,6,1,0,0,0,0,0.61111,2.03128,0,-1.80521,-1.36269,-0.04705,3.10666,1.2349,3.77002,1,1,0,0,0
500610,0,Creature\marmosetpet\marmosetpet.m2,1,1,1,5,8,6,1,0,0,0,0,0.61111,2.03128,0,-1.17417,-0.88447,-0.02128,0.87206,0.85317,1.38296,1,1,0,0,0
500611,0,Creature\mawguardpet\mawguardpet.m2,1,0.35,1,5,8,6,1,0,0,0,0,0.61111,2.03128,0,-0.91914,-1.41047,-0.02865,0.75733,1.34775,2.98079,1,1,0,0,0
500612,0,Creature\mechagonpet\mechagonpet.m2,1,1,1,5,8,6,1,0,0,0,0,0.61111,2.03128,0,-3.93371,-4.13306,-0.02261,4.22186,4.0252,5.66084,1,1,0,0,0
500613,0,Creature\mummypet\mummypet.m2,1,0.5,1,5,8,6,1,0,0,0,0,0.61111,2.03128,0,-0.82873,-1.86177,-0.04401,1.96714,1.59778,3.25729,1,1,0,0,0
500614,0,Creature\ogrepet\ogrepet.m2,1,1,1,5,8,6,1,0,0,0,0,0.61111,2.03128,0,-0.61308,-1.25183,0.00062,0.63455,1.25136,3.09993,1,1,0,0,0
500615,0,Creature\owlpet\owlpet.m2,1,1,1,5,8,6,1,0,0,0,0,0.61111,2.03128,0,-1.61919,-2.76693,0.76941,1.75065,2.80178,4.01109,1,1,0,0,0
500616,0,Creature\phoenix2pet\phoenix2pet.m2,1,0.5,1,5,8,6,1,0,0,0,0,0.61111,2.03128,0,-3.79907,-0.79424,-0.09066,1.09216,0.83104,2.39056,1,1,0,0,0
500617,0,Creature\pitlordpet\pitlordpet.m2,1,1,1,5,8,6,1,0,0,0,0,0.61111,2.03128,0,-5.33205,-2.35152,-0.02979,3.41295,2.24488,6.47272,1,1,0,0,0
500618,0,Creature\progenitorbotpet\progenitorbotpet.m2,1,1,1,5,8,6,1,0,0,0,0,0.61111,2.03128,0,-0.5277,-1.41791,-0.00341,1.3146,1.41151,2.71855,1,1,0,0,0
500619,0,Creature\progenitorwormpet\progenitorwormpet.m2,1,0.6,1,5,8,6,1,0,0,0,0,0.61111,2.03128,0,-1.7772,-0.43753,-0.08078,-0.04692,0.37934,0.39592,1,1,0,0,0
500620,0,Creature\quilinpetcelestial\quilinpetcelestial.m2,1,1,1,5,8,6,1,0,0,0,0,0.61111,2.03128,0,-1.82567,-1.20402,-0.46542,1.00943,1.26067,2.15773,1,1,0,0,0
500621,0,Creature\rafgoblinpet\rafgoblinpet.m2,1,1,1,5,8,6,1,0,0,0,0,0.61111,2.03128,0,-3.30142,-2.32182,-0.35388,1.4704,2.27522,4.52488,1,1,0,0,0
500622,0,Creature\shapet\shapet.m2,1,1,1,5,8,6,1,0,0,0,0,0.61111,2.03128,0,-7.0484,-11.71368,-2.57228,10.02672,12.20751,25.129,1,1,0,0,0
500623,0,Creature\sinstonegolempet\sinstonegolempet.m2,1,1,1,5,8,6,1,0,0,0,0,0.61111,2.03128,0,-0.565,-0.64492,-0.00241,0.18806,0.6713,1.33137,1,1,0,0,0
500624,0,Creature\skeletonhandpet\skeletonhandpet.m2,1,1,1,5,8,6,1,0,0,0,0,0.61111,2.03128,0,-0.72173,-0.24068,-0.05952,0.28541,0.25471,0.93201,1,1,0,0,0
500625,0,Creature\skeletonspinepet\skeletonspinepet.m2,1,1,1,5,8,6,1,0,0,0,0,0.61111,2.03128,0,-0.72826,-0.46776,-0.16198,0.91411,0.44195,0.36087,1,1,0,0,0
500626,0,Creature\stormgryphonpet\stormgryphonpet.m2,1,1,1,5,8,6,1,0,0,0,0,0.61111,2.03128,0,-2.93333,-1.49558,-0.08068,2.82122,1.26711,3.18217,1,1,0,0,0
500627,0,Creature\surveybotpet\surveybotpet.m2,1,1,1,5,8,6,1,0,0,0,0,0.61111,2.03128,0,-0.31487,-0.26161,-0.00137,0.14617,0.18523,0.76503,1,1,0,0,0
500628,0,Creature\swamppet\swamppet.m2,1,1,1,5,8,6,1,0,0,0,0,0.61111,2.03128,0,-0.49881,-0.52539,-0.01687,0.51218,0.54895,1.32314,1,1,0,0,0
500629,0,Creature\treepet\treepet.m2,1,0.2,1,5,8,6,1,0,0,0,0,0.61111,2.03128,0,-1.3444,-2.0376,-0.1271,1.36754,2.06298,5.13245,1,1,0,0,0
500630,0,Creature\wickerbeastpet\wickerbeastpet.m2,1,1,1,5,8,6,1,0,0,0,0,0.61111,2.03128,0,-2.26187,-1.19397,-0.07618,2.01753,1.11622,3.02093,1,1,0,0,0
500631,0,Creature\wingedlion2pet\wingedlion2pet.m2,1,1,1,5,8,6,1,0,0,0,0,0.61111,2.03128,0,-5.70574,-1.589,-0.05875,2.0059,1.95656,3.42063,1,1,0,0,0
500632,0,Creature\wooddragonpet\wooddragonpet.m2,1,0.2,1,5,8,6,1,0,0,0,0,0.61111,2.03128,0,-5.40338,-1.00954,0.09575,1.26646,1.01121,5.41592,1,1,0,0,0
500720,0,Creature\dragondeepholm\dragondeepholmmount.m2,0,1,3,4,18,12,1,0,1,10,3466,0.61111,2.03128,3.20077,-7.2805,-3.05271,-0.34117,3.36964,2.9019,3.87996,1,1,0,0,0
500721,0,Creature\travelersyak\travelersyak.m2,0,1,3,4,18,12,1,0,1,10,4104,0.61111,2.03128,1.97195,-1.3946,-0.90933,-0.01546,1.6361,0.93925,3.10862,1,1,0,0,0
500722,0,Creature\shredder\shreddermount.m2,0,1,1,4,18,12,1,0,1,10,4514,0.61111,2.03128,3.2767,-2.54841,-2.5853,-2E-05,2.05407,2.56227,6.04403,1,1,0,0,0
500723,0,Creature\swiftwindsteed\swiftwindsteed_mount.m2,0,1,3,4,18,12,1,0,1,10,4351,0.61111,2.03128,1.95104,-1.81053,-0.67833,-0.00025,1.83072,0.66953,3.12183,1,1,0,0,0
500724,0,Creature\clockworkhorse\clockworkhorse.m2,0,1,3,4,18,12,1,0,1,10,4488,0.61111,2.03128,1.99673,-2.06271,-1.04065,-0.00158,2.03008,1.01972,2.72571,1,1,0,0,0
500725,0,Creature\ravager2\ravager2mount.m2,0,1,1,4,18,12,1,0,1,10,4623,0.61111,2.03128,1.88041,-2.69775,-1.79957,-0.07739,1.57922,1.9215,3.75449,1,1,0,0,0
500726,0,Creature\hmmoosemount\hmmoosemount.m2,0,1,1,4,18,12,1,0,1,10,4991,0.61111,2.03128,2.22156,-1.42032,-1.12842,0.0056,2.37226,1.09412,3.76051,1,1,0,0,0
500727,0,Creature\mechanicalparrotmount\mechanicalparrotmount.m2,0,1,19,4,18,12,1,0,1,10,6653,0.61111,2.03128,1.03253,-1.82291,-3.49474,0.46086,2.23577,3.5334,4.64052,1,1,0,0,0
500728,0,Creature\pandarenserpentgod\pandarenserpentgodmount.m2,0,1,3,4,18,12,1,0,1,10,4101,0.61111,2.03128,2.76653,-9.1125,-6.96348,-0.25451,5.03211,5.28162,6.08286,1,1,0,0,0
500729,0,Creature\foxmount\foxmount.m2,0,1,1,4,18,12,1,0,1,10,3115,0.61111,2.03128,1.36282,-2.67205,-0.53396,0.01152,1.21577,0.69323,1.35882,1,1,0,0,0
500740,0,Creature\manaraymount\manaraymount.m2,0,1,4,4,18,12,1,0,1,10,5741,0.61111,2.03128,2.48983,-4.90997,-4.68409,0.01083,4.15201,4.61631,5.77566,1,1,0,0,0
500741,0,Creature\horsemultisaddle\horsemultisaddle.m2,0,1,1,4,18,12,1,0,1,10,5914,0.61111,2.03128,1.96888,-1.71521,-0.92447,-0.02301,1.76559,0.8924,4.19348,1,1,0,0,0
500742,0,Creature\crane\cranemount.m2,0,1,1,4,18,12,1,0,1,10,4079,0.61111,2.03128,2.28742,-1.88945,-0.83615,-0.02485,1.85361,0.86889,3.33577,1,1,0,0,0
500743,0,Creature\triceratops\triceratopsmount.m2,0,1,1,4,18,12,1,0,1,10,4408,0.61111,2.03128,6.75754,-9.77187,-3.3245,-0.24968,8.54004,3.10718,9.38681,1,1,0,0,0
500744,0,Creature\argustalbukmount\argustalbukmount.m2,0,1,1,4,18,12,1,0,1,10,5729,0.61111,2.03128,2.19879,-1.42743,-1.15115,-0.04974,1.74219,1.16306,3.1796,1,1,0,0,0
500745,0,Creature\horse2\horse2.m2,0,1,1,4,18,12,1,0,1,10,5518,0.61111,2.03128,1.87643,-2.44328,-0.49296,-0.24652,1.98014,0.4554,2.89382,1,1,0,0,0
500746,0,Creature\pandarenserpent\pandarenserpentmount.m2,0,1,3,4,18,12,1,0,1,10,4102,0.61111,2.03128,2.78003,-9.12484,-6.44141,-0.25449,5.03212,5.0049,6.12994,1,1,0,0,0
500747,0,Creature\pterrordax2mount\pterrordax2mount.m2,0,1,3,4,18,12,1,0,1,10,8652,0.61111,2.03128,6.85157,-16.00713,-5.89735,-0.17712,6.75945,6.14703,12.60634,1,1,0,0,0
500748,0,Creature\sporebatrockmount\sporebatrockmount.m2,0,1,5,4,18,12,1,0,1,10,8168,0.61111,2.03128,2.99564,-4.57226,-2.32434,1.2839,2.00552,2.34413,5.00608,1,1,0,0,0
500749,0,Creature\giantboar\giantboararmoredmount.m2,0,1,3,4,18,12,1,0,1,10,4670,0.61111,2.03128,5.62567,-5.97349,-3.46713,-0.00199,8.36259,3.49891,7.87579,1,1,0,0,0
500750,0,Creature\dragonturtle\ridingdragonturtle.m2,0,1,1,4,18,12,1,0,1,10,4087,0.61111,2.03128,1.71426,-2.86525,-0.95486,-0.03449,1.15411,0.95486,1.69003,1,1,0,0,0
500751,0,Creature\goat\goatmount.m2,0,1,1,4,18,12,1,0,1,10,4104,0.61111,2.03128,1.883,-1.30793,-1.07624,0.00045,2.05181,1.09897,3.36344,1,1,0,0,0
500752,0,Creature\goblinshreddermech\goblinshreddermech.m2,0,1,19,4,18,12,1,0,1,10,9249,0.61111,2.03128,3.2767,-2.74154,-2.68304,-0.086,3.04486,3.7567,5.45507,1,1,0,0,0
500753,0,Creature\goblinspidertank\goblinspidertank.m2,0,1,19,4,18,12,1,0,1,10,9350,0.61111,2.03128,2.04958,-3.2014,-3.28434,-0.81635,3.04156,3.28136,3.54632,1,1,0,0,0
500754,0,Creature\kodobeast2mount\kodobeast2mount.m2,0,1,1,4,18,12,1,0,1,10,1588,0.61111,2.03128,3.84833,-7.13082,-2.40877,-0.00503,3.29589,2.29068,4.46759,1,1,0,0,0
500755,0,Creature\onyxpanther\onyxpanther.m2,0,1,3,4,18,12,1,0,1,10,4129,0.61111,2.03128,1.345,-2.57151,-0.56584,-0.01902,1.14763,0.46531,1.4597,1,1,0,0,0
500756,0,Creature\stormdragonmount2\stormdragonmount2.m2,0,1,1,4,18,12,1,0,1,10,5473,0.61111,2.03128,3.12506,-7.04115,-3.10923,-1.43764,3.42916,2.94985,3.76616,1,1,0,0,0
500757,0,Creature\automatonfliermount\automatonfliermount.m2,0,1,19,4,18,12,1,0,1,10,7254,0.61111,2.03128,1.7446,-4.19043,-1.85916,-0.03431,2.17654,1.60971,3.28701,1,1,0,0,0
500758,0,Creature\basiliskmount\basiliskmount.m2,0,1,1,4,18,12,1,0,1,10,5069,0.61111,2.03128,2.14035,-6.07974,-2.92238,-0.30531,2.91451,2.85721,3.70498,1,1,0,0,0
500759,0,Creature\clefthoofdraenor\clefthoofdraenormount.m2,0,1,1,4,18,12,1,0,1,10,4596,0.61111,2.03128,5.64225,-7.54213,-2.84357,-0.03964,6.00762,2.98809,7.78509,1,1,0,0,0
500760,0,Creature\deathelementalmount\deathelementalmount.m2,0,1,7,4,18,12,1,0,1,10,6989,0.61111,2.03128,4.0868,-1.79023,-2.52576,-0.33362,3.6532,2.61775,7.7973,1,1,0,0,0
500761,0,Creature\decomposermount\decomposermount.m2,0,1,4,4,18,12,1,0,1,10,6790,0.61111,2.03128,3.56329,-5.77266,-4.04699,-0.43407,5.49392,4.07604,5.51574,1,1,0,0,0
500762,0,Creature\dragonhawk2mount\dragonhawk2mount.m2,0,1,20,4,18,12,1,0,1,10,9870,0.61111,2.03128,2.56119,-7.7154,-5.3442,0.0158,2.723,5.33091,5.82261,1,1,0,0,0
500763,0,Creature\dragonskywall\dragonskywallmount.m2,0,1,3,4,18,12,1,0,1,10,2684,0.61111,2.03128,3.00467,-7.70963,-3.05475,-0.39382,3.25547,2.89491,3.77129,1,1,0,0,0
500764,0,Creature\elekk\elekkdraenormount.m2,0,1,1,4,18,12,1,0,1,10,2188,0.61111,2.03128,3.12873,-2.50567,-2.89871,-0.12484,4.0755,2.20383,4.23808,1,1,0,0,0
500765,0,Creature\elitegryphon\elitegryphonarmored.m2,0,1,1,4,18,12,1,0,1,10,2614,0.61111,2.03128,1.7446,-3.46599,-1.66333,-0.05198,2.496,1.7064,2.8959,1,1,0,0,0
500766,0,Creature\flymaldraxxus\flymaldraxxus.m2,0,1,3,4,18,12,1,0,1,10,7185,0.61111,2.03128,0.55481,-0.79482,-0.38711,-0.06405,0.32955,0.51736,0.8637,1,1,0,0,0
500767,0,Creature\gargoylebrute2mount\gargoylebrute2mount.m2,0,1,11,4,18,12,1,0,1,10,7349,0.61111,2.03128,5.65102,-6.18131,-4.08928,-0.76161,3.62362,3.83388,5.64782,1,1,0,0,0
500768,0,Creature\goblinflyingmachine\goblinflyingmachine.m2,0,1,19,4,18,12,1,0,1,10,9195,0.61111,2.03128,1.71154,-4.52694,-6.39603,-5.51048,6.58417,6.40335,5.60063,1,1,0,0,0
500769,0,Creature\goblinsurfboardmount\goblinsurfboardmount.m2,0,1,3,4,18,12,1,0,1,10,8769,0.61111,2.03128,0,-2.34144,-1.76057,-0.00937,3.02073,1.7348,1.80508,1,1,0,0,0
500770,0,Creature\hawkstridermount\hawkstridermount.m2,0,1,1,4,18,12,1,0,1,10,9861,0.61111,2.03128,2.33269,-2.00008,-1.40804,-0.00218,1.51914,1.67041,3.51642,1,1,0,0,0
500771,0,Creature\lavasnailmount\lavasnailmount.m2,0,1,5,4,18,12,1,0,1,10,7689,0.61111,2.03128,3.06295,-2.7975,-1.86616,-0.12726,2.46149,1.63994,4.02902,1,1,0,0,0
500772,0,Creature\mawexpansionfliermount\mawexpansionfliermount.m2,0,1,16,4,18,12,1,0,1,10,7198,0.61111,2.03128,1.34456,-4.77417,-2.18891,-0.16592,1.7662,1.52643,2.26662,1,1,0,0,0
500773,0,Creature\mawguardhandmount\mawguardhandmount.m2,0,1,19,4,18,12,1,0,1,10,7346,0.61111,2.03128,0.54557,-2.28295,-1.39077,-0.0905,1.45924,1.21858,3.32142,1,1,0,0,0
500774,0,Creature\mawratmount\mawratmount.m2,0,1,1,4,18,12,1,0,1,10,7501,0.61111,2.03128,1.49579,-3.18972,-1.14537,-0.00591,1.52105,1.14169,2.24872,1,1,0,0,0
500775,0,Creature\mushanbeast\mushanbeastmount.m2,0,1,1,4,18,12,1,0,1,10,4552,0.61111,2.03128,3.71012,-7.33354,-2.33504,-0.03709,3.97247,2.06376,5.39873,1,1,0,0,0
500776,0,Creature\pandarenphoenixmount\pandarenphoenixmount.m2,0,1,3,4,18,12,1,0,1,10,4256,0.61111,2.03128,1.53149,-5.04456,-4.62733,-0.08171,2.05995,4.72317,5.68109,1,1,0,0,0
500777,0,Creature\primaldragonflymount\primaldragonflymount.m2,0,1,21,4,18,12,1,0,1,10,7878,0.61111,2.03128,1.85322,-4.35374,-3.08112,-0.0219,1.41349,3.07934,3.55859,1,1,0,0,0
500778,0,Creature\quilin\quilinmount.m2,0,1,11,4,18,12,1,0,1,10,4086,0.61111,2.03128,1.57314,-1.96699,-0.6848,-0.18596,0.92615,0.73482,1.96763,1,1,0,0,0
500779,0,Creature\redpandamount\redpandamount.m2,0,1,20,4,18,12,1,0,1,10,9231,0.61111,2.03128,2.11116,-4.53993,-1.04993,-0.07231,1.51247,1.05826,3.35619,1,1,0,0,0
500780,0,Creature\ridingyak\ridingyak.m2,0,1,1,4,18,12,1,0,1,10,4104,0.61111,2.03128,1.49411,-1.3946,-0.90933,-0.01546,1.49497,0.93925,2.26477,1,1,0,0,0
500781,0,Creature\riverotterlargemount01\riverotterlargemount01.m2,0,1,1,4,18,12,1,0,1,10,7769,0.61111,2.03128,0,-2.56236,-0.43762,-0.01498,1.12623,0.4681,1.56412,1,1,0,0,0
500782,0,Creature\rocketmount5\rocketmount5.m2,0,1,3,4,18,12,1,0,1,10,9276,0.61111,2.03128,0.59036,-2.1097,-0.9512,0.05394,2.19996,0.95337,2.57301,1,1,0,0,0
500783,0,Creature\roguemount\roguemount.m2,0,1,7,4,18,12,1,0,1,10,5049,0.61111,2.03128,1.00204,-1.93463,-3.46873,0.10122,2.19565,3.50231,5.24709,1,1,0,0,0
500784,0,Creature\sharkraymount\sharkraymount.m2,0,1,4,4,18,12,1,0,1,10,6580,0.61111,2.03128,2.85659,-4.57374,-2.43544,1.4114,1.80317,2.46995,4.78063,1,1,0,0,0
500785,0,Creature\talbukdraenor\talbukdraenormount.m2,0,1,1,4,18,12,1,0,1,10,2333,0.61111,2.03128,2.22228,-2.1865,-1.078,-0.02924,1.69698,1.04874,3.55215,1,1,0,0,0
500786,0,Creature\thunderpterodactyl\thunderpterodactylmount.m2,0,1,3,4,18,12,1,0,1,10,8652,0.61111,2.03128,6.54551,-14.27428,-6.62595,-0.22417,7.6244,6.09589,11.36082,1,1,0,0,0
500787,0,Creature\trilobitemount1\trilobitemount1.m2,0,1,1,4,18,12,1,0,1,10,5861,0.61111,2.03128,2.93875,-6.74531,-2.62142,-0.0183,3.25745,2.62615,3.02779,1,1,0,0,0
500788,0,Creature\turtlemount2\turtlemount2.m2,0,1,1,4,18,12,1,0,1,10,4087,0.61111,2.03128,1.80406,-2.3197,-2.00096,-0.02957,1.20419,2.00095,2.51955,1,1,0,0,0
500789,0,Creature\vulturemount\vulturemount.m2,0,1,1,4,18,12,1,0,1,10,10609,0.61111,2.03128,0.86506,-1.57018,-3.41096,0.03326,2.16203,3.44477,4.78294,1,1,0,0,0
500790,8192,creature\dragonspawn\dragonspawntwilight.m2,1,1,1,5,18,12,1,0,0,0,47,0.6111,2.0313,1.6975,0,0,0,0,0,0,1,1,0,0,0
500791,8192,creature\dragonspawn\dragonspawntwilightcaster.m2,1,1,1,5,18,12,1,0,0,0,47,0.6111,2.0313,1.5477,0,0,0,0,0,0,1,1,0,0,0
500792,8192,creature\golemdwarven\golemdwarven.m2,3,1,3,1,50,38,1,0,0,0,2718,0.6111,2.0313,0,0,0,0,0,0,0,1,1,0,0,0
500793,12288,creature\greaterslime\greaterslime.m2,0,1,2,4,18,12,1,0,0,0,3114,0.6111,2.0313,0,0,0,0,0,0,0,0.65,1,0,0,0
500794,2,creature\mountaingiantoutland\mountaingiant_bladesedge.m2,3,1,3,1,18,12,1,0,0,0,2189,0.6111,2.0313,0,0,0,0,0,0,0,1,1,0,0,0
500795,2,creature\mountaingiantoutland\mountaingiant_bladesedge.m2,3,1,3,1,18,12,1,0,0,0,2189,0.6111,2.0313,0,0,0,0,0,0,0,1,1,0,0,0
500796,2,creature\mountaingiantoutland\mountaingiant_bladesedge.m2,3,1,3,1,18,12,1,0,0,0,2189,0.6111,2.0313,0,0,0,0,0,0,0,1,1,0,0,0
500797,3,creature\invisiblestalker\invisiblestalker.m2,1,1,20,0,18,12,1,0,0,0,1608,0.6111,2.0313,1.301,0,0,0,0,0,0,1,1,0,0,0
500798,12288,creature\greaterslime\greaterslime.m2,0,1,2,4,18,12,1,0,0,0,3114,0.6111,2.0313,0,0,0,0,0,0,0,0.65,1,0,0,0
500799,12288,creature\geode\geode.m2,0,1,11,4,18,12,1,0,0,0,3128,0.6111,2.0313,0,0,0,0,0,0,0,1,1,0,0,0
500800,4096,creature\dragondeepholm\dragondeepholm.m2,0,1,11,5,18,12,1,0,0,0,2892,0.6111,2.0313,3.0551,0,0,0,0,0,0,1,1,0,0,0
500801,0,creature\fungalgiant\fungalgiant.m2,3,1,2,6,50,25,1,0,0,0,2258,0.6111,2.0313,0,0,0,0,0,0,0,1,2.5,0,0,0
500802,0,creature\fungalgiant\fungalgiant.m2,3,1,2,6,50,25,1,0,0,0,2258,0.6111,2.0313,0,0,0,0,0,0,0,1,2.5,0,0,0
500803,0,creature\fungalgiant\fungalgiant.m2,3,1,2,6,50,25,1,0,0,0,2258,0.6111,2.0313,0,0,0,0,0,0,0,1,2.5,0,0,0
500804,0,creature\fungalgiant\fungalgiant.m2,3,1,2,6,50,25,1,0,0,0,2258,0.6111,2.0313,0,0,0,0,0,0,0,1,2.5,0,0,0
500805,12288,creature\ringworm\ringworm.m2,2,1,3,4,18,12,1,0,0,0,3205,0.6111,2.0313,0,0,0,0,0,0,0,1,1,0,0,0
500806,4096,creature\boundearthelemental\boundearthelemental.m2,0,1,15,4,18,12,1,0,0,0,4004,0.6111,2.0313,0,0,0,0,0,0,0,0.5,1.5,0,0,0
500807,528384,creature\shalespider\shalespider.m2,0,3,3,6,6,3,1,0,0,0,3270,0.6111,2.0313,0,0,0,0,0,0,0,1,0.75,0,0,0
500808,0,creature\mountaingiantcrystal\mountaingiantcrystal.m2,0,1,11,4,18,12,1,0,0,0,2331,0.6111,2.0313,0,0,0,0,0,0,0,1,1,0,0,0
500809,0,creature\deepholmgolem\deepholmgolem.m2,0,1,11,4,18,12,1,0,0,0,3209,0.6111,2.0313,9.3136,0,0,0,0,0,0,1,1,0,0,0
500810,12296,creature\boundwaterelemental\boundwaterelemental.m2,0,1,3,4,18,12,1,0,0,0,3245,0.6111,2.0313,0,0,0,0,0,0,0,1,1,0,0,0
500811,3,creature\invisiblestalker\invisiblestalker.m2,1,1,20,0,18,12,1,0,0,0,1608,0.6111,2.0313,1.301,0,0,0,0,0,0,1,1,0,0,0
500812,4099,creature\forsakencatapult\forsakencatapult.m2,0,1,3,4,18,12,1,0,0,0,2587,5.9223,4.1752,0,0,0,0,0,0,0,1,1,0,0,0
500813,4096,creature\boundairelemental\boundairelemental.m2,0,1,18,4,18,12,1,0,0,0,3186,0.6111,2.0313,0,0,0,0,0,0,0,1,1,0,0,0
500814,4096,creature\boundfireelemental\boundfireelemental.m2,0,1,3,4,18,12,1,0,0,0,7671,0.6111,2.0313,0,0,0,0,0,0,0,1,1,0,0,0
500815,4096,creature\boundearthelemental\boundearthelemental.m2,0,1,15,4,18,12,1,0,0,0,4004,0.6111,2.0313,0,0,0,0,0,0,0,0.5,1.5,0,0,0
500816,3,creature\invisiblestalker\invisiblestalker.m2,1,1,20,0,18,12,1,0,0,0,1608,0.6111,2.0313,1.301,0,0,0,0,0,0,1,1,0,0,0
500817,4099,creature\unboundwaterelementalmercury\unboundwaterelementalmercury.m2,3,1,8,4,18,12,1,0,0,0,3245,0.6111,2.0313,0,0,0,0,0,0,0,1,1.5,0,0,0
500818,4097,creature\moth\moth.m2,1,1,2,4,0,0,0,0,0,0,2231,0.6111,2.0313,0,0,0,0,0,0,0,1,1,0,0,0
500819,0,creature\therazane\therazane.m2,2,1,3,1,18,12,1,0,0,0,1628,0.6111,2.0313,0,0,0,0,0,0,0,1,1,0,0,0
500900,0,Creature\cat2\cat2.m2,1,1,1,0,0,0,0,0,0,0,568,0.61111,2.03128,0,-1.2516,-0.28121,-0.00018,0.51826,0.27353,0.69401,0,0,0,0,0
500901,0,Creature\saurfang\saurfang.m2,1,1,1,0,0,0,0,0,0,0,6277,0.61111,2.03128,0,-0.83548,-1.21736,-0.00151,0.51393,1.02913,2.47907,0,0,0,0,0
500902,0,Creature\velen2\velen2.m2,1,1,4,0,0,0,0,0,0,0,2245,0.61111,2.03128,1.37589,-1.07479,-0.74855,-0.02613,0.68276,0.6714,2.72117,0,0,0,0,0
500903,0,Creature\rocketchicken2\rocketchicken2.m2,1,1,19,0,0,0,0,0,0,0,2542,0.61111,2.03128,0,-0.29767,-0.35123,-1E-05,0.31449,0.3568,0.4381,0,0,0,0,0
500904,0,Creature\babypig\babypig.m2,1,1,1,0,0,0,0,0,0,0,5889,0.61111,2.03128,0.88841,-1.00959,-0.41704,-0.00166,0.90757,0.45178,1.21178,0,0,0,0,0
500905,0,Creature\hobgoblin\hobgoblin.m2,1,1,3,0,0,0,0,0,0,0,3110,0.61111,2.03128,1.34669,-0.57125,-0.9941,-0.01056,0.59004,0.98991,2.81037,0,0,0,0,0
500906,0,Creature\crab2\crab2.m2,1,1,3,0,0,0,0,0,0,0,5999,0.61111,2.03128,0.55555,-0.54415,-0.98059,-0.06818,1.37252,0.98034,0.9877,0,0,0,0,0
500907,0,Creature\mechanicalrabbit\mechanicalrabbit.m2,1,1,1,0,0,0,0,0,0,0,3144,0.61111,2.03128,0,-0.74302,-0.27582,-0.03894,0.34116,0.27279,0.56064,0,0,0,0,0
500908,0,Creature\gryphon\gryphon_armored_vehicle.m2,1,1,1,0,0,0,0,0,0,0,2237,0.61111,2.03128,1.7446,-2.22601,-1.26289,-0.09743,2.51687,1.07432,2.76011,0,0,0,0,0
500909,0,Creature\lashersunflower\lasher_sunflower.m2,1,1,2,0,0,0,0,0,0,0,2240,0.61111,2.03128,0,-1.50491,-1.82675,-0.17984,1.57251,1.81863,3.50663,0,0,0,0,0
500910,0,Creature\babymoonkin\babymoonkin_ta.m2,1,1,3,0,0,0,0,0,0,0,2096,0.61111,2.03128,0,-1.35359,-1.96044,0.00209,1.42462,1.97402,3.21491,0,0,0,0,0
500911,0,Creature\kalecgos2\kalecgos2.m2,1,1,1,0,0,0,0,0,0,0,2564,0.61111,2.03128,0,-0.33381,-0.55867,-1E-05,0.38368,0.55158,2.04288,0,0,0,0,0
500912,0,Creature\cratecreature\cratecreature.m2,1,1,3,0,0,0,0,0,0,0,4386,0.61111,2.03128,0,-0.40945,-0.43136,0.00192,0.40614,0.42834,0.74763,0,0,0,0,0
500913,0,Creature\verming\verming.m2,1,1,1,0,0,0,0,0,0,0,4083,0.61111,2.03128,0,-2.00433,-1.81478,-0.03327,1.76308,1.24043,2.56563,0,0,0,0,0
500914,0,Creature\quilin\quilin.m2,1,1,1,0,0,0,0,0,0,0,4086,0.61111,2.03128,1.44813,-1.87581,-0.54524,-0.06702,0.92615,0.61732,2.07352,0,0,0,0,0
500915,0,Creature\raven2_small\raven2_small.m2,1,1,1,0,0,0,0,0,0,0,3145,0.61111,2.03128,0,-1.92625,-3.45661,0.38359,2.17951,3.49113,4.47543,0,0,0,0,0
500916,0,Creature\crane\crane.m2,1,1,1,0,0,0,0,0,0,0,4079,0.61111,2.03128,2.3011,-1.88945,-0.71183,-0.02485,1.85361,0.80817,3.13731,0,0,0,0,0
500917,0,Creature\pandarenstag\pandarenstag.m2,1,1,1,0,0,0,0,0,0,0,184,0.61111,2.03128,1.98844,-1.28511,-1.16476,-0.02648,2.28645,1.1477,3.86518,0,0,0,0,0
500918,0,Creature\elitewyvern\elitewyvernarmored.m2,1,1,1,0,0,0,0,0,0,0,2235,0.61111,2.03128,1.34456,-4.492,-1.76072,-0.25065,2.12956,1.10584,2.21637,0,0,0,0,0
500919,0,Creature\elitegryphon\elitegryphon.m2,1,1,1,0,0,0,0,0,0,0,2237,0.61111,2.03128,1.61511,-3.46599,-1.66333,-0.05198,2.496,1.7064,2.8959,0,0,0,0,0
500920,0,Creature\greaterslime\greaterslime_corrupted.m2,1,1,3,0,0,0,0,0,0,0,3114,0.61111,2.03128,0,-4.54477,-1.83442,-0.17438,1.63435,1.84352,1.38593,0,0,0,0,0
500921,0,Creature\bat\bat.m2,1,1,2,0,0,0,0,0,0,0,189,0.61111,2.03128,1.40376,-2.8033,-6.72439,-0.3379,4.10272,6.75838,9.38698,0,0,0,0,0
500922,0,Creature\elekkplushie\elekkplushie.m2,1,1,1,0,0,0,0,0,0,0,4840,0.61111,2.03128,0,-0.36643,-0.23185,-0.00714,0.3765,0.2295,0.68251,0,0,0,0,0
500923,0,Creature\moltencorgi\moltencorgi.m2,1,1,5,0,0,0,0,0,0,0,4774,0.61111,2.03128,0,-0.43859,-0.2263,-0.01023,0.61954,0.22214,0.7698,0,0,0,0,0
500924,0,Creature\fleshgolem2\fleshgolem2.m2,1,1,3,0,0,0,0,0,0,0,10187,0.61111,2.03128,0,-2.10125,-2.45283,-0.33115,1.58469,1.73066,3.67413,0,0,0,0,0
500925,0,Creature\ravenlord\ravenlord_purple.m2,1,1,1,0,0,0,0,0,0,0,4588,0.61111,2.03128,7.40754,-18.48558,-5.47932,-0.88035,6.01265,5.56445,10.69642,0,0,0,0,0
500926,0,Creature\thralldoomplate\thralldoomplate.m2,1,1,3,0,0,0,0,0,0,0,3033,0.61111,2.03128,0,-0.68059,-0.91656,-4E-05,0.70519,0.9736,2.72203,0,0,0,0,0
500927,0,Creature\wrathguard2\wrathguard2.m2,1,1,1,0,0,0,0,0,0,0,4995,0.61111,2.03128,2.11806,-2.87878,-0.83132,-0.01213,0.83486,1.31958,3.92383,0,0,0,0,0
500928,0,Creature\rabbit2\rabbit2.m2,1,1,1,0,0,0,0,0,0,0,114,0.61111,2.03128,0,-0.5063,-0.22941,-0.02005,0.31466,0.22898,0.5823,0,0,0,0,0
500929,0,Creature\drogbar\drogbar.m2,1,1,1,0,0,0,0,0,0,0,5043,0.61111,2.03128,1.50495,-2.06746,-2.11602,-0.05307,1.79073,2.07347,5.7496,0,0,0,0,0
500930,0,Creature\wyrmtongue\wyrmtongue.m2,1,1,3,0,0,0,0,0,0,0,5038,0.61111,2.03128,0.94152,-1.19178,-1.08563,-0.03204,1.4069,1.06411,2.85783,0,0,0,0,0
500931,0,Creature\ent2\ent2.m2,1,1,14,0,0,0,0,0,0,0,10345,0.61111,2.03128,1.25199,-1.69445,-1.28152,-0.03734,1.37217,1.3742,3.66321,0,0,0,0,0
500932,0,Creature\manafiend2\manafiend_arcane_blue_pet.m2,1,1,12,0,0,0,0,0,0,0,1788,0.61111,2.03128,0,-0.94279,-1.8412,0.08182,1.08592,1.84051,3.44551,0,0,0,0,0
500933,0,Creature\nightfallenfemale\nightfallenfemale.m2,1,1,16,0,0,0,0,0,0,0,5522,0.61111,2.03128,0,-0.40786,-0.55115,-0.00038,0.47977,0.37274,2.24814,0,0,0,0,0
500934,0,Creature\khadgar2\khadgar2.m2,1,1,1,0,0,0,0,0,0,0,0,0.61111,2.03128,0,-0.32643,-0.52243,-1E-05,0.39144,0.51476,2.04875,0,0,0,0,0
500935,0,Creature\imp2\imp2.m2,1,1,3,0,0,0,0,0,0,0,5039,0.61111,2.03128,0,-1.43826,-0.7688,-1E-05,0.71584,0.77745,1.87042,0,0,0,0,0
500936,0,Creature\nathanos\nathanos.m2,1,1,3,0,0,0,0,0,0,0,5169,0.61111,2.03128,0,-0.55651,-0.57399,-0.00475,0.32354,0.56236,2.04856,0,0,0,0,0
500937,0,Creature\valkier2\valkier2.m2,1,1,10,0,0,0,0,0,0,0,2643,0.61111,2.03128,2.61526,-3.94818,-3.90761,-0.1869,1.88037,3.91113,6.245,0,0,0,0,0
500938,0,Creature\nightfallenmale\nightfallenmale.m2,1,1,16,0,0,0,0,0,0,0,5338,0.61111,2.03128,0,-0.47687,-0.51581,-0.00035,0.45616,0.49944,2.54173,0,0,0,0,0
500939,0,Creature\felbat2\felbatmount.m2,1,1,2,0,0,0,0,0,0,0,5408,0.61111,2.03128,5.57377,-5.65673,-4.21117,-0.75638,3.35797,3.95631,5.68842,0,0,0,0,0
500940,0,Creature\manafiend2\manafiend_arcane_blue.m2,1,1,12,0,0,0,0,0,0,0,1788,0.61111,2.03128,0,-0.94285,-1.84117,0.08183,1.08602,1.84035,3.44551,0,0,0,0,0
500941,0,Creature\robotpet\robotpet.m2,1,1,19,0,0,0,0,0,0,0,8749,0.61111,2.03128,0,-1.68607,-1.67202,-0.22634,1.9997,1.67164,3.52686,0,0,0,0,0
500942,0,Creature\corgi2\corgi2.m2,1,1,1,0,0,0,0,0,0,0,5258,0.61111,2.03128,0,-0.43187,-0.21932,-0.00321,0.61255,0.21513,0.76318,0,0,0,0,0
500943,0,Creature\rat2\rat2.m2,1,1,1,0,0,0,0,0,0,0,165,0.61111,2.03128,0,-0.96488,-0.37561,-0.00279,0.36877,0.39003,0.44925,0,0,0,0,0
500944,0,Creature\fellord_creature\fellord_creature_felfx.m2,1,1,6,0,0,0,0,0,0,0,5035,0.61111,2.03128,0,-0.93651,-2.06053,-0.01408,1.65986,1.82299,6.5197,0,0,0,0,0
500945,0,Creature\ogredraenor\ogredraenor.m2,1,1,1,0,0,0,0,0,0,0,4569,0.61111,2.03128,1.34669,-0.92417,-1.25744,-0.17445,0.79163,1.25744,3.21231,0,0,0,0,0
500946,0,Creature\worg\worg.m2,1,1,1,0,0,0,0,0,0,0,4576,0.61111,2.03128,1.59226,-2.2126,-0.57324,-0.01461,1.68966,0.60425,1.74036,0,0,0,0,0
500947,0,Creature\felreavergolem_reeves\felreavergolem_reeves.m2,1,1,19,0,0,0,0,0,0,0,4514,0.61111,2.03128,3.2767,-1.69335,-2.56356,-0.02205,1.41539,2.6126,5.20248,0,0,0,0,0
500948,0,Creature\hozu\hozumonkey.m2,1,1,3,0,0,0,0,0,0,0,4078,0.61111,2.03128,0,-1.13121,-0.85184,-0.01527,0.82426,0.92857,1.31214,0,0,0,0,0
500949,0,Creature\felbat2\felbat2.m2,1,1,2,0,0,0,0,0,0,0,5101,0.61111,2.03128,5.57377,-5.65673,-4.21115,-0.75639,3.35797,3.95629,5.68843,0,0,0,0,0
500950,0,Creature\vrykulmystic\vrykulmystic.m2,1,1,1,0,0,0,0,0,0,0,5021,0.61111,2.03128,0,-2.05147,-1.27346,0.02519,1.17239,1.34802,4.58827,0,0,0,0,0
500960,0,Character\Pandaren\Male\PandarenMale.M2,1,1,1,7,18,12,1,0,0,0,8,0.6111,2.031,0.935023,-0.817277,-1.177775,0.000338,0.927152,1.168537,2.407669,1,1,0,0,0
500961,0,Character\WorgenNPC\Female\WorgenNPCFemale.M2,1,1,1,7,18,12,1,0,0,0,44,0.6111,2.031,1.294047,-0.655967,-1.176232,0.000852,0.702095,1.080357,2.290177,1,1,0,0,0
500962,0,Character\WorgenNPC\Male\WorgenNPCMale.M2,1,1,1,7,18,12,1,0,0,0,44,0.6111,2.031,1.294047,-0.655967,-1.176232,0.000852,0.702095,1.080357,2.290177,1,1,0,0,0
500963,0,Character\Pandaren\Female\PandarenFemale.M2,1,1,1,7,18,12,1,0,0,0,8,0.6111,2.031,0.935023,-0.817277,-1.177775,0.000338,0.927152,1.168537,2.407669,1,1,0,0,0
501000,1,creature\harpy\harpy.m2,1,1,0,0,0,0,0,0,0,0,0,0.6112,2.031,0,-0.5603,-1.6674,0.8571,0.6047,1.6973,4.5412,1,1,0,0,0
501001,2052,character\human\male\humanmale.m2,1,1,0,0,0,0,0,0,0,0,0,0.6111,2.0313,1.0362,-0.5769,-0.5443,-0.0007,0.3681,0.5359,2.1292,1,1,0,0,0
501002,2052,character\human\female\humanfemale.m2,1,1,0,0,0,0,0,0,0,0,0,0.4167,1.9135,1.0026,-0.554,-0.3599,-0.0021,0.2759,0.3705,1.925,1,1,0,0,0
501003,2052,character\orc\male\orcmale.m2,1,1,0,0,0,0,0,0,0,0,0,0.6111,2.0313,1.117,-0.7335,-0.8743,-0.0068,0.7454,0.8535,2.4164,1,1,0,0,0
501004,2052,character\orc\female\orcfemale.m2,1,1,0,0,0,0,0,0,0,0,0,0.4722,2.0515,1.1119,-0.7359,-0.5246,-0.0071,0.3034,0.5255,2.1483,1,1,0,0,0
501005,2052,character\dwarf\male\dwarfmale.m2,1,1,0,0,0,0,0,0,0,0,0,0.6111,1.6066,0.7249,-0.6395,-0.6408,-0.0209,0.4006,0.6073,1.597,1,1,0,0,0
501006,2052,character\dwarf\female\dwarffemale.m2,1,1,0,0,0,0,0,0,0,0,0,0.4444,1.5278,0.6806,-0.4906,-0.4665,-0.0012,0.2583,0.4717,1.5745,1,1,0,0,0
501007,2052,character\nightelf\male\nightelfmale.m2,1,1,0,0,0,0,0,0,0,0,0,0.7778,2.4381,1.301,-0.7138,-0.6178,-0.0044,0.3031,0.637,2.5949,1,1,0,0,0
501008,2052,character\nightelf\female\nightelffemale.m2,1,1,0,0,0,0,0,0,0,0,0,0.5556,2.25,1.3347,-0.6518,-0.3886,0.0013,0.3454,0.5902,2.357,1,1,0,0,0
501009,2052,character\scourge\male\scourgemale.m2,1,1,0,0,0,0,0,0,0,0,0,0.6944,1.8611,1.0782,-0.8231,-0.5306,-0.0109,0.4061,0.4634,2.1014,1,1,0,0,0
501010,2052,character\scourge\female\scourgefemale.m2,1,1,0,0,0,0,0,0,0,0,0,0.4167,1.8439,1.0046,-0.5095,-0.442,-0.0038,0.4149,0.4313,2.0548,1,1,0,0,0
501011,2052,character\tauren\male\taurenmale.m2,1,1,0,0,0,0,0,0,0,0,0,0.6111,2.0313,0.9872,-1.0707,-0.8682,-0.0116,0.9878,0.8585,2.2488,1,1,0,0,0
501012,2052,character\tauren\female\taurenfemale.m2,1,1.25,0,0,0,0,0,0,0,0,0,0.6667,2.1111,1.0233,-0.8978,-0.6644,-0.0036,0.5408,0.6644,2.2652,1,1,0,0,0
501013,3,creature\elementalearth\elementalearth.m2,1,1,0,0,0,0,0,0,0,0,0,0.6111,2.0313,0,-1.8592,-2.297,-0.1313,1.8632,2.1786,3.3287,1,1,0,0,0
501014,4097,creature\direwolf\direwolf.m2,1,1,0,0,0,0,0,0,0,0,0,0.6111,2.0313,1.3991,-2.153,-0.576,-0.1407,1.5894,0.5469,1.879,1,1,0,0,0
501015,0,creature\bear\bear.m2,1,1,0,0,0,0,0,0,0,0,0,0.6112,2.031,1.7615,-1.6576,-0.9253,-0.0587,1.685,0.8672,1.8452,1,1,0,0,0
501016,12299,creature\waterelemental\waterelemental.m2,1,1,0,0,0,0,0,0,0,0,0,0.6111,2.0313,0,-1.041,-1.6808,0.3662,1.0439,1.6846,3.0434,1,1,0,0,0
501017,0,creature\gnollmelee\gnollmelee.m2,1,1,0,0,0,0,0,0,0,0,0,0.6112,2.031,0.8916,-0.777,-0.7001,0.0005,0.7318,0.7645,1.7562,1,1,0,0,0
501018,4096,creature\squirrel\squirrel.m2,1,1,0,0,0,0,0,0,0,0,0,0.6111,2.0313,0,-0.4413,-0.1499,-0.0166,0.0774,0.1434,0.3713,1,1,0,0,0
501019,0,creature\rat\rat.m2,1,1,0,0,0,0,0,0,0,0,0,0.6112,2.031,0,-0.9664,-0.3774,-0.0042,0.3707,0.4049,0.4484,1,1,0,0,0
501020,12297,creature\snake\snake.m2,1,1,0,0,0,0,0,0,0,0,0,0.6111,2.0313,0,-0.7811,-0.4359,-0.0186,0.995,0.3528,0.3844,1,1,0,0,0
501021,2052,character\gnome\male\gnomemale.m2,1,1,0,0,0,0,0,0,0,0,0,0.6944,1.0556,0.4101,-0.461,-0.3912,-0.0036,0.3153,0.4014,1.3024,1,1,0,0,0
501022,2052,character\gnome\female\gnomefemale.m2,1,1,0,0,0,0,0,0,0,0,0,0.6111,1.1002,0.3855,-0.4592,-0.3176,-0.0061,0.177,0.3144,1.1495,1,1,0,0,0
501023,2052,character\troll\male\trollmale.m2,1,1,0,0,0,0,0,0,0,0,0,0.6111,2.0313,1.5043,-1.2788,-1.1375,0.0055,0.9588,0.9745,2.6323,1,1,0,0,0
501024,12296,creature\ancientoflore\ancientoflore.m2,1,1,0,0,0,0,0,0,0,0,0,0.6111,2.0313,0,-2.5823,-3.954,0.0107,3.7663,3.8194,9.1357,1,1,0,0,0
501025,4096,creature\stag\stag.m2,1,1,0,0,0,0,0,0,0,0,0,0.6944,2.083,1.8657,-1.1422,-1.005,-0.0061,2.7968,0.8754,3.3749,1,1,0,0,0
501026,4096,creature\dragon\northrenddragon.m2,1,1,0,0,0,0,0,0,0,0,0,0.6111,2.0313,8.139,-20.1416,-9.6594,-0.5808,9.7429,9.5897,13.8996,1,1,0,0,0
501027,12297,creature\felbat\felbat.m2,1,1,0,0,0,0,0,0,0,0,0,0.6111,2.0313,1.1939,-2.1906,-5.2269,0.8595,3.1759,5.2388,7.6158,1,1,0,0,0
501028,12297,creature\drake\drake.m2,1,1,0,0,0,0,0,0,0,0,0,0.6112,2.031,2.6007,-6.4515,-10.2115,-0.5512,2.7495,10.211,11.5126,1,1,0,0,0
501029,4,character\goblin\male\goblinmale.m2,1,1,0,0,0,0,0,0,0,0,0,0.5133,1.2736,0.5959,-0.5046,-0.5456,-0.0832,0.4719,0.6963,1.3971,1,1,0,0,0
501030,4,character\goblin\female\goblinfemale.m2,1,1,0,0,0,0,0,0,0,0,0,0.6111,1.4422,0.5868,-0.7506,-0.5777,-0.0676,0.5402,0.5985,1.5489,1,1,0,0,0
501031,4096,creature\minespider\minespiderboss.m2,1,1,0,0,0,0,0,0,0,0,0,0.6112,2.031,0,-2.2026,-2.1988,-0.0185,3.8823,2.196,2.0396,1,1,0,0,0
501032,4112,creature\druidcat\druidcat.m2,1,1,0,0,0,0,0,0,0,0,0,0.6111,2.0313,1.2414,-2.718,-0.8624,-0.0449,1.0509,0.5807,1.4712,1,1,0,0,0
501033,0,creature\ogre\ogrewarlord.m2,1,1,0,0,0,0,0,0,0,0,0,0.6112,2.031,1.3467,-0.5712,-1.3242,-0.0127,0.6004,1.1302,2.851,1,1,0,0,0
501034,3,creature\wight\wight.m2,1,1,0,0,0,0,0,0,0,0,0,0.6112,2.031,1.505,-0.7259,-2.5002,0.0008,1.8273,2.0591,2.8301,1,1,0,0,0
501035,12299,creature\ragnaros\ragnaros.m2,1,1,0,0,0,0,0,0,0,0,0,0.6112,2.031,0,-14.2153,-22.0859,-5.7806,21.8396,22.1067,52.9204,1,1,0,0,0
501036,3,creature\invisiblestalker\invisiblestalker.m2,1,1,0,0,0,0,0,0,0,0,0,0.6112,2.031,1.301,0,0,0,0,0,0,1,1,0,0,0
501037,2052,character\bloodelf\male\bloodelfmale.m2,1,1,0,0,0,0,0,0,0,0,0,0.6111,2.0313,1.1661,-0.7403,-0.8455,-0.0467,0.8535,0.4677,2.2296,1,1,0,0,0
501038,2052,character\bloodelf\female\bloodelffemale.m2,1,1,0,0,0,0,0,0,0,0,0,0.6111,2.0313,1.1671,-0.5076,-0.3798,-0.0002,0.3526,0.3196,2.0138,1,1,0,0,0
501039,2052,character\draenei\male\draeneimale.m2,1,1,0,0,0,0,0,0,0,0,0,0.8665,2.541,1.3759,-1.3137,-0.8084,0.0007,0.5944,0.7584,2.6946,1,1,0,0,0
501040,12288,creature\cocoon\cocoon.m2,1,1,0,0,0,0,0,0,0,0,0,0.6112,2.031,0,-1.247,-1.4417,-0.3327,1.2571,1.4498,2.3181,1,1,0,0,0
501041,0,creature\turtle\turtle.m2,1,1,0,0,0,0,0,0,0,0,0,0.6111,2.0313,0,-2.9826,-1.3024,0.0002,1.4298,1.3085,2.1104,1,1,0,0,0
501042,12299,creature\phoenix\phoenix.m2,1,1,0,0,0,0,0,0,0,0,0,0.6111,2.0313,1.4176,-3.511,-4.7235,-0.496,2.4134,4.7447,5.497,1,1,0,0,0
501043,0,creature\ogremagelord\ogremagelord.m2,1,1,0,0,0,0,0,0,0,0,0,0.6112,2.031,1.3467,-0.7331,-1.2925,-0.0127,1.098,1.3453,3.0485,1,1,0,0,0
501044,0,character\foresttroll\male\foresttrollmale.m2,1,1,0,0,0,0,0,0,0,0,0,0.6112,2.031,1.5043,-1.1336,-1.1806,-0.0806,1.1108,1.08,2.7856,1,1,0,0,0
501045,0,creature\frostnymph\frostnymph.m2,1,1,0,0,0,0,0,0,0,0,0,0.6111,2.0313,0,-0.9457,-0.4151,-0.0128,0.9632,0.476,2.1978,1,1,0,0,0
501046,4097,creature\eagle\eagle.m2,1,1,0,0,0,0,0,0,0,0,0,0.6111,2.0313,0,-1.6012,-3.4402,0.4656,2.2492,3.4769,4.4847,1,1,0,0,0
501047,4096,creature\hippogryphmount\hippogryphmount.m2,1,1,0,0,0,0,0,0,0,0,0,0.6111,2.0313,1.8813,-2.281,-1.1642,-0.0514,2.6074,1.2002,3.2234,1,1,0,0,0
501048,4096,creature\magehunter\magehunter.m2,1,1,0,0,0,0,0,0,0,0,0,0.6111,2.0313,0,-1.3479,-0.474,-0.0108,0.8195,0.4234,1.6212,1,1,0,0,0
501049,4096,creature\spectraltigerferal\spectraltigerferal.m2,1,1,0,0,0,0,0,0,0,0,0,0.6112,2.031,0,0,0,0,0,0,0,1,1,0,0,0
501050,4,character\worgennpc\male\worgennpcmale.m2,1,1,0,0,0,0,0,0,0,0,0,0.6111,2.0313,1.3874,-0.7233,-0.9677,-0.0194,0.8337,1.0034,2.4631,1,1,0,0,0
501051,4,character\worgennpc\female\worgennpcfemale.m2,1,1,0,0,0,0,0,0,0,0,0,0.6111,2.0313,1.5529,-0.6346,-0.6286,0.0006,0.459,0.5481,2.4973,1,1,0,0,0
501052,67,creature\invisiblestalker\invisiblestalker.m2,1,1,0,0,0,0,0,0,0,0,0,0.6112,2.031,1.301,0,0,0,0,0,0,1,1,0,0,0
501053,4097,creature\lostisles_carnivorousplant\lostisles_carnivorousplant02_creature.m2,1,1,0,0,0,0,0,0,0,0,0,0.6112,2.031,0,-1.0306,-1.2324,-0.0666,1.3675,1.2709,3.0095,1,1,0,0,0
501054,4096,creature\mastiff\mastiff.m2,1,1,0,0,0,0,0,0,0,0,0,0.6112,2.031,1.3991,-1.312,-0.428,-0.0294,1.17,0.4534,1.9144,1,1,0,0,0
501055,4096,creature\mistfox\mistfox.m2,1,1,0,0,0,0,0,0,0,0,0,0.6112,2.031,0,-2.0962,-0.502,-0.0055,1.5904,0.536,1.4452,1,1,0,0,0
501056,67,creature\fleshbeast\fleshbeast.m2,1,1,0,0,0,0,0,0,0,0,0,0.6112,2.031,0,0,0,0,0,0,0,1,1,0,0,0
501057,8192,creature\dragonspawn\dragonspawntwilight.m2,1,1,0,0,0,0,0,0,0,0,0,0.6111,2.0313,1.6975,-2.9646,-2.1283,-0.0364,2.244,2.0824,2.5786,1,1,0,0,0
501058,8192,creature\dragonspawn\dragonspawntwilightarmored.m2,1,1,0,0,0,0,0,0,0,0,0,0.6111,2.0313,1.6975,-2.923,-2.0859,-0.0354,2.2828,2.0402,3.289,1,1,0,0,0
501059,8192,creature\felbeast\corehoundpet.m2,1,1,0,0,0,0,0,0,0,0,0,0.6112,2.031,0,-3.0601,-2.7952,-1.0719,4.349,2.8993,4.7474,1,1,0,0,0
501060,12288,creature\basiliskoutland\basilisk_outland.m2,1,1,0,0,0,0,0,0,0,0,0,0.6944,2.083,0,0,0,0,0,0,0,1,1,0,0,0
501061,12288,world\expansion03\doodads\twilighthammer\magicaldevices\twilightshammer_magicaldevice_04fire.m2,1,1,0,0,0,0,0,0,0,0,0,0.6229,0.9775,0,0,0,0,0,0,0,1,1,0,0,0
501062,12288,world\expansion03\doodads\twilighthammer\magicaldevices\twilightshammer_magicaldevice_04air.m2,1,1,0,0,0,0,0,0,0,0,0,0.4766,0.4604,0,0,0,0,0,0,0,1,1,0,0,0
501063,12288,world\expansion03\doodads\twilighthammer\magicaldevices\twilightshammer_magicaldevice_04earth.m2,1,1,0,0,0,0,0,0,0,0,0,0.4766,0.4604,0,0,0,0,0,0,0,1,1,0,0,0
501064,12288,world\expansion03\doodads\twilighthammer\magicaldevices\twilightshammer_magicaldevice_04water.m2,1,1,0,0,0,0,0,0,0,0,0,0.6158,1.097,0,0,0,0,0,0,0,1,1,0,0,0
501065,0,creature\bearcub\bearcub.m2,1,1,0,0,0,0,0,0,0,0,0,0.6111,2.0313,0,-1.7466,-1.1252,-0.1657,2.0766,1.0774,1.9363,1,1,0,0,0
501066,12288,world\expansion03\doodads\twilighthammer\dragoneggs\twilightshammer_dragonegg_01.m2,1,1,0,0,0,0,0,0,0,0,0,3.038,4.082,0,0,0,0,0,0,0,1,1,0,0,0
501067,4096,creature\arcticcondor\arcticcondor.m2,1,1,0,0,0,0,0,0,0,0,0,0.6111,2.0313,0,-1.7049,-3.4019,0.5046,2.2526,3.4354,4.4628,1,1,0,0,0
501068,12296,creature\deepseacrab\deepseacrab.m2,1,1,0,0,0,0,0,0,0,0,0,0.6112,2.031,0,-0.7252,-0.9501,-0.0609,1.2102,0.9143,1.0488,1,1,0,0,0
501069,12296,creature\grouper\grouper.m2,1,1,0,0,0,0,0,0,0,0,0,0.6112,2.031,0,-5.2075,-1.8837,-0.4343,3.5224,2.9927,4.2272,1,1,0,0,0
501070,12288,creature\pufferfish\pufferfish.m2,1,1,0,0,0,0,0,0,0,0,0,0.6112,2.031,0,-1.0715,-0.6223,1.5786,0.5974,0.5535,2.6356,1,1,0,0,0
501071,8227,creature\snail\snail.m2,1,1,0,0,0,0,0,0,0,0,0,0.6112,2.031,0,-0.8931,-0.39,-0.0122,0.7618,0.4555,0.8797,1,1,0,0,0
501072,4096,creature\deathwing\deathwing.m2,1,1,0,0,0,0,0,0,0,0,0,0.6111,2.0313,8.139,-22.0465,-9.5752,-1.6035,10.484,10.4661,14.4859,1,1,0,0,0
501073,12288,creature\bouldergiant\bouldergiant.m2,1,1,0,0,0,0,0,0,0,0,0,0,0,0,0,0,0,0,0,0,1,1,0,0,0
501074,12288,creature\greaterslime\greaterslime.m2,1,1,0,0,0,0,0,0,0,0,0,0.6112,2.031,0,-4.5448,-1.8344,-0.4461,1.6344,1.8435,1.7976,1,1,0,0,0
501075,8192,creature\ettin\throngus.m2,1,1,0,0,0,0,0,0,0,0,0,0.6112,2.031,5.281,-1.6183,-2.5626,-0.0881,2.2096,2.6159,7.6303,1,1,0,0,0
501076,0,creature\ancientseaturtle\ancientseaturtle.m2,1,1,0,0,0,0,0,0,0,0,0,0.6111,2.0313,0,-3.3693,-1.435,-0.1156,1.4321,1.4268,2.4107,1,1,0,0,0
501077,0,creature\watcher\watcher.m2,1,1,0,0,0,0,0,0,0,0,0,0.6112,2.031,1.2579,-0.6294,-0.7661,-0.1667,0.4409,0.6675,1.7948,1,1,0,0,0
501078,4096,creature\boundairelemental\boundairelemental.m2,1,1,0,0,0,0,0,0,0,0,0,0.6111,2.0313,0,-1.067,-1.7775,0.2894,1.3855,1.7488,3.8924,1,1,0,0,0
501079,0,creature\cenarius\cenarius.m2,1,1,0,0,0,0,0,0,0,0,0,0.6111,2.0313,1.9958,-1.8527,-0.9323,-0.0218,1.4702,1.7297,3.7023,1,1,0,0,0
501080,4096,creature\boundfireelemental\boundfireelemental.m2,1,1,0,0,0,0,0,0,0,0,0,0.6111,2.0313,0,-1.0968,-1.5591,0.2529,1.3196,1.7292,3.8575,1,1,0,0,0
501081,2048,creature\twillightascendantfire\twillightascendantfire.m2,1,1,0,0,0,0,0,0,0,0,0,0.6111,2.0313,0,-0.6623,-0.8907,-0.0702,0.5599,0.98,2.7038,1,1,0,0,0
501082,0,creature\malfurionstormrage\malfurionstormrage.m2,1,1,0,0,0,0,0,0,0,0,0,0.6111,2.0313,0,-0.8373,-0.9815,0.0005,0.5695,1.0075,2.7831,1,1,0,0,0
501083,0,creature\ysera\ysera.m2,1,1,0,0,0,0,0,0,0,0,0,0.6112,2.031,1.158,0,0,0,0,0,0,1,1,0,0,0
501084,0,creature\ancientseaturtlefire\ancientseaturtlefire.m2,1,1,0,0,0,0,0,0,0,0,0,0.6111,2.0313,0,-3.3693,-1.435,-0.1156,1.4801,1.4268,2.4107,1,1,0,0,0
501085,4096,creature\boundfireelemental\unboundfireelemental.m2,1,1,0,0,0,0,0,0,0,0,0,0.6111,2.0313,0,-0.4843,-1.5145,0.2529,1.3196,1.7292,3.627,1,1,0,0,0
501086,0,creature\bear\polarbearcub.m2,1,1,0,0,0,0,0,0,0,0,0,0.6111,2.0313,0,-1.7467,-0.9253,-0.1547,2.1136,0.862,1.9531,1,1,0,0,0
501087,0,creature\shaman_thrall\shaman_thrall.m2,1,1,0,0,0,0,0,0,0,0,0,0.6111,2.0313,1.117,-0.6345,-0.7853,0,0.648,0.8801,2.7848,1,1,0,0,0
501088,4096,creature\warpstalker\warpstalker_low.m2,1,1,0,0,0,0,0,0,0,0,0,0.6112,2.031,1.9185,-8.9774,-2.276,-0.0893,2.0415,2.0555,2.8366,1,1,0,0,0
501089,12288,creature\molten_meteor\molten_meteor.m2,1,1,0,0,0,0,0,0,0,0,0,0.6111,2.0313,0,-5.1433,-4.9669,-3.466,5.3121,5.4885,6.9894,1,1,0,0,0
501090,4097,creature\owlghost_green\owlghost_green.m2,1,1,0,0,0,0,0,0,0,0,0,0.6111,2.0313,0,-2.5911,-2.9811,0.2193,1.5474,3.0623,6.3038,1,1,0,0,0
501091,0,creature\moltengiant\moltengiant.m2,1,1,0,0,0,0,0,0,0,0,0,0.6111,2.0313,9.3136,-7.7621,-9.7632,-0.019,5.0225,10.3719,17.2786,1,1,0,0,0
501092,0,world\generic\human\passive doodads\stretchhuman\stretchhuman.m2,1,1,0,0,0,0,0,0,0,0,0,0.6111,2.0313,0,0,0,0,0,0,0,1,1,0,0,0
501602,0,creature\wolf\wolf.m2,1,1,1,-1,15,10,1,0,0,0,43,0.6111,2.0313,0,-2.2567,-0.6344,0.0017,1.5867,0.6654,1.7028,1,1,0,0,0
501604,0,world\expansion03\doodads\twilighthammer\magicaldevices\twilightshammer_magicaldevice_04fire.m2,1,1,3,-1,18,12,1,0,0,0,0,0.6229,1.1455,0,-6.2359,-6.2528,-5.6132,6.2641,6.2472,6.8868,1,1,0,0,0
501605,0,creature\salamander\salamandermale.m2,1,1,1,-1,18,12,1,0,0,0,1028,0.6111,2.0313,1.2577,-1.6485,-1.1394,-0.0452,0.7698,1.099,3.0097,1,1,0,0,0
501607,0,creature\wisp\wisp.m2,1,1,7,-1,18,12,1,0,0,0,194,0.6111,2.0313,2.0354,-0.1228,-0.7555,1.0182,0.4875,0.783,2.5842,1,1,0,0,0
501608,0,creature\romogg\romogg.m2,3,1,3,-1,18,12,1,0,0,0,2289,0.6111,2.0313,1.3467,-1.0089,-1.0807,-0.002,0.7866,1.0749,3.1098,1,1,0,0,0
501609,0,creature\gilneasstagecoach\gilneasstagecoach_harness.m2,1,1,9,-1,18,12,1,0,0,0,0,0.6111,2.0313,0,0.6102,-1.782,0.343,4.1784,1.786,1.4677,1,1,0,0,0
501610,0,creature\gilneasstagecoach\gilneasstagecoach_carriage.m2,1,1,3,-1,18,12,1,0,0,0,0,0.6111,2.0313,0,-5.5441,-2.1945,-0.0922,1.0589,2.1945,5.149,1,1,0,0,0
501616,0,creature\revenant2_fire\revenant2_fire.m2,1,1,3,-1,18,12,1,0,0,0,7682,0.6111,2.0313,0,-2.0771,-3.7511,-0.4119,2.6941,3.5524,6.7053,0.3,0.3,0,0,0
501617,0,creature\ringworm\ringworm.m2,2,1,3,-1,18,12,1,0,0,0,3205,0.6111,2.0313,0,-3.1401,-1.1462,-0.4942,1.8371,1.0644,3.5684,1,1,0,0,0
501618,0,creature\ancientseaturtlefire\ancientseaturtlefire.m2,1,1,3,-1,18,12,1,0,0,0,3272,0.6111,2.0313,0,-3.3693,-1.435,-0.1156,1.4801,1.4268,2.4107,0.31,1,0,0,0
501619,0,creature\boundfireelemental\unboundfireelementallord.m2,1,1,3,-1,18,12,1,0,0,0,4716,0.6111,2.0313,0,-0.735,-1.6552,0.3277,1.4503,1.8114,4.3898,1,1,0,0,0
501620,0,creature\boundfireelemental\unboundfireelemental.m2,1,1,3,-1,18,12,1,0,0,0,158,0.6111,2.0313,0,-0.4843,-1.5145,0.2529,1.3196,1.7292,3.627,1,1.5,0,0,0
501621,0,world\goober\g_runeblue02.m2,1,1,20,-1,18,12,1,0,0,0,2881,0.5,2,0,0,0,0,0,0,0,1,1,0,0,0
501622,0,creature\maiev\maiev.m2,1,1,1,-1,14,10,1,0,0,0,2384,0.6111,2.0313,1.2579,-0.7449,-0.7661,-0.2729,0.4654,0.6677,1.9024,1,1,0,0,0
501623,0,creature\imp2\imp2_noflames.m2,1,1,3,-1,9,6,1,0,0,0,5039,0.6111,2.0313,0,-1.4383,-0.7688,0,0.7158,0.7774,1.8704,1,1,0,0,0
501624,0,creature\firespiderboss\firespiderboss.m2,1,1,1,-1,9,6,1,0,0,0,3911,0.6111,2.0313,0,-2.5722,-2.3969,-0.1908,2.2788,2.3889,3.8929,1,1.25,0,0,0
501625,0,creature\firehawk\firehawk_mount.m2,1,1,3,-1,40,28,1,0,0,0,3917,0.6111,2.0313,3.3836,-6.9346,-7.0429,-0.598,3.9697,5.9921,5.4739,1,1,0,0,0
501626,0,creature\shaman_thrall\shaman_thrall.m2,1,1,1,-1,18,12,1,0,0,0,3033,0.6111,2.0313,0,-0.6344,-0.7853,0,0.648,0.8801,2.7848,1,1,0,0,0
501627,0,creature\fireelemental_kar\fireelemental_kar.m2,1,1,5,-1,18,12,1,0,0,0,158,0.6111,2.0313,0,-0.9434,-1.5442,0.0853,1.0861,1.4752,2.9571,1,1,0,0,0
501628,0,creature\invisiblestalker\invisiblestalker.m2,1,1,20,-1,18,12,1,0,0,0,1608,0.6111,2.0313,1.301,1,1,1,-1,-1,-1,1,1,0,0,0
501629,0,creature\firehawk\firehawk_noarmor.m2,3,1,3,-1,72,48,1,0,0,0,3875,0.6111,2.0313,6.9293,-18.0795,-11.0915,-4.2644,5.2246,10.4472,9.9785,1,1,0,0,0
501630,0,creature\moltengiant\moltengiant.m2,3,1,11,-1,100,75,1,0,0,0,3916,0.6111,2.0313,9.3136,-4.8672,-8.7337,-0.019,3.6701,9.3638,16.0221,1,1.5,0,0,0
501631,4096,creature\onyxiaundead\onyxiaundead.m2,0,1,3,4,18,12,1,0,0,0,3129,0.6111,2.0313,8.139,-19.4808,-9.6593,-0.5537,10.5145,10.9888,14.0884,1,1,0,0,0
501632,4096,creature\dragonnefarianzombified\dragonnefarianzombified.m2,0,1,3,4,18,12,1,0,0,0,3129,0.6111,2.0313,8.139,-19.6937,-9.6594,-0.5905,10.32,9.5897,14.0884,1,1,0,0,0
501633,0,creature\dragonman\dragonman.m2,1,1,3,1,18,12,1,0,0,10,0,0.6112,2.031,1.3807,-2.6347,-1.1904,-0.0135,1.1818,1.2575,2.8357,1,1,0,0,0
501634,4096,creature\dragonatramedes\dragonatramedes.m2,4,1,1,5,30,20,3,0,2,12,3129,0.6111,2.0313,8.139,-21.8936,-9.6593,-0.8074,11.1964,9.5897,14.0884,1,1,0,0,0
501635,4097,creature\lavaworm\lavaworm_02.m2,4,1,3,4,18,12,1,0,0,0,3120,0.6111,2.0313,0,-11.2333,-13.2884,-6.6494,10.8489,13.5619,3.7822,0.3,1.35,0,0,0
501636,8192,creature\golemdwarven\golemdwarven.m2,0,1,3,4,18,12,1,0,0,0,2718,0.6112,2.031,0,-1.0709,-2.0422,-0.0983,2.0287,1.7766,3.3783,1,1,0,0,0
501637,12296,creature\chimerabeast\chimerabeast.m2,3,1,1,1,18,12,1,0,0,10,62,0.6112,2.031,0,-5.7308,-2.5807,-0.2611,2.654,3.9192,5.3983,1,1,0,0,0
501638,2052,character\gnome\male\gnomemale.m2,1,1,1,1,12,10,1,0,0,0,294,0.6944,1.0556,0.4101,-0.461,-0.3912,-0.0036,0.3153,0.4014,1.3024,1,1,0,0,0
501642,0,creature\dragonman\dragonman_var1.m2,1,1,3,1,18,12,1,0,0,10,1808,0.6112,2.031,1.3807,-2.5142,-1.1904,-0.2045,1.1818,1.2575,2.8076,1,1,0,0,0
501645,12288,creature\greaterslime\greaterslime.m2,0,1,3,4,18,12,1,0,0,0,3114,0.6112,2.031,0,-4.5448,-1.8344,-0.4461,1.6344,1.8435,1.7976,0.65,1,0,0,0
501646,12288,creature\greaterslime\greaterslime_unsorted.m2,0,1,3,4,18,12,1,0,0,0,3114,0.6112,2.031,0,0,0,0,0,0,0,0.65,0.65,0,0,0
501649,4097,creature\lavaworm\lavaworm.m2,4,1,3,4,18,12,1,0,0,0,3120,0.6111,2.0313,0,-1.1222,-1.0063,0.5604,1.4905,1.0339,2.1753,0.3,1.35,0,0,0
501650,12288,creature\questobjects\blackrockv2_shieldgong_01.m2,0,1,3,4,18,12,1,0,0,0,0,1.5561,3.119,0,-2.7778,-2.7778,0.0015,2.7778,2.7778,3.0999,1,1,0,0,0
501651,12288,creature\questobjects\blackrockv2_shieldgong_02.m2,0,1,3,4,18,12,1,0,0,0,0,1.5561,3.119,0,-2.7778,-2.7778,0.0015,2.7778,2.7778,3.0999,1,1,0,0,0
501652,12288,creature\questobjects\blackrockv2_shieldgong_03.m2,0,1,3,4,18,12,1,0,0,0,0,1.5561,3.119,0,-2.7778,-2.7778,0.0015,2.7778,2.7778,3.0999,1,1,0,0,0
501653,12288,creature\questobjects\blackrockv2_shieldgong_04.m2,0,1,3,4,18,12,1,0,0,0,0,1.5561,3.119,0,-2.7778,-2.7778,0.0015,2.7778,2.7778,3.0999,1,1,0,0,0
501654,12288,creature\questobjects\blackrockv2_shieldgong_05.m2,0,1,3,4,18,12,1,0,0,0,0,1.5561,3.119,0,-2.7778,-2.7778,0.0015,2.7778,2.7778,3.0999,1,1,0,0,0
501655,12288,creature\questobjects\blackrockv2_shieldgong_06.m2,0,1,3,4,18,12,1,0,0,0,0,1.5561,3.119,0,-2.7778,-2.7778,0.0015,2.7778,2.7778,3.0999,1,1,0,0,0
501656,12288,creature\questobjects\blackrockv2_shieldgong_07.m2,0,1,3,4,18,12,1,0,0,0,0,1.5561,3.119,0,-2.7778,-2.7778,0.0015,2.7778,2.7778,3.0999,1,1,0,0,0
501657,12288,creature\questobjects\blackrockv2_shieldgong_08.m2,0,1,3,4,18,12,1,0,0,0,0,1.5561,3.119,0,-2.7778,-2.7778,0.0015,2.7778,2.7778,3.0999,1,1,0,0,0
501658,0,Creature\dragonturtle\ridingdragonturtleepic.m2,0,1,1,4,18,12,1,0,1,10,4087,0.61111,2.03128,1.71404,-2.86525,-1.04571,-0.03449,1.15524,1.04279,2.3854,1,1,0,0,0
501659,0,Creature\giantboar\giantboarmount.m2,0,1,1,4,18,12,1,0,1,10,4670,0.61111,2.03128,5.62567,-5.97349,-3.46713,-0.00199,6.71962,3.49891,7.87579,1,1,0,0,0
501660,0,Creature\horse2mount\horse2mount.m2,0,1,1,4,18,12,1,0,1,10,5518,0.61111,2.03128,2.03405,-2.44328,-0.79803,-0.24652,2.05906,0.75111,2.99982,1,1,0,0,0
501661,0,Creature\pandarenserpent\pandarenserpentmount_lightning.m2,0,1,3,4,18,12,1,0,1,10,4102,0.61111,2.03128,2.76653,-9.12484,-6.44142,-0.25449,5.14492,5.0049,6.12994,1,1,0,0,0
501662,0,Creature\argustalbuk\argustalbuk.m2,0,1,1,4,18,12,1,0,1,10,5729,0.61111,2.03128,2.19879,-1.42743,-1.15115,-0.03104,1.74219,1.16306,3.17959,1,1,0,0,0
501663,0,Creature\wolfdraenor\wolfdraenormount.m2,0,1,1,4,18,12,1,0,1,10,73,0.61111,2.03128,1.54424,-2.27351,-0.64364,-0.18972,1.65475,0.6314,2.05372,1,1,0,0,0
501664,0,Creature\wolfserpentmount\wolfserpentmount.m2,0,1,4,4,18,12,1,0,1,10,7195,0.61111,2.03128,2.83514,-9.17959,-6.47244,0.19929,4.64173,5.04754,6.44344,1,1,0,0,0
501665,0,Creature\alpacamount\alpacamount.m2,0,1,1,4,18,12,1,0,1,10,6307,0.61111,2.03128,2.27796,-1.36123,-0.54292,-0.01339,1.60445,0.59331,3.0088,1,1,0,0,0
501666,0,Creature\aqirflyingmount\aqirflyingmount.m2,0,1,2,4,18,12,1,0,1,10,6748,0.61111,2.03128,0.61046,-0.77756,-0.36811,-0.02754,0.32232,0.51033,0.76774,1,1,0,0,0
501667,0,Creature\arathilynxmount\arathilynxmount.m2,0,1,1,4,18,12,1,0,1,10,8898,0.61111,2.03128,1.59212,-2.1738,-0.70693,-0.0137,1.00533,0.65926,1.74072,1,1,0,0,0
501668,0,Creature\ardenwealdstagmount\ardenwealdstagmount.m2,0,1,4,4,18,12,1,0,1,10,6858,0.61111,2.03128,2.19879,-1.74704,-1.15351,-0.01399,1.64802,1.14539,3.41177,1,1,0,0,0
501669,0,Creature\argusfelstalkermount\argusfelstalkermount.m2,0,1,2,4,18,12,1,0,1,10,5728,0.61111,2.03128,5.57377,-5.52616,-2.42948,-0.0618,4.12426,2.17915,5.12002,1,1,0,0,0
501670,0,Creature\automatonlionmount\automatonlionmount.m2,0,1,19,4,18,12,1,0,1,10,0,0.61111,2.03128,1.32008,-3.18792,-1.22587,-0.04502,1.06507,0.94839,1.48049,1,1,0,0,0
501671,0,Creature\brokermount\brokermount.m2,0,1,19,4,18,12,1,0,1,10,7246,0.61111,2.03128,0.08817,-1.38424,-1.38903,0.35461,1.39028,1.35833,1.28247,1,1,0,0,0
501672,0,Creature\butterflymount\butterflymount.m2,0,1,1,4,18,12,1,0,1,10,9319,0.61111,2.03128,0.52818,-2.12275,-1.7538,-0.30859,0.62944,1.7404,2.50796,1,1,0,0,0
501673,0,Creature\chessmount\chessmount.m2,0,1,3,4,18,12,1,0,1,10,9591,0.61111,2.03128,0,-2.76356,-1.5431,0.14304,1.89739,1.48425,1.72487,1,1,0,0,0
501674,0,Creature\cloudmount\cloudmount.m2,0,1,3,4,18,12,1,0,1,10,4263,0.61111,2.03128,0,-1.03299,-1.00507,0.61125,1.03722,0.97879,1.07179,1,1,0,0,0
501675,0,Creature\darkmoonhorsemount\darkmoonhorsemount.m2,0,1,1,4,18,12,1,0,1,10,5914,0.61111,2.03128,1.97734,-1.78558,-0.61994,-0.01362,1.84873,0.58818,3.73575,1,1,0,0,0
501676,0,Creature\deathwargmount\deathwargmount.m2,0,1,1,4,18,12,1,0,1,10,6787,0.61111,2.03128,2.0621,-1.8051,-0.94459,-0.01087,1.68335,0.94082,2.50086,1,1,0,0,0
501677,0,Creature\dreamsabermount\dreamsabermount.m2,0,1,1,4,18,12,1,0,1,10,6414,0.61111,2.03128,1.34646,-2.86426,-0.96422,-0.03243,1.08905,0.70305,1.61159,1,1,0,0,0
501678,0,Creature\dwarfgryphonmount\dwarfgryphonmount.m2,0,1,1,4,18,12,1,0,1,10,9631,0.61111,2.03128,1.80055,-3.39301,-1.43129,-0.12925,2.41026,1.45483,2.7322,1,1,0,0,0
501679,0,Creature\elekkfelmount\elekkfelmount.m2,0,1,1,4,18,12,1,0,1,10,2188,0.61111,2.03128,3.20422,-2.33087,-1.70294,-0.03477,3.96589,1.42658,3.94272,1,1,0,0,0
501680,0,Creature\emeralddreamstagmount\emeralddreamstagmount.m2,0,1,4,4,18,12,1,0,1,10,8538,0.61111,2.03128,2.19879,-1.13986,-1.31937,-0.02043,1.68241,1.17848,3.60264,1,1,0,0,0
501681,0,Creature\firebeemount\firebeemount.m2,0,1,21,4,18,12,1,0,1,10,8686,0.61111,2.03128,0.55481,-0.8496,-0.35419,-0.02512,0.49326,0.4969,0.72893,1,1,0,0,0
501682,0,Creature\flyingcarpetmount4\flyingcarpetmount4.m2,0,1,3,4,18,12,1,0,1,10,10129,0.61111,2.03128,0.14576,-3.28253,-2.69984,0.07005,3.35658,2.72076,2.22419,1,1,0,0,0
501683,0,Creature\flyingnerubian2mount\flyingnerubian2mount.m2,0,1,3,4,18,12,1,0,1,10,9018,0.61111,2.03128,1.76667,-3.11093,-2.86874,-0.20137,2.33543,2.9141,2.79046,1,1,0,0,0
501684,0,Creature\forsakenhorsemount\forsakenhorsemount.m2,0,1,1,4,18,12,1,0,1,10,9562,0.61111,2.03128,1.87643,-2.57686,-0.97077,-0.01796,1.88334,0.98176,2.97528,1,1,0,0,0
501685,0,Creature\fox2\fox2.m2,0,1,4,4,18,12,1,0,1,10,6849,0.61111,2.03128,1.26533,-2.46785,-0.48338,-0.03456,1.81338,0.44429,1.8959,1,1,0,0,0
501686,0,Creature\gardensnailmount\gardensnailmount.m2,0,1,4,4,18,12,1,0,1,10,10120,0.61111,2.03128,2.83575,-2.70939,-1.19544,-0.07607,2.22805,1.1255,4.14739,1,1,0,0,0
501687,0,Creature\gardenvinemount\gardenvinemount.m2,0,1,2,4,18,12,1,0,1,10,10093,0.61111,2.03128,2.78003,-6.82983,-5.05335,0.21579,5.13663,2.04629,5.81894,1,1,0,0,0
501689,0,Creature\giantvampirebatmount\giantvampirebatmount.m2,0,1,1,4,18,12,1,0,1,10,7142,0.61111,2.03128,1.71251,-2.04856,-4.4293,1.76196,2.81098,4.44947,7.07632,1,1,0,0,0
501690,0,Creature\gilneashorsemount\gilneashorsemount.m2,0,1,1,4,18,12,1,0,1,10,5914,0.61111,2.03128,2.01256,-1.6054,-0.97985,-0.00007,1.90842,1.45659,2.52656,1,1,0,0,0
501691,0,Creature\harronircatmount\harronircatmount.m2,0,1,1,4,18,12,1,0,1,10,9914,0.61111,2.03128,1.92493,-6.27871,-1.65361,-0.00493,2.11526,0.99976,2.67835,1,1,0,0,0
501692,0,Creature\headlesshorsemanmount2\headlesshorsemanmount2.m2,0,1,1,4,18,12,1,0,1,10,9674,0.61111,2.03128,1.95756,-2.35126,-0.7356,-0.3822,1.88149,0.68989,2.9183,1,1,0,0,0
501693,0,Creature\hedgehogmount\hedgehogmount.m2,0,1,20,4,18,12,1,0,1,10,9493,0.61111,2.03128,1.92031,-1.9973,-1.57887,-0.0026,1.63601,1.58683,2.68138,1,1,0,0,0
501694,0,Creature\hippomount\hippomount.m2,0,1,1,4,18,12,1,0,1,10,4584,0.61111,2.03128,6.10878,-10.43329,-3.2724,-0.00223,6.25635,2.94589,10.70562,1,1,0,0,0
501695,0,Creature\huntermount\huntermount.m2,0,1,1,4,18,12,1,0,1,10,5642,0.61111,2.03128,1.34456,-4.75156,-1.7218,-0.09726,1.84751,1.07902,2.09746,1,1,0,0,0
501696,0,Creature\hyena2goblinmount\hyena2goblinmount.m2,0,1,1,4,18,12,1,0,1,10,9372,0.61111,2.03128,1.49579,-1.62534,-0.61439,-0.00376,1.72318,0.64522,2.46245,1,1,0,0,0
501697,0,Creature\ironjuggernaut\ironjuggernautmount.m2,0,1,3,4,18,12,1,0,1,10,4538,0.61111,2.03128,0.79506,-1.31012,-1.23141,-0.02524,1.71004,1.45501,1.68677,1,1,0,0,0
501698,0,Creature\kareshflyermount\kareshflyermount.m2,0,1,20,4,18,12,1,0,1,10,9740,0.61111,2.03128,7.40754,-17.82544,-5.99944,-1.79987,5.33409,5.64885,12.55459,1,1,0,0,0
501699,0,Creature\kirinmount\kirinmount.m2,0,1,1,4,18,12,1,0,1,10,7940,0.61111,2.03128,2.0869,-2.63238,-0.67096,-0.03137,2.34857,0.62356,3.28189,1,1,0,0,0
501700,0,Creature\kirinmountdracthyr\kirinmountdracthyr.m2,0,1,1,4,18,12,1,0,1,10,7963,0.61111,2.03128,2.0869,-2.61435,-0.67096,-0.02053,1.81705,0.62356,3.28189,1,1,0,0,0
501701,0,Creature\lightforgedelekk\lightforgedelekk.m2,0,1,1,4,18,12,1,0,1,10,2188,0.61111,2.03128,2.89744,-2.23101,-2.00122,-0.01048,4.1239,1.64193,4.48457,1,1,0,0,0
501702,0,Creature\lovebroom\lovebroom.m2,0,1,20,4,18,12,1,0,1,10,9220,0.61111,2.03128,0.0345,-1.4613,-0.763,0.76974,3.40977,0.77357,2.1545,1,1,0,0,0
501703,0,Creature\maldraxxusboarmount\maldraxxusboarmount.m2,0,1,3,4,18,12,1,0,1,10,6863,0.61111,2.03128,5.14608,-5.74379,-2.58612,-0.00199,7.76746,2.6771,6.60861,1,1,0,0,0
501704,0,Creature\mammoth2lavamount\mammoth2lavamount.m2,0,1,5,4,18,12,1,0,1,10,7696,0.61111,2.03128,3.91573,-2.25133,-1.98804,-0.05443,5.04495,1.99174,5.48644,1,1,0,0,0
501705,0,Creature\mawexpansionbearmount\mawexpansionbearmount.m2,0,1,16,4,18,12,1,0,1,10,7224,0.61111,2.03128,2.08624,-2.19638,-1.0908,-0.0154,1.67903,1.09352,2.24642,1,1,0,0,0
501706,0,Creature\mawhorsespikes\mawhorsespikes.m2,0,1,19,4,18,12,1,0,1,10,7345,0.61111,2.03128,1.89837,-1.92384,-0.63496,-0.26186,1.96943,0.62795,2.73724,1,1,0,0,0
501707,0,Creature\moosemount2\moosemount2.m2,0,1,1,4,18,12,1,0,1,10,4991,0.61111,2.03128,2.04689,-1.42032,-1.12781,0.0056,2.4419,1.09559,3.74759,1,1,0,0,0
501708,0,Creature\mothardenwealdmount\mothardenwealdmount.m2,0,1,4,4,18,12,1,0,1,10,6851,0.61111,2.03128,0.55481,-2.0484,-1.63291,-0.2551,0.39769,1.65376,2.49411,1,1,0,0,0
501709,0,Creature\murlocmount\murlocmount.m2,0,1,1,4,18,12,1,0,1,10,6888,0.61111,2.03128,6.16661,-2.40129,-3.37355,-0.23045,3.80111,3.72276,7.68026,1,1,0,0,0
501710,0,Creature\nerubianwarbeastmount\nerubianwarbeastmount.m2,0,1,1,4,18,12,1,0,1,10,8915,0.61111,2.03128,5.65102,-6.63806,-4.3017,-0.56586,5.54135,4.04302,6.08227,1,1,0,0,0
501711,0,Creature\nightsaber2mount\nightsaber2mount.m2,0,1,1,4,18,12,1,0,1,10,6414,0.61111,2.03128,1.36388,-2.64459,-0.80801,-0.01552,1.07193,0.53798,1.34613,1,1,0,0,0
501712,0,Creature\nzothserpentmount\nzothserpentmount.m2,0,1,3,4,18,12,1,0,1,10,5633,0.61111,2.03128,2.9703,-9.53137,-6.64631,0.16131,4.40815,5.25293,5.62511,1,1,0,0,0
501713,0,Creature\pandarenkitemount\pandarenkitemount.m2,0,1,1,4,18,12,1,0,1,10,4130,0.61111,2.03128,0.39398,-16.2607,-9.29141,1.15927,14.38215,9.2898,9.76724,1,1,0,0,0
501714,0,Creature\parrotmount\parrotmount.m2,0,1,1,4,18,12,1,0,1,10,6353,0.61111,2.03128,0.99966,-1.93156,-3.47963,0.45693,2.2303,3.51779,4.84869,1,1,0,0,0
501715,0,Creature\progenitorjellyfishmount\progenitorjellyfishmount.m2,0,1,17,4,18,12,1,0,1,10,7456,0.61111,2.03128,4.1363,-5.7439,-5.34621,-0.08516,5.06627,5.34114,12.44723,1,1,0,0,0
501716,0,Creature\progenitorsnailmount\progenitorsnailmount.m2,0,1,17,4,18,12,1,0,1,10,7418,0.61111,2.03128,2.83575,-2.86993,-1.57507,-0.09031,2.4,1.63072,3.94265,1,1,0,0,0
501717,0,Creature\progenitorstagmount\progenitorstagmount.m2,0,1,17,4,18,12,1,0,1,10,7463,0.61111,2.03128,2.19879,-1.11489,-1.10583,-0.02417,1.65052,1.09772,4.00599,1,1,0,0,0
501718,0,Creature\progenitortoadmount\progenitortoadmount.m2,0,1,17,4,18,12,1,0,1,10,7473,0.61111,2.03128,2.57732,-2.10532,-1.62603,-0.00789,1.82215,1.4355,3.51698,1,1,0,0,0
501719,0,Creature\progenitorwaspmount\progenitorwaspmount.m2,0,1,17,4,18,12,1,0,1,10,7268,0.61111,2.03128,0.47652,-1.22588,-0.59214,-0.01939,0.47789,0.55634,0.79567,1,1,0,0,0
501720,0,Creature\progenitorwombatmount\progenitorwombatmount.m2,0,1,17,4,18,12,1,0,1,10,7481,0.61111,2.03128,1.82098,-1.70401,-1.1447,-0.01081,1.53493,1.08886,2.42447,1,1,0,0,0
501721,0,Creature\protodrakegladiatormount\protodrakegladiatormount.m2,0,1,3,4,18,12,1,0,1,10,6243,0.61111,2.03128,3.52793,-7.31062,-5.84998,-0.20774,2.52543,5.9708,4.4357,1,1,0,0,0
501722,0,Creature\riverotterlargemount02\riverotterlargemount02.m2,0,1,1,4,18,12,1,0,1,10,7771,0.61111,2.03128,0,-2.8268,-0.74991,-0.0023,1.2519,0.53618,1.27282,1,1,0,0,0
501723,0,Creature\rocmaldraxxusmount\rocmaldraxxusmount.m2,0,1,3,4,18,12,1,0,1,10,6930,0.61111,2.03128,7.40753,-15.84849,-7.72381,-0.29999,5.60411,7.13418,12.16711,1,1,0,0,0
501724,0,Creature\scarabmount\scarabmount.m2,0,1,16,4,18,12,1,0,1,10,6710,0.61111,2.03128,0.53361,-2.03028,-1.45815,-0.04768,1.28616,1.70546,3.4019,1,1,0,0,0
501725,0,Creature\serpentmount\serpentmount.m2,0,1,3,4,18,12,1,0,1,10,5633,0.61111,2.03128,2.88361,-7.3221,-5.53539,-0.32863,5.73889,1.97928,5.49953,1,1,0,0,0
501726,0,Creature\shadebeastmount\shadebeastmount.m2,0,1,7,4,18,12,1,0,1,10,6918,0.61111,2.03128,3.26249,-6.67763,-2.4082,-0.06196,3.27984,2.26458,3.87255,1,1,0,0,0
501727,0,Creature\siberiantiger\siberiantigermount.m2,0,1,1,4,18,12,1,0,1,10,4093,0.61111,2.03128,1.24137,-2.71854,-0.99909,-0.02203,1.06581,0.72336,1.44528,1,1,0,0,0
501728,0,Creature\stalkermount\stalkermount.m2,0,1,1,4,18,12,1,0,1,10,10179,0.61111,2.03128,1.92493,-6.24047,-1.55854,-0.00754,2.24059,0.91975,2.42145,1,1,0,0,0
501729,0,Creature\tallstrider2\tallstrider2.m2,0,1,1,4,18,12,1,0,1,10,38,0.61111,2.03128,2.33269,-1.96292,-0.81593,-0.00056,1.45207,0.911,3.29524,1,1,0,0,0
501730,0,Creature\toadloamount\toadloamount.m2,0,1,2,4,18,12,1,0,1,10,7474,0.61111,2.03128,2.70989,-2.15021,-1.76145,-0.01268,1.83166,1.60015,3.27234,1,1,0,0,0
501731,0,Creature\treasurebasiliskmount\treasurebasiliskmount.m2,0,1,1,4,18,12,1,0,1,10,5069,0.61111,2.03128,2.09295,-5.80656,-2.70816,-0.08273,3.23005,2.64347,3.18161,1,1,0,0,0
501732,0,Creature\turkeymount\turkeymount.m2,0,1,1,4,18,12,1,0,1,10,9810,0.61111,2.03128,2.33269,-2.33205,-1.66192,-0.00899,1.49977,1.78245,3.50145,1,1,0,0,0
501733,0,Creature\amanibearmount\amanibearmount.m2,0,1,1,4,18,12,1,0,1,10,10158,0.61111,2.03128,2.10654,-1.98348,-1.24348,-0.02841,1.73,1.23088,2.7012,1,1,0,0,0
501734,0,Creature\amanipangolinmount\amanipangolinmount.m2,0,1,1,4,18,12,1,0,1,10,10156,0.61111,2.03128,2.02115,-3.85305,-1.69364,-0.0403,2.07697,1.25339,2.53817,1,1,0,0,0
501735,0,Creature\bloodknightcharger\bloodknightcharger.m2,0,1,1,4,18,12,1,0,1,10,5914,0.61111,2.03128,2.01256,-1.8771,-0.63497,-0.01434,2.02992,0.6445,3.0735,1,1,0,0,0
501736,0,Creature\celestialserpent\celestialserpentmount.m2,0,1,3,4,18,12,1,0,1,10,4101,0.61111,2.03128,2.78003,-9.12484,-6.44141,-0.46634,5.03212,6.22664,9.63712,1,1,0,0,0
501737,0,Creature\corehound2\corehoundmount.m2,0,1,1,4,18,12,1,0,1,10,2913,0.61111,2.03128,3.90907,-4.19223,-2.38645,-0.02287,3.61927,2.40499,5.04596,1,1,0,0,0
501738,0,Creature\cosmicflyermount\cosmicflyermount.m2,0,1,1,4,18,12,1,0,1,10,9943,0.61111,2.03128,2.88839,-3.94098,-2.30969,0.63136,1.83427,2.34753,5.20768,1,1,0,0,0
501739,0,Creature\crystalmech\crystalmech.m2,0,1,20,4,18,12,1,0,1,10,9036,0.61111,2.03128,3.11397,-2.13816,-2.90953,-0.27722,1.44693,2.90717,4.39892,1,1,0,0,0
501740,0,Creature\darkhoundmount_draka\darkhoundmount_draka.m2,0,1,3,4,18,12,1,0,1,10,5,0.61111,2.03128,1.43927,-1.956,-0.61439,-0.10628,1.65898,0.64539,1.90684,1,1,0,0,0
501741,0,Creature\devourermediummount\devourermediummount.m2,0,1,4,4,18,12,1,0,1,10,6902,0.61111,2.03128,5.58224,-2.02832,-3.14088,-0.13924,2.91942,2.84135,6.96813,1,1,0,0,0
501742,0,Creature\devourerswarmermount\devourerswarmermount.m2,0,1,4,4,18,12,1,0,1,10,7219,0.61111,2.03128,3.20076,-6.07625,-2.27053,-0.04719,1.73721,2.57246,4.13081,1,1,0,0,0
501743,0,Creature\drakemount\armoredtwilightdrake.m2,0,1,3,4,18,12,1,0,1,10,2684,0.61111,2.03128,3.1117,-7.83692,-3.0527,-0.34127,3.34842,2.89318,3.72998,1,1,0,0,0
501744,0,Creature\dwarvenmechboss\dwarvenmechboss.m2,0,1,19,4,18,12,1,0,1,10,8735,0.61111,2.03128,3.24022,-2.32867,-3.40036,-0.03835,1.52615,2.93359,4.38915,1,1,0,0,0
501745,0,Creature\eagle2windmount\eagle2windmount.m2,0,1,1,4,18,12,1,0,1,10,7666,0.61111,2.03128,1.1799,-6.68803,-1.46834,-0.14422,1.51844,1.49274,3.63773,1,1,0,0,0
501746,0,Creature\encrypted13\encrypted13.m2,0,1,3,4,18,12,1,0,1,10,2684,0.61111,2.03128,3.37921,-7.557,-3.11149,-0.3468,2.95362,2.94985,3.94484,1,1,0,0,0
501747,0,Creature\facelessmount\facelessmount2.m2,0,1,16,4,18,12,1,0,1,10,5542,0.61111,2.03128,2.61909,-5.69527,-5.34924,0.02246,5.06811,5.34013,11.00346,1,1,0,0,0
501748,0,Creature\fellessergronn\fellessergronnmount.m2,0,1,1,4,18,12,1,0,1,10,4732,0.61111,2.03128,5.75337,-2.18484,-3.19704,-0.23154,3.85566,3.77352,7.54021,1,1,0,0,0
501749,0,Creature\felstalkermount\felstalkermount.m2,0,1,3,4,18,12,1,0,1,10,5009,0.61111,2.03128,1.54424,-2.34031,-0.57402,-0.17018,1.69903,0.60354,1.99376,1,1,0,0,0
501750,0,Creature\fireravengodmount\fireravengodmount.m2,0,1,1,4,18,12,1,0,1,10,2451,0.61111,2.03128,2.72307,-5.52099,-3.11839,-0.64799,2.12433,3.14125,3.78569,1,1,0,0,0
501751,0,Creature\gianteagle2mount\gianteagle2mount.m2,0,1,1,4,18,12,1,0,1,10,10106,0.61111,2.03128,1.1437,-4.46766,-0.92523,-0.08187,1.54866,1.01721,3.70029,1,1,0,0,0
501752,0,Creature\gianteagle2sunwalkermount\gianteagle2sunwalkermount.m2,0,1,1,4,18,12,1,0,1,10,10409,0.61111,2.03128,1.1799,-4.46766,-1.04679,-0.10621,1.5332,1.10786,3.14849,1,1,0,0,0
501753,0,Creature\hippocampusmount\hippocampusmount.m2,0,1,1,4,18,12,1,0,1,10,6275,0.61111,2.03128,0.65366,-1.94388,-1.22499,-0.03822,2.50491,1.21891,5.82641,1,1,0,0,0
501754,0,Creature\hunterkillership\hunterkillership.m2,0,1,19,4,18,12,1,0,1,10,6537,0.61111,2.03128,2.1631,-4.12552,-6.47997,-4.15566,4.20781,6.53437,4.56327,1,1,0,0,0
501755,0,Creature\jailerhoundmount\jailerhoundmount.m2,0,1,19,4,18,12,1,0,1,10,7149,0.61111,2.03128,2.00678,-2.04067,-0.97575,-0.0455,1.66001,0.94793,2.35384,1,1,0,0,0
501756,0,Creature\kaijubatmount\kaijubatmount.m2,0,1,1,4,18,12,1,0,1,10,10101,0.61111,2.03128,5.57377,-5.65326,-4.37417,-0.73999,4.35962,4.10979,5.79046,1,1,0,0,0
501757,0,Creature\kareshroamermount\kareshroamermount.m2,0,1,1,4,18,12,1,0,1,10,9616,0.61111,2.03128,2.90156,-2.33739,-0.73179,-0.0362,2.22072,0.7179,3.59362,1,1,0,0,0
501758,0,Creature\lessergronn\lessergronnmount.m2,0,1,1,4,18,12,1,0,1,10,4732,0.61111,2.03128,5.75337,-2.18481,-3.17265,-0.10497,3.33215,3.20932,7.17177,1,1,0,0,0
501759,0,Creature\lovefoxmount\lovefoxmount.m2,0,1,1,4,18,12,1,0,1,10,6428,0.61111,2.03128,1.33733,-2.42475,-0.51676,-0.00577,1.86555,0.47238,1.88916,1,1,0,0,0
501760,0,Creature\maldraxxusflyermount\maldraxxusflyermount.m2,0,1,3,4,18,12,1,0,1,10,7104,0.61111,2.03128,1.48088,-3.55117,-2.73028,-0.1402,4.07059,2.78514,3.54157,1,1,0,0,0
501761,0,Creature\mammoth2mount\mammoth2mount.m2,0,1,1,4,18,12,1,0,1,10,7695,0.61111,2.03128,3.91573,-2.10503,-1.7317,-0.00379,3.94198,1.62702,5.26701,1,1,0,0,0
501762,0,Creature\manawyrm2mount\manawyrm2mount.m2,0,1,20,4,18,12,1,0,1,10,10243,0.61111,2.03128,1.41144,-4.37399,-2.55184,-0.06254,2.31871,2.39824,2.95423,1,1,0,0,0
501763,0,Creature\mechagonspidertank\mechagonspidertank.m2,0,1,19,4,18,12,1,0,1,10,6542,0.61111,2.03128,2.04681,-2.82086,-3.28434,-0.81635,3.04156,3.28136,3.35233,1,1,0,0,0
501764,0,Creature\motorcyclefelreavermount\motorcyclefelreavermount.m2,0,1,19,4,18,12,1,0,1,10,8711,0.61111,2.03128,0.76239,-1.89284,-0.80138,-0.04959,2.73803,1.03128,2.26324,1,1,0,0,0
501765,0,Creature\oldgodfishmount\oldgodfishmount.m2,0,1,3,4,18,12,1,0,1,10,8799,0.61111,2.03128,1.31186,-8.42282,-3.84123,-0.00502,2.64853,3.63368,5.07399,1,1,0,0,0
501766,0,Creature\pandarenyetimount\pandarenyetimount.m2,0,1,1,4,18,12,1,0,1,10,4163,0.61111,2.03128,4.83023,-2.25421,-3.57126,-0.22859,3.58109,4.44412,6.95125,1,1,0,0,0
501767,0,Creature\progenitorhawkmount\progenitorhawkmount.m2,0,1,17,4,18,12,1,0,1,10,7399,0.61111,2.03128,1.17322,-4.67029,-0.91263,-0.07802,1.46044,0.98684,2.99417,1,1,0,0,0
501768,0,Creature\progenitorspidermount\progenitorspidermount.m2,0,1,17,4,18,12,1,0,1,10,7402,0.61111,2.03128,0.85924,-1.86626,-2.30386,-0.08472,3.56264,2.3039,2.04562,1,1,0,0,0
501769,0,Creature\reddrakemount\reddrakemount.m2,0,1,3,4,18,12,1,0,1,10,2684,0.61111,2.03128,2.79775,-7.83692,-3.05474,-0.39375,3.23157,2.89492,4.92109,1,1,0,0,0
501770,0,Creature\ridingsilithid2\ridingsilithid2.m2,0,1,2,4,18,12,1,0,1,10,2112,0.61111,2.03128,1.85438,-2.19517,-1.3545,-0.03834,1.37345,1.61172,3.28443,1,1,0,0,0
501771,0,Creature\sabretoothraptormount\sabretoothraptormount.m2,0,1,1,4,18,12,1,0,1,10,8605,0.61111,2.03128,2.56071,-4.8846,-1.95043,-0.01328,1.81527,2.12544,4.04044,1,1,0,0,0
501772,0,Creature\salamanderwatermount\salamanderwatermount.m2,0,1,4,4,18,12,1,0,1,10,7664,0.61111,2.03128,1.92917,-6.82266,-1.50513,-0.46131,2.06357,1.56664,2.03234,1,1,0,0,0
501773,0,Creature\seahorse\seahorsemount.m2,0,1,1,4,18,12,1,0,1,10,3147,0.61111,2.03128,0.64185,-2.31536,-1.07906,-0.25626,2.71011,1.07631,6.08281,1,1,0,0,0
501774,0,Creature\shadowelementalmount\shadowelementalmount.m2,0,1,7,4,18,12,1,0,1,10,8939,0.61111,2.03128,4.0868,-1.76507,-2.51658,-0.32654,3.6532,2.60851,4.30341,1,1,0,0,0
501775,0,Creature\skeletalwarhorse\skeletalwarhorse.m2,0,1,3,4,18,12,1,0,1,10,428,0.61111,2.03128,1.92443,-1.53023,-0.76912,-0.01991,2.08626,0.72506,3.90775,1,1,0,0,0
501776,0,Creature\snapdragonmount\snapdragonmount.m2,0,1,4,4,18,12,1,0,1,10,6557,0.61111,2.03128,1.3628,-3.9933,-0.98202,-0.01319,1.15168,0.76195,1.80771,1,1,0,0,0
501777,0,Creature\soulhoundmount\soulhoundmount.m2,0,1,2,4,18,12,1,0,1,10,5731,0.61111,2.03128,1.46819,-1.9186,-1.11552,-0.08881,0.98649,1.17213,2.00903,1,1,0,0,0
501778,0,Creature\spiderundergroundmount\spiderundergroundmount.m2,0,1,3,4,18,12,1,0,1,10,9009,0.61111,2.03128,1.05057,-2.83546,-3.01067,-0.00437,2.13557,2.74758,2.13789,1,1,0,0,0
501779,0,Creature\stormdragon\stormdragonmount.m2,0,1,1,4,18,12,1,0,1,10,5140,0.61111,2.03128,3.12506,-6.78348,-3.10923,-0.28221,3.06372,2.94737,3.76616,1,1,0,0,0
501780,0,Creature\thunderlizardprimalmount\thunderlizardprimalmount.m2,0,1,1,4,18,12,1,0,1,10,7662,0.61111,2.03128,4.10672,-8.98718,-2.84029,-0.77613,4.39456,2.69524,6.17057,1,1,0,0,0
501781,0,Creature\tuskarrmoosemount\tuskarrmoosemount.m2,0,1,1,4,18,12,1,0,1,10,4991,0.61111,2.03128,2.35012,-1.73059,-1.18934,0.0056,2.44162,1.16398,3.75993,1,1,0,0,0
501782,0,Creature\voidcreepermount\voidcreepermount.m2,0,1,1,4,18,12,1,0,1,10,9598,0.61111,2.03128,2.93875,-7.4096,-2.53315,-0.53386,3.3395,2.5346,4.18262,1,1,0,0,0
501783,0,Creature\warnightsabermount\warnightsabermount.m2,0,1,1,4,18,12,1,0,1,10,1829,0.61111,2.03128,1.35222,-3.15239,-1.11362,-0.01908,1.35325,0.81133,2.92415,1,1,0,0,0
501784,0,Creature\wingedlion2mount\wingedlion2mount.m2,0,1,17,4,18,12,1,0,1,10,6783,0.61111,2.03128,1.26523,-3.36035,-0.70547,-0.05225,1.24285,0.76894,1.9046,1,1,0,0,0
501785,0,Creature\alliancepvpmount\alliancepvpmount.m2,0,1,1,4,18,12,1,0,1,10,5914,0.61111,2.03128,1.98068,-1.29987,-0.63354,-0.01819,2.35862,0.53121,4.18352,1,1,0,0,0
501786,0,Creature\alliancewolfmount2\alliancewolfmount2.m2,0,1,1,4,18,12,1,0,1,10,6513,0.61111,2.03128,1.54424,-2.27351,-0.63225,-0.18972,1.65475,0.62766,2.29922,1,1,0,0,0
501787,0,Creature\arcanegolem2mount\arcanegolem2mount.m2,0,1,20,4,18,12,1,0,1,10,10135,0.61111,2.03128,2.894,-1.07998,-3.18439,-0.00486,1.84028,2.87567,5.29744,1,1,0,0,0
501788,0,Creature\armoredraptor\armoredraptor.m2,0,1,1,4,18,12,1,0,1,10,5838,0.61111,2.03128,2.56071,-4.76371,-1.8805,-0.0669,1.8266,2.06667,3.59696,1,1,0,0,0
501789,0,Creature\bat\batmount.m2,0,1,2,4,18,12,1,0,1,10,189,0.61111,2.03128,1.33923,-2.8033,-6.72439,-0.33796,4.10271,6.75839,9.38702,1,1,0,0,0
501790,0,Creature\beemount\beemount.m2,0,1,2,4,18,12,1,0,1,10,5988,0.61111,2.03128,0.55481,-0.69185,-0.3543,-0.01516,0.41261,0.4827,0.86543,1,1,0,0,0
501791,0,Creature\bloodtickmount\bloodtickmount.m2,0,1,1,4,18,12,1,0,1,10,5890,0.61111,2.03128,1.35966,-2.18919,-2.47011,-0.04411,2.15215,2.51441,2.61035,1,1,0,0,0
501792,0,Creature\bloodtrollfemalebeast_mount\bloodtrollbeast_mount.m2,0,1,1,4,18,12,1,0,1,10,5846,0.61111,2.03128,3.46155,-4.54315,-1.35098,-0.05638,1.89063,1.5887,3.9633,1,1,0,0,0
501793,0,Creature\chimera2\ironchimera.m2,0,1,1,4,18,12,1,0,1,10,4582,0.61111,2.03128,1.51883,-3.87568,-2.70603,-0.13447,3.95206,2.76085,3.31202,1,1,0,0,0
501794,0,Creature\crabmount\crabmount.m2,0,1,3,4,18,12,1,0,1,10,5999,0.61111,2.03128,2.49362,-2.43386,-1.54584,-0.05126,2.40534,2.98168,3.29169,1,1,0,0,0
501795,0,Creature\devourersmallmount\devourersmallmount.m2,0,1,4,4,18,12,1,0,1,10,6903,0.61111,2.03128,1.54274,-2.13315,-2.42038,-0.03792,2.14407,2.46369,2.7654,1,1,0,0,0
501796,0,Creature\dhmount2\dhmount2.m2,0,1,2,4,18,12,1,0,1,10,5408,0.61111,2.03128,5.57377,-5.65673,-4.21116,-0.75639,4.39623,3.9563,5.68843,1,1,0,0,0
501797,0,Creature\dkmount\dkmount.m2,0,1,3,4,18,12,1,0,1,10,5630,0.61111,2.03128,2.91801,-7.58814,-3.09849,-0.31576,3.08738,3.02549,3.80421,1,1,0,0,0
501798,0,Creature\dogprimalmount\dogprimalmount.m2,0,1,20,4,18,12,1,0,1,10,8214,0.61111,2.03128,1.70474,-1.59894,-0.67322,-0.00872,1.85869,0.68342,2.15337,1,1,0,0,0
501799,0,Creature\dragonwhelp3\dragonwhelp3.m2,0,1,1,4,18,12,1,0,1,10,7735,0.61111,2.03128,0,-1.10836,-1.36722,0.72366,1.00986,1.3202,2.48603,1,1,0,0,0
501800,0,Creature\drake2mountgladiator\drake2mountgladiator.m2,0,1,1,4,18,12,1,0,1,10,7889,0.61111,2.03128,3.26143,-8.07474,-3.64071,-0.15709,3.80174,3.60468,4.74994,1,1,0,0,0
501801,0,Creature\dwarfpaladinram\dwarfpaladinram.m2,0,1,1,4,18,12,1,0,1,10,6123,0.61111,2.03128,1.9251,-1.24316,-1.03307,-0.01115,2.44979,1.12762,2.44809,1,1,0,0,0
501802,0,Creature\eagle2\eagle2.m2,0,1,1,4,18,12,1,0,1,10,5049,0.61111,2.03128,0.87221,-1.62255,-3.14966,0.49128,1.98896,3.18514,4.4489,1,1,0,0,0
501803,0,Creature\electriceelviciousmount\electriceelviciousmount.m2,0,1,20,4,18,12,1,0,1,10,9281,0.61111,2.03128,1.41144,-9.02082,-3.40612,-0.221,7.32814,3.40612,2.76444,1,1,0,0,0
501804,0,Creature\felbatgladiatormount\felbatgladiatormount.m2,0,1,21,4,18,12,1,0,1,10,9019,0.61111,2.03128,5.57377,-5.44578,-4.1144,-0.52204,3.44709,3.8582,5.8136,1,1,0,0,0
501805,0,Creature\firefly2mount\firefly2mount.m2,0,1,21,4,18,12,1,0,1,10,9043,0.61111,2.03128,0.55481,-1.53388,-1.70583,-0.031,0.67122,1.76114,2.62471,1,1,0,0,0
501806,0,Creature\foxwyvernmount\foxwyvernmount.m2,0,1,1,4,18,12,1,0,1,10,7665,0.61111,2.03128,1.48159,-4.48862,-1.44847,-0.12227,1.58729,1.35984,2.04796,1,1,0,0,0
501807,0,Creature\hippogryph2\hippogryph2mount.m2,0,1,1,4,18,12,1,0,1,10,6019,0.61111,2.03128,1.88129,-2.30374,-1.2179,-0.11375,2.13246,1.26771,3.09277,1,1,0,0,0
501808,0,Creature\hordepvpmount\hordepvpmount.m2,0,1,1,4,18,12,1,0,1,10,1828,0.61111,2.03128,1.39053,-2.30105,-0.73847,-0.24214,1.79153,0.73847,3.57067,1,1,0,0,0
501809,0,Creature\hordescorpionmount\hordescorpionmount.m2,0,1,1,4,18,12,1,0,1,10,4146,0.61111,2.03128,0.69867,-1.23794,-1.14919,-0.01804,1.37388,1.257,1.50782,1,1,0,0,0
501810,0,Creature\horse2ardenweald\horse2ardenweald.m2,0,1,17,4,18,12,1,0,1,10,6828,0.61111,2.03128,1.95104,-2.35227,-0.45612,-0.06516,1.85299,0.4554,3.17522,1,1,0,0,0
501811,0,Creature\horse2bastionmount\horse2bastionmount.m2,0,1,17,4,18,12,1,0,1,10,6998,0.61111,2.03128,1.95104,-2.33302,-0.45942,-0.06516,1.96489,0.45806,2.89049,1,1,0,0,0
501812,0,Creature\hyena2mount\hyena2mount.m2,0,1,1,4,18,12,1,0,1,10,5921,0.61111,2.03128,1.49579,-1.63216,-0.78217,-0.06866,1.72318,0.71607,2.02935,1,1,0,0,0
501813,0,Creature\lavaslugmount\lavaslugmount.m2,0,1,5,4,18,12,1,0,1,10,8075,0.61111,2.03128,1.1361,-2.7975,-1.00557,-0.12726,2.46149,0.87199,2.21247,1,1,0,0,0
501814,0,Creature\mechacycle\mechacycle.m2,0,1,20,4,18,12,1,0,1,10,6545,0.61111,2.03128,0.84937,-1.78839,-1.67561,-0.39843,4.11525,2.69103,3.00703,1,1,0,0,0
501815,0,Creature\molemount\molemount.m2,0,1,1,4,18,12,1,0,1,10,8797,0.61111,2.03128,1.51892,-2.93425,-2.19085,-0.00764,1.98358,2.2529,4.6794,1,1,0,0,0
501816,0,Creature\monkmount\monkmount.m2,0,1,1,4,18,12,1,0,1,10,4093,0.61111,2.03128,1.35819,-2.50781,-0.61225,-0.03917,1.09049,0.58016,1.81773,1,1,0,0,0
501817,0,Creature\moosebullmount\moosebullmount.m2,0,1,1,4,18,12,1,0,1,10,7647,0.61111,2.03128,2.90339,-3.27838,-1.80581,0.01877,3.40179,1.86551,4.84472,1,1,0,0,0
501818,0,Creature\mythichexeaglemount\mythichexeaglemount.m2,0,1,20,4,18,12,1,0,1,10,10202,0.61111,2.03128,7.84028,-18.94879,-9.91541,-3.85313,5.15915,9.0846,11.62618,1,1,0,0,0
501819,0,Creature\nightsaberhordemount\nightsaberhordemount.m2,0,1,1,4,18,12,1,0,1,10,8790,0.61111,2.03128,1.36388,-3.17373,-1.33824,-0.01552,1.19967,1.05956,1.64006,1,1,0,0,0
501821,0,Creature\parrotpiratemount\parrotpiratemount.m2,0,1,1,4,18,12,1,0,1,10,6353,0.61111,2.03128,0.9807,-1.92249,-3.47748,0.45938,2.22923,3.51475,4.88935,1,1,0,0,0
501822,0,Creature\peacockmount\peacockmount.m2,0,1,1,4,18,12,1,0,1,10,4326,0.61111,2.03128,1.10211,-4.83038,-0.98955,-0.07802,1.53685,1.05152,3.55483,1,1,0,0,0
501823,0,Creature\pegasusmount\pegasusmount.m2,0,1,1,4,18,12,1,0,1,10,1834,0.61111,2.03128,2.00985,-2.49546,-0.63708,0.00235,2.28854,0.72899,3.43991,1,1,0,0,0
501824,0,Creature\priestmount\priestmount.m2,0,1,1,4,18,12,1,0,1,10,5650,0.61111,2.03128,1.66686,-2.70608,-1.17107,-0.03235,2.25485,0.96435,2.85438,1,1,0,0,0
501825,0,Creature\progenitorwolf\progenitorwolf.m2,0,1,17,4,18,12,1,0,1,10,7445,0.61111,2.03128,1.56923,-2.43734,-0.44864,-0.12139,1.92985,0.45138,2.38908,1,1,0,0,0
501826,0,Creature\quilin\quilinflyingmount.m2,0,1,3,4,18,12,1,0,1,10,4255,0.61111,2.03128,1.52151,-1.96699,-0.6848,-0.18596,0.92615,0.73482,2.07351,1,1,0,0,0
501827,0,Creature\ravenmount\ravenmount.m2,0,1,1,4,18,12,1,0,1,10,9449,0.61111,2.03128,1.09048,-4.5176,-0.83284,-0.07916,1.59092,0.90411,2.72901,1,1,0,0,0
501828,0,Creature\resinrhinomount\resinrhinomount.m2,0,1,2,4,18,12,1,0,1,10,9854,0.61111,2.03128,4.3722,-7.75349,-3.08908,-0.02958,4.99549,2.91695,5.56508,1,1,0,0,0
501829,0,Creature\rocketmount3\rocketmount3.m2,0,1,3,4,18,12,1,0,1,10,8341,0.61111,2.03128,0.57569,-1.51659,-0.87628,0.18562,1.68515,0.92688,2.23438,1,1,0,0,0
501830,0,Creature\rutaanibirdmount\rutaanibirdmount.m2,0,1,14,4,18,12,1,0,1,10,9762,0.61111,2.03128,1.53234,-4.65439,-1.18165,-0.04954,1.80527,1.19096,3.88087,1,1,0,0,0
501831,0,Creature\serpentmountgladiator\serpentmountgladiator.m2,0,1,1,4,18,12,1,0,1,10,7796,0.61111,2.03128,2.91863,-14.48731,-2.111,-0.20096,3.75941,2.26242,6.34424,1,1,0,0,0
501832,0,Creature\snailrockmount\snailrockmount.m2,0,1,15,4,18,12,1,0,1,10,8172,0.61111,2.03128,2.83575,-2.80829,-1.29268,-0.08154,2.39969,1.26259,3.16464,1,1,0,0,0
501833,0,Creature\sporebat3mount\sporebat3mount.m2,0,1,4,4,18,12,1,0,1,10,9780,0.61111,2.03128,3.20148,-7.47062,-5.35443,-0.15385,2.88201,5.34424,5.91599,1,1,0,0,0
501834,0,Creature\springmonkeymount\springmonkeymount.m2,0,1,1,4,18,12,1,0,1,10,10394,0.61111,2.03128,5.65102,-5.37595,-4.27009,-0.2202,3.38901,4.00968,6.30773,1,1,0,0,0
501835,0,Creature\stingray2\stingray2mount.m2,0,1,1,4,18,12,1,0,1,10,3148,0.61111,2.03128,0.93057,-5.17649,-1.54184,-0.14507,1.67213,1.55964,1.83604,1,1,0,0,0
501836,0,Creature\tallstriderprimalmount\tallstriderprimalmount.m2,0,1,1,4,18,12,1,0,1,10,7757,0.61111,2.03128,2.3612,-2.46765,-0.85204,-0.01018,1.42258,0.95863,3.16802,1,1,0,0,0
501837,0,Creature\thunderislebird\thunderislebirdbossmount.m2,0,1,1,4,18,12,1,0,1,10,2237,0.61111,2.03128,1.53149,-4.363,-4.69461,-0.11706,2.03527,4.78805,5.67082,1,1,0,0,0
501838,0,Creature\turtlemount\turtlemount.m2,0,1,1,4,18,12,1,0,1,10,4087,0.61111,2.03128,1.95069,-3.16679,-0.96836,-0.12899,1.1096,0.96836,1.88536,1,1,0,0,0
501839,0,Creature\viciousdragonturtlemount\viciousdragonturtlemount.m2,0,1,1,4,18,12,1,0,1,10,4087,0.61111,2.03128,1.70809,-3.19462,-1.12136,-0.10011,1.38713,1.12296,2.40871,1,1,0,0,0
501840,0,Creature\viciousgorm\viciousgorm.m2,0,1,4,4,18,12,1,0,1,10,6790,0.61111,2.03128,3.56329,-5.77266,-4.1954,-0.52009,5.56203,4.22416,6.39302,1,1,0,0,0
501841,0,Creature\viciousowlbearmount\viciousowlbearmount.m2,0,1,20,4,18,12,1,0,1,10,0,0.61111,2.03128,1.97305,-2.78052,-1.33407,-0.04287,2.00161,1.29721,3.2871,1,1,0,0,0
501842,0,Creature\vicioussabertooth\vicioussabertooth.m2,0,1,1,4,18,12,1,0,1,10,8072,0.61111,2.03128,2.74719,-5.50133,-1.24397,-0.0446,2.58437,1.21972,4.99448,1,1,0,0,0
501843,0,Creature\vicioussabretoothraptor\vicioussabretoothraptor.m2,0,1,1,4,18,12,1,0,1,10,8605,0.61111,2.03128,2.56071,-4.8846,-1.95043,-0.08482,1.79808,2.12544,3.54853,1,1,0,0,0
501844,0,Creature\vicioussnail\vicioussnail.m2,0,1,15,4,18,12,1,0,1,10,8319,0.61111,2.03128,2.83575,-4.19243,-1.41398,-0.09465,2.61095,1.39998,4.82207,1,1,0,0,0
501845,0,Creature\vicioussnaplizardmount\vicioussnaplizardmount.m2,0,1,1,4,18,12,1,0,1,10,10099,0.61111,2.03128,1.33189,-3.84723,-1.00758,-0.63566,2.66979,0.99934,2.13979,1,1,0,0,0
501846,0,Creature\viciousvoidcreepermount\viciousvoidcreepermount.m2,0,1,1,4,18,12,1,0,1,10,9874,0.61111,2.03128,2.93875,-8.56842,-2.78922,-0.34274,4.96614,2.77956,4.181,1,1,0,0,0
501847,0,Creature\voidflyermount\voidflyermount.m2,0,1,20,4,18,12,1,0,1,10,9731,0.61111,2.03128,4.38216,-6.4143,-3.18918,-0.34727,2.5625,3.43924,3.45889,1,1,0,0,0
501848,0,Creature\voidflyermountmythic\voidflyermountmythic.m2,0,1,20,4,18,12,1,0,1,10,9724,0.61111,2.03128,4.38216,-6.4143,-3.18918,-0.34727,3.0527,3.43924,4.13316,1,1,0,0,0
501849,0,Creature\warlockmount\warlockmount.m2,0,1,6,4,18,12,1,0,1,10,5518,0.61111,2.03128,2.00147,-1.68335,-0.68375,-0.0252,1.68675,0.65311,3.06328,1,1,0,0,0
501850,0,Creature\warpstalkermount\warpstalkermount.m2,0,1,1,4,18,12,1,0,1,10,7131,0.61111,2.03128,1.92917,-7.37336,-1.46507,-0.12013,2.08136,1.51807,2.18748,1,1,0,0,0
501851,0,Creature\warriormount\warriormount.m2,0,1,3,4,18,12,1,0,1,10,2779,0.61111,2.03128,3.52793,-8.07775,-5.83944,-0.20774,2.73462,5.94803,5.31875,1,1,0,0,0
501852,0,Creature\waterstrider\waterstridermount.m2,0,1,1,4,18,12,1,0,1,10,4082,0.61111,2.03128,1.77389,-2.6223,-3.22765,-0.01302,1.2465,3.22454,3.10309,1,1,0,0,0
501853,0,Creature\30thbatmount\30thbatmount.m2,0,1,18,4,18,12,1,0,1,10,9134,0.61111,2.03128,1.43742,-2.752,-6.72362,-0.33796,4.09129,6.75841,9.38622,1,1,0,0,0
501854,0,Creature\30thgryphonmount\30thgryphonmount.m2,0,1,18,4,18,12,1,0,1,10,9142,0.61111,2.03128,1.7446,-3.46599,-1.5375,-0.05198,2.496,1.22359,2.83267,1,1,0,0,0
501855,0,Creature\30thhippogryphmount\30thhippogryphmount.m2,0,1,18,4,18,12,1,0,1,10,9143,0.61111,2.03128,1.99128,-2.29729,-1.35968,-0.10144,2.16567,1.46607,3.09277,1,1,0,0,0
501856,0,Creature\30thwyvernmount\30thwyvernmount.m2,0,1,18,4,18,12,1,0,1,10,9146,0.61111,2.03128,1.34456,-4.35157,-2.22036,-0.35296,2.28434,2.21288,2.36003,1,1,0,0,0
501857,0,Creature\aetherserpentmount\aetherserpentmount.m2,0,1,7,4,18,12,1,0,1,10,6691,0.61111,2.03128,2.78003,-8.90533,-6.292,0.14723,4.9065,4.08514,6.09518,1,1,0,0,0
501858,0,Creature\frog2\frog2.m2,0,1,3,4,18,12,1,0,1,10,141,0.61111,2.03128,0,-0.25964,-0.2758,-0.00208,0.2518,0.2758,0.26023,1,1,0,0,0
501859,0,Creature\babyfox\babyfox.m2,0,1,4,4,18,12,1,0,1,10,6985,0.61111,2.03128,0,-2.57014,-0.77652,-0.03591,1.63035,0.75116,2.17669,1,1,0,0,0
501860,0,Creature\babyoctopus\babyoctopus.m2,0,1,4,4,18,12,1,0,1,10,6264,0.61111,2.03128,0,-0.70851,-0.87469,0.87124,0.70129,0.85148,2.04351,1,1,0,0,0
501861,0,Creature\dragonwhelp2\dragonwhelp2.m2,0,1,1,4,18,12,1,0,1,10,6,0.61111,2.03128,0,-0.75796,-1.19344,0.99186,0.59222,1.19982,3.19074,1,1,0,0,0
501862,0,Creature\hermitcrab\hermitcrab.m2,0,1,3,4,18,12,1,0,1,10,5999,0.61111,2.03128,0,-0.81007,-0.97478,-0.06818,1.37323,0.97694,1.64635,1,1,0,0,0
501863,0,Creature\snailrock\snailrock.m2,0,1,15,4,18,12,1,0,1,10,8177,0.61111,2.03128,2.83575,-2.81376,-1.29264,-0.08154,2.39969,1.26266,3.10156,1,1,0,0,0
501864,0,Creature\babyhyena\babyhyena.m2,0,1,20,4,18,12,1,0,1,10,9285,0.61111,2.03128,1.49579,-1.79643,-0.67553,-0.02401,1.73058,0.70654,2.15502,1,1,0,0,0
501865,0,Creature\babyobserver\babyobserver.m2,0,1,2,4,18,12,1,0,1,10,9516,0.61111,2.03128,1.27817,-3.04379,-2.84291,1.08498,3.1285,2.81483,8.8167,1,1,0,0,0
501866,0,Creature\giantboar\giantboar.m2,0,1,3,4,18,12,1,0,1,10,9948,0.61111,2.03128,4.70089,-5.97349,-3.1087,-0.00199,6.71962,3.14128,7.87579,1,1,0,0,0
501867,0,Creature\podling\podling.m2,0,1,1,4,18,12,1,0,1,10,4681,0.61111,2.03128,0,-0.47966,-0.75297,-0.00542,0.49031,0.71171,2.04476,1,1,0,0,0
501868,0,Creature\sapper\sapper.m2,0,1,3,4,18,12,1,0,1,10,9204,0.61111,2.03128,0,-1.47924,-1.41422,-0.05654,1.49177,1.44042,3.77199,1,1,0,0,0
501869,0,Creature\zandalaribabyraptor\zandalaribabyraptor.m2,0,1,1,4,18,12,1,0,1,10,2992,0.61111,2.03128,2.56067,-2.17523,-1.68181,-0.17343,2.84227,1.65725,4.89411,1,1,0,0,0
501870,0,Creature\babyarathilynx\babyarathilynx.m2,0,1,1,4,18,12,1,0,1,10,8786,0.61111,2.03128,0,-2.1453,-0.61928,-0.01924,1.03679,0.53997,1.5144,1,1,0,0,0
501871,0,Creature\babycosmicflyer\babycosmicflyer.m2,0,1,20,4,18,12,1,0,1,10,9623,0.61111,2.03128,2.35259,-2.9925,-1.85083,0.17202,1.60898,1.81217,4.6772,1,1,0,0,0
501872,0,Creature\babydragonhawk\babydragonhawk.m2,0,1,1,4,18,12,1,0,1,10,9775,0.61111,2.03128,2.56119,-4.07969,-4.01498,0.03931,2.23736,4.01326,4.62834,1,1,0,0,0
501873,0,Creature\babyhornswog\babyhornswog.m2,0,1,2,4,18,12,1,0,1,10,8345,0.61111,2.03128,0,-0.23958,-0.24811,-0.00779,0.2666,0.2481,0.35601,1,1,0,0,0
501874,0,Creature\babyturtle\babyturtle.m2,0,1,1,4,18,12,1,0,1,10,3475,0.61111,2.03128,1.71888,-2.07791,-0.95495,-0.00815,1.12577,0.95496,1.55238,1,1,0,0,0
501875,0,Creature\blindcaveskipper\blindcaveskipper.m2,0,1,20,4,18,12,1,0,1,10,8706,0.61111,2.03128,0,-1.44713,-0.84399,-0.0209,1.61275,0.83602,1.52881,1,1,0,0,0
501876,0,Creature\brokerworm\brokerworm.m2,0,1,16,4,18,12,1,0,1,10,7296,0.61111,2.03128,0,-3.52704,-1.55576,-0.25784,1.63042,1.54385,4.95848,1,1,0,0,0
501877,0,Creature\decomposersmall\decomposersmall.m2,0,1,4,4,18,12,1,0,1,10,6799,0.61111,2.03128,0,-5.3056,-3.01713,-0.46828,2.97651,2.7614,4.36783,1,1,0,0,0
501878,0,Creature\duckbaby\duckbaby.m2,0,1,1,4,18,12,1,0,1,10,7725,0.61111,2.03128,1.10211,-0.87591,-0.61069,0.01645,1.27371,0.67033,2.14696,1,1,0,0,0
501879,0,Creature\goldfish\goldfish.m2,0,1,1,4,18,12,1,0,1,10,4089,0.61111,2.03128,0.35844,-6.24966,-2.09635,-0.98371,2.06017,3.16089,4.02927,1,1,0,0,0
501880,0,Creature\redpandapet\redpandapet.m2,0,1,1,4,18,12,1,0,1,10,9250,0.61111,2.03128,0,-1.02305,-0.534,-0.0407,0.33661,0.53224,1.4624,1,1,0,0,0
501881,0,Creature\spider\spider.m2,0,1,2,4,18,12,1,0,1,10,6824,0.61111,2.03128,0,-1.90651,-2.31791,-0.07688,3.53889,2.31792,1.98934,1,1,0,0,0
501882,0,Creature\waterspiritsmall\waterspiritsmalllesser.m2,0,1,3,4,18,12,1,0,1,10,4006,0.61111,2.03128,0,-1.18792,-1.70114,0.69623,1.40894,1.7784,5.95654,1,1,0,0,0
501883,0,Creature\ardenwealdstagmount2\ardenwealdstagmount2.m2,0,1,4,4,18,12,1,0,1,10,6858,0.61111,2.03128,2.19879,-1.74704,-1.47251,-0.01399,1.68576,1.46628,3.58432,1,1,0,0,0
501884,0,Creature\automatonlionmount2\automatonlionmount2.m2,0,1,19,4,18,12,1,0,1,10,0,0.61111,2.03128,1.30396,-3.29243,-1.3172,-0.05726,1.06507,1.04313,1.69023,1,1,0,0,0
501885,0,Creature\deathwargmount2\deathwargmount2.m2,0,1,1,4,18,12,1,0,1,10,6929,0.61111,2.03128,2.13647,-2.11052,-1.82276,-0.01087,2.10838,1.8256,3.94639,1,1,0,0,0
501887,0,Creature\pandarenserpent\pvppandarenserpentmount.m2,0,1,3,4,18,12,1,0,1,10,4102,0.61111,2.03128,2.90002,-9.12484,-6.44141,-0.25449,4.93938,5.0049,6.69072,1,1,0,0,0
501888,0,Creature\wolfdraenor\wolfdraenormountarmored.m2,0,1,1,4,18,12,1,0,1,10,73,0.61111,2.03128,1.54424,-2.28875,-0.64364,-0.20243,1.65475,0.6314,2.11655,1,1,0,0,0
501889,0,Creature\bat\epicbatmount.m2,0,1,2,4,18,12,1,0,1,10,4460,0.61111,2.03128,1.4686,-2.87241,-7.3704,-1.2034,4.07325,7.43996,9.99573,1,1,0,0,0
501890,0,Creature\horse2ardenwealdmount\horse2ardenwealdmount.m2,0,1,17,4,18,12,1,0,1,10,6828,0.61111,2.03128,1.95104,-2.35227,-0.45942,-0.06516,1.85299,0.45806,3.17522,1,1,0,0,0
501891,0,Creature\horse3\horse3.m2,0,1,1,4,18,12,1,0,1,10,10073,0.61111,2.03128,1.89837,-1.57014,-0.51378,-0.01376,1.76559,0.46722,2.61209,1,1,0,0,0
501892,0,Creature\manawyrmmount\manawyrmmount.m2,0,1,4,4,18,12,1,0,1,10,6691,0.61111,2.03128,2.83514,-9.25399,-6.57699,-0.32467,4.91779,5.14862,7.302,1,1,0,0,0
501894,0,Creature\rocketmount6\rocketmount6.m2,0,1,20,4,18,12,1,0,1,10,10470,0.61111,2.03128,0.4051,-4.53065,-1.19245,-0.12349,1.90041,1.19319,2.29606,1,1,0,0,0
501895,0,Creature\alliancechopper\alliancechopper.m2,0,1,19,4,18,12,1,0,1,10,2694,0.61111,2.03128,0.82495,-2.64051,-0.6081,-0.06155,2.89485,0.86572,1.90593,1,1,0,0,0
501896,0,Creature\allianceshipmount\allianceshipmount.m2,0,1,9,4,18,12,1,0,1,10,5730,0.61111,2.03128,0.05418,-2.06925,-2.19071,1.12364,2.41642,2.19725,3.53268,1,1,0,0,0
501897,0,Creature\alliancewolfmount\alliancewolfmount.m2,0,1,1,4,18,12,1,0,1,10,6513,0.61111,2.03128,1.54424,-2.27351,-0.5969,-0.18972,1.65475,0.75072,2.03518,1,1,0,0,0
501898,0,Creature\amalgamofrage\amalgamofrage.m2,0,1,8,4,18,12,1,0,1,10,7659,0.61111,2.03128,5.72385,-5.41418,-2.52124,-0.11627,3.65227,2.36237,5.43045,1,1,0,0,0
501899,0,Creature\amanibearmount2\amanibearmount2.m2,0,1,1,4,18,12,1,0,1,10,10163,0.61111,2.03128,2.10654,-1.98348,-1.24382,-0.02841,1.73,1.23633,2.7012,1,1,0,0,0
501900,0,Creature\ancientmount\ancientmount.m2,0,1,9,4,18,12,1,0,1,10,7179,0.61111,2.03128,5.30139,-3.15019,-3.89155,-0.04153,2.75291,4.23177,8.23079,1,1,0,0,0
501901,0,Creature\arcanegolem2voidmount\arcanegolem2voidmount.m2,0,1,20,4,18,12,1,0,1,10,10149,0.61111,2.03128,2.894,-1.68146,-3.16898,-0.00486,1.84028,3.2587,6.97298,1,1,0,0,0
501902,0,Creature\bear2\bear2.m2,0,1,1,4,18,12,1,0,1,10,83,0.61111,2.03128,1.82098,-1.80511,-0.97646,-0.02235,1.75351,0.97088,1.92631,1,1,0,0,0
501903,0,Creature\bearmountalt\bearmountalt_darkmoonfaire.m2,0,1,1,4,18,12,1,0,1,10,2660,0.61111,2.03128,1.8559,-1.65758,-0.91197,-0.05871,1.8172,0.86725,2.34145,1,1,0,0,0
501904,0,Creature\bearmountblizzard\bearmountblizzard.m2,0,1,13,4,18,12,1,0,1,10,7108,0.61111,2.03128,1.76648,-2.03961,-1.5464,-0.07893,1.7445,1.56456,2.68356,1,1,0,0,0
501905,0,Creature\bearmountutility\bearmountutility.m2,0,1,1,4,18,12,1,0,1,10,0,0.61111,2.03128,2.29147,-6.27523,-4.53134,-1.26005,1.75144,3.49533,6.76662,1,1,0,0,0
501906,0,Creature\beetlemount\beetlemount.m2,0,1,4,4,18,12,1,0,1,10,0,0.61111,2.03128,0.54786,-3.01727,-1.18362,-0.04353,2.02223,1.473,3.77135,1,1,0,0,0
501907,0,Creature\blizzardphoenixmount\blizzardphoenixmount.m2,0,1,13,4,18,12,1,0,1,10,7187,0.61111,2.03128,1.1478,-6.0768,-1.81221,-0.7204,1.53961,2.07552,3.91094,1,1,0,0,0
501908,0,Creature\bloodelementalmount\bloodelementalmount.m2,0,1,1,4,18,12,1,0,1,10,9583,0.61111,2.03128,4.0868,-1.56834,-2.49848,-0.24746,3.6251,2.62435,4.98473,1,1,0,0,0
501909,0,Creature\bookmount\bookmount.m2,0,1,20,4,18,12,1,0,1,10,7449,0.61111,2.03128,0,-1.9638,-2.43499,-0.76753,2.84989,2.3787,4.04615,1,1,0,0,0
501910,0,Creature\brewfestmount\brewfestmount.m2,0,1,20,4,18,12,1,0,1,10,9671,0.61111,2.03128,1.87039,-4.61503,-3.25216,1.11953,2.80328,3.37493,5.41731,1,1,0,0,0
501911,0,Creature\brontosaurusmount\brontosaurusmount.m2,0,1,1,4,18,12,1,0,1,10,5989,0.61111,2.03128,7.10735,-10.70932,-3.8874,-0.17982,7.3217,3.7457,11.90215,1,1,0,0,0
501912,0,Creature\brontosaurusmountspecial\brontosaurusmountspecial.m2,0,1,1,4,18,12,1,0,1,10,5989,0.61111,2.03128,7.10735,-10.93056,-3.90197,-0.17982,7.32438,3.80868,12.58728,1,1,0,0,0
501913,0,Creature\broommount2\broommount2.m2,0,1,3,4,18,12,1,0,1,10,2474,0.61111,2.03128,0.0345,-1.79083,-0.30301,0.36996,2.14569,0.32642,1.61631,1,1,0,0,0
501914,0,Creature\bullmount\bullmount.m2,0,1,12,4,18,12,1,0,1,10,9821,0.61111,2.03128,1.39404,-5.48866,-5.69156,-4.76406,5.89446,5.69156,8.36599,1,1,0,0,0
501915,0,Creature\camelmount2\camelmount2.m2,0,1,1,4,18,12,1,0,1,10,6679,0.61111,2.03128,2.10144,-1.57838,-0.82894,-0.019,1.58816,0.84858,2.38892,1,1,0,0,0
501916,0,Creature\catmount\catmount.m2,0,1,1,4,18,12,1,0,1,10,6867,0.61111,2.03128,2.47355,-6.57956,-5.55556,-4.15534,5.1713,5.55556,6.95577,1,1,0,0,0
501917,0,Creature\catmountslime\catmountslime.m2,0,1,2,4,18,12,1,0,1,10,7620,0.61111,2.03128,2.2526,-5.24619,-1.81902,-0.40036,2.02063,1.841,3.79511,1,1,0,0,0
501918,0,Creature\caveborerwormmount\caveborerwormmount.m2,0,1,3,4,18,12,1,0,1,10,8732,0.61111,2.03128,1.49953,-3.06987,-1.17219,-0.03657,1.83329,1.14777,2.12924,1,1,0,0,0
501919,0,Creature\celestialcatmount\celestialcatmount.m2,0,1,1,4,18,12,1,0,1,10,8995,0.61111,2.03128,2.34038,-5.78883,-1.63813,-0.42536,1.81654,1.65736,3.4621,1,1,0,0,0
501920,0,Creature\chimera2\chromaticchimera.m2,0,1,1,4,18,12,1,0,1,10,4582,0.61111,2.03128,1.52159,-4.43801,-2.70603,-0.13447,3.95295,2.76085,3.44495,1,1,0,0,0
501921,0,Creature\cosmicdragonmount\cosmicdragonmount.m2,0,1,20,4,18,12,1,0,1,10,9677,0.61111,2.03128,3.10373,-8.13086,-3.87246,-2.11451,3.67531,3.89035,5.60415,1,1,0,0,0
501922,0,Creature\crocoliskmount\crocoliskmount.m2,0,1,1,4,18,12,1,0,1,10,6487,0.61111,2.03128,2.10086,-6.1926,-3.31176,-0.13716,3.72783,3.23358,3.07956,1,1,0,0,0
501923,0,Creature\darkhoundmount\darkhoundmount.m2,0,1,20,4,18,12,1,0,1,10,5,0.61111,2.03128,1.49579,-1.956,-0.63898,-0.10628,1.89751,0.64539,1.90684,1,1,0,0,0
501924,0,Creature\darkirondwarfcorehound\darkirondwarfcorehound.m2,0,1,5,4,18,12,1,0,1,10,6247,0.61111,2.03128,1.49579,-1.69493,-0.64133,-0.03215,2.02035,0.67235,1.67905,1,1,0,0,0
501925,0,Creature\darkphoenix\darkphoenixmount.m2,0,1,3,4,18,12,1,0,1,10,3143,0.61111,2.03128,1.64395,-3.4868,-4.95333,-0.39768,2.25155,4.95471,5.68848,1,1,0,0,0
501926,0,Creature\darkwellphoenixmount\darkwellphoenixmount.m2,0,1,3,4,18,12,1,0,1,10,2254,0.61111,2.03128,1.19446,-5.44847,-2.08137,-0.1893,1.52972,2.14249,7.50133,1,1,0,0,0
501927,0,Creature\dhmount\dhmount.m2,0,1,6,4,18,12,1,0,1,10,5093,0.61111,2.03128,1.32385,-2.99145,-0.52991,-0.01142,1.05911,0.58655,1.46274,1,1,0,0,0
501928,0,Creature\dogmount\dogmount.m2,0,1,1,4,18,12,1,0,1,10,5883,0.61111,2.03128,1.57314,-1.99108,-0.72961,-0.06757,0.96207,0.78576,2.03417,1,1,0,0,0
501929,0,Creature\dogprimalmount2\dogprimalmount2.m2,0,1,20,4,18,12,1,0,1,10,8214,0.61111,2.03128,1.56922,-3.19788,-1.29826,-0.01745,3.71738,1.30619,4.06983,1,1,0,0,0
501930,0,Creature\dragonchromaticmount\dragonchromaticmount.m2,0,1,3,4,18,12,1,0,1,10,4043,0.61111,2.03128,2.76653,-14.22537,-2.09304,-0.20494,3.41181,2.19401,4.9343,1,1,0,0,0
501931,0,Creature\dragonhawk\dragonhawkarmormountalliance.m2,0,1,1,4,18,12,1,0,1,10,2915,0.61111,2.03128,2.22632,-4.42535,-4.6181,0.26338,4.24592,4.5638,5.79491,1,1,0,0,0
501932,0,Creature\dragonhawk2lightmount\dragonhawk2lightmount.m2,0,1,20,4,18,12,1,0,1,10,9737,0.61111,2.03128,2.56119,-8.38845,-6.89593,-1.3069,3.43965,6.87759,7.03703,1,1,0,0,0
501933,0,Creature\dragonhawk2voidmount\dragonhawk2voidmount.m2,0,1,20,4,18,12,1,0,1,10,9738,0.61111,2.03128,2.56119,-7.7155,-5.34408,-0.00879,2.72271,5.33078,5.82203,1,1,0,0,0
501934,0,Creature\dragonhawkmountshadowlands\dragonhawkmountshadowlands.m2,0,1,3,4,18,12,1,0,1,10,7367,0.61111,2.03128,2.359,-2.48892,-4.27441,0.29883,3.66276,4.23923,5.30702,1,1,0,0,0
501935,0,Creature\drakemount\feldrakemount.m2,0,1,3,4,18,12,1,0,1,10,2684,0.61111,2.03128,2.91802,-7.83692,-3.05475,-0.39382,3.1926,2.89492,3.87684,1,1,0,0,0
501936,0,Creature\drakemountemerald\drakemountemerald.m2,0,1,1,4,18,12,1,0,1,10,7471,0.61111,2.03128,2.90608,-8.33333,-8.45767,-7.48519,8.33333,8.20899,9.18148,1,1,0,0,0
501937,0,Creature\dreadravenwarbird\dreadravenwarbirdfelmount.m2,0,1,3,4,18,12,1,0,1,10,4969,0.61111,2.03128,7.40753,-18.15677,-7.82163,-1.84189,5.8318,7.20256,13.3157,1,1,0,0,0
501938,0,Creature\dreamowl_purple_mount\dreamowl_purple_mount.m2,0,1,5,4,18,12,1,0,1,10,8603,0.61111,2.03128,1.53234,-5.71309,-1.71026,-0.29673,1.69772,1.63138,4.46753,1,1,0,0,0
501939,0,Creature\dressedhorse\dressedhorse.m2,0,1,1,4,18,12,1,0,1,10,5914,0.61111,2.03128,1.9266,-1.91414,-0.6635,-0.01364,1.78482,0.63627,3.39641,1,1,0,0,0
501940,0,Creature\eagle2wind\eagle2wind.m2,0,1,1,4,18,12,1,0,1,10,7663,0.61111,2.03128,1.10211,-4.18002,-0.91771,-0.09014,0.94903,0.92488,2.04389,1,1,0,0,0
501941,0,Creature\earthenpaladinmount\earthenpaladinmount.m2,0,1,1,4,18,12,1,0,1,10,8928,0.61111,2.03128,1.883,-1.21212,-1.12375,-0.00019,2.03389,1.15286,3.07816,1,1,0,0,0
501942,0,Creature\elitehippogryph\elitehippogryph.m2,0,1,3,4,18,12,1,0,1,10,6019,0.61111,2.03128,1.93515,-2.30374,-1.2179,-0.11375,2.13246,1.26771,3.09277,1,1,0,0,0
501943,0,Creature\elitewyvern\elitewyvern.m2,0,1,1,4,18,12,1,0,1,10,2235,0.61111,2.03128,1.34456,-4.44341,-1.72915,-0.25204,2.08405,1.07972,2.13722,1,1,0,0,0
501945,0,Creature\eversonglynx\eversonglynx.m2,0,1,1,4,18,12,1,0,1,10,9885,0.61111,2.03128,1.27688,-2.71924,-0.85599,-0.03711,1.06651,0.58057,1.47118,1,1,0,0,0
501946,0,Creature\explorergyrocopter\explorergyrocopter.m2,0,1,19,4,18,12,1,0,1,10,2523,0.61111,2.03128,0.087,-3.43472,-4.17425,1.02322,3.52491,4.16754,5.01436,1,1,0,0,0
501947,0,Creature\eyeballjellyfishmount\eyeballjellyfishmount.m2,0,1,16,4,18,12,1,0,1,10,6558,0.61111,2.03128,4.28773,-5.41512,-5.04739,0.28433,4.75223,5.05889,13.16741,1,1,0,0,0
501948,0,Creature\faeriedragonmount\faeriedragonmount.m2,0,1,3,4,18,12,1,0,1,10,4467,0.61111,2.03128,3.23965,-6.32681,-2.54392,-0.26257,3.22348,2.50105,3.65943,1,1,0,0,0
501949,0,Creature\felbatgladiatormount_void\felbatgladiatormount_void.m2,0,1,16,4,18,12,1,0,1,10,9019,0.61111,2.03128,5.57377,-5.44578,-4.1144,-0.52204,3.44709,3.8582,5.8136,1,1,0,0,0
501950,0,Creature\felbatmountforsaken\felbatmountforsaken.m2,0,1,2,4,18,12,1,0,1,10,5101,0.61111,2.03128,5.57377,-5.65673,-4.21116,-0.75639,3.38324,3.9563,6.70024,1,1,0,0,0
501951,0,Creature\felhippogryph\felhippogryphmount.m2,0,1,3,4,18,12,1,0,1,10,6019,0.61111,2.03128,1.88129,-2.30625,-1.16212,-0.23005,2.24436,1.20206,3.30457,1,1,0,0,0
501952,0,Creature\felhound3_fire_mount\felhound3_fire_mount.m2,0,1,5,4,18,12,1,0,1,10,5810,0.61111,2.03128,5.66673,-5.82536,-4.35156,-2.00667,4.74512,4.34516,6.16195,1,1,0,0,0
501953,0,Creature\felhound3_shadow_mount\felhound3_shadow_mount.m2,0,1,7,4,18,12,1,0,1,10,5813,0.61111,2.03128,5.70045,-5.65673,-4.21116,-1.87506,4.74512,3.9563,6.05134,1,1,0,0,0
501954,0,Creature\felreavermount\felreavermount.m2,0,1,1,4,18,12,1,0,1,10,4980,0.61111,2.03128,3.2767,-1.63401,-2.78759,-0.02204,1.4112,2.781,5.18968,1,1,0,0,0
501955,0,Creature\firecatmount\firecatmount.m2,0,1,5,4,18,12,1,0,1,10,5593,0.61111,2.03128,1.29674,-2.90098,-1.02183,-0.00406,1.16571,0.84859,1.55752,1,1,0,0,0
501956,0,Creature\firehawkmount_cn\firehawkmount_cn.m2,0,1,3,4,18,12,1,0,1,10,9261,0.61111,2.03128,3.38363,-6.93464,-7.04292,-0.59799,3.96971,5.99213,5.47395,1,1,0,0,0
501957,0,Creature\fishmount\fishmount.m2,0,1,1,4,18,12,1,0,1,10,5559,0.61111,2.03128,1.49938,-8.76423,-3.24526,-0.88232,2.60382,4.69231,4.58452,1,1,0,0,0
501958,0,Creature\flyingcarpet3\flyingcarpet3.m2,0,1,3,4,18,12,1,0,1,10,2887,0.61111,2.03128,0.14576,-3.01145,-2.41244,0.28574,3.02661,2.41754,1.77527,1,1,0,0,0
501959,0,Creature\flyingpanther\flyingpanther.m2,0,1,3,4,18,12,1,0,1,10,3845,0.61111,2.03128,1.26523,-2.57151,-0.7388,-0.01901,1.14574,0.80054,1.69086,1,1,0,0,0
501960,0,Creature\frostwolfhowler\frostwolfhowler.m2,0,1,1,4,18,12,1,0,1,10,4576,0.61111,2.03128,1.54424,-2.27351,-0.8208,-0.18972,1.65475,0.78605,2.22747,1,1,0,0,0
501961,0,Creature\gallywixmechmount\gallywixmechmount.m2,0,1,3,4,18,12,1,0,1,10,9375,0.61111,2.03128,3.69861,-2.29936,-3.20086,0.12741,3.2144,3.25844,6.4091,1,1,0,0,0
501962,0,Creature\ghostlycharger\ghostlycharger.m2,0,1,7,4,18,12,1,0,1,10,4493,0.61111,2.03128,2.01392,-1.70069,-0.46345,-0.02082,1.57847,0.39117,2.53254,1,1,0,0,0
501963,0,Creature\ghostlymoose\ghostlymoosemount.m2,0,1,1,4,18,12,1,0,1,10,5520,0.61111,2.03128,2.0761,-1.42032,-1.63947,0.0056,2.4419,1.52514,4.04037,1,1,0,0,0
501964,0,Creature\goblinflyingmachineboss\goblinflyingmachineboss.m2,0,1,19,4,18,12,1,0,1,10,6537,0.61111,2.03128,2.14052,-4.16356,-6.32948,-4.34026,4.17137,6.33527,5.19233,1,1,0,0,0
501965,0,Creature\goblinheadmech\goblinheadmech.m2,0,1,19,4,18,12,1,0,1,10,2962,0.61111,2.03128,1.87039,-4.74102,-3.39648,0.93536,3.38633,3.49522,5.2125,1,1,0,0,0
501966,0,Creature\goblinshreddermechboss\goblinshreddermechboss.m2,0,1,3,4,18,12,1,0,1,10,9253,0.61111,2.03128,3.2767,-2.27945,-2.8968,-0.17542,2.80621,3.83185,6.33556,1,1,0,0,0
501967,0,Creature\goblintrikemount\goblintrikemount.m2,0,1,19,4,18,12,1,0,1,10,2694,0.61111,2.03128,0.54158,-1.91915,-1.08596,-0.26702,1.3276,1.08495,1.65676,1,1,0,0,0
501968,0,Creature\grovecrawlermount\grovecrawlermount.m2,0,1,2,4,18,12,1,0,1,10,10164,0.61111,2.03128,1.18984,-2.11965,-0.7354,-0.05676,1.64264,0.6676,2.02442,1,1,0,0,0
501969,0,Creature\gryphon_air_mount\gryphon_air_mount.m2,0,1,18,4,18,12,1,0,1,10,8969,0.61111,2.03128,1.80055,-5.61713,-2.47091,-1.40323,2.37985,2.01996,2.96926,1,1,0,0,0
501970,0,Creature\guildcreatures\alliancelionmount\alliancelionmount.m2,0,1,1,4,18,12,1,0,1,10,196,0.61111,2.03128,1.2462,-2.58391,-0.77898,-0.12364,1.0834,0.54534,1.38364,1,1,0,0,0
501971,0,Creature\hearthstonemount\hearthstonemount.m2,0,1,20,4,18,12,1,0,1,10,8644,0.61111,2.03128,0.1343,-0.94377,-0.95856,0.59369,1.01316,0.92711,1.03013,1,1,0,0,0
501972,0,Creature\hippocampus\hippocampus.m2,0,1,1,4,18,12,1,0,1,10,6275,0.61111,2.03128,0.65366,-1.94388,-1.22499,-0.03822,2.50491,1.21891,5.82641,1,1,0,0,0
501973,0,Creature\hippogryph_arcane\hippogryph_arcanemount.m2,0,1,1,4,18,12,1,0,1,10,6019,0.61111,2.03128,1.93515,-2.30374,-1.2179,-0.1364,2.15189,1.26771,3.10499,1,1,0,0,0
501974,0,Creature\hippogryphmountnightelf\hippogryphmountnightelf.m2,0,1,1,4,18,12,1,0,1,10,6019,0.61111,2.03128,1.94457,-2.29729,-1.25015,-0.13672,2.27308,1.35228,3.25464,1,1,0,0,0
501975,0,Creature\hivemind\hivemind.m2,0,1,16,4,18,12,1,0,1,10,5542,0.61111,2.03128,2.61909,-5.41512,-5.04739,0.28433,4.75223,5.05888,12.43357,1,1,0,0,0
501976,0,Creature\hordechopper\hordechopper.m2,0,1,19,4,18,12,1,0,1,10,2694,0.61111,2.03128,0.84937,-1.7114,-0.9342,-0.05556,3.1226,1.11109,1.69478,1,1,0,0,0
501977,0,Creature\hordehorsemount\hordehorsemount.m2,0,1,1,4,18,12,1,0,1,10,6515,0.61111,2.03128,1.97734,-1.61383,-0.87861,-0.01362,1.8076,0.84515,2.68591,1,1,0,0,0
501978,0,Creature\hordezeppelinmount\hordezeppelinmount.m2,0,1,9,4,18,12,1,0,1,10,5736,0.61111,2.03128,0.49962,-6.92163,-2.40346,0.87635,5.84091,2.40558,9.16951,1,1,0,0,0
501979,0,Creature\horse2bastion\horse2bastion.m2,0,1,17,4,18,12,1,0,1,10,6828,0.61111,2.03128,1.95104,-2.33302,-0.45612,-0.06516,1.96489,0.4554,2.89049,1,1,0,0,0
501980,0,Creature\horsedragonmount\horsedragonmount.m2,0,1,1,4,18,12,1,0,1,10,10084,0.61111,2.03128,1.9388,-2.95223,-1.32121,-0.00859,1.81827,1.49055,3.33985,1,1,0,0,0
501981,0,Creature\horsekultiran\horsekultiran.m2,0,1,1,4,18,12,1,0,1,10,5914,0.61111,2.03128,1.97734,-1.53174,-0.60079,-0.01362,1.78857,0.57268,2.71641,1,1,0,0,0
501982,0,Creature\hovercraftmount\hovercraftmount.m2,0,1,9,4,18,12,1,0,1,10,5930,0.61111,2.03128,0.16666,-2.73408,-2.69787,0.43055,2.63241,2.69946,4.27696,1,1,0,0,0
501983,0,Creature\inariusmount\inariusmount.m2,0,1,3,4,18,12,1,0,1,10,4044,0.61111,2.03128,1.92485,-8.12365,-7.86744,-4.38767,2.89599,7.88931,10.01506,1,1,0,0,0
501984,0,Creature\infinitedragonmount\infinitedragonmount.m2,0,1,3,4,18,12,1,0,1,10,5092,0.61111,2.03128,3.00467,-7.70963,-3.05475,-0.39382,3.33433,2.89491,3.77129,1,1,0,0,0
501985,0,Creature\ironhordeclefthoof\ironhordeclefthoof.m2,0,1,1,4,18,12,1,0,1,10,4596,0.61111,2.03128,5.06762,-7.64855,-2.84357,-0.03964,6.00762,2.98809,6.50899,1,1,0,0,0
501986,0,Creature\ironhordeelekk\ironhordeelekk.m2,0,1,1,4,18,12,1,0,1,10,4598,0.61111,2.03128,3.13954,-2.50567,-3.08152,-0.12484,4.31738,2.20383,4.23808,1,1,0,0,0
501987,0,Creature\ironhordewolf\ironhordewolf.m2,0,1,1,4,18,12,1,0,1,10,73,0.61111,2.03128,1.62972,-2.2128,-0.92684,-0.07309,1.79276,0.92701,2.39171,1,1,0,0,0
501988,0,Creature\kaijubatvoidmount\kaijubatvoidmount.m2,0,1,1,4,18,12,1,0,1,10,10090,0.61111,2.03128,5.57377,-5.65326,-4.37417,-0.73999,4.35962,4.10979,5.79046,1,1,0,0,0
501989,0,Creature\kaijugladiatormount\kaijugladiatormount.m2,0,1,1,4,18,12,1,0,1,10,10166,0.61111,2.03128,3.72082,-8.45819,-5.00572,-0.13379,2.39457,5.12044,4.76604,1,1,0,0,0
501990,0,Creature\kezancrowdpummeler_gallywix\kezancrowdpummeler_gallywix.m2,0,1,19,4,18,12,1,0,1,10,6015,0.61111,2.03128,3.24283,-5.55612,-3.00064,-5.28766,3.61258,3.36985,5.27365,1,1,0,0,0
501991,0,Creature\kodobeast\ridingkotobeastsunwalker.m2,0,1,1,4,18,12,1,0,1,10,27,0.61111,2.03128,3.86249,-7.38137,-2.44592,-0.0133,3.35458,2.27349,4.53128,1,1,0,0,0
501992,0,Creature\kodomount\kodomount.m2,0,1,1,4,18,12,1,0,1,10,8120,0.61111,2.03128,3.76442,-9.06728,-3.5167,-0.03254,5.58894,3.06806,4.81676,1,1,0,0,0
501993,0,Creature\korkronelitewolf\korkronelitewolf.m2,0,1,1,4,18,12,1,0,1,10,1828,0.61111,2.03128,1.45473,-2.30105,-0.8078,-0.24215,1.70655,0.83789,2.02134,1,1,0,0,0
501994,0,Creature\lavahorse\lavahorse.m2,0,1,5,4,18,12,1,0,1,10,4899,0.61111,2.03128,1.95886,-2.47316,-0.54408,-0.00742,2.14741,0.51484,2.6976,1,1,0,0,0
501995,0,Creature\lightforgedmechsuit\lightforgedmechsuit.m2,0,1,19,4,18,12,1,0,1,10,5735,0.61111,2.03128,3.11397,-1.73301,-3.00642,-0.00019,2.36116,3.34973,5.98204,1,1,0,0,0
501996,0,Creature\lightforgedtalbuk\lightforgedtalbuk.m2,0,1,1,4,18,12,1,0,1,10,7475,0.61111,2.03128,2.18539,-1.4329,-1.15305,-0.0306,1.74219,1.16306,3.1861,1,1,0,0,0
501997,0,Creature\lunardragonmount\lunardragonmount.m2,0,1,20,4,18,12,1,0,1,10,8387,0.61111,2.03128,2.73502,-14.50715,-2.23068,-0.68053,3.53447,3.02136,6.15936,1,1,0,0,0
501998,0,Creature\lunarhorsemount\lunarhorsemount.m2,0,1,1,4,18,12,1,0,1,10,9927,0.61111,2.03128,2.01256,-2.34986,-1.17348,-0.60577,2.07578,1.16819,3.47112,1,1,0,0,0
501999,0,Creature\lunarrocketmount\lunarrocketmount.m2,0,1,3,4,18,12,1,0,1,10,2579,0.61111,2.03128,0.4051,-3.08484,-0.99387,0.09489,1.63708,0.85856,2.4089,1,1,0,0,0
502000,0,Creature\lunarsnakemount\lunarsnakemount.m2,0,1,1,4,18,12,1,0,1,10,9207,0.61111,2.03128,2.85334,-9.07804,-6.56932,0.26831,4.64408,5.00049,6.82071,1,1,0,0,0
502001,0,Creature\magemount_arcane\magemount_arcane.m2,0,1,19,4,18,12,1,0,1,10,0,0.61111,2.03128,-0.02104,-1.01508,-1.25403,0.19303,1.27314,1.21959,1.17002,1,1,0,0,0
502002,0,Creature\magemount_fel\magemount_fel.m2,0,1,19,4,18,12,1,0,1,10,0,0.61111,2.03128,0,-1.01508,-1.21619,-0.06924,1.19939,1.19633,1.45914,1,1,0,0,0
502003,0,Creature\magicalfishmount\magicalfishmount.m2,0,1,20,4,18,12,1,0,1,10,8162,0.61111,2.03128,1.31182,-9.01548,-4.43301,-0.78187,7.44282,4.32052,5.6003,1,1,0,0,0
502004,0,Creature\magicalowlbearmount\magicalowlbearmount.m2,0,1,20,4,18,12,1,0,1,10,0,0.61111,2.03128,1.92031,-2.78052,-1.19457,-0.04287,1.54532,1.17218,3.75183,1,1,0,0,0
502005,0,Creature\mechagnomestrider\mechagnomestrider.m2,0,1,19,4,18,12,1,0,1,10,688,0.61111,2.03128,1.74034,-1.22965,-0.72924,-0.0465,1.73589,0.74726,2.33563,1,1,0,0,0
502006,0,Creature\mechanicaltiger\mechanicaltiger.m2,0,1,19,4,18,12,1,0,1,10,5923,0.61111,2.03128,1.30875,-2.76371,-0.89596,-0.05847,1.04336,0.62272,1.40864,1,1,0,0,0
502007,0,Creature\molemountbasic\molemountbasic.m2,0,1,1,4,18,12,1,0,1,10,8797,0.61111,2.03128,1.51892,-2.93425,-0.97077,-0.00764,1.97552,0.95415,1.72727,1,1,0,0,0
502008,0,Creature\moosemount\moosemount.m2,0,1,1,4,18,12,1,0,1,10,4991,0.61111,2.03128,2.33002,-1.42032,-1.12781,0.00074,2.4419,1.09559,3.74759,1,1,0,0,0
502009,0,Creature\moosemount2nightmare\moosemount2nightmare.m2,0,1,7,4,18,12,1,0,1,10,5520,0.61111,2.03128,2.11372,-1.51128,-1.12781,-0.02665,2.4419,1.09559,3.74759,1,1,0,0,0
502010,0,Creature\motorcyclevehicle\motorcyclevehicle2.m2,0,1,19,4,18,12,1,0,1,10,2694,0.61111,2.03128,0.82367,-1.92284,-0.7804,-0.07466,2.81454,1.03202,2.07521,1,1,0,0,0
502011,0,Creature\nbsabermount\nbsabermount.m2,0,1,1,4,18,12,1,0,1,10,4956,0.61111,2.03128,1.3023,-2.85467,-0.93883,-0.01738,1.26759,0.67141,1.61203,1,1,0,0,0
502012,0,Creature\nerubianbeetlelargemount\nerubianbeetlelargemount.m2,0,1,21,4,18,12,1,0,1,10,8990,0.61111,2.03128,2.09301,-2.91324,-1.26864,-0.04527,1.95793,1.58526,2.82144,1,1,0,0,0
502013,0,Creature\nightbane2mount\nightbane2mount.m2,0,1,5,4,18,12,1,0,1,10,2261,0.61111,2.03128,3.17074,-7.4193,-3.22111,-0.27936,3.46874,3.0427,4.18469,1,1,0,0,0
502014,0,Creature\nightsaber2mountsunmoon\nightsaber2mountsunmoon.m2,0,1,12,4,18,12,1,0,1,10,0,0.61111,2.03128,1.35925,-2.69722,-0.89229,-0.03384,1.13982,0.74085,2.30023,1,1,0,0,0
502015,0,Creature\nzothserpent\nzothserpent.m2,0,1,3,4,18,12,1,0,1,10,9676,0.61111,2.03128,2.76653,-9.53137,-6.64631,0.16131,4.40815,5.25293,5.59842,1,1,0,0,0
502016,0,Creature\orcclanworg\orcclanworg.m2,0,1,1,4,18,12,1,0,1,10,73,0.61111,2.03128,1.54424,-2.28818,-0.87246,-0.20173,1.64716,0.61651,2.71035,1,1,0,0,0
502017,0,Creature\overchargedmech\overchargedmech.m2,0,1,20,4,18,12,1,0,1,10,9036,0.61111,2.03128,3.11397,-2.13816,-2.90953,-0.27091,1.46965,2.90717,5.68056,1,1,0,0,0
502018,0,Creature\owldragonmount\owldragonmount.m2,0,1,20,4,18,12,1,0,1,10,0,0.61111,2.03128,1.53234,-5.71221,-1.71026,-0.29673,1.67912,1.63138,3.09665,1,1,0,0,0
502019,0,Creature\oxmount\oxmount.m2,0,1,19,4,18,12,1,0,1,10,6826,0.61111,2.03128,1.39404,-2.1263,-0.75628,-0.00043,1.70043,0.76945,2.04887,1,1,0,0,0
502020,0,Creature\paladinmount\paladinmount.m2,0,1,10,4,18,12,1,0,1,10,5518,0.61111,2.03128,1.97982,-1.58211,-0.65573,-0.03229,1.71617,0.59707,2.61884,1,1,0,0,0
502022,0,Creature\pantheramount\pantheramount.m2,0,1,20,4,18,12,1,0,1,10,9824,0.61111,2.03128,1.40132,-2.64472,-1.52074,-0.01567,1.54876,1.60907,2.45331,1,1,0,0,0
502023,0,Creature\pantheramountironhorde\pantheramountironhorde.m2,0,1,20,4,18,12,1,0,1,10,9824,0.61111,2.03128,1.37581,-2.62655,-0.81936,-0.01567,1.35103,1.038,2.79804,1,1,0,0,0
502024,0,Creature\phoenix2mount\phoenix2mount.m2,0,1,5,4,18,12,1,0,1,10,7187,0.61111,2.03128,1.10211,-8.4243,-9.4859,-8.63561,10.49948,9.43788,10.28817,1,1,0,0,0
502025,0,Creature\piratedragonmount\piratedragonmount.m2,0,1,3,4,18,12,1,0,1,10,7192,0.61111,2.03128,3.18477,-8.01449,-3.12236,-0.57261,3.65302,2.95775,4.29787,1,1,0,0,0
502026,0,Creature\progenitorbotminemount\progenitorbotminemount.m2,0,1,19,4,18,12,1,0,1,10,7571,0.61111,2.03128,2.04958,-1.77681,-2.40934,-0.01896,1.88029,2.41941,2.75075,1,1,0,0,0
502027,0,Creature\progenitorbotmount\progenitorbotmount.m2,0,1,19,4,18,12,1,0,1,10,7574,0.61111,2.03128,1.8097,-5.83221,-4.06086,-0.16622,2.21233,3.82285,5.1106,1,1,0,0,0
502028,0,Creature\progenitorbotmount_void\progenitorbotmount_void.m2,0,1,19,4,18,12,1,0,1,10,9725,0.61111,2.03128,1.8097,-5.83221,-4.06086,-0.16622,2.21233,3.82285,5.1106,1,1,0,0,0
502029,0,Creature\protodragon\korkronprotodrakemount.m2,0,1,3,4,18,12,1,0,1,10,2779,0.61111,2.03128,3.52176,-6.41515,-5.91485,-0.89074,5.34368,6.08936,5.13035,1,1,0,0,0
502030,0,Creature\protodragonfrostwyrm\protodragonfrostwyrm.m2,0,1,3,4,18,12,1,0,1,10,7835,0.61111,2.03128,3.72082,-7.44698,-5.91485,-0.08091,3.40763,6.08936,5.05093,1,1,0,0,0
502031,0,Creature\protodragonicemount\protodragonicemount.m2,0,1,13,4,18,12,1,0,1,10,0,0.61111,2.03128,3.72082,-7.33872,-6.06252,-0.08674,3.07577,6.25169,5.10816,1,1,0,0,0
502032,0,Creature\protoramearthenmount\protoramearthenmount.m2,0,1,1,4,18,12,1,0,1,10,8922,0.61111,2.03128,1.883,-1.27223,-1.68472,-0.0016,2.04513,1.69741,3.13166,1,1,0,0,0
502033,0,Creature\rabbitmount\rabbitmount.m2,0,1,8,4,18,12,1,0,1,10,7603,0.61111,2.03128,0.0122,-1.02268,-0.59019,-0.11833,0.76143,0.58365,1.62717,1,1,0,0,0
502034,0,Creature\ragnarosmount\ragnarosmount.m2,0,1,3,4,18,12,1,0,1,10,8512,0.61111,2.03128,3.91422,-1.29909,-2.99844,-2.61596,3.81397,2.98368,4.40309,1,1,0,0,0
502035,0,Creature\raptor2\raptor2.m2,0,1,1,4,18,12,1,0,1,10,34,0.61111,2.03128,2.56071,-4.32323,-1.52666,-0.06244,1.9209,1.72106,3.13541,1,1,0,0,0
502036,0,Creature\ratmount\ratmount.m2,0,1,1,4,18,12,1,0,1,10,5545,0.61111,2.03128,1.76647,-4.43676,-0.80278,-0.02758,1.65607,0.76979,1.78124,1,1,0,0,0
502037,0,Creature\ratmounthearthstone\ratmounthearthstone.m2,0,1,1,4,18,12,1,0,1,10,0,0.61111,2.03128,1.82845,-4.51423,-0.82279,-0.08082,1.84334,0.70446,1.81249,1,1,0,0,0
502038,0,Creature\ravenlord\ravenlordmount.m2,0,1,3,4,18,12,1,0,1,10,4588,0.61111,2.03128,7.40753,-18.15677,-7.82163,-1.84189,5.8318,7.20256,13.39898,1,1,0,0,0
502039,0,Creature\rhinoprimalmountdream\rhinoprimalmountdream.m2,0,1,1,4,18,12,1,0,1,10,8554,0.61111,2.03128,4.10672,-9.29223,-2.65071,-0.02446,3.84096,2.4337,5.66646,1,1,0,0,0
502040,0,Creature\rhinoprimalmountfire\rhinoprimalmountfire.m2,0,1,1,4,18,12,1,0,1,10,8303,0.61111,2.03128,4.10222,-9.27064,-2.81107,-0.66807,4.10396,2.72377,5.74214,1,1,0,0,0
502041,0,Creature\rhinoprimalmountice\rhinoprimalmountice.m2,0,1,1,4,18,12,1,0,1,10,8071,0.61111,2.03128,4.10672,-9.23227,-2.64287,-0.02446,4.62871,2.47168,5.66646,1,1,0,0,0
502042,0,Creature\rhinoprimalmountinfinite\rhinoprimalmountinfinite.m2,0,1,1,4,18,12,1,0,1,10,8554,0.61111,2.03128,4.10672,-9.24593,-2.65407,-0.0411,4.08011,2.44346,5.71952,1,1,0,0,0
502043,0,Creature\ridingelekk\draeneipaladinelekk.m2,0,1,1,4,18,12,1,0,1,10,2188,0.61111,2.03128,3.21547,-2.16413,-2.72602,-0.1518,3.6314,1.90445,4.44385,1,1,0,0,0
502044,0,Creature\rocketshredder9001\rocketshredder9001.m2,0,1,20,4,18,12,1,0,1,10,8224,0.61111,2.03128,2.86518,-5.54743,-4.16765,-1.54327,2.7859,4.16568,6.79006,1,1,0,0,0
502045,0,Creature\saber2\saber2.m2,0,1,12,4,18,12,1,0,1,10,5005,0.61111,2.03128,1.24137,-3.18852,-1.16682,-0.01982,1.17554,0.89066,1.39337,1,1,0,0,0
502046,0,Creature\sandbeemount\sandbeemount.m2,0,1,21,4,18,12,1,0,1,10,9187,0.61111,2.03128,0.56325,-0.70692,-0.3543,-0.01516,0.41261,0.4827,0.8506,1,1,0,0,0
502047,0,Creature\scaleddrakemount\scaleddrakemount.m2,0,1,3,4,18,12,1,0,1,10,8330,0.61111,2.03128,2.93729,-7.83692,-3.05475,-0.39382,3.39842,2.89492,3.72579,1,1,0,0,0
502048,0,Creature\shadebeastflying\shadebeastflying.m2,0,1,7,4,18,12,1,0,1,10,6918,0.61111,2.03128,3.26249,-6.67763,-2.4082,-0.06196,3.27983,2.26458,3.86831,1,1,0,0,0
502049,0,Creature\shadowstalkerpanthermount\shadowstalkerpanthermount.m2,0,1,16,4,18,12,1,0,1,10,5723,0.61111,2.03128,1.33732,-3.14566,-0.56312,-0.03829,1.20131,0.54751,1.67125,1,1,0,0,0
502050,0,Creature\shamanmount_fel\shamanmount_fel.m2,0,1,8,4,18,12,1,0,1,10,5632,0.61111,2.03128,3.85017,-1.39638,-3.00273,-0.8983,6.84314,3.66393,5.76836,1,1,0,0,0
502051,0,Creature\shamanmount_fire\shamanmount_fire.m2,0,1,5,4,18,12,1,0,1,10,5632,0.61111,2.03128,3.85017,-1.39638,-3.00273,-0.8983,6.84314,3.66393,5.76836,1,1,0,0,0
502053,0,Creature\shaserpentmount\shaserpentmount.m2,0,1,3,4,18,12,1,0,1,10,4102,0.61111,2.03128,2.76653,-9.44546,-6.76621,-0.53768,5.03211,5.48418,6.92918,1,1,0,0,0
502054,0,Creature\shatigermount\shatigermount.m2,0,1,3,4,18,12,1,0,1,10,9251,0.61111,2.03128,1.39321,-2.51572,-0.72558,-0.07676,1.08564,0.66655,2.11687,1,1,0,0,0
502056,0,Creature\shipmount\shipmount.m2,0,1,9,4,18,12,1,0,1,10,6080,0.61111,2.03128,0.04594,-3.74796,-4.02777,1.22152,4.19825,4.0774,4.88078,1,1,0,0,0
502057,0,Creature\skeletalraptor\skeletalraptormount.m2,0,1,3,4,18,12,1,0,1,10,3141,0.61111,2.03128,2.56071,-4.32983,-1.47479,-0.00184,2.17976,1.66831,3.15969,1,1,0,0,0
502058,0,Creature\skiff\skiff.m2,0,1,9,4,18,12,1,0,1,10,6080,0.61111,2.03128,0.04594,-3.74796,-4.02777,1.22152,4.19825,4.0774,4.88078,1,1,0,0,0
502059,0,Creature\snapdragon\snapdragon.m2,0,1,4,4,18,12,1,0,1,10,6556,0.61111,2.03128,1.35937,-3.9933,-0.98202,-0.01319,1.15168,0.76195,1.8967,1,1,0,0,0
502060,0,Creature\snowelementalmount\snowelementalmount.m2,0,1,13,4,18,12,1,0,1,10,7598,0.61111,2.03128,0,-1.53803,-2.65019,-0.16174,1.57336,2.54523,3.79286,1,1,0,0,0
502061,0,Creature\spectralgryphon\spectralgryphon.m2,0,1,1,4,18,12,1,0,1,10,2778,0.61111,2.03128,1.65844,-2.22363,-1.25776,-0.09742,2.49557,1.03875,2.47783,1,1,0,0,0
502062,0,Creature\spectralwyvern\spectralwyvern.m2,0,1,1,4,18,12,1,0,1,10,2235,0.61111,2.03128,1.34456,-4.42799,-1.54908,-0.22493,1.69228,0.95488,2.01985,1,1,0,0,0
502063,0,Creature\spidermount\spidermount.m2,0,1,3,4,18,12,1,0,1,10,2780,0.61111,2.03128,0.85816,-1.90651,-2.31791,-0.07688,3.53889,2.31792,1.98934,1,1,0,0,0
502064,0,Creature\sporebat3mountglowing\sporebat3mountglowing.m2,0,1,4,4,18,12,1,0,1,10,9780,0.61111,2.03128,3.20148,-7.47062,-5.39525,-0.18666,2.91696,5.38541,5.9404,1,1,0,0,0
502065,0,Creature\squirrelflyingmount\squirrelflyingmount.m2,0,1,1,4,18,12,1,0,1,10,9971,0.61111,2.03128,2.38155,-5.2125,-1.53237,-0.36498,1.56479,2.37815,3.5799,1,1,0,0,0
502066,0,Creature\steelwarhorse\steelwarhorse.m2,0,1,3,4,18,12,1,0,1,10,4488,0.61111,2.03128,2.01392,-2.52651,-0.75133,-0.04555,1.85577,0.73407,2.63426,1,1,0,0,0
502067,0,Creature\stormcrowmount\stormcrowmount.m2,0,1,1,4,18,12,1,0,1,10,9252,0.61111,2.03128,0.84244,-1.98104,-3.88914,0.2645,2.59276,3.92297,5.18293,1,1,0,0,0
502068,0,Creature\stormcrowmount_solar\stormcrowmount_arcane.m2,0,1,12,4,18,12,1,0,1,10,5809,0.61111,2.03128,0.84244,-1.98104,-3.88913,0.2645,2.59276,3.92297,5.18293,1,1,0,0,0
502069,0,Creature\stormdragonmount2_fel\stormdragonmount2_fel.m2,0,1,1,4,18,12,1,0,1,10,5473,0.61111,2.03128,3.12506,-7.04115,-3.10923,-1.43764,3.42916,2.94985,3.76616,1,1,0,0,0
502070,0,Creature\stormpikebattlecharger\stormpikebattlecharger.m2,0,1,1,4,18,12,1,0,1,10,6684,0.61111,2.03128,2.19401,-1.19587,-0.88741,-0.00237,2.44079,0.98324,2.68832,1,1,0,0,0
502071,0,Creature\suramarmount\suramarmount.m2,0,1,1,4,18,12,1,0,1,10,4956,0.61111,2.03128,1.26523,-3.28622,-0.86221,-0.01747,1.2207,0.87004,2.14728,1,1,0,0,0
502072,0,Creature\tigermount\tigermount.m2,0,1,8,4,18,12,1,0,1,10,7437,0.61111,2.03128,2.2526,-4.79601,-2.21564,-0.0041,2.75068,2.11009,2.58272,1,1,0,0,0
502073,0,Creature\toadardenwealdmount\toadardenwealdmount.m2,0,1,2,4,18,12,1,0,1,10,6994,0.61111,2.03128,2.92664,-2.11669,-1.8124,-0.07704,1.94949,1.66606,3.86726,1,1,0,0,0
502074,0,Creature\tuskarrglider\tuskarrglider.m2,0,1,1,4,18,12,1,0,1,10,7633,0.61111,2.03128,1.65453,-11.4358,-12.60935,2.48075,11.74278,12.60966,16.644,1,1,0,0,0
502075,0,Creature\tyraelmount\tyraelmount.m2,0,1,3,4,18,12,1,0,1,10,4044,0.61111,2.03128,1.92485,-8.12365,-7.86744,-4.38767,2.89599,7.88931,10.01506,1,1,0,0,0
502076,0,Creature\viciousalliancebearmount\viciousalliancebearmount.m2,0,1,1,4,18,12,1,0,1,10,2499,0.61111,2.03128,2.32918,-1.91052,-1.37278,-0.02235,1.76296,1.38664,4.2652,1,1,0,0,0
502077,0,Creature\viciousalliancehippo\viciousalliancehippo.m2,0,1,1,4,18,12,1,0,1,10,4733,0.61111,2.03128,7.30442,-4.54041,-3.40604,-0.007,7.10247,3.55674,8.81595,1,1,0,0,0
502078,0,Creature\viciousalliancespider\viciousalliancespider.m2,0,1,3,4,18,12,1,0,1,10,6824,0.61111,2.03128,0.85902,-1.90651,-2.34206,-0.09045,3.57553,2.34208,2.209,1,1,0,0,0
502079,0,Creature\viciousalliancetoad\viciousalliancetoad.m2,0,1,2,4,18,12,1,0,1,10,6994,0.61111,2.03128,2.92664,-2.11656,-1.8124,-0.07704,1.94949,1.66606,3.83923,1,1,0,0,0
502080,0,Creature\viciousalliancewolf\viciousalliancewolf.m2,0,1,17,4,18,12,1,0,1,10,7447,0.61111,2.03128,1.56923,-2.43734,-0.52323,-0.12139,1.92985,0.52895,2.38908,1,1,0,0,0
502081,0,Creature\viciousflyingnerubian2\viciousflyingnerubian2_alliance.m2,0,1,17,4,18,12,1,0,1,10,9021,0.61111,2.03128,1.61369,-3.1104,-2.97686,-0.25047,2.40221,3.02407,3.98662,1,1,0,0,0
502082,0,Creature\viciousgoblintrike\viciousgoblintrike.m2,0,1,19,4,18,12,1,0,1,10,2694,0.61111,2.03128,0.62793,-2.10678,-1.35634,-0.28366,1.72118,1.35542,1.88563,1,1,0,0,0
502083,0,Creature\viciousgoldenking\viciousgoldenking.m2,0,1,1,4,18,12,1,0,1,10,196,0.61111,2.03128,1.41279,-2.58391,-0.77898,-0.12364,1.12471,0.77417,2.74474,1,1,0,0,0
502084,0,Creature\vicioushawkstrider\vicioushawkstrider.m2,0,1,1,4,18,12,1,0,1,10,1588,0.61111,2.03128,2.33269,-2.41502,-2.11958,0.00223,1.64473,2.43279,4.4664,1,1,0,0,0
502085,0,Creature\vicioushordebearmount\vicioushordebearmount.m2,0,1,1,4,18,12,1,0,1,10,2499,0.61111,2.03128,2.32918,-1.91052,-1.37278,-0.02235,1.90751,1.38664,4.2652,1,1,0,0,0
502086,0,Creature\vicioushordeclefthoof\vicioushordeclefthoof.m2,0,1,1,4,18,12,1,0,1,10,4596,0.61111,2.03128,5.55257,-7.54213,-3.26478,-0.03915,7.37637,3.35961,7.59857,1,1,0,0,0
502087,0,Creature\vicioushordespider\vicioushordespider.m2,0,1,3,4,18,12,1,0,1,10,6824,0.61111,2.03128,0.85902,-1.90651,-2.34206,-0.09045,3.57553,2.34208,2.21031,1,1,0,0,0
502088,0,Creature\vicioushordetoad\vicioushordetoad.m2,0,1,2,4,18,12,1,0,1,10,6994,0.61111,2.03128,2.92664,-2.11656,-1.8124,-0.07704,1.94949,1.66606,3.83923,1,1,0,0,0
502089,0,Creature\vicioushordewolf\vicioushordewolf.m2,0,1,17,4,18,12,1,0,1,10,7447,0.61111,2.03128,1.56923,-2.43734,-0.52323,-0.12139,1.92985,0.52895,2.38908,1,1,0,0,0
502090,0,Creature\vicioushorse\vicioushorse.m2,0,1,1,4,18,12,1,0,1,10,197,0.61111,2.03128,2.08987,-1.93112,-1.00053,-0.01588,1.8697,0.96506,4.02792,1,1,0,0,0
502091,0,Creature\viciouskorkronannihilator\viciouskorkronannihilator.m2,0,1,1,4,18,12,1,0,1,10,198,0.61111,2.03128,0.69867,-1.256,-1.06621,-0.03077,1.48888,1.36715,1.88587,1,1,0,0,0
502092,0,Creature\viciouswarbasiliskalliance\viciouswarbasiliskalliance.m2,0,1,1,4,18,12,1,0,1,10,5069,0.61111,2.03128,2.05556,-6.10145,-2.881,-0.30531,3.04074,2.80449,5.59043,1,1,0,0,0
502093,0,Creature\viciouswarbasiliskhorde\viciouswarbasiliskhorde.m2,0,1,1,4,18,12,1,0,1,10,5069,0.61111,2.03128,2.08333,-6.10145,-2.881,-0.20054,3.03859,2.80449,5.01175,1,1,0,0,0
502094,0,Creature\viciouswarelekk\viciouswarelekk.m2,0,1,1,4,18,12,1,0,1,10,1588,0.61111,2.03128,3.22391,-2.65557,-3.7132,-0.6599,3.84285,2.77266,5.61116,1,1,0,0,0
502095,0,Creature\viciouswarfoxalliance\viciouswarfoxalliance.m2,0,1,1,4,18,12,1,0,1,10,3115,0.61111,2.03128,1.42227,-2.67205,-0.6491,0.01152,1.21577,0.69323,1.61479,1,1,0,0,0
502096,0,Creature\viciouswarfoxhorde\viciouswarfoxhorde.m2,0,1,1,4,18,12,1,0,1,10,3115,0.61111,2.03128,1.37848,-2.67205,-0.57706,0.01152,1.21577,0.69323,1.59551,1,1,0,0,0
502097,0,Creature\viciouswarkodo\viciouswarkodo.m2,0,1,1,4,18,12,1,0,1,10,1588,0.61111,2.03128,3.7789,-8.31123,-3.1758,-0.1713,4.25762,3.04982,9.21324,1,1,0,0,0
502098,0,Creature\viciouswarmechanostrider\viciouswarmechanostrider.m2,0,1,19,4,18,12,1,0,1,10,688,0.61111,2.03128,1.625,-1.7107,-0.91753,-0.0137,1.10121,0.88021,3.36448,1,1,0,0,0
502099,0,Creature\viciouswarram\viciouswarram.m2,0,1,1,4,18,12,1,0,1,10,1288,0.61111,2.03128,2.2719,-1.44585,-1.11398,-0.01121,2.30852,0.9997,2.61614,1,1,0,0,0
502100,0,Creature\voiddragonmount\voiddragonmount.m2,0,1,7,4,18,12,1,0,1,10,2261,0.61111,2.03128,3.74234,-7.05694,-3.09853,-0.36621,3.38315,2.93928,4.09628,1,1,0,0,0
502101,0,Creature\voiddragonmount2ethereal_king\voiddragonmount2ethereal_king.m2,0,1,20,4,18,12,1,0,1,10,9736,0.61111,2.03128,3.18477,-7.05694,-3.00044,-0.36621,3.38315,2.83875,5.27892,1,1,0,0,0
502102,0,Creature\voidelfhawkstridermount\voidelfhawkstridermount.m2,0,1,3,4,18,12,1,0,1,10,2294,0.61111,2.03128,2.33269,-1.9417,-1.66186,0.00855,1.47004,1.97371,3.78124,1,1,0,0,0
502103,0,Creature\voidforgedmechsuit\voidforgedmechsuit.m2,0,1,19,4,18,12,1,0,1,10,10476,0.61111,2.03128,3.11397,-1.73301,-3.00642,-0.00019,2.36116,3.34973,5.98204,1,1,0,0,0
502104,0,Creature\voidsurfboardmount\voidsurfboardmount.m2,0,1,20,4,18,12,1,0,1,10,10588,0.61111,2.03128,0,-2.10902,-1.44238,-0.59013,2.26546,1.63035,1.70569,1,1,0,0,0
502105,0,Creature\vulperamount\vulperamount.m2,0,1,1,4,18,12,1,0,1,10,5921,0.61111,2.03128,1.51093,-4.48882,-2.97245,-0.90073,1.72318,2.92062,4.99234,1,1,0,0,0
502106,0,Creature\warlockmountshadow\warlockmountshadow.m2,0,1,7,4,18,12,1,0,1,10,5518,0.61111,2.03128,2.00147,-1.68335,-1.10441,-0.56175,1.68675,1.04495,3.23144,1,1,0,0,0
502107,0,Creature\waterelementalmount\waterelementalmount.m2,0,1,8,4,18,12,1,0,1,10,6418,0.61111,2.03128,3.59647,-1.53215,-2.46104,0.11533,2.51961,2.69104,4.53811,1,1,0,0,0
502108,0,Creature\wingedlionmount\wingedlionmount.m2,0,1,3,4,18,12,1,0,1,10,3845,0.61111,2.03128,1.65171,-2.90175,-0.7388,-0.01901,1.19624,0.80054,1.69086,1,1,0,0,0
502109,0,Creature\wolfserpentmount2\wolfserpentmount2.m2,0,1,4,4,18,12,1,0,1,10,7195,0.61111,2.03128,2.83514,-9.22192,-6.51733,0.19235,4.64172,5.08277,7.55643,1,1,0,0,0
502110,0,Creature\zandalaripaladinmount\zandalaripaladinmount.m2,0,1,1,4,18,12,1,0,1,10,4408,0.61111,2.03128,6.75754,-9.77187,-3.72006,-0.24968,8.54004,3.58896,8.19529,1,1,0,0,0
502111,0,Creature\zandalariraptor\zandalariraptor.m2,0,1,1,4,18,12,1,0,1,10,5838,0.61111,2.03128,2.56067,-4.76372,-1.8805,-0.0669,1.8266,2.06672,3.24626,1,1,0,0,0
502112,0,Creature\zeppelinmount\zeppelinmount.m2,0,1,9,4,18,12,1,0,1,10,5736,0.61111,2.03128,2.33953,-3.9274,-3.49921,-0.48534,3.92078,3.5098,6.50209,1,1,0,0,0
502113,0,Creature\wyvernpetblackdragon\wyvernpetblackdragon.m2,0,1,1,4,18,12,1,0,1,10,8335,0.61111,2.03128,1.42444,-4.13178,-1.52623,-0.05539,1.83297,1.44872,2.64715,1,1,0,0,0
502114,0,Creature\abominationsmall\abominationsmall.m2,0,1,2,4,18,12,1,0,1,10,6910,0.61111,2.03128,1.39475,-0.61045,-1.35977,-0.16573,1.25265,1.44598,2.12465,1,1,0,0,0
502115,0,Creature\babyamanieagle\babyamanieagle.m2,0,1,1,4,18,12,1,0,1,10,9879,0.61111,2.03128,1.1799,-1.43042,-0.61338,-0.01511,1.01938,0.65145,2.53385,1,1,0,0,0
502116,0,Creature\babycryptfiend\babycryptfiend.m2,0,1,3,4,18,12,1,0,1,10,8818,0.61111,2.03128,0,-2.69516,-2.76294,-0.21803,2.20977,2.75282,3.74363,1,1,0,0,0
502117,0,Creature\babyeversonglynx\babyeversonglynx.m2,0,1,1,4,18,12,1,0,1,10,9982,0.61111,2.03128,0,-2.27014,-0.61928,-0.01924,1.03679,0.53997,1.5144,1,1,0,0,0
502118,0,Creature\babyfireelemental\babyfireelemental.m2,0,1,5,4,18,12,1,0,1,10,158,0.61111,2.03128,0,-0.96638,-1.63854,-0.22355,1.26412,1.60552,4.29153,1,1,0,0,0
502119,0,Creature\babyhawkstrider2\babyhawkstrider2.m2,0,1,1,4,18,12,1,0,1,10,9816,0.61111,2.03128,2.33269,-1.77714,-1.05039,-0.00636,1.78153,1.11523,4.04794,1,1,0,0,0
502120,0,Creature\babyhorse2\babyhorse2.m2,0,1,1,4,18,12,1,0,1,10,6841,0.61111,2.03128,2.0057,-1.33513,-0.70391,0.01498,2.00105,0.60901,3.08156,1,1,0,0,0
502121,0,Creature\babymanawyrm\babymanawyrm.m2,0,1,12,4,18,12,1,0,1,10,10061,0.61111,2.03128,1.41144,-4.34763,-2.43774,-0.56577,2.40732,2.52866,2.87031,1,1,0,0,0
502122,0,Creature\babytriceratops\babytriceratops.m2,0,1,1,4,18,12,1,0,1,10,4485,0.61111,2.03128,6.75754,-6.39129,-4.02536,-0.00813,8.02934,3.94876,8.6884,1,1,0,0,0
502123,0,Creature\butterfly\butterfly.m2,0,1,2,4,18,12,1,0,1,10,2231,0.61111,2.03128,0,-2.85149,-3.61071,0.7095,2.76615,3.59099,4.88711,1,1,0,0,0
502124,0,Creature\capybara\capybara.m2,0,1,1,4,18,12,1,0,1,10,6413,0.61111,2.03128,0.88841,-0.6607,-0.36106,-0.00644,0.84351,0.32336,1.07513,1,1,0,0,0
502125,0,Creature\capybarafelpet\capybarafelpet.m2,0,1,1,4,18,12,1,0,1,10,9782,0.61111,2.03128,0.83884,-1.12423,-0.71361,-0.0402,1.45747,0.66756,2.92389,1,1,0,0,0
502126,0,Creature\clockworkbeagle\clockworkbeagle.m2,0,1,19,4,18,12,1,0,1,10,9255,0.61111,2.03128,0,-0.58451,-0.23466,-0.00015,0.63812,0.22841,0.8862,1,1,0,0,0
502127,0,Creature\cosmicworm\cosmicworm.m2,0,1,16,4,18,12,1,0,1,10,9549,0.61111,2.03128,0,-4.36409,-0.8917,-0.20008,1.68174,0.89579,4.03165,1,1,0,0,0
502128,0,Creature\decomposerflier\decomposerflier.m2,0,1,4,4,18,12,1,0,1,10,6794,0.61111,2.03128,2.76492,-2.03671,-2.91175,-0.00847,2.22515,2.94554,5.51863,1,1,0,0,0
502129,0,Creature\draenorkaliri\draenorkaliri.m2,0,1,1,4,18,12,1,0,1,10,4741,0.61111,2.03128,0,-1.96035,-3.46954,0.12382,2.20314,3.50407,4.49204,1,1,0,0,0
502130,0,Creature\dragonwhelpproto\dragonwhelpproto.m2,0,1,1,4,18,12,1,0,1,10,7746,0.61111,2.03128,6.92926,-14.25217,-11.84968,-0.15395,7.19213,12.19983,8.03411,1,1,0,0,0
502131,0,Creature\firespiritsmall\firespiritsmalllesser.m2,0,1,3,4,18,12,1,0,1,10,4005,0.61111,2.03128,0,-1.25435,-1.51237,0.69623,1.27614,1.63798,5.80259,1,1,0,0,0
502132,0,Creature\fishpterois\fishpterois.m2,0,1,1,4,18,12,1,0,1,10,7727,0.61111,2.03128,0,-7.2808,-6.20021,-1.96854,2.04681,7.38659,6.74047,1,1,0,0,0
502133,0,Creature\frostsabre\sabrecub.m2,0,1,1,4,18,12,1,0,1,10,2208,0.61111,2.03128,0.86542,-2.43603,-0.67113,-0.00814,1.11062,0.50589,1.3256,1,1,0,0,0
502134,0,Creature\gardenmandrakepet\gardenmandrakepet.m2,0,1,14,4,18,12,1,0,1,10,10117,0.61111,2.03128,0,-1.45834,-1.4904,-0.20392,1.57052,1.43207,4.25464,1,1,0,0,0
502135,0,Creature\kareshstrider\kareshstrider.m2,0,1,20,4,18,12,1,0,1,10,9446,0.61111,2.03128,0,-1.80291,-1.21813,-0.00603,0.46791,1.21719,1.51566,1,1,0,0,0
502136,0,Creature\makruralava\makruralava.m2,0,1,5,4,18,12,1,0,1,10,8310,0.61111,2.03128,0,-3.19047,-2.10137,-0.07291,1.36321,2.09671,3.66777,1,1,0,0,0
502137,0,Creature\maldraxxusslime\maldraxxusslime.m2,0,1,3,4,18,12,1,0,1,10,81,0.61111,2.03128,0,-4.54477,-1.83442,-0.17438,1.63435,1.84352,1.54802,1,1,0,0,0
502138,0,Creature\manawurm2\manawurm2.m2,0,1,1,4,18,12,1,0,1,10,2103,0.61111,2.03128,-0.00597,-1.06275,-0.26753,0.83306,0.37716,0.53371,1.409,1,1,0,0,0
502139,0,Creature\mechanicalchicken\mechanicalchicken.m2,0,1,19,4,18,12,1,0,1,10,2544,0.61111,2.03128,0,-0.29767,-0.15292,-0.00001,0.23544,0.15366,0.4381,1,1,0,0,0
502140,0,Creature\progenitorgeode\progenitorgeode.m2,0,1,19,4,18,12,1,0,1,10,7420,0.61111,2.03128,0,-0.08642,-0.49862,0.15753,0.74839,0.51672,1.26677,1,1,0,0,0
502141,0,Creature\redpanda\redpanda.m2,0,1,1,4,18,12,1,0,1,10,4418,0.61111,2.03128,0.46259,-1.21839,-0.25998,-0.09339,0.49566,0.27669,0.69576,1,1,0,0,0
502142,0,Creature\spidercrab\spidercrab.m2,0,1,3,4,18,12,1,0,1,10,5999,0.61111,2.03128,0,-0.57171,-0.95953,-0.02236,1.09252,0.96073,0.97613,1,1,0,0,0
502143,0,Creature\spiderpet\spiderpet.m2,0,1,2,4,18,12,1,0,1,10,2354,0.61111,2.03128,0,-2.11492,-2.06442,-0.12419,1.7054,2.0023,2.30747,1,1,0,0,0
502144,0,Creature\sporebatrock\sporebatrock.m2,0,1,5,4,18,12,1,0,1,10,8168,0.61111,2.03128,2.85659,-4.57226,-2.32434,1.2839,2.00552,2.34413,4.33973,1,1,0,0,0
502145,0,Creature\thunderislebird\thunderisleyoungbird.m2,0,1,1,4,18,12,1,0,1,10,4415,0.61111,2.03128,0,-4.54895,-1.56172,-0.1202,2.05401,2.40627,3.35169,1,1,0,0,0
502146,0,Creature\toygorilla\toygorilla.m2,0,1,3,4,18,12,1,0,1,10,9339,0.61111,2.03128,0,-1.49564,-1.65268,-0.24745,1.40666,1.82877,3.34191,1,1,0,0,0
502147,0,Creature\treasurecrabpet\treasurecrabpet.m2,0,1,3,4,18,12,1,0,1,10,5999,0.61111,2.03128,0,-1.15591,-0.97047,-0.09013,1.20545,0.96826,2.07421,1,1,0,0,0
502148,0,Creature\airspiritsmall\airspiritsmalllesser.m2,0,1,3,4,18,12,1,0,1,10,4144,0.61111,2.03128,0,-0.91756,-1.8468,0.68147,1.70529,1.97743,5.24638,1,1,0,0,0
502149,0,Creature\arfuspet\arfuspet.m2,0,1,1,4,18,12,1,0,1,10,8366,0.61111,2.03128,1.56923,-1.81708,-0.51458,-0.03672,1.97108,0.52395,1.76693,1,1,0,0,0
502150,0,Creature\babyberserker\babyberserker.m2,0,1,20,4,18,12,1,0,1,10,10014,0.61111,2.03128,3.80327,-3.91146,-2.3712,-0.05634,3.02326,2.05933,5.78714,1,1,0,0,0
502151,0,Creature\babygrovecrawler\babygrovecrawler.m2,0,1,2,4,18,12,1,0,1,10,9839,0.61111,2.03128,1.18984,-1.72414,-0.75983,-0.11076,1.54827,0.72799,2.00284,1,1,0,0,0
502152,0,Creature\babyhippo\babyhippo.m2,0,1,3,4,18,12,1,0,1,10,4584,0.61111,2.03128,6.75754,-8.23957,-3.45388,-0.00747,8.59789,3.48638,8.67268,1,1,0,0,0
502153,0,Creature\babykareshfox\babykareshfox.m2,0,1,20,4,18,12,1,0,1,10,9580,0.61111,2.03128,1.33733,-2.47484,-0.82903,-0.0243,1.85342,0.83622,2.30737,1,1,0,0,0
502154,0,Creature\babykomododragon\babykomododragon.m2,0,1,1,4,18,12,1,0,1,10,6227,0.61111,2.03128,2.1647,-6.11583,-2.30717,-0.10047,2.62388,1.82764,3.34522,1,1,0,0,0
502155,0,Creature\babymolepet\babymolepet.m2,0,1,1,4,18,12,1,0,1,10,9026,0.61111,2.03128,1.53097,-1.76945,-0.90957,-0.01797,2.15123,0.9146,1.70483,1,1,0,0,0
502156,0,Creature\babymoose\babymoose.m2,0,1,1,4,18,12,1,0,1,10,5267,0.61111,2.03128,2.0057,-1.23142,-1.30461,0.02322,2.4503,1.19916,3.43604,1,1,0,0,0
502157,0,Creature\babymurloc3\babymurloc3.m2,0,1,1,4,18,12,1,0,1,10,2094,0.61111,2.03128,0.3872,-0.71147,-0.63265,-0.05162,0.53333,0.53295,1.21074,1,1,0,0,0
502158,0,Creature\babynaga2\babynaga2.m2,0,1,1,4,18,12,1,0,1,10,6666,0.61111,2.03128,1.31897,-1.32654,-0.92547,-0.1665,1.07507,0.92419,2.96733,1,1,0,0,0
502159,0,Creature\babypotadpole\babypotadpole.m2,0,1,14,4,18,12,1,0,1,10,9694,0.61111,2.03128,0,-1.56749,-0.86356,-0.02887,1.59563,0.85037,1.2266,1,1,0,0,0
502160,0,Creature\babyraptor\babyraptor.m2,0,1,1,4,18,12,1,0,1,10,2992,0.61111,2.03128,2.56067,-3.36194,-1.40505,-0.22458,2.76817,1.47658,4.89419,1,1,0,0,0
502161,0,Creature\babysporebat3\babysporebat3.m2,0,1,4,4,18,12,1,0,1,10,9746,0.61111,2.03128,2.56119,-4.86795,-3.11132,0.29829,1.96444,3.1116,4.45967,1,1,0,0,0
502162,0,Creature\babysteward\babysteward.m2,0,1,17,4,18,12,1,0,1,10,7115,0.61111,2.03128,0,-1.09485,-0.84125,-0.02466,0.37174,0.97174,2.94,1,1,0,0,0
502163,0,Creature\babyvoidwalker\babyvoidwalker.m2,0,1,7,4,18,12,1,0,1,10,9986,0.61111,2.03128,0,-0.93838,-1.74917,-0.20468,1.35502,1.68096,2.90597,1,1,0,0,0
502164,0,Creature\balloon\creature_balloon_01.m2,0,1,20,4,18,12,1,0,1,10,0,0.61111,2.03128,0,-0.70193,-0.79773,3.82516,0.45946,0.46061,5.18669,1,1,0,0,0
502165,0,Creature\batpet\batpet.m2,0,1,2,4,18,12,1,0,1,10,189,0.61111,2.03128,1.19389,-1.32329,-4.26635,1.86484,2.74098,4.24818,6.52835,1,1,0,0,0
502166,0,Creature\blistercreep\blistercreep.m2,0,1,20,4,18,12,1,0,1,10,10247,0.61111,2.03128,3.01078,-5.30052,-2.46057,-0.25451,3.20206,2.44096,4.41721,1,1,0,0,0
502167,0,Creature\bloodticklarva\bloodticklarva.m2,0,1,1,4,18,12,1,0,1,10,8715,0.61111,2.03128,3.01078,-5.71147,-2.39164,-0.07931,3.10928,2.37678,4.6423,1,1,0,0,0
502168,0,Creature\brontosauruspet\brontosauruspet.m2,0,1,1,4,18,12,1,0,1,10,6140,0.61111,2.03128,4.86633,-10.11967,-2.83411,-0.15309,6.28203,3.02888,10.20414,1,1,0,0,0
502169,0,Creature\catbroker\catbroker.m2,0,1,19,4,18,12,1,0,1,10,7223,0.61111,2.03128,0,-3.25477,-1.22313,-0.06593,0.90686,0.93454,1.66611,1,1,0,0,0
502170,0,Creature\deepseafish\deepseafish.m2,0,1,1,4,18,12,1,0,1,10,8662,0.61111,2.03128,0,-6.81211,-3.51544,-1.66724,1.71288,4.48984,5.0024,1,1,0,0,0
502171,0,Creature\desertlasherorchid\desertlasherorchid.m2,0,1,14,4,18,12,1,0,1,10,9935,0.61111,2.03128,0,-1.58631,-1.88974,-0.41364,2.48357,1.92315,3.9162,1,1,0,0,0
502172,0,Creature\dogprimalbaby\dogprimalbaby.m2,0,1,1,4,18,12,1,0,1,10,8331,0.61111,2.03128,1.56923,-1.99491,-0.72915,-0.16716,2.06767,0.74328,1.9874,1,1,0,0,0
502173,0,Creature\dreamfawn\dreamfawn.m2,0,1,1,4,18,12,1,0,1,10,8412,0.61111,2.03128,2.0057,-1.1631,-0.76616,-0.01122,1.93426,0.71288,3.29902,1,1,0,0,0
502174,0,Creature\facelessmount\facelessmount.m2,0,1,2,4,18,12,1,0,1,10,5517,0.61111,2.03128,2.92666,-5.41512,-5.04739,-5.71652,4.75223,5.28994,4.65711,1,1,0,0,0
502175,0,Creature\felstalker\felstalker_pet.m2,0,1,3,4,18,12,1,0,1,10,5010,0.61111,2.03128,0,-1.86116,-0.70169,-0.10493,1.93886,0.7487,1.87945,1,1,0,0,0
502176,0,Creature\flyingbook\flyingbook_03_pet.m2,0,1,3,4,18,12,1,0,1,10,0,0.61111,2.03128,0,-0.02966,-0.24069,1.56865,0.55309,0.19846,2.24015,1,1,0,0,0
502177,0,Creature\flyingnerubian2\flyingnerubian2.m2,0,1,3,4,18,12,1,0,1,10,8697,0.61111,2.03128,0,-3.11093,-2.86874,-0.20137,2.33543,2.9141,2.51676,1,1,0,0,0
502178,0,Creature\forestsprite\forestsprite_low01.m2,0,1,9,4,18,12,1,0,1,10,4013,0.61111,2.03128,0.43453,-0.42023,-0.48148,-0.00055,0.32706,0.64077,1.54706,1,1,0,0,0
502179,0,Creature\giantparrot\giantparrot.m2,0,1,1,4,18,12,1,0,1,10,9193,0.61111,2.03128,0.84244,-1.93156,-3.47963,0.45694,2.2303,3.51779,4.8487,1,1,0,0,0
502180,0,Creature\giantvampirebat\giantvampirebat.m2,0,1,1,4,18,12,1,0,1,10,6801,0.61111,2.03128,1.40376,-2.04856,-4.42931,1.76196,2.81098,4.44947,7.07633,1,1,0,0,0
502181,0,Creature\giantwasp\giantwasp.m2,0,1,2,4,18,12,1,0,1,10,8693,0.61111,2.03128,2.76492,-1.85892,-2.73568,0.20473,2.24154,2.60132,5.98195,1,1,0,0,0
502183,0,Creature\inquisitoreye\inquisitoreye.m2,0,1,3,4,18,12,1,0,1,10,4793,0.61111,2.03128,0,0.05053,-0.40702,1.43291,0.61441,0.40338,2.19332,1,1,0,0,0
502184,0,Creature\kirinbaby\kirinbaby.m2,0,1,1,4,18,12,1,0,1,10,7801,0.61111,2.03128,2.0057,-1.66415,-0.77504,0.02377,1.91991,0.72337,3.26714,1,1,0,0,0
502185,0,Creature\ladybugpet\ladybugpet.m2,0,1,21,4,18,12,1,0,1,10,8651,0.61111,2.03128,0,-2.04342,-2.06623,-0.05542,2.40052,2.06591,3.08042,1,1,0,0,0
502186,0,Creature\lifeburdensmall\lifeburdensmall.m2,0,1,7,4,18,12,1,0,1,10,6899,0.61111,2.03128,0,-1.49221,-1.81863,-0.07269,1.37227,1.49651,1.76237,1,1,0,0,0
502187,0,Creature\mantidtank\mantidtank_low01.m2,0,1,17,4,18,12,1,0,1,10,4152,0.61111,2.03128,0,-4.28797,-4.06554,0.05177,4.35287,4.14898,8.1815,1,1,0,0,0
502188,0,Creature\mawexpansionhopper\mawexpansionhopper.m2,0,1,21,4,18,12,1,0,1,10,7227,0.61111,2.03128,0,-1.95622,-1.76897,-0.05556,1.62758,1.22948,2.69423,1,1,0,0,0
502189,0,Creature\maweye\maweye.m2,0,1,19,4,18,12,1,0,1,10,7127,0.61111,2.03128,1.27817,-2.80735,-4.04763,-2.21983,6.41576,4.2857,9.86188,1,1,0,0,0
502190,0,Creature\mawhand\mawhand.m2,0,1,19,4,18,12,1,0,1,10,6880,0.61111,2.03128,0,-0.44047,-0.24253,-0.00288,0.25532,0.22349,0.75329,1,1,0,0,0
502191,0,Creature\mawrat\mawrat.m2,0,1,7,4,18,12,1,0,1,10,6891,0.61111,2.03128,1.49579,-2.31413,-1.21764,-1.04462,1.73498,1.21845,3.48247,1,1,0,0,0
502192,0,Creature\mawroach\mawroach.m2,0,1,3,4,18,12,1,0,1,10,6881,0.61111,2.03128,0,-2.9839,-1.82422,-0.0594,2.63866,1.82337,2.57771,1,1,0,0,0
502193,0,Creature\mechanicalprairiedog\mechanicalprairiedog.m2,0,1,19,4,18,12,1,0,1,10,5968,0.61111,2.03128,0,-0.29611,-0.10776,-0.01593,0.09138,0.1061,0.35906,1,1,0,0,0
502194,0,Creature\mechanicalspiderpet\mechanicalspiderpet.m2,0,1,19,4,18,12,1,0,1,10,5612,0.61111,2.03128,0.85816,-2.05178,-2.29459,-0.0751,3.48003,2.29461,2.74098,1,1,0,0,0
502195,0,Creature\mothardenweald\mothardenweald.m2,0,1,4,4,18,12,1,0,1,10,6850,0.61111,2.03128,0.55481,-2.0484,-1.63291,-0.2551,0.39769,1.65376,2.49411,1,1,0,0,0
502196,0,Creature\mothunderlight\mothunderlight.m2,0,1,4,4,18,12,1,0,1,10,8251,0.61111,2.03128,0.55481,-1.87395,-2.35315,-0.00073,0.38142,2.33026,2.74642,1,1,0,0,0
502197,0,Creature\mukleech\mukleech.m2,0,1,2,4,18,12,1,0,1,10,9529,0.61111,2.03128,0,-2.81668,-1.16825,-0.05,2.02931,1.10332,1.58331,1,1,0,0,0
502198,0,Creature\nzothfish\nzothfish.m2,0,1,3,4,18,12,1,0,1,10,6577,0.61111,2.03128,0,-8.65371,-2.63543,-0.6351,2.47086,3.80805,4.47988,1,1,0,0,0
502199,0,Creature\owl2\owl2.m2,0,1,1,4,18,12,1,0,1,10,350,0.61111,2.03128,0,-1.91076,-3.43475,0.69026,2.25996,3.47291,4.6723,1,1,0,0,0
502200,0,Creature\pandarenserpentpet\pandarenserpentpet.m2,0,1,3,4,18,12,1,0,1,10,4248,0.61111,2.03128,0,-3.79303,-0.7479,0.52242,1.03025,0.50799,4.66127,1,1,0,0,0
502201,0,Creature\pineconecritter\pineconecritter.m2,0,1,1,4,18,12,1,0,1,10,8445,0.61111,2.03128,0,-1.20948,-0.67494,-0.00686,1.11738,0.68538,1.03127,1,1,0,0,0
502202,0,Creature\progenitoraxolotl\progenitoraxolotl.m2,0,1,17,4,18,12,1,0,1,10,7436,0.61111,2.03128,1.92917,-3.99595,-1.24224,-0.02637,1.93956,1.23495,1.8116,1,1,0,0,0
502203,0,Creature\progenitorchicken\progenitorchicken.m2,0,1,17,4,18,12,1,0,1,10,7472,0.61111,2.03128,0,-0.19978,-0.1381,0.00621,0.21631,0.13439,0.39785,1,1,0,0,0
502204,0,Creature\progenitorjellyfish\progenitorjellyfish.m2,0,1,17,4,18,12,1,0,1,10,7453,0.61111,2.03128,4.1363,-5.7439,-5.34621,-0.08516,5.06627,5.34114,11.6057,1,1,0,0,0
502205,0,Creature\progenitorsnail\progenitorsnail.m2,0,1,17,4,18,12,1,0,1,10,7417,0.61111,2.03128,2.83575,-2.77115,-1.47453,-0.09031,2.4,1.49573,3.94265,1,1,0,0,0
502206,0,Creature\rhinocerosbeetle\rhinocerosbeetle.m2,0,1,21,4,18,12,1,0,1,10,7700,0.61111,2.03128,0.55478,-0.74569,-0.31652,-0.01293,0.52025,0.38528,0.78696,1,1,0,0,0
502207,0,Creature\riverotter\riverotter.m2,0,1,1,4,18,12,1,0,1,10,7772,0.61111,2.03128,0.46259,-0.99795,-0.23099,-0.01473,0.44662,0.25672,0.47749,1,1,0,0,0
502208,0,Creature\seaslug\seaslug.m2,0,1,4,4,18,12,1,0,1,10,8713,0.61111,2.03128,0,-0.89312,-0.36164,-0.01215,0.73774,0.35949,0.98771,1,1,0,0,0
502209,0,Creature\smallgargoyle\smallgargoyle.m2,0,1,11,4,18,12,1,0,1,10,6840,0.61111,2.03128,0,-0.61607,-0.5466,0.00001,0.47769,0.51769,0.75092,1,1,0,0,0
502210,0,Creature\spectralporcupine\spectralporcupine.m2,0,1,1,4,18,12,1,0,1,10,4108,0.61111,2.03128,0.46259,-0.73296,-0.35517,-0.0181,0.47953,0.36682,1.13673,1,1,0,0,0
502211,0,Creature\squirrel2\squirrel2.m2,0,1,1,4,18,12,1,0,1,10,134,0.61111,2.03128,0,-0.50238,-0.17473,-0.00746,0.08904,0.16166,0.37679,1,1,0,0,0
502212,0,Creature\squirrelardenweald\squirrelardenweald.m2,0,1,4,4,18,12,1,0,1,10,134,0.61111,2.03128,0,-0.46802,-0.2159,-0.01496,0.07886,0.20128,0.42283,1,1,0,0,0
502213,0,Creature\squirrelflying\squirrelflying.m2,0,1,1,4,18,12,1,0,1,10,7760,0.61111,2.03128,1.49266,-4.93363,-1.8553,-0.21592,2.03953,1.21029,2.6568,1,1,0,0,0
502214,0,Creature\toucan\toucan.m2,0,1,1,4,18,12,1,0,1,10,4618,0.61111,2.03128,0,-0.93186,-1.46798,0.636,0.89484,1.48498,2.43028,1,1,0,0,0
502215,0,Creature\verming\verming_low01.m2,0,1,1,4,18,12,1,0,1,10,4083,0.61111,2.03128,0,-2.00433,-1.81478,-0.02501,1.76308,1.24043,2.56563,1,1,0,0,0
502216,0,Creature\voidcreeper\voidcreeper.m2,0,1,1,4,18,12,1,0,1,10,9518,0.61111,2.03128,2.93875,-7.4096,-2.53315,-0.53386,3.3395,2.5346,3.70175,1,1,0,0,0
502217,0,Creature\aetherwyrm\aetherwyrm.m2,0,1,4,4,18,12,1,0,1,10,6836,0.61111,2.03128,0,-5.59048,-4.13513,-0.14617,3.76652,3.94435,5.74916,1,1,0,0,0
502218,0,Creature\airelemental2\airelemental2.m2,0,1,18,4,18,12,1,0,1,10,528,0.61111,2.03128,0,-1.64398,-2.13715,-1.28242,1.68534,2.00385,3.04558,1,1,0,0,0
502219,0,Creature\aqirflying\aqirflying.m2,0,1,16,4,18,12,1,0,1,10,6709,0.61111,2.03128,0.55481,-0.66029,-0.92871,0.37311,0.37653,0.88314,1.68579,1,1,0,0,0
502220,0,Creature\aqirscarab\aqirscarab.m2,0,1,16,4,18,12,1,0,1,10,6710,0.61111,2.03128,0,-2.77312,-1.81619,-0.01435,2.79804,1.81565,4.56868,1,1,0,0,0
502221,0,Creature\arakkoagolem\arakkoagolem.m2,0,1,1,4,18,12,1,0,1,10,0,0.61111,2.03128,0,-1.27605,-1.92689,0.02131,1.99146,1.65601,4.00331,1,1,0,0,0
502222,0,Creature\babyamanibear\babyamanibear.m2,0,1,1,4,18,12,1,0,1,10,10119,0.61111,2.03128,1.82098,-2.31106,-1.42292,-0.09715,1.86451,1.38922,3.28282,1,1,0,0,0
502223,0,Creature\babydeer\babydeer.m2,0,1,1,4,18,12,1,0,1,10,5539,0.61111,2.03128,2.0057,-1.13322,-0.82524,0.00348,1.9822,0.84037,2.9406,1,1,0,0,0
502224,0,Creature\babyfireflypet\babyfireflypet.m2,0,1,21,4,18,12,1,0,1,10,6499,0.61111,2.03128,0.55481,-1.05827,-1.22959,0.47915,0.68357,1.20146,2.02247,1,1,0,0,0
502225,0,Creature\babysabretoothraptor\babysabretoothraptor.m2,0,1,1,4,18,12,1,0,1,10,8383,0.61111,2.03128,2.56071,-2.20772,-1.17333,0.00302,1.97224,1.23302,3.95527,1,1,0,0,0
502226,0,Creature\bearprimalcub\bearprimalcub.m2,0,1,1,4,18,12,1,0,1,10,2144,0.61111,2.03128,1.82098,-1.77364,-1.06139,-0.03061,1.80975,1.06834,2.0769,1,1,0,0,0
502227,0,Creature\beecreature\beecreature.m2,0,1,2,4,18,12,1,0,1,10,5988,0.61111,2.03128,0.55481,-0.74565,-1.19069,-0.04235,0.50521,0.68582,1.58595,1,1,0,0,0
502228,0,Creature\beecritter\beecritter.m2,0,1,2,4,18,12,1,0,1,10,768,0.61111,2.03128,0.55481,-0.61296,-0.8331,-0.00862,0.5395,0.82262,1.25972,1,1,0,0,0
502229,0,Creature\boar2\boar2.m2,0,1,1,4,18,12,1,0,1,10,7193,0.61111,2.03128,1.25841,-1.19152,-0.55167,-0.09255,1.78797,0.54605,1.97571,1,1,0,0,0
502230,0,Creature\bonespider2\bonespider2.m2,0,1,3,4,18,12,1,0,1,10,2780,0.61111,2.03128,0,-2.32738,-2.14903,-0.12928,3.9249,2.14745,2.07063,1,1,0,0,0
502231,0,Creature\brownie\brownie.m2,0,1,21,4,18,12,1,0,1,10,7113,0.61111,2.03128,0,-0.78351,-0.53285,-0.01061,0.30491,0.46259,1.36616,1,1,0,0,0
502232,0,Creature\cat\spectralcat.m2,0,1,1,4,18,12,1,0,1,10,568,0.61111,2.03128,0,-1.25599,-0.27845,-0.00002,0.52553,0.27062,0.68594,1,1,0,0,0
502233,0,Creature\cat2pudge\cat2pudge.m2,0,1,1,4,18,12,1,0,1,10,568,0.61111,2.03128,0,-1.24752,-0.28121,-0.00018,0.49578,0.27353,0.69691,1,1,0,0,0
502234,0,Creature\chicken2\chicken2.m2,0,1,1,4,18,12,1,0,1,10,10114,0.61111,2.03128,0,-0.29767,-0.15303,-0,0.21011,0.15483,0.4374,1,1,0,0,0
502235,0,Creature\chihuahuadogpet\chihuahuadogpet.m2,0,1,1,4,18,12,1,0,1,10,9501,0.61111,2.03128,0,-0.44641,-0.27931,0.00362,0.58432,0.26455,0.90577,1,1,0,0,0
502236,0,Creature\cricket\cricket.m2,0,1,3,4,18,12,1,0,1,10,4149,0.61111,2.03128,0,-1.3924,-0.60816,-0.0018,0.60552,0.77908,1.17441,1,1,0,0,0
502237,0,Creature\dogelfhoundpet\dogelfhoundpet.m2,0,1,1,4,18,12,1,0,1,10,9584,0.61111,2.03128,1.56923,-2.1777,-1.48695,-0.04377,2.20579,1.49252,2.04376,1,1,0,0,0
502238,0,Creature\dragonturtle\dragonturtleepic.m2,0,1,1,4,18,12,1,0,1,10,4267,0.61111,2.03128,1.71888,-2.86525,-1.04571,-0.03449,1.15411,1.04279,1.57478,1,1,0,0,0
502239,0,Creature\dragonwhelpcataclysm\dragonwhelpcataclysm.m2,0,1,1,4,18,12,1,0,1,10,6,0.61111,2.03128,0,-0.8028,-1.43788,0.83901,0.62105,1.4103,3.42761,1,1,0,0,0
502240,0,Creature\dreampanda\dreampanda.m2,0,1,1,4,18,12,1,0,1,10,8461,0.61111,2.03128,0,-1.92855,-0.76123,-0.03805,1.02667,0.71481,1.29223,1,1,0,0,0
502241,0,Creature\duck\duck.m2,0,1,1,4,18,12,1,0,1,10,7645,0.61111,2.03128,1.10211,-1.35368,-0.49176,-0.01099,1.09215,0.5344,1.88304,1,1,0,0,0
502242,0,Creature\eagle2\eaglepet.m2,0,1,1,4,18,12,1,0,1,10,2494,0.61111,2.03128,0.87221,-1.62256,-3.14967,0.49128,1.95854,3.18936,4.41205,1,1,0,0,0
502243,0,Creature\earthelementalprimal\earthelementalprimal.m2,0,1,15,4,18,12,1,0,1,10,7661,0.61111,2.03128,0,-1.65262,-2.02372,-0.07278,2.5855,2.85119,6.98656,1,1,0,0,0
502244,0,Creature\earthspiritsmall\earthspiritsmalllesser.m2,0,1,3,4,18,12,1,0,1,10,4119,0.61111,2.03128,0,-1.23884,-1.7907,0.83612,1.4205,1.86283,5.31244,1,1,0,0,0
502245,0,Creature\faeriedragon2\faeriedragon2.m2,0,1,1,4,18,12,1,0,1,10,8523,0.61111,2.03128,0,-0.95208,-2.16203,0.83222,0.97537,2.29267,3.66256,1,1,0,0,0
502246,0,Creature\feasel\feasel.m2,0,1,20,4,18,12,1,0,1,10,5746,0.61111,2.03128,0,-3.67487,-1.3321,-0.36789,1.04343,1.58067,1.75917,1,1,0,0,0
502247,0,Creature\felreaver\minifelreaver.m2,0,1,3,4,18,12,1,0,1,10,2159,0.61111,2.03128,0,-8.98041,-7.70656,-0.01851,4.62452,7.70544,21.41519,1,1,0,0,0
502248,0,Creature\ferret\ferret.m2,0,1,1,4,18,12,1,0,1,10,5991,0.61111,2.03128,0,-3.1672,-1.21703,0.00252,1.02376,0.94219,1.323,1,1,0,0,0
502249,0,Creature\firebeepet\firebeepet.m2,0,1,2,4,18,12,1,0,1,10,6332,0.61111,2.03128,0.55481,-0.88203,-0.84969,0.30271,0.61363,0.84113,1.63532,1,1,0,0,0
502250,0,Creature\fungallasher\fungallasher.m2,0,1,14,4,18,12,1,0,1,10,8729,0.61111,2.03128,0,-2.49892,-2.02393,-0.14886,1.4073,2.0196,4.0729,1,1,0,0,0
502251,0,Creature\ghoul2\ghoul2.m2,0,1,2,4,18,12,1,0,1,10,4960,0.61111,2.03128,1.21797,-0.53033,-1.34764,-0.03797,1.21497,1.53012,1.87738,1,1,0,0,0
502252,0,Creature\goat\goat.m2,0,1,1,4,18,12,1,0,1,10,206,0.61111,2.03128,1.92375,-1.10429,-0.70907,0.01665,1.99909,0.66207,3.28722,1,1,0,0,0
502253,0,Creature\goren\goren.m2,0,1,3,4,18,12,1,0,1,10,4674,0.61111,2.03128,0.94152,-1.22854,-1.0851,-0.00009,1.25669,1.06146,2.17289,1,1,0,0,0
502254,0,Creature\gorilla2\gorilla2.m2,0,1,1,4,18,12,1,0,1,10,135,0.61111,2.03128,0,-1.58818,-1.25085,-0.15328,0.88437,1.26252,2.21125,1,1,0,0,0
502255,0,Creature\greaterslime_nzoth\greaterslime_nzoth.m2,0,1,16,4,18,12,1,0,1,10,3114,0.61111,2.03128,0,-4.54477,-1.83442,-0.17438,1.63435,1.84352,1.38593,1,1,0,0,0
502256,0,Creature\grell2\grell2.m2,0,1,1,4,18,12,1,0,1,10,5068,0.61111,2.03128,0,-1.43831,-0.76905,-0.00001,0.71575,0.77749,1.41083,1,1,0,0,0
502257,0,Creature\kelpelemental_creature\kelpelemental_creature.m2,0,1,11,4,18,12,1,0,1,10,6412,0.61111,2.03128,0,-1.0228,-2.26084,0,2.81405,3.01083,4.28276,1,1,0,0,0
502258,0,Creature\lavaelementalprimal\lavaelementalprimal.m2,0,1,5,4,18,12,1,0,1,10,7671,0.61111,2.03128,17.30631,-6.30255,-15.40326,-1.51833,8.62313,13.0351,27.81235,1,1,0,0,0
502259,0,Creature\lobstrok2\lobstrok2.m2,0,1,1,4,18,12,1,0,1,10,5027,0.61111,2.03128,0,-3.01517,-1.83869,-0.01315,1.42517,1.77349,3.51719,1,1,0,0,0
502260,0,Creature\maldraxxusboar\maldraxxusboar.m2,0,1,3,4,18,12,1,0,1,10,6865,0.61111,2.03128,4.70089,-5.74379,-2.5574,-0.00199,7.76746,2.70368,6.60861,1,1,0,0,0
502261,0,Creature\manaray\manaray.m2,0,1,4,4,18,12,1,0,1,10,9588,0.61111,2.03128,2.71893,-4.51433,-4.73201,-0.40748,4.2741,4.75997,5.25848,1,1,0,0,0
502262,0,Creature\maweyeboss\maweyeboss.m2,0,1,19,4,18,12,1,0,1,10,7127,0.61111,2.03128,1.27817,-2.98601,-2.48818,-0.69537,2.97996,2.51233,6.12992,1,1,0,0,0
502263,0,Creature\mawguardhand\mawguardhand.m2,0,1,19,4,18,12,1,0,1,10,6880,0.61111,2.03128,0,-0.71365,-0.33703,-0.0062,0.29945,0.32616,1.1305,1,1,0,0,0
502264,0,Creature\mechanicalhandpet\mechanicalhandpet.m2,0,1,19,4,18,12,1,0,1,10,0,0.61111,2.03128,0,-0.45995,-0.30475,-0.02718,0.26953,0.26646,0.93438,1,1,0,0,0
502265,0,Creature\monstrouseel\monstrouseel.m2,0,1,1,4,18,12,1,0,1,10,3200,0.61111,2.03128,0.07941,-2.68063,-1.62119,0.55602,3.19105,1.34052,2.46496,1,1,0,0,0
502266,0,Creature\mouserock\mouserock.m2,0,1,1,4,18,12,1,0,1,10,8164,0.61111,2.03128,0,-1.8653,-0.62176,-0.00686,1.07622,0.63803,1.12337,1,1,0,0,0
502267,0,Creature\murloc\murlocdeepsea.m2,0,1,1,4,18,12,1,0,1,10,3111,0.61111,2.03128,0.3872,-0.54161,-0.5949,-0.02808,0.82032,0.68622,1.47467,1,1,0,0,0
502268,0,Creature\muskox\muskox.m2,0,1,1,4,18,12,1,0,1,10,7776,0.61111,2.03128,1.30756,-1.34626,-1.07229,-0.00554,1.67309,1.1162,1.83529,1,1,0,0,0
502269,0,Creature\nerubianbeetlepet\nerubianbeetlepet.m2,0,1,1,4,18,12,1,0,1,10,9011,0.61111,2.03128,0.55478,-0.74356,-0.38446,-0.01768,0.54672,0.42252,0.76803,1,1,0,0,0
502270,0,Creature\nerubianspiderling2\nerubianspiderling2.m2,0,1,3,4,18,12,1,0,1,10,2585,0.61111,2.03128,0,-1.47011,-1.76092,-0.01472,1.39658,1.7624,2.48153,1,1,0,0,0
502271,0,Creature\peacock\peacock.m2,0,1,1,4,18,12,1,0,1,10,4326,0.61111,2.03128,0,-0.4926,-0.46152,-0.00785,0.21535,0.45524,0.4354,1,1,0,0,0
502272,0,Creature\porcupinecrystal\porcupinecrystal.m2,0,1,1,4,18,12,1,0,1,10,7680,0.61111,2.03128,0.46259,-0.81533,-0.35806,-0.0561,0.45964,0.36559,0.97054,1,1,0,0,0
502273,0,Creature\primaldragonfly\primaldragonfly.m2,0,1,21,4,18,12,1,0,1,10,7634,0.61111,2.03128,1.85322,-4.35374,-3.08112,-0.0219,1.41349,3.07934,3.55859,1,1,0,0,0
502274,0,Creature\progenitorbeetle\progenitorbeetle.m2,0,1,17,4,18,12,1,0,1,10,7401,0.61111,2.03128,0,-2.3343,-2.05746,-0.12244,1.72207,2.10636,4.14691,1,1,0,0,0
502275,0,Creature\progenitorelemental\progenitorelemental.m2,0,1,15,4,18,12,1,0,1,10,7398,0.61111,2.03128,0,-1.58619,-2.30509,-0.10551,1.58928,2.1819,3.52941,1,1,0,0,0
502276,0,Creature\progenitorrabbit\progenitorrabbit.m2,0,1,17,4,18,12,1,0,1,10,7372,0.61111,2.03128,0,-0.57435,-0.24573,-0.02005,0.30069,0.24568,0.67843,1,1,0,0,0
502277,0,Creature\protoram\protoram.m2,0,1,15,4,18,12,1,0,1,10,8823,0.61111,2.03128,1.883,-1.27236,-1.68472,-0.00019,2.04513,1.69741,3.13166,1,1,0,0,0
502278,0,Creature\protosheep\protosheep.m2,0,1,15,4,18,12,1,0,1,10,8845,0.61111,2.03128,0,-0.78157,-0.5107,0.00186,0.79963,0.50855,1.30028,1,1,0,0,0
502279,0,Creature\rat2undermine\rat2undermine.m2,0,1,1,4,18,12,1,0,1,10,9304,0.61111,2.03128,0,-1.89706,-0.43987,-0.00605,1.14324,0.61507,0.97884,1,1,0,0,0
502280,0,Creature\ravager2\ravager2pet.m2,0,1,1,4,18,12,1,0,1,10,4853,0.61111,2.03128,1.88311,-2.69775,-1.66718,-0.07741,1.60073,1.78053,3.7545,1,1,0,0,0
502281,0,Creature\revenant2_water\revenant2_water.m2,0,1,3,4,18,12,1,0,1,10,7718,0.61111,2.03128,0,-1.44455,-1.87753,-0.13501,2.11146,2.05531,4.23665,1,1,0,0,0
502282,0,Creature\revenantair2\revenantair2.m2,0,1,18,4,18,12,1,0,1,10,7869,0.61111,2.03128,0,-1.65703,-2.52489,0.30042,2.93385,2.04791,4.66397,1,1,0,0,0
502283,0,Creature\revenantearth\revenantearth_pet.m2,0,1,15,4,18,12,1,0,1,10,2720,0.61111,2.03128,0,-1.20248,-1.8968,0.4819,1.61821,1.99639,4.35851,1,1,0,0,0
502284,0,Creature\robot_doberman\robot_doberman.m2,0,1,19,4,18,12,1,0,1,10,5968,0.61111,2.03128,0,-0.50464,-0.27116,-0.00421,0.57716,0.40867,1.29273,1,1,0,0,0
502285,0,Creature\salamanderwaterbaby\salamanderwaterbaby.m2,0,1,4,4,18,12,1,0,1,10,7675,0.61111,2.03128,1.7141,-4.59737,-1.43977,-0.02572,2.14661,1.50434,1.82539,1,1,0,0,0
502286,0,Creature\sealpet\sealpet.m2,0,1,20,4,18,12,1,0,1,10,9814,0.61111,2.03128,0,-1.50701,-1.08515,-0.05051,1.1105,1.30683,1.63438,1,1,0,0,0
502287,0,Creature\sealpet_tuskarr\sealpet_tuskarr.m2,0,1,20,4,18,12,1,0,1,10,9813,0.61111,2.03128,0,-1.50701,-1.08515,-0.05051,1.1105,1.30683,1.95675,1,1,0,0,0
502288,0,Creature\sealpet_winter\sealpet_winter.m2,0,1,20,4,18,12,1,0,1,10,9811,0.61111,2.03128,0,-1.50701,-1.08514,-0.07435,1.1105,1.30683,2.21473,1,1,0,0,0
502289,0,Creature\seasnail\seasnail.m2,0,1,1,4,18,12,1,0,1,10,6543,0.61111,2.03128,0,-0.89313,-0.44951,-0.01215,0.76196,0.61352,1.0921,1,1,0,0,0
502290,0,Creature\shahaunt\shahaunt.m2,0,1,3,4,18,12,1,0,1,10,4109,0.61111,2.03128,0,-1.50746,-1.86663,-0.07262,1.41808,1.54481,2.20627,1,1,0,0,0
502291,0,Creature\silithscarab2\silithidscarab2.m2,0,1,2,4,18,12,1,0,1,10,768,0.61111,2.03128,0,-2.30256,-1.7133,-0.0371,3.33795,1.71295,2.70044,1,1,0,0,0
502292,0,Creature\silkworm\silkworm.m2,0,1,3,4,18,12,1,0,1,10,4128,0.61111,2.03128,0,-4.93145,-2.46158,-0.40801,2.83231,2.24196,2.85186,1,1,0,0,0
502293,0,Creature\slugdemon\slugdemon.m2,0,1,2,4,18,12,1,0,1,10,5743,0.61111,2.03128,0,-4.50544,-1.81954,-0.16942,3.40676,1.58578,4.08148,1,1,0,0,0
502294,0,Creature\spiderdemon_spider\spiderdemon_spider.m2,0,1,2,4,18,12,1,0,1,10,30,0.61111,2.03128,0,-2.00874,-2.21344,-0.02217,3.7754,2.21337,2.25614,1,1,0,0,0
502295,0,Creature\sporecreature2\sporecreature2.m2,0,1,3,4,18,12,1,0,1,10,8808,0.61111,2.03128,0,-1.60867,-1.63971,1.00008,1.60264,1.64324,4.02705,1,1,0,0,0
502296,0,Creature\sulfurelemental\sulfurelemental.m2,0,1,5,4,18,12,1,0,1,10,8282,0.61111,2.03128,0,-1.9496,-1.52279,-0.3042,1.32898,1.62942,4.91966,1,1,0,0,0
502297,0,Creature\tarantula2\tarantula2.m2,0,1,1,4,18,12,1,0,1,10,7649,0.61111,2.03128,0,-2.24963,-2.82325,-0.15546,2.67395,2.88839,2.10301,1,1,0,0,0
502298,0,Creature\tentacleslime\tentacleslime.m2,0,1,3,4,18,12,1,0,1,10,8759,0.61111,2.03128,0,-4.59499,-1.92033,-0.17438,1.63435,2.01818,1.38593,1,1,0,0,0
502299,0,Creature\thunderlizardprimalbaby\thunderlizardprimalbaby.m2,0,1,1,4,18,12,1,0,1,10,7667,0.61111,2.03128,4.49508,-8.51068,-2.71945,-0.14693,3.27979,2.57696,4.48572,1,1,0,0,0
502300,0,Creature\toad\toad.m2,0,1,3,4,18,12,1,0,1,10,141,0.61111,2.03128,0,-0.23904,-0.24807,-0.03753,0.27445,0.24807,0.32384,1,1,0,0,0
502301,0,Creature\turnippet\turnippet.m2,0,1,3,4,18,12,1,0,1,10,4300,0.61111,2.03128,0,-10.72013,-16.27196,2.0418,15.44824,16.69092,70.23859,1,1,0,0,0
502302,0,Creature\viperrock2\viperrock2.m2,0,1,1,4,18,12,1,0,1,10,8186,0.61111,2.03128,0,-4.12386,-2.08242,-0.07971,1.53536,2.06728,3.71975,1,1,0,0,0
502303,0,Creature\voidjellyfish\voidjellyfish.m2,0,1,4,4,18,12,1,0,1,10,9835,0.61111,2.03128,4.1363,-5.36459,-5.03753,0.40378,4.71396,5.03418,12.65246,1,1,0,0,0
502304,0,Creature\voodoodoll\voodoodoll.m2,0,1,20,4,18,12,1,0,1,10,0,0.61111,2.03128,0,-1.73531,-0.98427,-0.00711,0.82665,0.93595,3.8462,1,1,0,0,0
502305,0,Creature\waterelemental2\waterelemental2.m2,0,1,8,4,18,12,1,0,1,10,110,0.61111,2.03128,0,-1.30233,-1.77558,-0.05057,1.07928,1.78442,3.12905,1,1,0,0,0
502306,0,Creature\woodpecker\woodpecker.m2,0,1,1,4,18,12,1,0,1,10,7778,0.61111,2.03128,0,-1.87629,-3.49372,0.58548,2.23577,3.53193,4.50342,1,1,0,0,0
502307,0,Creature\airelementalprimal\airelementalprimal.m2,0,1,18,4,18,12,1,0,1,10,7866,0.61111,2.03128,3.8718,-1.09044,-1.5672,-0.03286,1.46481,1.74676,4.3553,1,1,0,0,0
502308,0,Creature\alliancemurloc\alliancemurloc.m2,0,1,1,4,18,12,1,0,1,10,2094,0.61111,2.03128,0.3872,-0.71147,-0.73282,-0.03134,1.28743,0.66983,1.54566,1,1,0,0,0
502309,0,Creature\ancientoflorepet\ancientoflorepet.m2,0,1,14,4,18,12,1,0,1,10,5226,0.61111,2.03128,0,-2.58248,-4.22815,-0.01575,3.7894,4.38205,9.2326,1,1,0,0,0
502310,0,Creature\ancientprotector_pet\ancientprotectorpetsummer.m2,0,1,14,4,18,12,1,0,1,10,67,0.61111,2.03128,0,-2.43389,-3.47553,-0.03528,3.66247,3.56788,8.26503,1,1,0,0,0
502311,0,Creature\apocalypticwhelp\apocalypticwhelp.m2,0,1,1,4,18,12,1,0,1,10,7735,0.61111,2.03128,0,-1.14964,-1.36722,0.43019,1.00986,1.3202,2.48603,1,1,0,0,0
502312,0,Creature\archonpet\archonpet.m2,0,1,12,4,18,12,1,0,1,10,3070,0.61111,2.03128,0,-0.99064,-3.14363,-0.67544,0.97149,2.905,4.99781,1,1,0,0,0
502313,0,Creature\armadillo\armadillo.m2,0,1,1,4,18,12,1,0,1,10,4088,0.61111,2.03128,0.46259,-0.67149,-0.24871,-0.00996,0.47311,0.25147,0.53434,1,1,0,0,0
502314,0,Creature\aussiepup\aussiepup.m2,0,1,1,4,18,12,1,0,1,10,3055,0.61111,2.03128,1.39911,-1.61221,-0.51912,-0.03732,1.44517,0.55155,2.04775,1,1,0,0,0
502315,0,Creature\automatonlion\automatonlion.m2,0,1,19,4,18,12,1,0,1,10,6782,0.61111,2.03128,0,-3.18792,-1.22587,-0.04502,1.06507,0.94839,1.48049,1,1,0,0,0
502316,0,Creature\azeriteelemental\azeriteelemental.m2,0,1,12,4,18,12,1,0,1,10,6286,0.61111,2.03128,0,-0.596,-1.53697,0.23777,1.40843,1.72775,3.73354,1,1,0,0,0
502317,0,Creature\babyarathilynxarmored\babyarathilynxarmored.m2,0,1,1,4,18,12,1,0,1,10,8786,0.61111,2.03128,0,-2.1453,-0.70748,-0.01924,1.12844,0.75993,1.62974,1,1,0,0,0
502318,0,Creature\babyfaeriedragon\babyfaeriedragon.m2,0,1,1,4,18,12,1,0,1,10,7476,0.61111,2.03128,0,-0.96448,-1.23829,0.83226,0.98561,1.27497,2.70028,1,1,0,0,0
502319,0,Creature\babymoonkin\babymoonkin_ne.m2,0,1,3,4,18,12,1,0,1,10,2095,0.61111,2.03128,0,-1.35359,-2.00155,0.00209,1.42462,1.95779,3.67142,1,1,0,0,0
502320,0,Creature\babymurloc3bronze\babymurloc3bronze.m2,0,1,3,4,18,12,1,0,1,10,2094,0.61111,2.03128,0.3872,-0.71147,-0.63265,-0.00167,0.53333,0.53282,1.21074,1,1,0,0,0
502321,0,Creature\babymurlocice\babymurlocice.m2,0,1,3,4,18,12,1,0,1,10,2094,0.61111,2.03128,0.3872,-0.71147,-0.63265,-0.00167,0.53333,0.53282,1.21074,1,1,0,0,0
502322,0,Creature\babyragnoros\babyragnoros.m2,0,1,3,4,18,12,1,0,1,10,3339,0.61111,2.03128,0,-21.04415,-24.31862,-5.06496,29.5652,24.31277,58.98483,1,1,0,0,0
502323,0,Creature\babysaurolophus\babysaurolophus.m2,0,1,1,4,18,12,1,0,1,10,6239,0.61111,2.03128,0.36422,-0.34699,-0.18485,-0.02878,0.50111,0.18492,0.70338,1,1,0,0,0
502324,0,Creature\babysnaplizard\babysnaplizard.m2,0,1,1,4,18,12,1,0,1,10,7667,0.61111,2.03128,1.33189,-1.89647,-0.8021,-0.02455,1.97448,0.82623,1.70713,1,1,0,0,0
502325,0,Creature\babyspidertank\babyspidertank.m2,0,1,19,4,18,12,1,0,1,10,5646,0.61111,2.03128,0,-0.91498,-0.57657,-0.06207,0.96283,0.62576,1.35435,1,1,0,0,0
502326,0,Creature\babytentacleface\babytentacleface.m2,0,1,4,4,18,12,1,0,1,10,3070,0.61111,2.03128,0,-1.19224,-1.28951,-0.16314,1.24244,1.20496,4.33503,1,1,0,0,0
502327,0,Creature\babytortollan\babytortollan.m2,0,1,2,4,18,12,1,0,1,10,4674,0.61111,2.03128,0.94152,-0.88893,-1.07143,-0.00464,1.413,1.05483,2.32547,1,1,0,0,0
502328,0,Creature\babywinston\babywinston.m2,0,1,1,4,18,12,1,0,1,10,5137,0.61111,2.03128,0,-1.65795,-1.23556,-0.1418,1.24589,1.3415,2.8571,1,1,0,0,0
502329,0,Creature\babywyvern\babywyvern.m2,0,1,1,4,18,12,1,0,1,10,0,0.61111,2.03128,1.19389,-3.92736,-1.23706,-0.07154,1.88552,0.88927,2.23019,1,1,0,0,0
502330,0,Creature\banelingpet\baneling.m2,0,1,3,4,18,12,1,0,1,10,4278,0.61111,2.03128,0,-2.41888,-1.38914,-0.03101,1.89118,1.33712,2.47494,1,1,0,0,0
502331,0,Creature\banshee2\banshee2.m2,0,1,7,4,18,12,1,0,1,10,5034,0.61111,2.03128,0,-1.2383,-1.05378,-0.05878,0.7233,1.54969,3.48297,1,1,0,0,0
502332,0,Creature\bat_critter\bat_critter.m2,0,1,2,4,18,12,1,0,1,10,189,0.61111,2.03128,1.19389,-1.32329,-4.25323,1.87888,2.73781,4.23564,6.51753,1,1,0,0,0
502334,0,Creature\bearcub\mechanicalbearcub.m2,0,1,3,4,18,12,1,0,1,10,4371,0.61111,2.03128,0,-1.7466,-1.12617,-0.16572,2.07663,1.07738,1.93628,1,1,0,0,0
502335,0,Creature\beholdereye\beholdereye.m2,0,1,1,4,18,12,1,0,1,10,4793,0.61111,2.03128,0,-0.28301,-0.30716,1.54285,0.51144,0.32158,2.15771,1,1,0,0,0
502336,0,Creature\birdsofprey\birdsofprey.m2,0,1,1,4,18,12,1,0,1,10,5049,0.61111,2.03128,0.87221,-1.70629,-2.69398,0.95796,1.61727,2.72446,4.31425,1,1,0,0,0
502337,0,Creature\blingtron\blingtron.m2,0,1,3,4,18,12,1,0,1,10,2599,0.61111,2.03128,0.4101,-0.25992,-0.38203,-0.00212,0.32546,0.38805,1.00978,1,1,0,0,0
502338,0,Creature\bloodgolem\bloodgolem_low.m2,0,1,1,4,18,12,1,0,1,10,2718,0.61111,2.03128,0,-0.85625,-1.74285,0.00639,2.00771,1.47714,3.24006,1,1,0,0,0
502339,0,Creature\bloodtickcritter\bloodtickcritter.m2,0,1,1,4,18,12,1,0,1,10,5946,0.61111,2.03128,0,-2.18919,-2.47011,-0.04411,2.15215,2.51441,2.09747,1,1,0,0,0
502340,0,Creature\bloodtrollbeastpet\bloodtrollbeastpet.m2,0,1,1,4,18,12,1,0,1,10,6263,0.61111,2.03128,3.46155,-3.24839,-1.46861,-0.01891,1.46533,1.52232,3.45303,1,1,0,0,0
502341,0,Creature\bloodtrollfemalebeast\bloodtrollbeast.m2,0,1,1,4,18,12,1,0,1,10,5846,0.61111,2.03128,3.46155,-4.54315,-1.35098,-0.05638,1.89064,1.5887,3.19013,1,1,0,0,0
502342,0,Creature\boastfulgruntling\boastfulgruntling.m2,0,1,1,4,18,12,1,0,1,10,2956,0.61111,2.03128,0,-0.74264,-0.32361,-0.0091,0.16916,0.32643,1.65205,1,1,0,0,0
502343,0,Creature\boastfulsquire\boastfulsquire.m2,0,1,1,4,18,12,1,0,1,10,2957,0.61111,2.03128,0,-0.74264,-0.29863,-0.0091,0.16916,0.38133,1.65205,1,1,0,0,0
502344,0,Creature\boneguard\boneguard_pet.m2,0,1,13,4,18,12,1,0,1,10,0,0.61111,2.03128,0,-3.98396,-5.81721,-0.09772,3.57426,5.7225,7.42531,1,1,0,0,0
502345,0,Creature\boundairelemental\unboundairelemental_low.m2,0,1,18,4,18,12,1,0,1,10,4145,0.61111,2.03128,0,-0.60101,-1.50876,0.64236,1.38548,1.68579,3.47687,1,1,0,0,0
502346,0,Creature\boundearthelemental\unboundearthelemental.m2,0,1,15,4,18,12,1,0,1,10,6286,0.61111,2.03128,0,-0.60177,-1.53697,0.25546,1.40649,1.7057,3.53243,1,1,0,0,0
502347,0,Creature\brokerbot\brokerbot.m2,0,1,20,4,18,12,1,0,1,10,7205,0.61111,2.03128,0,-1.43631,-1.53902,-0.03457,0.9825,1.57061,3.79567,1,1,0,0,0
502348,0,Creature\brokerrat\brokerrat.m2,0,1,2,4,18,12,1,0,1,10,7229,0.61111,2.03128,0,-0.7173,-0.16637,-0.00876,0.36878,0.20193,0.46063,1,1,0,0,0
502349,0,Creature\bubble_creature\bubble_creature.m2,0,1,3,4,18,12,1,0,1,10,2390,0.61111,2.03128,0,-4.21683,-4.21683,-4.21683,4.21683,4.21683,4.21683,1,1,0,0,0
502350,0,Creature\bushchicken\bushchicken.m2,0,1,1,4,18,12,1,0,1,10,3136,0.61111,2.03128,0,-0.24094,-0.17706,-0.0099,0.16592,0.18432,0.74082,1,1,0,0,0
502351,0,Creature\camel\camel.m2,0,1,1,4,18,12,1,0,1,10,3142,0.61111,2.03128,2.03618,-1.57486,-0.42606,-0.0184,1.49172,0.47045,2.35916,1,1,0,0,0
502352,0,Creature\candlepet\candlepet.m2,0,1,5,4,18,12,1,0,1,10,8956,0.61111,2.03128,0,-1.02737,-1.61265,0.01191,1.00931,1.58142,4.34132,1,1,0,0,0
502353,0,Creature\cat_hallowsend2\cat_hallowsend2.m2,0,1,1,4,18,12,1,0,1,10,568,0.61111,2.03128,0,-1.2516,-0.28121,-0.00018,0.55757,0.27353,0.92461,1,1,0,0,0
502354,0,Creature\catslime\catslime.m2,0,1,2,4,18,12,1,0,1,10,6984,0.61111,2.03128,0,-2.61201,-0.77292,-0.03017,1.03841,0.54143,1.55196,1,1,0,0,0
502355,0,Creature\caveborercritter\caveborercritter.m2,0,1,3,4,18,12,1,0,1,10,8732,0.61111,2.03128,0,-1.00667,-0.56827,0.02007,1.64893,0.54175,1.08287,1,1,0,0,0
502356,0,Creature\caveswallow\caveswallow.m2,0,1,1,4,18,12,1,0,1,10,8313,0.61111,2.03128,0,-0.93111,-1.58961,0.49759,0.69996,1.60577,2.50818,1,1,0,0,0
502357,0,Creature\celestialbabyhippo\celestialbabyhippo.m2,0,1,7,4,18,12,1,0,1,10,4584,0.61111,2.03128,6.75754,-8.23957,-7.54764,-2.64165,8.59789,7.46616,12.41405,1,1,0,0,0
502358,0,Creature\celestialbrontosauruspet\celestialbrontosauruspet.m2,0,1,1,4,18,12,1,0,1,10,10174,0.61111,2.03128,4.86633,-10.11967,-4.50932,-0.69699,6.28203,4.8913,11.77837,1,1,0,0,0
502359,0,Creature\celestialfoxwyvern\celestialfoxwyvern.m2,0,1,20,4,18,12,1,0,1,10,7676,0.61111,2.03128,1.42444,-3.97329,-2.38678,-0.98988,1.64402,2.18429,3.30854,1,1,0,0,0
502360,0,Creature\celestialrabbit\celestialrabbit.m2,0,1,12,4,18,12,1,0,1,10,114,0.61111,2.03128,0,-0.5063,-0.72091,-0.49388,0.31466,0.79837,0.85782,1,1,0,0,0
502361,0,Creature\celestialserpent\celestialpandarenserpentpet.m2,0,1,17,4,18,12,1,0,1,10,4248,0.61111,2.03128,0,-3.79303,-2.35035,-1.21731,2.59177,2.5085,5.68777,1,1,0,0,0
502362,0,Creature\chimerabeast\chimerabeastbattlepet.m2,0,1,1,4,18,12,1,0,1,10,4473,0.61111,2.03128,0,-5.73081,-2.58071,-0.26112,2.654,3.91918,5.39828,1,1,0,0,0
502363,0,Creature\chromaticdragonpet\chromaticdragonpet.m2,0,1,10,4,18,12,1,0,1,10,0,0.61111,2.03128,0,-3.79303,-2.68432,0.52242,2.09124,2.37537,4.66127,1,1,0,0,0
502364,0,Creature\cockroach2\cockroach2.m2,0,1,3,4,18,12,1,0,1,10,176,0.61111,2.03128,0,-0.27314,-0.40637,-0.03418,0.62905,0.49004,0.36736,1,1,0,0,0
502365,0,Creature\constructiondogpet\constructiondogpet.m2,0,1,1,4,18,12,1,0,1,10,10111,0.61111,2.03128,1.56923,-1.81708,-0.58002,-0.03672,1.97108,0.69744,1.95987,1,1,0,0,0
502366,0,Creature\consumptor\consumptor.m2,0,1,20,4,18,12,1,0,1,10,9901,0.61111,2.03128,0,-3.59404,-1.07988,-0.08636,1.75238,0.99923,1.8443,1,1,0,0,0
502367,0,Creature\cookbotpet\cookbotpet.m2,0,1,3,4,18,12,1,0,1,10,4420,0.61111,2.03128,0,-0.58475,-0.51494,-0.00043,0.28034,0.60876,1.05807,1,1,0,0,0
502368,0,Creature\corehoundsmall\corehoundsmall.m2,0,1,5,4,18,12,1,0,1,10,6247,0.61111,2.03128,1.49579,-1.68964,-0.63601,-0.00983,2.01505,0.66702,1.48815,1,1,0,0,0
502369,0,Creature\corruptedtentacle\corruptedtentacle_low.m2,0,1,1,4,18,12,1,0,1,10,3986,0.61111,2.03128,0,-4.81931,-5.48651,-2.97906,7.26596,5.50373,11.04285,1,1,0,0,0
502370,0,Creature\crab2alliance\crab2alliance.m2,0,1,3,4,18,12,1,0,1,10,5999,0.61111,2.03128,0,-0.66417,-1.0675,-0.20793,1.37012,0.98034,1.88678,1,1,0,0,0
502371,0,Creature\crab2horde\crab2horde.m2,0,1,3,4,18,12,1,0,1,10,5999,0.61111,2.03128,0,-0.6672,-1.06453,-0.11585,1.57139,0.98034,1.38803,1,1,0,0,0
502372,0,Creature\crab2pirate\crab2pirate.m2,0,1,3,4,18,12,1,0,1,10,5999,0.61111,2.03128,0,-0.92832,-0.98059,-0.06818,1.36964,0.98034,1.85341,1,1,0,0,0
502373,0,Creature\crabbomb\crabbomb.m2,0,1,3,4,18,12,1,0,1,10,9333,0.61111,2.03128,0,-1.81448,-1.52087,-0.09915,1.32103,1.30676,2.41355,1,1,0,0,0
502374,0,Creature\cranegodpet\cranegodpet.m2,0,1,1,4,18,12,1,0,1,10,4079,0.61111,2.03128,2.3011,-2.86127,-1.39404,-0.03166,2.53304,1.40844,4.05285,1,1,0,0,0
502375,0,Creature\crawlinghandpet\crawlinghandpet.m2,0,1,1,4,18,12,1,0,1,10,0,0.61111,2.03128,0,-0.40461,-0.21506,-0.00383,0.2638,0.20502,0.66629,1,1,0,0,0
502376,0,Creature\crocsunpet\crocsunpet.m2,0,1,17,4,18,12,1,0,1,10,2503,0.61111,2.03128,6.75754,-6.62518,-4.60676,-0.01764,7.69092,4.74188,7.61715,1,1,0,0,0
502377,0,Creature\crystallinemonster2\crystallinemonster2.m2,0,1,11,4,18,12,1,0,1,10,7708,0.61111,2.03128,0,-3.49881,-5.54417,-0.10739,2.87412,5.92367,16.84026,1,1,0,0,0
502378,0,Creature\darkmoon_eye_pet\darkmoon_eye_pet.m2,0,1,3,4,18,12,1,0,1,10,4025,0.61111,2.03128,0,0.017,-0.40783,1.32516,0.68987,0.41657,2.14356,1,1,0,0,0
502379,0,Creature\darkphoenixpet\darkphoenixpet_spectral.m2,0,1,1,4,18,12,1,0,1,10,2580,0.61111,2.03128,0,-0.89612,-1.32089,0.09345,0.9406,1.33433,2.10166,1,1,0,0,0
502380,0,Creature\deathwingelemental\deathwingelemental.m2,0,1,1,4,18,12,1,0,1,10,3985,0.61111,2.03128,0,-0.61666,-1.69429,0.23263,1.30983,1.7525,4.54329,1,1,0,0,0
502381,0,Creature\deepseacrab\deepseacrab_ghost.m2,0,1,7,4,18,12,1,0,1,10,5999,0.61111,2.03128,0.79638,-0.53453,-0.95503,-0.44367,1.49538,0.93306,1.04951,1,1,0,0,0
502382,0,Creature\demongoat\demongoat.m2,0,1,3,4,18,12,1,0,1,10,4740,0.61111,2.03128,2.0057,-1.21497,-1.25406,-0.00161,1.76849,1.16602,3.61873,1,1,0,0,0
502383,0,Creature\devourersmall\devourersmall.m2,0,1,4,4,18,12,1,0,1,10,6903,0.61111,2.03128,0,-2.13315,-2.42038,-0.03792,2.14407,2.46369,2.7654,1,1,0,0,0
502384,0,Creature\devourerswarmer\devourerswarmer.m2,0,1,4,4,18,12,1,0,1,10,7218,0.61111,2.03128,3.20076,-6.07625,-2.27053,-0.04719,1.73721,2.57246,4.13081,1,1,0,0,0
502385,0,Creature\dhmurloc\dhmurloc.m2,0,1,1,4,18,12,1,0,1,10,4852,0.61111,2.03128,0.3872,-0.64982,-0.97133,-0.20903,0.89611,0.5507,1.25398,1,1,0,0,0
502386,0,Creature\diablofetish\diablofetish.m2,0,1,3,4,18,12,1,0,1,10,3121,0.61111,2.03128,0,-1.02448,-1.15983,0.00016,1.11188,1.1666,2.44586,1,1,0,0,0
502387,0,Creature\dogprimal\dogprimal.m2,0,1,1,4,18,12,1,0,1,10,7702,0.61111,2.03128,1.56923,-1.59894,-0.55876,-0.00872,1.85869,0.57634,2.03711,1,1,0,0,0
502388,0,Creature\draeneiconstruct\draeneiconstruct.m2,0,1,1,4,18,12,1,0,1,10,0,0.61111,2.03128,0,-0.4168,-0.8049,0.00519,0.75461,0.78253,2.40789,1,1,0,0,0
502389,0,Creature\dragonfly\dragonflypet.m2,0,1,1,4,18,12,1,0,1,10,4744,0.61111,2.03128,2.76492,-1.85892,-2.6549,0.35571,2.24295,2.60131,5.9173,1,1,0,0,0
502390,0,Creature\dragonhawk2lightpet\dragonhawk2lightpet.m2,0,1,10,4,18,12,1,0,1,10,9706,0.61111,2.03128,2.56119,-4.53544,-5.21077,-0.76444,2.54553,5.20321,5.34009,1,1,0,0,0
502391,0,Creature\dragonhawk2voidpet\dragonhawk2voidpet.m2,0,1,10,4,18,12,1,0,1,10,9719,0.61111,2.03128,2.56119,-4.53544,-5.21077,-0.76444,2.54553,5.20321,5.34009,1,1,0,0,0
502392,0,Creature\dragonmanhulk\dragonmanhulk.m2,0,1,3,4,18,12,1,0,1,10,4615,0.61111,2.03128,0,-1.04266,-1.70569,0.01764,1.20145,1.38751,4.48572,1,1,0,0,0
502393,0,Creature\dragonwhelp\dragonwhelptarecgosa.m2,0,1,1,4,18,12,1,0,1,10,0,0.61111,2.03128,0,-0.74223,-1.43,0.84504,0.53225,1.44031,3.42025,1,1,0,0,0
502394,0,Creature\dragonwhelpnightmare\dragonwhelpnightmare.m2,0,1,3,4,18,12,1,0,1,10,6,0.61111,2.03128,0,-0.75798,-1.19344,0.99187,0.60959,1.19982,3.19074,1,1,0,0,0
502395,0,Creature\dragonwhelpoutland2\dragonwhelpoutland2.m2,0,1,4,4,18,12,1,0,1,10,2203,0.61111,2.03128,0,-0.75796,-1.19725,0.99186,0.6247,1.21199,3.19563,1,1,0,0,0
502396,0,Creature\dragonwhelpwrathionclassic\dragonwhelpwrathionclassic.m2,0,1,1,4,18,12,1,0,1,10,6,0.61111,2.03128,0,-0.75796,-1.19344,0.99186,0.59221,1.19982,3.19074,1,1,0,0,0
502397,0,Creature\drakks\drakks.m2,0,1,1,4,18,12,1,0,1,10,7480,0.61111,2.03128,0,-0.82153,-0.53299,-0.00827,0.28146,0.46861,1.50799,1,1,0,0,0
502398,0,Creature\dredger\dredger.m2,0,1,3,4,18,12,1,0,1,10,6962,0.61111,2.03128,0,-0.63965,-0.81768,-0.06267,0.50288,0.70888,1.68804,1,1,0,0,0
502399,0,Creature\elementalearth2\elementalearth2.m2,0,1,15,4,18,12,1,0,1,10,69,0.61111,2.03128,0,-1.74071,-2.82561,-0.1685,1.73932,2.80936,3.83637,1,1,0,0,0
502400,0,Creature\enchantedcauldron\enchantedcauldron.m2,0,1,20,4,18,12,1,0,1,10,0,0.61111,2.03128,0,0.08647,-0.3624,0.50598,0.58185,0.37682,0.94874,1,1,0,0,0
502401,0,Creature\enchantedpen\enchantedpen.m2,0,1,20,4,18,12,1,0,1,10,0,0.61111,2.03128,0,0.22961,-0.23841,0.40919,0.4531,0.2357,1.4675,1,1,0,0,0
502402,0,Creature\enchantedtorch\enchantedtorch.m2,0,1,20,4,18,12,1,0,1,10,0,0.61111,2.03128,0,0.17363,-0.22947,0.18384,0.49559,0.24402,1.23986,1,1,0,0,0
502403,0,Creature\encrypted12\encrypted12.m2,0,1,1,4,18,12,1,0,1,10,6,0.61111,2.03128,0,-0.76278,-1.19344,0.99273,0.61142,1.19982,3.19074,1,1,0,0,0
502404,0,Creature\facelessonecaster\facelessonecaster.m2,0,1,3,4,18,12,1,0,1,10,3117,0.61111,2.03128,0,-1.43744,-2.31533,-0.19865,1.61277,2.62684,5.69003,1,1,0,0,0
502405,0,Creature\fandralfirescorpion\fandralfirescorpion.m2,0,1,2,4,18,12,1,0,1,10,3870,0.61111,2.03128,0,-1.27714,-1.09168,-0.10757,1.3563,1.13252,1.73993,1,1,0,0,0
502406,0,Creature\felkitten\felkitten.m2,0,1,6,4,18,12,1,0,1,10,4337,0.61111,2.03128,0,-2.59175,-0.80142,-0.08076,1.06804,0.72416,1.43103,1,1,0,0,0
502407,0,Creature\fireelementaldraenor\fireelementaldraenor.m2,0,1,5,4,18,12,1,0,1,10,4716,0.61111,2.03128,0,-0.98141,-1.40168,0.92487,0.93211,1.5039,3.89924,1,1,0,0,0
502408,0,Creature\firekitty\firekitty.m2,0,1,3,4,18,12,1,0,1,10,2208,0.61111,2.03128,1.24137,-3.31919,-1.27297,-0.01392,1.14548,1.06612,2.00729,1,1,0,0,0
502409,0,Creature\fleshbeast2\fleshbeast2.m2,0,1,16,4,18,12,1,0,1,10,2175,0.61111,2.03128,0,-1.50221,-1.86663,-0.082,1.42735,1.54834,1.99962,1,1,0,0,0
502410,0,Creature\fleshbeastvoid\fleshbeastvoid.m2,0,1,7,4,18,12,1,0,1,10,9802,0.61111,2.03128,0,-1.49221,-1.80365,-0.07262,1.37227,1.49651,1.76238,1,1,0,0,0
502411,0,Creature\foxpet\foxpet.m2,0,1,7,4,18,12,1,0,1,10,73,0.61111,2.03128,0,-2.5927,-3.56775,-2.43375,1.92672,3.56775,4.96962,1,1,0,0,0
502412,0,Creature\foxpetdetective\foxpetdetective.m2,0,1,7,4,18,12,1,0,1,10,0,0.61111,2.03128,0,-2.27392,-0.80345,-0.01061,1.64534,0.80156,2.04375,1,1,0,0,0
502413,0,Creature\frogduck\frogduck.m2,0,1,20,4,18,12,1,0,1,10,141,0.61111,2.03128,0,-0.27796,-0.23087,-0.00832,0.25051,0.23238,0.33639,1,1,0,0,0
502414,0,Creature\gnomerockcuttercreature\gnomerockcutterpet.m2,0,1,19,4,18,12,1,0,1,10,4868,0.61111,2.03128,1.5983,-1.52363,-1.8254,-0.09948,2.33853,1.84602,2.56174,1,1,0,0,0
502415,0,Creature\goblinbombbot\goblinbombbot.m2,0,1,1,4,18,12,1,0,1,10,9303,0.61111,2.03128,0,-1.44195,-1.49397,-0.02458,1.6626,1.47985,2.88325,1,1,0,0,0
502416,0,Creature\goldowlpet\goldowlpet.m2,0,1,1,4,18,12,1,0,1,10,350,0.61111,2.03128,0,-2.52488,-3.4387,0.25146,1.96004,3.4716,4.93267,1,1,0,0,0
502417,0,Creature\golemiron\golemiron_pet.m2,0,1,19,4,18,12,1,0,1,10,2718,0.61111,2.03128,0,-0.8726,-1.84091,-0.00662,1.94869,1.59541,3.10103,1,1,0,0,0
502418,0,Creature\gravegolem\gravegolempet.m2,0,1,1,4,18,12,1,0,1,10,4955,0.61111,2.03128,0,-1.14952,-0.85014,-0.54371,0.58127,1.51449,1.61946,1,1,0,0,0
502419,0,Creature\greaterslime\greaterslime_blood.m2,0,1,3,4,18,12,1,0,1,10,6354,0.61111,2.03128,0,-4.54477,-1.83442,-0.17438,1.63435,1.84352,1.38593,1,1,0,0,0
502420,0,Creature\greaterslime_azerite\greaterslime_azerite.m2,0,1,17,4,18,12,1,0,1,10,6354,0.61111,2.03128,0,-4.54477,-1.83442,-0.17438,1.63435,1.84352,1.38593,1,1,0,0,0
502421,0,Creature\greaterslime_gnome\greaterslime_gnome.m2,0,1,8,4,18,12,1,0,1,10,3114,0.61111,2.03128,0,-4.54477,-1.83442,-0.17438,1.63435,1.84352,1.38593,1,1,0,0,0
502422,0,Creature\grommloc\grommloc.m2,0,1,1,4,18,12,1,0,1,10,4852,0.61111,2.03128,0.3872,-0.71147,-0.80961,-0.00541,1.17937,0.57938,1.21067,1,1,0,0,0
502423,0,Creature\harvestgolem2\harvestgolem2.m2,0,1,9,4,18,12,1,0,1,10,6074,0.61111,2.03128,0,-1.14356,-1.8705,-0.18517,0.80703,1.7001,3.6266,1,1,0,0,0
502424,0,Creature\hearthstoneelemental\hearthstoneelemental.m2,0,1,11,4,18,12,1,0,1,10,5275,0.61111,2.03128,0,-0.24753,-0.43334,-0.04404,0.31195,0.23934,0.476,1,1,0,0,0
502425,0,Creature\hellhoundskeleton\hellhoundskeleton.m2,0,1,3,4,18,12,1,0,1,10,7148,0.61111,2.03128,1.49579,-1.75243,-0.42723,0.01303,1.74771,0.45825,1.2877,1,1,0,0,0
502426,0,Creature\hordemurloc\hordemurloc.m2,0,1,1,4,18,12,1,0,1,10,2094,0.61111,2.03128,0.3872,-0.71147,-0.74044,-0.04365,1.15657,0.53295,1.30857,1,1,0,0,0
502427,0,Creature\hordescorpionmount\hordescorpion.m2,0,1,2,4,18,12,1,0,1,10,4146,0.61111,2.03128,0.69329,-1.23794,-1.03433,-0.01804,1.37388,1.0993,1.50782,1,1,0,0,0
502428,0,Creature\hozu\hozumonkey_low01.m2,0,1,3,4,18,12,1,0,1,10,4078,0.61111,2.03128,0,-1.13121,-0.69739,-0.01527,0.7527,0.70575,1.20663,1,1,0,0,0
502429,0,Creature\icecrownfleshbeast\icecrownfleshbeast_pet.m2,0,1,2,4,18,12,1,0,1,10,0,0.61111,2.03128,0,-3.11668,-7.14383,-0.22569,6.66636,5.21617,13.57176,1,1,0,0,0
502430,0,Creature\iceelementalprimal\iceelementalprimal.m2,0,1,13,4,18,12,1,0,1,10,7774,0.61111,2.03128,0,-1.74754,-1.94924,-0.19085,1.02101,2.08786,3.35421,1,1,0,0,0
502431,0,Creature\icespider\icespider.m2,0,1,13,4,18,12,1,0,1,10,7790,0.61111,2.03128,0.85924,-2.10013,-2.27332,-0.08934,3.42537,2.27332,2.25358,1,1,0,0,0
502432,0,Creature\jadeserpentgodpet\jadeserpentgodpet.m2,0,1,3,4,18,12,1,0,1,10,4248,0.61111,2.03128,0,-3.79303,-0.7479,0.52242,1.08077,0.73646,4.75591,1,1,0,0,0
502433,0,Creature\jeweledgnome\jeweledgnome.m2,0,1,3,4,18,12,1,0,1,10,2600,0.61111,2.03128,0.4101,-0.25992,-0.38203,-0.00213,0.16572,0.38805,1.02094,1,1,0,0,0
502434,0,Creature\kakapo\kakapo.m2,0,1,1,4,18,12,1,0,1,10,6104,0.61111,2.03128,6.92926,-14.9179,-5.44336,-0.33342,5.04206,5.28138,9.49953,1,1,0,0,0
502435,0,Creature\koboldmale\koboldmale.m2,0,1,1,4,18,12,1,0,1,10,5042,0.61111,2.03128,0,-1.07923,-0.4412,-0.01984,0.78346,0.52569,1.7146,1,1,0,0,0
502436,0,Creature\lanternpet\be_lantern_01_pet.m2,0,1,3,4,18,12,1,0,1,10,0,0.61111,2.03128,0,-0.05994,-1.24909,0.43529,0.74538,1.28989,2.98996,1,1,0,0,0
502437,0,Creature\larva2\larva2.m2,0,1,1,4,18,12,1,0,1,10,829,0.61111,2.03128,2.93875,-5.1387,-1.96392,-0.3648,2.89767,1.8985,2.38922,1,1,0,0,0
502438,0,Creature\lasherorchid\lasherorchid_scroll.m2,0,1,2,4,18,12,1,0,1,10,2240,0.61111,2.03128,0,-1.725,-1.81455,-0.08688,1.70932,1.96902,3.02039,1,1,0,0,0
502439,0,Creature\lavasnail\lavasnail.m2,0,1,5,4,18,12,1,0,1,10,7681,0.61111,2.03128,2.83575,-2.7975,-1.86616,-0.12726,2.46149,1.63994,3.43478,1,1,0,0,0
502440,0,Creature\leafbug\leafbug.m2,0,1,3,4,18,12,1,0,1,10,9052,0.61111,2.03128,0,-3.02304,-1.07074,-0.06079,0.68743,1.07242,2.25799,1,1,0,0,0
502441,0,Creature\legionshipbattlepet\legionshipbattlepet.m2,0,1,19,4,18,12,1,0,1,10,5754,0.61111,2.03128,0,-1.95291,-0.44729,1.01047,1.32292,0.44817,1.85177,1,1,0,0,0
502442,0,Creature\lessergronn\lessergronn.m2,0,1,1,4,18,12,1,0,1,10,4731,0.61111,2.03128,0,-1.81572,-2.85607,-0.28499,2.36241,3.0563,4.83393,1,1,0,0,0
502443,0,Creature\lilursoc\lilursoc.m2,0,1,16,4,18,12,1,0,1,10,2144,0.61111,2.03128,1.82098,-1.88426,-1.06602,-0.00878,1.64041,1.03149,3.32039,1,1,0,0,0
502444,0,Creature\lostisles_carnivorousplant\lostisles_carnivorousplant01_creature.m2,0,1,2,4,18,12,1,0,1,10,3044,0.61111,2.03128,0,-1.57279,-1.20592,-0.19493,1.74604,1.30291,2.75478,1,1,0,0,0
502445,0,Creature\lunarhorsepet\lunarhorsepet.m2,0,1,5,4,18,12,1,0,1,10,0,0.61111,2.03128,1.92375,-2.68134,-1.47259,0.01535,2.03182,1.60334,3.58377,1,1,0,0,0
502446,0,Creature\lunarsnakepet\lunarsnakepet.m2,0,1,4,4,18,12,1,0,1,10,9216,0.61111,2.03128,0,-7.04216,-1.40885,-0.09396,1.27644,1.06773,7.01045,1,1,0,0,0
502447,0,Creature\magicbutterfly\magicbutterfly.m2,0,1,16,4,18,12,1,0,1,10,6830,0.61111,2.03128,0,-2.90215,-5.47577,0.04547,1.51316,5.47679,6.7223,1,1,0,0,0
502448,0,Creature\manafiend2\manafiend_arcane_pink_pet.m2,0,1,12,4,18,12,1,0,1,10,1788,0.61111,2.03128,0,-0.94279,-1.8412,0.08182,1.08592,1.84051,3.44551,1,1,0,0,0
502449,0,Creature\manafiend_holy\manafiend_holy.m2,0,1,10,4,18,12,1,0,1,10,5541,0.61111,2.03128,0,-0.94279,-1.8412,0.08182,1.08592,1.84051,3.44551,1,1,0,0,0
502450,0,Creature\manawyrm2\manawyrm2.m2,0,1,20,4,18,12,1,0,1,10,9842,0.61111,2.03128,1.41144,-4.37399,-2.55184,-0.03454,2.28061,2.39824,2.95423,1,1,0,0,0
502451,0,Creature\mantid\mantid_low03_wingednoshadow.m2,0,1,17,4,18,12,1,0,1,10,6519,0.61111,2.03128,-0.01284,-1.95331,-0.65254,-0.00015,0.69215,1.04843,2.7819,1,1,0,0,0
502452,0,Creature\marmoset\marmoset.m2,0,1,1,4,18,12,1,0,1,10,7880,0.61111,2.03128,0,-1.17417,-0.88209,-0.02128,0.81433,0.84902,1.26284,1,1,0,0,0
502453,0,Creature\mawshade\mawshade.m2,0,1,7,4,18,12,1,0,1,10,6905,0.61111,2.03128,3.8718,-0.52809,-1.59151,-0.0075,1.37462,1.77617,4.04689,1,1,0,0,0
502454,0,Creature\mechanicalparrotpet\mechanicalparrotpet.m2,0,1,19,4,18,12,1,0,1,10,6104,0.61111,2.03128,0,-0.93186,-1.46798,0.636,0.63124,1.48619,2.45714,1,1,0,0,0
502455,0,Creature\mercilessone\mercilessone.m2,0,1,3,4,18,12,1,0,1,10,3126,0.61111,2.03128,0,-1.13868,-1.20948,0.44668,1.13844,1.19266,2.3137,1,1,0,0,0
502456,0,Creature\mimicpresent\mimicpresent.m2,0,1,3,4,18,12,1,0,1,10,4386,0.61111,2.03128,0,-0.43927,-0.46327,0.00927,0.42542,0.45398,0.928,1,1,0,0,0
502457,0,Creature\minespider2\minespider2.m2,0,1,2,4,18,12,1,0,1,10,30,0.61111,2.03128,0,-2.17998,-2.12608,-0.12814,3.9249,2.12448,1.99771,1,1,0,0,0
502458,0,Creature\mininaxx\mininaxx.m2,0,1,19,4,18,12,1,0,1,10,5647,0.61111,2.03128,0,-0.70044,-0.76586,0.76025,0.83992,0.69387,3.14608,1,1,0,0,0
502459,0,Creature\minstrel_alliance\minstrel_alliance.m2,0,1,3,4,18,12,1,0,1,10,5038,0.61111,2.03128,0.94152,-1.44807,-1.08563,-0.00005,2.20371,1.06411,4.51132,1,1,0,0,0
502460,0,Creature\minstrel_horde\minstrel_horde.m2,0,1,3,4,18,12,1,0,1,10,5038,0.61111,2.03128,0.94152,-1.44807,-1.08563,-0.00005,2.20371,1.06411,4.51132,1,1,0,0,0
502461,0,Creature\mogu1b_low_statue\mogu1b_low_statue.m2,0,1,1,4,18,12,1,0,1,10,4425,0.61111,2.03128,1.37589,-0.45665,-0.82677,0.0026,0.74144,0.74303,2.66217,1,1,0,0,0
502462,0,Creature\monkey\monkey.m2,0,1,1,4,18,12,1,0,1,10,3054,0.61111,2.03128,0,-2.72661,-1.34351,-0.13222,0.89428,1.33939,2.12822,1,1,0,0,0
502463,0,Creature\monkeyskeletoncaptain\monkeyskeletoncaptain.m2,0,1,3,4,18,12,1,0,1,10,3054,0.61111,2.03128,0,-0.99044,-0.71152,-0.02318,0.75546,0.72346,1.31778,1,1,0,0,0
502464,0,Creature\monkeyskeletonpirate\monkeyskeletonpirate.m2,0,1,3,4,18,12,1,0,1,10,3054,0.61111,2.03128,0,-0.99044,-0.6434,-0.02172,0.77503,0.6727,1.12472,1,1,0,0,0
502465,0,Creature\mousehearthstone\mousehearthstone.m2,0,1,1,4,18,12,1,0,1,10,0,0.61111,2.03128,0,-1.8653,-0.49839,-0.00686,1.07622,0.59358,1.00434,1,1,0,0,0
502466,0,Creature\murkyysera\murkyysera.m2,0,1,20,4,18,12,1,0,1,10,8320,0.61111,2.03128,0.3872,-0.61844,-0.55194,-0.02015,0.54142,0.58504,1.30951,1,1,0,0,0
502467,0,Creature\murlocbabyblueblack\murlocbabyblueblack.m2,0,1,1,4,18,12,1,0,1,10,7249,0.61111,2.03128,0.3872,-0.70231,-0.5118,-0.00195,0.44131,0.50969,1.30948,1,1,0,0,0
502468,0,Creature\murlocbabythrall\murlocbabythrall.m2,0,1,20,4,18,12,1,0,1,10,9129,0.61111,2.03128,0.3872,-6.30582,-4.96968,-4.66383,3.63354,4.96968,11.45218,1,1,0,0,0
502469,0,Creature\murlocsurrender\murlocsurrender.m2,0,1,1,4,18,12,1,0,1,10,2981,0.61111,2.03128,0.3872,-0.71147,-0.82878,-0.01492,1.09473,0.66697,1.23448,1,1,0,0,0
502470,0,Creature\mysticmanakitty\mysticmanakitty.m2,0,1,1,4,18,12,1,0,1,10,2208,0.61111,2.03128,1.24137,-2.45059,-0.68845,-0.036,1.09074,0.76711,1.60758,1,1,0,0,0
502471,0,Creature\nagacasterboss\nagacasterboss.m2,0,1,3,4,18,12,1,0,1,10,6578,0.61111,2.03128,0,-1.2939,-1.61567,0.29528,1.25858,1.63691,3.4719,1,1,0,0,0
502472,0,Creature\netherwingpet\netherwingpet.m2,0,1,12,4,18,12,1,0,1,10,6,0.61111,2.03128,0,-0.75797,-1.24359,0.99187,0.70962,1.212,3.19563,1,1,0,0,0
502473,0,Creature\nightmarebellpet\nightmarebellpet.m2,0,1,19,4,18,12,1,0,1,10,4987,0.61111,2.03128,0,0.0903,-0.37292,0.60935,0.58046,0.38734,2.17455,1,1,0,0,0
502474,0,Creature\nightmareent\nightmareent.m2,0,1,14,4,18,12,1,0,1,10,140,0.61111,2.03128,1.06126,-1.53384,-1.24228,-0.05482,1.32884,1.2143,3.21902,1,1,0,0,0
502475,0,Creature\northrendghoul2\northrendghoul2.m2,0,1,2,4,18,12,1,0,1,10,2644,0.61111,2.03128,1.21797,-0.53033,-1.34764,-0.03783,1.22116,1.53016,2.247,1,1,0,0,0
502476,0,Creature\nzothwormtentacleeye\nzothwormtentacleeye.m2,0,1,3,4,18,12,1,0,1,10,6718,0.61111,2.03128,0,-1.09595,-1.54675,-3.73216,1.45425,1.57468,5.58308,1,1,0,0,0
502477,0,Creature\ograid_engine_02\ograid_engine_02_pet.m2,0,1,19,4,18,12,1,0,1,10,0,0.61111,2.03128,0,-2.48442,-2.1398,-0.25345,2.49448,2.15433,4.73158,1,1,0,0,0
502478,0,Creature\oldgodpet\oldgodpet.m2,0,1,1,4,18,12,1,0,1,10,8438,0.61111,2.03128,2.35259,-2.91458,-4.17129,0.25925,3.62971,4.33419,5.303,1,1,0,0,0
502479,0,Creature\otter\otter.m2,0,1,1,4,18,12,1,0,1,10,4094,0.61111,2.03128,0.46259,-0.87303,-0.21946,-0.01201,0.44188,0.23053,0.41751,1,1,0,0,0
502480,0,Creature\owlbearbaby\owlbearbaby.m2,0,1,1,4,18,12,1,0,1,10,2144,0.61111,2.03128,2.08624,-2.33506,-1.46359,-0.03905,1.71091,1.47082,3.27711,1,1,0,0,0
502481,0,Creature\owlcat\owlcat.m2,0,1,1,4,18,12,1,0,1,10,5197,0.61111,2.03128,0,-3.2796,-1.29253,-0.16266,1.04392,1.00065,1.61821,1,1,0,0,0
502482,0,Creature\pa_kite_lamp\pa_kite_lamp_creature.m2,0,1,3,4,18,12,1,0,1,10,2540,0.61111,2.03128,0,-1.5105,0.98811,24.57576,2.36868,4.92812,32.25901,1,1,0,0,0
502483,0,Creature\pa_kites\pa_kite_02_creature.m2,0,1,3,4,18,12,1,0,1,10,2540,0.61111,2.03128,0,-14.24933,-4.83687,10.95317,0.90648,5.8254,21.27387,1,1,0,0,0
502484,0,Creature\pandarenyeti\pandarenyeti_low01.m2,0,1,1,4,18,12,1,0,1,10,4163,0.61111,2.03128,4.7654,-2.82268,-3.15454,-0.33185,2.74237,3.74131,5.5646,1,1,0,0,0
502485,0,Creature\pangolin\pangolin.m2,0,1,1,4,18,12,1,0,1,10,9766,0.61111,2.03128,2.09611,-3.85305,-1.69364,-0.0403,1.94597,1.25339,2.42658,1,1,0,0,0
502486,0,Creature\pixiupet\pixiupet.m2,0,1,20,4,18,12,1,0,1,10,9970,0.61111,2.03128,1.43528,-2.48071,-3.40388,-2.52273,0.95207,3.49524,4.37665,1,1,0,0,0
502487,0,Creature\planthydra\planthydra.m2,0,1,2,4,18,12,1,0,1,10,4857,0.61111,2.03128,2.03827,-3.35116,-2.86952,-0.17983,2.64236,1.52249,4.7521,1,1,0,0,0
502488,0,Creature\poisondartfrog\poisondartfrog.m2,0,1,2,4,18,12,1,0,1,10,9887,0.61111,2.03128,2.40932,-2.15523,-1.58413,-0.01439,1.82627,1.44463,3.13054,1,1,0,0,0
502489,0,Creature\polymorphedduck\polymorphedduck.m2,0,1,1,4,18,12,1,0,1,10,7725,0.61111,2.03128,1.10211,-1.02289,-0.92652,0.01645,1.41108,0.96415,3.06471,1,1,0,0,0
502490,0,Creature\porcupine\porcupine.m2,0,1,1,4,18,12,1,0,1,10,139,0.61111,2.03128,0.46259,-0.73296,-0.35517,-0.0181,0.47953,0.36682,1.13673,1,1,0,0,0
502491,0,Creature\prairiedog\prairiedog.m2,0,1,1,4,18,12,1,0,1,10,5968,0.61111,2.03128,0,-0.29611,-0.10776,-0.01593,0.09138,0.1061,0.35043,1,1,0,0,0
502492,0,Creature\progenitorbird\progenitorbird.m2,0,1,17,4,18,12,1,0,1,10,7371,0.61111,2.03128,0,-0.84634,-1.62764,0.5278,0.78652,1.64463,2.60688,1,1,0,0,0
502493,0,Creature\progenitorspider\progenitorspider.m2,0,1,17,4,18,12,1,0,1,10,7404,0.61111,2.03128,0.85924,-1.86617,-2.30387,-0.08472,3.56264,2.3039,1.98671,1,1,0,0,0
502494,0,Creature\progenitortoad\progenitortoad.m2,0,1,17,4,18,12,1,0,1,10,7421,0.61111,2.03128,2.92847,-2.10532,-1.62603,-0.00789,1.85668,1.4813,3.53226,1,1,0,0,0
502495,0,Creature\progenitorwasp\progenitorwasp.m2,0,1,17,4,18,12,1,0,1,10,7267,0.61111,2.03128,0.47652,-1.22588,-0.59214,-0.01939,0.47789,0.55634,0.62544,1,1,0,0,0
502496,0,Creature\progenitorwombat\progenitorwombat.m2,0,1,17,4,18,12,1,0,1,10,7482,0.61111,2.03128,1.82098,-1.70401,-1.1447,-0.01081,1.50659,1.08886,2.6374,1,1,0,0,0
502497,0,Creature\protodragon\protodragon_low01.m2,0,1,3,4,18,12,1,0,1,10,6550,0.61111,2.03128,6.92926,-13.39168,-11.82971,-0.16185,6.81528,12.17871,7.27566,1,1,0,0,0
502498,0,Creature\pythonpet\pythonpet.m2,0,1,1,4,18,12,1,0,1,10,168,0.61111,2.03128,0,-0.7835,-0.44701,-0.01329,0.97544,0.35977,0.3739,1,1,0,0,0
502499,0,Creature\quilinpet\quilinpet.m2,0,1,1,4,18,12,1,0,1,10,4299,0.61111,2.03128,1.43528,-1.81308,-0.65287,-0.00004,1.00943,0.66556,2.15773,1,1,0,0,0
502500,0,Creature\rabbitshaggy\rabbitshaggy.m2,0,1,1,4,18,12,1,0,1,10,7679,0.61111,2.03128,0,-0.62275,-0.22927,-0.02012,0.30063,0.22898,0.89206,1,1,0,0,0
502501,0,Creature\raccoon2\raccoon2.m2,0,1,1,4,18,12,1,0,1,10,4095,0.61111,2.03128,0.46259,-1.09573,-0.23188,-0.04079,0.50444,0.22237,0.76707,1,1,0,0,0
502502,0,Creature\ravenlordpet\ravenlordpet.m2,0,1,1,4,18,12,1,0,1,10,4587,0.61111,2.03128,0.36422,-0.6533,-0.25737,0.00018,0.47896,0.34348,0.69019,1,1,0,0,0
502503,0,Creature\redbird\redbird.m2,0,1,1,4,18,12,1,0,1,10,6104,0.61111,2.03128,0,-0.93186,-1.46798,0.636,0.61398,1.48498,2.55719,1,1,0,0,0
502504,0,Creature\robot_bulldog\robot_bulldog.m2,0,1,19,4,18,12,1,0,1,10,5968,0.61111,2.03128,0,-0.39129,-0.41327,-0.00651,0.46342,0.43529,1.00069,1,1,0,0,0
502505,0,Creature\rolypoly\rolypoly.m2,0,1,17,4,18,12,1,0,1,10,5882,0.61111,2.03128,0.94152,-0.73897,-1.08716,0.02361,1.36756,1.04723,3.04763,1,1,0,0,0
502506,0,Creature\rosepet\rosepet.m2,0,1,20,4,18,12,1,0,1,10,9232,0.61111,2.03128,0,-1.58991,-1.80422,-0.04531,3.54432,1.86952,3.90762,1,1,0,0,0
502507,0,Creature\sandelemental\sandelemental.m2,0,1,1,4,18,12,1,0,1,10,4380,0.61111,2.03128,0,-0.95378,-1.47722,0.40401,1.03445,1.46121,2.82873,1,1,0,0,0
502508,0,Creature\seagull\seagull.m2,0,1,1,4,18,12,1,0,1,10,3146,0.61111,2.03128,0,-0.94762,-1.4873,0.5407,0.62382,1.50391,2.37864,1,1,0,0,0
502509,0,Creature\seahorse\seahorse_baby.m2,0,1,1,4,18,12,1,0,1,10,3147,0.61111,2.03128,0,-1.26812,-0.64336,0.08533,1.03395,0.647,3.12304,1,1,0,0,0
502511,0,Creature\shadowelemental\shadowelemental.m2,0,1,7,4,18,12,1,0,1,10,8728,0.61111,2.03128,0,-2.02786,-2.05798,-0.24021,1.34365,1.99883,3.37546,1,1,0,0,0
502512,0,Creature\shadowlandssoul\shadowlandssoul.m2,0,1,18,4,18,12,1,0,1,10,6810,0.61111,2.03128,0,-0.48267,-0.94333,0.25025,0.7031,0.92813,4.48856,1,1,0,0,0
502513,0,Creature\shadowstalkerpantherpet\shadowstalkerpantherpet.m2,0,1,6,4,18,12,1,0,1,10,5726,0.61111,2.03128,0,-2.59576,-0.76101,-0.08076,1.07584,0.72894,1.40491,1,1,0,0,0
502514,0,Creature\shahaunt_ghost\shahaunt_ghost.m2,0,1,7,4,18,12,1,0,1,10,4109,0.61111,2.03128,0,-1.50746,-1.86663,-0.07262,1.41808,1.54481,1.86049,1,1,0,0,0
502515,0,Creature\shapetclassic\shapetclassic.m2,0,1,3,4,18,12,1,0,1,10,6496,0.61111,2.03128,0,-7.0484,-11.71368,-2.57228,10.02672,12.20751,25.129,1,1,0,0,0
502516,0,Creature\shark2\shark2.m2,0,1,1,4,18,12,1,0,1,10,8811,0.61111,2.03128,1.44705,-4.06359,-4.18532,-0.09654,3.89397,4.40208,2.94353,1,1,0,0,0
502517,0,Creature\sheep2\sheep2.m2,0,1,1,4,18,12,1,0,1,10,139,0.61111,2.03128,0,-0.78815,-0.40316,0.00185,0.79445,0.36613,1.10919,1,1,0,0,0
502518,0,Creature\shredder\shredderpet.m2,0,1,19,4,18,12,1,0,1,10,4743,0.61111,2.03128,3.2767,-2.47596,-2.42351,-0.00002,2.05408,2.44552,6.05625,1,1,0,0,0
502519,0,Creature\silithidscarab\scarab_pet.m2,0,1,2,4,18,12,1,0,1,10,768,0.61111,2.03128,0,-0.42861,-0.32103,-0.00253,0.54178,0.32148,0.49583,1,1,0,0,0
502520,0,Creature\silkiechicken\silkiechicken.m2,0,1,1,4,18,12,1,0,1,10,8806,0.61111,2.03128,0,-0.29767,-0.15292,-0.00013,0.23265,0.15584,0.42545,1,1,0,0,0
502521,0,Creature\skeletalraptor\skeletalraptorpet.m2,0,1,3,4,18,12,1,0,1,10,0,0.61111,2.03128,2.56067,-3.02242,-1.21301,0.00296,2.73724,1.19996,3.99128,1,1,0,0,0
502522,0,Creature\slimetentacle\slimetentacle.m2,0,1,2,4,18,12,1,0,1,10,6977,0.61111,2.03128,0,-2.02229,-3.10228,-0.29298,6.32293,2.93048,13.39272,1,1,0,0,0
502523,0,Creature\snowelemental\snowelemental.m2,0,1,13,4,18,12,1,0,1,10,7817,0.61111,2.03128,0,-1.53803,-2.39866,-0.16174,1.57336,2.29147,3.75085,1,1,0,0,0
502524,0,Creature\snowkid\snowkid.m2,0,1,1,4,18,12,1,0,1,10,6084,0.61111,2.03128,0,-0.57163,-0.93556,-0.05912,0.63684,0.92214,1.4273,1,1,0,0,0
502525,0,Creature\snowowlpet\snowowlpet.m2,0,1,1,4,18,12,1,0,1,10,350,0.61111,2.03128,0,-2.33177,-3.4387,0.4549,1.96004,3.4716,4.93267,1,1,0,0,0
502526,0,Creature\spacegoat\spacegoat.m2,0,1,4,4,18,12,1,0,1,10,4740,0.61111,2.03128,1.92374,-1.21497,-0.92404,-0.00161,2.02879,0.83523,3.24356,1,1,0,0,0
502527,0,Creature\spectralcat2\spectralcat2.m2,0,1,7,4,18,12,1,0,1,10,568,0.61111,2.03128,0,-1.2516,-0.28121,-0.00018,0.51826,0.27353,0.69401,1,1,0,0,0
502528,0,Creature\sporebat\sporebat2.m2,0,1,4,4,18,12,1,0,1,10,2242,0.61111,2.03128,0,-2.008,-1.53926,0.03725,1.63383,1.51534,4.9054,1,1,0,0,0
502529,0,Creature\stbernarddogpet\stbernarddogpet.m2,0,1,1,4,18,12,1,0,1,10,4546,0.61111,2.03128,1.39911,-1.32042,-0.85445,-0.02931,1.22062,0.84733,1.88731,1,1,0,0,0
502530,0,Creature\stingray\stingray.m2,0,1,1,4,18,12,1,0,1,10,3148,0.61111,2.03128,0,0,0,0,0,0,0,1,1,0,0,0
502531,0,Creature\stormcrowmount_solar\stormcrowmount_low.m2,0,1,1,4,18,12,1,0,1,10,390,0.61111,2.03128,0.6006,-1.98104,-3.88914,0.2645,2.59276,3.92297,5.18293,1,1,0,0,0
502532,0,Creature\succubus2\succubus2.m2,0,1,1,4,18,12,1,0,1,10,5255,0.61111,2.03128,0,-1.61827,-0.52049,0.00232,0.25384,1.26368,2.05036,1,1,0,0,0
502533,0,Creature\talbukdraenor\talbukdraenor.m2,0,1,1,4,18,12,1,0,1,10,4595,0.61111,2.03128,2.13417,-2.1865,-0.71534,-0.02924,1.69698,0.69528,3.26402,1,1,0,0,0
502534,0,Creature\tallstriderprimal\tallstriderprimal.m2,0,1,1,4,18,12,1,0,1,10,7637,0.61111,2.03128,2.3612,-2.46765,-0.85204,-0.01018,1.42258,0.95863,3.16802,1,1,0,0,0
502535,0,Creature\threshershark\threshershark.m2,0,1,1,4,18,12,1,0,1,10,183,0.61111,2.03128,0.45847,-4.19241,-4.29959,-0.84211,3.93201,4.6358,2.58319,1,1,0,0,0
502536,0,Creature\tigergodcub\tigergodcub.m2,0,1,3,4,18,12,1,0,1,10,4503,0.61111,2.03128,1.24137,-2.50001,-0.68719,-0.13008,1.09392,0.74527,1.89877,1,1,0,0,0
502537,0,Creature\tigergodcubmonk\tigergodcubmonk.m2,0,1,3,4,18,12,1,0,1,10,4503,0.61111,2.03128,1.24137,-2.48437,-0.68719,-0.13008,1.07732,0.74527,1.89877,1,1,0,0,0
502538,0,Creature\tikiman2\tikiman2.m2,0,1,9,4,18,12,1,0,1,10,9,0.61111,2.03128,0,-1.01572,-1.0149,-0.33167,0.56806,1.05086,3.72191,1,1,0,0,0
502539,0,Creature\tikimask_pet01\tikimask_pet01.m2,0,1,9,4,18,12,1,0,1,10,2989,0.61111,2.03128,0,0.3063,-0.34812,1.21974,0.527,0.37351,2.20336,1,1,0,0,0
502540,0,Creature\titanutopiapet\titanutopiapet.m2,0,1,20,4,18,12,1,0,1,10,8427,0.61111,2.03128,6.75754,-9.51236,-5.31744,-0.31611,8.57388,5.19144,11.16446,1,1,0,0,0
502541,0,Creature\toothlessshark\toothlessshark.m2,0,1,3,4,18,12,1,0,1,10,6000,0.61111,2.03128,1.44705,-2.31587,-2.28888,-0.15626,2.44935,2.41891,1.51794,1,1,0,0,0
502542,0,Creature\treasuregoblinpet\treasuregoblinpet.m2,0,1,3,4,18,12,1,0,1,10,4580,0.61111,2.03128,0,-1.15331,-0.79453,-0.00045,0.76121,0.78148,2.19768,1,1,0,0,0
502543,0,Creature\trilobite\trilobite.m2,0,1,1,4,18,12,1,0,1,10,9585,0.61111,2.03128,2.93875,-6.74531,-2.62142,-0.0183,3.25745,2.62615,3.02779,1,1,0,0,0
502544,0,Creature\uldumwatcher\uldumwatchercenter.m2,0,1,1,4,18,12,1,0,1,10,3246,0.61111,2.03128,4.30997,-1.70934,-3.04813,-0.08134,2.07973,2.70498,8.62967,1,1,0,0,0
502545,0,Creature\valkiergoldpet\valkiergoldpet.m2,0,1,10,4,18,12,1,0,1,10,4472,0.61111,2.03128,0,-0.91839,-0.80882,-0.50597,0.33107,0.80823,0.7004,1,1,0,0,0
502546,0,Creature\voidetherealboss\voidetherealbosstentacle.m2,0,1,20,4,18,12,1,0,1,10,5828,0.61111,2.03128,0,-1.46795,-3.10228,-0.29652,6.32293,2.93048,13.39272,1,1,0,0,0
502547,0,Creature\voidwalker2\voidwalker2.m2,0,1,7,4,18,12,1,0,1,10,162,0.61111,2.03128,0,-0.94629,-2.02139,0.08811,1.0529,1.97744,3.55297,1,1,0,0,0
502548,0,Creature\voidwraith\voidwraith_v2_low_wicker.m2,0,1,3,4,18,12,1,0,1,10,6352,0.61111,2.03128,0,-0.75329,-1.0976,0.3574,1.24921,1.34121,3.29837,1,1,0,0,0
502549,0,Creature\vulture\vulture.m2,0,1,1,4,18,12,1,0,1,10,5049,0.61111,2.03128,0.86506,-1.57018,-3.41096,0.01926,2.16203,3.44477,4.78294,1,1,0,0,0
502550,0,Creature\wardenowlpet\wardenowlpet.m2,0,1,1,4,18,12,1,0,1,10,350,0.61111,2.03128,0,-2.33177,-3.4387,0.45357,1.96004,3.4716,4.93267,1,1,0,0,0
502551,0,Creature\waterelementaldraenor\waterelementaldraenor.m2,0,1,8,4,18,12,1,0,1,10,4714,0.61111,2.03128,0,-0.99968,-1.50795,0.9417,0.93071,1.50244,4.2714,1,1,0,0,0
502552,0,Creature\waterspiritsmall\waterspiritsmall.m2,0,1,3,4,18,12,1,0,1,10,4006,0.61111,2.03128,0,-1.18792,-1.70114,0.69623,1.40894,1.7784,5.95654,1,1,0,0,0
502553,0,Creature\waterstrider\waterstrider.m2,0,1,3,4,18,12,1,0,1,10,4237,0.61111,2.03128,0,-0.96686,-1.21028,-0.00188,0.45813,1.19086,1.35147,1,1,0,0,0
502554,0,Creature\wendigo2\wendigo2.m2,0,1,1,4,18,12,1,0,1,10,144,0.61111,2.03128,0,-1.2845,-1.81372,-0.05693,1.41814,1.86295,4.29282,1,1,0,0,0
502555,0,Creature\windserpent\windserpent_blood.m2,0,1,1,4,18,12,1,0,1,10,75,0.61111,2.03128,0,-5.36416,-2.95277,0.0402,2.5017,2.59487,5.19835,1,1,0,0,0
502556,0,Creature\wingedlionpet\wingedlionpet.m2,0,1,1,4,18,12,1,0,1,10,3909,0.61111,2.03128,0,-3.23055,-1.22733,-0.00985,2.2331,1.33161,3.10776,1,1,0,0,0
502557,0,Creature\worserobot\worserobot.m2,0,1,19,4,18,12,1,0,1,10,4494,0.61111,2.03128,0.59591,-0.41003,-0.5182,-0.00493,0.42157,0.50789,1.86308,1,1,0,0,0
502558,0,Creature\yak\yak.m2,0,1,1,4,18,12,1,0,1,10,4104,0.61111,2.03128,1.42508,-1.39461,-0.7764,-0.01546,1.49497,0.78598,2.26475,1,1,0,0,0
502559,0,Creature\yakgodpet\yakgodpet.m2,0,1,1,4,18,12,1,0,1,10,4104,0.61111,2.03128,0,-1.4986,-1.17477,-0.06113,1.9493,1.22585,2.87572,1,1,0,0,0
502560,0,Creature\yetigreench2pet\yetigreench2pet.m2,0,1,2,4,18,12,1,0,1,10,9239,0.61111,2.03128,0,-1.96042,-1.9063,-0.13409,2.128,2.18632,3.05251,1,1,0,0,0
502561,0,Creature\zombieburnt\zombieburnt.m2,0,1,3,4,18,12,1,0,1,10,167,0.61111,2.03128,1.12887,-0.43925,-0.47913,-0.00549,0.432,0.42287,1.986,1,1,0,0,0
502562,0,Creature\bearmountblizzard2\bearmountblizzard2.m2,0,1,13,4,18,12,1,0,1,10,2770,0.61111,2.03128,1.76667,-1.70921,-0.91197,-0.04843,1.68501,0.86725,2.21522,1,1,0,0,0
502563,0,Creature\chimera3mount\chimera3mount.m2,0,1,1,4,18,12,1,0,1,10,6404,0.61111,2.03128,1.51883,-4.43801,-2.70603,-0.13447,3.95206,2.76085,3.31202,1,1,0,0,0
502564,0,Creature\dragonchromaticmount2\dragonchromaticmount2.m2,0,1,3,4,18,12,1,0,1,10,4043,0.61111,2.03128,2.76653,-14.22537,-2.09304,-0.20494,3.41181,2.19401,4.9343,1,1,0,0,0
502565,0,Creature\dragonhawk\dragonhawkarmormounthorde.m2,0,1,1,4,18,12,1,0,1,10,2915,0.61111,2.03128,2.21959,-4.42536,-4.12549,0.46446,3.36864,4.13132,4.93411,1,1,0,0,0
502566,0,Creature\encrypted06\encrypted06.m2,0,1,1,4,18,12,1,0,1,10,6422,0.61111,2.03128,5.54007,-3.82693,-3.02607,-0.25485,5.62651,2.95393,6.02357,1,1,0,0,0
502567,0,Creature\flyingcarpetmount2\flyingcarpetmount2.m2,0,1,3,4,18,12,1,0,1,10,2887,0.61111,2.03128,0.14576,-3.18692,-3.04604,-0.43422,3.59817,3.20693,2.2869,1,1,0,0,0
502568,0,Creature\horse2mountelite\horse2mountelite.m2,0,1,1,4,18,12,1,0,1,10,5518,0.61111,2.03128,1.90829,-2.03226,-0.76313,-0.31859,2.09141,0.72231,3.15097,1,1,0,0,0
502569,0,Creature\kodobeast\ridingkotobeastsunwalkerelite.m2,0,1,1,4,18,12,1,0,1,10,27,0.61111,2.03128,4.0364,-7.38137,-2.44592,-0.0133,3.35458,2.29792,5.25995,1,1,0,0,0
502570,0,Creature\raptor2\viciouswarraptor.m2,0,1,1,4,18,12,1,0,1,10,34,0.61111,2.03128,2.56071,-4.87607,-1.9668,-0.06244,2.52113,2.15293,3.62031,1,1,0,0,0
502571,0,Creature\ratmount2\ratmount2.m2,0,1,1,4,18,12,1,0,1,10,5545,0.61111,2.03128,1.86648,-4.51378,-2.8624,-0.54047,1.9546,2.86086,3.19877,1,1,0,0,0
502572,0,Creature\ridingelekk\paladinelekkelite.m2,0,1,1,4,18,12,1,0,1,10,2188,0.61111,2.03128,3.31462,-2.21003,-3.17098,-0.37147,3.40203,2.50615,5.21258,1,1,0,0,0
502573,0,Creature\ridingphoenix2\ridingphoenix2.m2,0,1,3,4,18,12,1,0,1,10,2254,0.61111,2.03128,1.64395,-3.84107,-5.13326,-0.49346,2.41874,5.1431,5.95913,1,1,0,0,0
502574,0,Creature\rocketmount4\rocketmount4.m2,0,1,3,4,18,12,1,0,1,10,2579,0.61111,2.03128,0.0821,-3.90559,-1.32529,-0.15826,2.95849,1.31431,2.41106,1,1,0,0,0
502575,0,Creature\saber2\saber2mount.m2,0,1,1,4,18,12,1,0,1,10,4956,0.61111,2.03128,1.33732,-3.28622,-0.63949,-0.01747,1.2207,0.64131,1.72835,1,1,0,0,0
502576,0,Creature\stormcrowmount_solar\stormcrowmount_solar.m2,0,1,1,4,18,12,1,0,1,10,4964,0.61111,2.03128,0.77485,-1.98104,-3.88914,0.2645,2.59276,3.92297,5.18293,1,1,0,0,0
502577,0,Creature\viciousflyingnerubian2\viciousflyingnerubian2_horde.m2,0,1,17,4,18,12,1,0,1,10,9021,0.61111,2.03128,1.65197,-3.1104,-2.97686,-0.25047,2.65915,3.02407,3.98662,1,1,0,0,0
502578,0,Creature\wolfdraenor\wolfdraenor_felmount.m2,0,1,6,4,18,12,1,0,1,10,73,0.61111,2.03128,1.54424,-2.27351,-0.63319,-0.18972,1.65475,0.60582,2.05372,1,1,0,0,0
502579,0,Creature\babynaga\babynaga.m2,0,1,1,4,18,12,1,0,1,10,6666,0.61111,2.03128,1.31897,-1.37554,-1.05813,-0.10725,0.97152,1.09473,2.92279,1,1,0,0,0
502580,0,Creature\capybara2\capybara2.m2,0,1,1,4,18,12,1,0,1,10,9769,0.61111,2.03128,0.83885,-1.13442,-0.53428,-0.00848,1.46383,0.49381,1.88635,1,1,0,0,0
502581,0,Creature\faeriedragon3\faeriedragon3.m2,0,1,1,4,18,12,1,0,1,10,8523,0.61111,2.03128,0,-0.95809,-2.15783,0.82926,0.97171,2.28239,3.66306,1,1,0,0,0
502582,0,Creature\flyingbook\flyingbook_01_pet.m2,0,1,9,4,18,12,1,0,1,10,0,0.61111,2.03128,0,-0.0333,-0.2342,1.51359,0.60762,0.20086,2.24602,1,1,0,0,0
502583,0,Creature\babyfaeriedragon\babyfaeriedragonblack.m2,0,1,1,4,18,12,1,0,1,10,7476,0.61111,2.03128,0,-0.96448,-1.23829,0.83226,0.98561,1.27497,2.70028,1,1,0,0,0
502584,0,Creature\boundairelemental\unboundairelementallord_low.m2,0,1,18,4,18,12,1,0,1,10,3186,0.61111,2.03128,0,-0.60101,-1.52864,0.64236,1.54901,1.68579,3.83795,1,1,0,0,0
502585,0,Creature\boundearthelemental\unboundearthelemental_low.m2,0,1,15,4,18,12,1,0,1,10,69,0.61111,2.03128,0,-0.60177,-1.53697,0.25546,1.40649,1.7057,3.53243,1,1,0,0,0
502586,0,Creature\chromaticdragonpet2\chromaticdragonpet2.m2,0,1,7,4,18,12,1,0,1,10,0,0.61111,2.03128,0,-4.97829,-2.70722,0.08912,2.18468,2.39844,5.24674,1,1,0,0,0
502587,0,Creature\encrypted14\encrypted14.m2,0,1,1,4,18,12,1,0,1,10,6507,0.61111,2.03128,1.94433,-1.73599,-0.78169,-0.0908,1.70126,0.9227,3.29363,1,1,0,0,0
502588,0,Creature\forestsprite\spikysprite.m2,0,1,9,4,18,12,1,0,1,10,4098,0.61111,2.03128,0.43453,-0.44579,-0.50608,-0.00058,0.33347,0.65349,1.47771,1,1,0,0,0
502589,0,Creature\greaterslime\greaterslime_bloodface.m2,0,1,1,4,18,12,1,0,1,10,3114,0.61111,2.03128,0,-4.54477,-1.83442,-0.17438,1.63435,1.84352,1.38593,1,1,0,0,0
502590,0,Creature\lanternpet\dr_lantern_01_pet.m2,0,1,3,4,18,12,1,0,1,10,0,0.61111,2.03128,0,0.1092,-0.77455,0.96877,0.55947,0.81293,2.54271,1,1,0,0,0
502591,0,Creature\lasherorchid\nightmarelasherorchid.m2,0,1,3,4,18,12,1,0,1,10,2240,0.61111,2.03128,0,-1.84976,-2.82477,-0.81737,1.74006,2.86749,4.8066,1,1,0,0,0
502592,0,Creature\manafiend2\manafiend_arcane_yellow_pet.m2,0,1,12,4,18,12,1,0,1,10,1788,0.61111,2.03128,0,-0.94279,-1.8412,0.08182,1.08592,1.84051,3.44551,1,1,0,0,0
502593,0,Creature\monkey\monkey_fez.m2,0,1,1,4,18,12,1,0,1,10,3054,0.61111,2.03128,0,-2.72661,-1.3435,-0.13222,0.9123,1.33939,2.42246,1,1,0,0,0
502594,0,Creature\murloc\deathwingbabymurloc.m2,0,1,3,4,18,12,1,0,1,10,2998,0.61111,2.03128,0.3872,-0.7023,-0.47105,-0.0048,0.58117,0.50109,1.23737,1,1,0,0,0
502595,0,Creature\pa_kites\pa_kite_03_creature.m2,0,1,3,4,18,12,1,0,1,10,2540,0.61111,2.03128,0,-14.02597,-6.12963,11.03816,2.30801,6.55369,20.6229,1,1,0,0,0
502596,0,Creature\pandarenserpentpet\pandarenserpentpet_lightning.m2,0,1,1,4,18,12,1,0,1,10,0,0.61111,2.03128,0,-3.79303,-0.80506,0.17571,1.4153,0.76991,4.66127,1,1,0,0,0
502597,0,Creature\peacock2\peacock2.m2,0,1,1,4,18,12,1,0,1,10,8002,0.61111,2.03128,1.10211,-3.03994,-0.65218,-0.04876,0.92897,0.68954,1.93389,1,1,0,0,0
502598,0,Creature\shahaunt\shahauntpride.m2,0,1,7,4,18,12,1,0,1,10,4109,0.61111,2.03128,0,-1.50746,-1.86663,-0.07262,1.41808,1.54481,2.20627,1,1,0,0,0
502599,0,Creature\stormcrowmount_solar\stormcrowmount_solar_low.m2,0,1,1,4,18,12,1,0,1,10,390,0.61111,2.03128,0.6006,-1.98104,-3.88914,0.2645,2.59276,3.92297,5.18293,1,1,0,0,0
502600,0,Creature\thunderislebird\thunderislebabybird.m2,0,1,1,4,18,12,1,0,1,10,61,0.61111,2.03128,0.36422,-0.66892,-0.24645,-0.00084,0.47625,0.34517,0.6163,1,1,0,0,0
502601,0,Creature\tikimask_pet01\tikimask_pet03.m2,0,1,9,4,18,12,1,0,1,10,2989,0.61111,2.03128,0,0.31077,-0.35248,1.19972,0.45531,0.3669,2.18371,1,1,0,0,0
502602,0,Creature\viperrock\viperrock.m2,0,1,5,4,18,12,1,0,1,10,6101,0.61111,2.03128,0,-4.12386,-2.08242,-0.07971,1.53536,2.06728,3.9208,1,1,0,0,0
502603,0,Creature\yakpet\yakpet.m2,0,1,1,4,18,12,1,0,1,10,8775,0.61111,2.03128,0,-1.42528,-1.17482,-0.04546,1.95418,1.22637,2.6078,1,1,0,0,0
502610,0,creature\hordescorpionmount\hordescorpion.m2,1,1,2,-1,3,3,1,0,0,0,4146,0.6111,2.0313,0.6933,-1.2379,-1.0343,-0.018,1.3739,1.0993,1.5078,1,1,0,0,0
502611,0,creature\firespider\firespider.m2,1,1,1,-1,18,12,1,0,0,0,28,0.6111,2.0313,0,-2.024,-2.2259,-0.0151,3.8818,2.2258,2.1319,1,1,0,0,0
502612,0,creature\celestialserpent\celestialserpent.m2,2,1,3,-1,18,12,2,0,0,0,4101,0.6111,2.0313,0,-9.1248,-6.4414,-0.8901,5.0321,5.0049,6.696,0.4,4,0,0,0
502613,0,creature\quilin\quilin.m2,1,1,1,-1,18,12,1,0,0,0,4086,0.6111,2.0313,1.4481,-1.8758,-0.5452,-0.067,0.9262,0.6173,2.0735,1,1,0,0,0
502614,0,creature\zandalaritriceratops\zandalaritriceratops.m2,2,1,1,-1,18,12,1,0,0,0,4407,0.6111,2.0313,6.3411,-9.6104,-6.0294,-0.4212,8.54,6.1821,8.1953,1,3,0,0,0
502615,0,creature\wolfboss\wolfboss.m2,1,1,1,-1,18,12,1,0,0,0,4576,0.6111,2.0313,1.5923,-2.2126,-0.5732,-0.0146,1.6897,0.6607,1.8978,1.25,1,0,0,0
502616,0,creature\ironjuggernaut\ironjuggernautmount.m2,1,1,19,-1,3,3,1,0,0,0,5613,0.6111,2.0313,0.7951,-1.3101,-1.2314,-0.0252,1.71,1.455,1.6868,1,1,0,0,0
502617,0,creature\mistfox\mistfox.m2,1,1,1,-1,10,8,1,0,0,0,3115,0.6111,2.0313,0,-2.0962,-0.502,-0.0055,1.5904,0.536,1.4452,1,1,0,0,0
502618,0,creature\bloodtrollfemalebeast\bloodtrollbeast.m2,1,1,1,-1,18,12,1,0,0,0,5846,0.6111,2.0313,3.4615,-4.5431,-1.351,-0.0564,1.8906,1.5887,3.1901,1,1,0,0,0
502619,0,creature\mechanicaltiger\mechanicaltiger.m2,1,1,19,-1,18,12,1,0,0,0,5923,0.6111,2.0313,1.3088,-2.7637,-0.896,-0.0585,1.0434,0.6227,1.4086,1,1.25,0,0,0
502620,0,creature\mechanowolf\mechanowolf.m2,1,1,1,-1,18,12,1,0,0,0,6546,0.6111,2.0313,0,-1.3623,-0.5777,-0.0202,1.0258,0.5695,1.5595,1.25,1,0,0,0
502621,0,creature\wingedlion2\wingedlion2.m2,1,1,17,-1,18,12,1,0,0,0,6781,0.6111,2.0313,2.2526,-5.8956,-1.241,-0.0603,2.0351,1.3379,3.3426,1,1,0,0,0
502700,0,creature\wolfdraenor\wolfdraenor.m2,1,1,17,-1,18,12,1,0,0,0,0,0.6111,2.0313,3.2219,-2.4664,-1.1670,-1.1689,2.7170,1.4244,3.2219,1,1,0,0,0
502701,0,creature\raptor2\raptor2_frost.m2,1,1,17,-1,18,12,1,0,0,0,0,0.6111,2.0313,6.8915,-4.8043,-2.4726,-1.1426,3.9462,3.2243,6.8915,1,1,0,0,0
502702,0,creature\ghostlymoose\ghostlymoose.m2,1,1,17,-1,18,12,1,0,0,0,0,0.6111,2.0313,4.851,-2.4472,-3.3408,-1.5859,2.9740,2.2263,4.8510,1,1,0,0,0
502703,0,creature\giantdragonturtle\giantdragonturtle.m2,1,1,17,-1,18,12,1,0,0,0,0,0.6111,2.0313,2.7224,-3.1245,-1.7454,-0.6548,2.0364,1.8643,2.7224,1,1,0,0,0
502704,0,creature\wolfdraenor\wolfdraenor_fel.m2,1,1,17,-1,18,12,1,0,0,0,0,0.6111,2.0313,3.2219,-2.4664,-1.1670,-1.1689,2.7170,1.4244,3.2219,1,1,0,0,0
502705,0,creature\mechanicalspider\mechanicalspider.m2,1,1,17,-1,18,12,1,0,0,0,0,0.6111,2.0313,5.4727,-4.1281,-3.5939,-4.5035,5.7956,3.8665,5.4727,1,1,0,0,0
502706,0,creature\mechanowolf\mechanowolf.m2,1,1,17,-1,18,12,1,0,0,0,0,0.6111,2.0313,2.3452,-2.0495,-1.3800,-1.2298,2.0442,1.2461,2.3452,1,1,0,0,0
502707,0,creature\mechanicalrabbit\mechanicalrabbit.m2,1,1,17,-1,18,12,1,0,0,0,0,0.6111,2.0313,1.6158,-0.8530,-0.5905,-0.4479,1.0489,0.6020,1.6158,1,1,0,0,0
502708,0,creature\gorilla2\gorilla2.m2,1,1,17,-1,18,12,1,0,0,0,0,0.6111,2.0313,4.5756,-3.1348,-2.4397,-2.6307,2.0765,2.0396,4.5756,1,1,0,0,0
502709,0,creature\toucan\toucan.m2,1,1,17,-1,18,12,1,0,0,0,0,0.6111,2.0313,7.8387,-2.5729,-1.6896,-0.6138,3.3956,1.6269,7.8387,1,1,0,0,0
502710,0,creature\siberiantiger\siberiantiger.m2,1,1,17,-1,18,12,1,0,0,0,0,0.6111,2.0313,3.5487,-3.5016,-1.1713,-0.8720,2.4213,1.8193,3.5487,1,1,0,0,0
502711,0,creature\crane\crane.m2,1,1,17,-1,18,12,1,0,0,0,0,0.6111,2.0313,4.3415,-2.7704,-2.7575,-1.2941,3.4056,2.6090,4.3415,1,1,0,0,0
502712,0,creature\dragonturtle\dragonturtleepic.m2,1,1,17,-1,18,12,1,0,0,0,0,0.6111,2.0313,2.4358,-3.1531,-1.7288,-2.7781,1.9892,1.8210,2.4358,1,1,0,0,0
502713,0,creature\goat\goat.m2,1,1,17,-1,18,12,1,0,0,0,0,0.6111,2.0313,4.5251,-2.5297,-2.6344,-1.0137,3.3296,1.7257,4.5251,1,1,0,0,0
502714,0,creature\porcupine\porcupine.m2,1,1,17,-1,18,12,1,0,0,0,0,0.6111,2.0313,1.2408,-1.1579,-1.0116,-0.3448,0.8732,0.8005,1.2408,1,1,0,0,0
502715,0,creature\armadillo\armadillo.m2,1,1,17,-1,18,12,1,0,0,0,0,0.6111,2.0313,1.0636,-0.8017,-0.4172,-0.2686,0.6118,0.3558,1.0636,1,1,0,0,0
502716,0,creature\infernal\infernal.m2,1,1,1,-1,18,12,1,0,0,0,24,0.6111,2.0313,2.7808,-1.439,-2.7512,0.0309,1.0598,2.7271,4.1291,1,1,0,0,0
502717,0,creature\invisiblestalker\invisiblestalker.m2,1,1,20,-1,18,12,1,0,0,0,1608,0.6111,2.0313,1.301,1,1,1,-1,-1,-1,1,1,0,0,0
502718,0,creature\invisiblestalker\invisiblestalkernoname.m2,1,1,3,-1,18,12,1,0,0,0,1608,0.6111,2.0313,0,1,1,1,-1,-1,-1,1,1,0,0,0
502719,0,creature\imp2\imp2.m2,1,1,3,-1,9,6,1,0,0,0,5039,0.6111,2.0313,0,-1.4383,-0.7688,0,0.7158,0.7774,1.8704,1,1,0,0,0
502720,0,creature\imp2\imp2_noflames.m2,1,1,3,-1,9,6,1,0,0,0,5039,0.6111,2.0313,0,-1.4383,-0.7688,0,0.7158,0.7774,1.8704,1,1,0,0,0
502721,0,creature\ghost2\ghost2.m2,1,1,7,-1,18,12,1,0,0,0,6417,0.6111,2.0313,0,-1.326,-1.0535,0.0767,1.3799,0.8649,2.9993,1,1,0,0,0
502722,0,creature\waterelemental2\waterelemental2.m2,1,1,8,-1,18,12,1,0,0,0,110,0.6111,2.0313,0,-1.3023,-1.7756,-0.0506,1.0793,1.7844,3.129,0.35,1,0,0,0
502723,0,creature\gargoyle2\gargoyle2.m2,3,1,11,-1,18,12,1,0,0,0,7006,0.6111,2.0313,0,-3.8017,-2.5569,-0.0288,0.823,2.4714,4.2295,1,1,0,0,0
502724,0,creature\vampire_female\vampire_female.m2,1,1,1,-1,18,12,1,0,0,0,6970,0.6111,2.0313,0,-1.4701,-2.0833,-2.0833,2.6966,2.0833,3.1139,1,1,0,0,0
502725,0,creature\vampire_male\vampire_male.m2,1,1,1,-1,18,12,1,0,0,0,6969,0.6111,2.0313,0,-1.4701,-2.0833,-2.0833,2.6966,2.0833,3.1003,1,1,0,0,0
502726,0,creature\dredger\dredger.m2,1,1,3,-1,18,12,1,0,0,0,6962,0.6111,2.0313,0,-0.6396,-0.8177,-0.0627,0.5029,0.7089,1.688,0.95,0.85,0,0,0
502727,0,creature\lifeburdensmall\lifeburdensmall.m2,1,1,7,-1,18,12,1,0,0,0,6899,0.6111,2.0313,0,-1.4922,-1.8186,-0.0727,1.3723,1.4965,1.7624,1,1,0,0,0
502728,0,creature\kaelthasshadowlandscorrupted\kaelthasshadowlandscorrupted.m2,1,1,1,-1,18,12,1,0,0,0,2322,0.6111,2.0313,0,-0.519,-0.5728,-0.0078,0.3444,0.4346,2.4254,1,1,0,0,0
502729,0,creature\smallgargoyle\smallgargoyle.m2,1,1,11,-1,9,6,1,0,0,0,6840,0.6111,2.0313,0,-0.6161,-0.5466,0,0.4777,0.5177,0.7509,1,1,0,0,0
502730,0,creature\lifeburdenmedium\lifeburdenmedium.m2,1,1,7,-1,18,12,1,0,0,0,7053,0.6111,2.0313,3.8718,-0.5248,-1.5288,-0.0075,1.1604,1.7741,3.6442,1,1,0,0,0
502731,0,creature\brokerboss\brokerboss.m2,1,1,19,-1,5,5,1,0,0,0,0,0.6111,2.0313,0,-0.8766,-0.9395,-0.0107,0.7437,0.9783,4.8536,1,1,0,0,0
502732,0,creature\deathwargboss\deathwargboss.m2,1,1,1,-1,18,12,1,0,0,0,6788,0.6111,2.0313,1.821,-1.8051,-1.163,-0.0123,2.4122,1.1365,2.4225,1,1,0,0,0
502733,0,creature\dredgerbrute\dredgerbrute.m2,3,1,3,-1,140,80,1,0,0,0,6975,0.6111,2.0313,9.3136,-5.9634,-5.6098,-0.0931,4.2203,6.3536,18.0647,1,1.2,0,0,0
502734,0,creature\gargoylebrute\gargoylebrute.m2,3,1.25,2,-1,18,12,1,0,0,0,6822,0.6111,2.0313,5.5738,-5.6551,-4.209,-0.7578,3.4432,3.9541,5.7573,0.5,1,0,0,0
502735,0,creature\jailerrevendreth\jailerrevendreth.m2,1,1,7,-1,18,12,1,0,0,0,7102,0.6111,2.0313,0,-5.4208,-4.7062,-1.7598,3.9916,4.7062,7.6525,0.75,1.5,0,0,0
502736,0,creature\madscientist2\madscientist2.m2,1,1,2,-1,18,12,1,0,0,0,6890,0.6111,2.0313,0,-0.8438,-0.635,-0.0491,0.3885,0.4803,2.1703,1,1,0,0,0
502737,0,creature\gargoyle2_female\gargoyle2_female.m2,1,1.8,11,-1,18,12,1,0,0,0,6778,0.6111,2.0313,0,-1.311,-0.4422,-0.0076,0.3359,0.6398,1.9042,1,1,0,0,0
502738,0,item\objectcomponents\weapon\sword_2h_denathrius_d_01.m2,1,1,3,-1,18,12,1,0,0,0,7162,0.6111,2.0313,0,-3.495,-3.991,-3.9742,4.494,3.998,4.0149,1,1,0,0,0
502739,0,creature\vampireapothecary\vampireapothecary.m2,1,1,1,-1,18,12,1,0,0,0,7107,0.6111,2.0313,0,-3.452,-3.452,-3.3416,3.452,3.452,3.5623,1,1,0,0,0
502740,0,creature\kaelthasshadowlands\kaelthasshadowlands.m2,1,1,1,-1,18,12,1,0,0,0,2322,0.6111,2.0313,0,-0.3825,-0.8592,-0.0078,0.3887,0.6587,2.4224,1,1,0,0,0
502741,0,creature\denathrius\denathrius.m2,1,1,1,-1,18,12,1,0,0,0,7003,0.6111,2.0313,0,-1.8761,-2.144,-0.2335,2.2905,2.0227,3.9331,1,1,0,0,0
502742,0,creature\stormcrowmount_solar\stormcrowmount_solar.m2,1,1,1,-1,18,12,1,0,0,0,0,0.6111,2.0313,0.7749,-1.981,-3.8891,0.2645,2.5928,3.923,5.1829,1,1,0,0,0
502743,0,creature\invisibleman\invisibleman.m2,1,1,3,-1,18,12,1,0,0,0,2101,0.6111,2.0313,1.301,0,0,0,0,0,0,1,1,0,0,0
502744,0,creature\gargoylebruteboss\gargoylebruteboss.m2,1,1.25,2,-1,18,12,1,0,0,0,6823,0.6111,2.0313,5.5738,-5.6551,-4.209,-0.7578,3.8533,3.9541,5.7573,0.5,1,0,0,0
502745,0,creature\gargoyle2_femaleboss\gargoyle2_femaleboss.m2,1,1.8,11,-1,18,12,1,0,0,0,6766,0.6111,2.0313,0,-1.311,-0.4672,-0.0076,0.3671,0.5803,1.9877,1,1,0,0,0
502746,0,creature\gargoyle2_boss2\gargoyle2_boss2.m2,1,1,11,-1,18,12,1,0,0,0,6767,0.6111,2.0313,0,-3.8017,-2.5625,-0.0288,0.6578,2.4714,4.2295,1,1,0,0,0
502747,0,creature\devourerlarge\devourerlarge.m2,4,1,4,-1,60,40,1,0,0,0,6904,0.6111,2.0313,5.281,-2.3238,-2.9354,-0.0489,2.9035,2.6746,9.5323,0.7,3,0,0,0
502748,0,world\expansion08\doodads\vampire\9vm_vampire_lantern01.m2,1,1,11,-1,18,12,1,0,0,0,0,0.7712,1.2828,0,-5.5668,-5.6056,-5.4467,5.6107,5.5719,5.7308,1,1,0,0,0
502750,0,creature\infernal\infernal.m2,1,1,1,-1,18,12,1,0,0,0,24,0.6111,2.0313,2.7808,-1.439,-2.7512,0.0309,1.0598,2.7271,4.1291,1,1,0,0,0
502751,0,creature\rat2\rat2.m2,1,1,1,-1,4,3,1,0,0,0,165,0.6111,2.0313,0,-0.9649,-0.3756,-0.0028,0.3688,0.39,0.4493,0.5,1,0,0,0
502752,0,creature\imp2\imp2.m2,1,1,3,-1,9,6,1,0,0,0,5039,0.6111,2.0313,0,-1.4383,-0.7688,0,0.7158,0.7774,1.8704,1,1,0,0,0
502753,0,creature\bonespider2\bonespider2.m2,1,1,3,-1,6,4,1,0,0,0,2780,0.6111,2.0313,0,-2.3274,-2.149,-0.1293,3.9249,2.1474,2.0706,1,1,0,0,0
502754,0,creature\invisiblestalker\invisiblestalker.m2,1,1,3,-1,18,12,1,0,0,0,3024,0.6111,2.0313,1.301,1,1,1,-1,-1,-1,1,1,0,0,0
502755,0,creature\airelemental2\airelemental2.m2,1,1,18,-1,18,12,1,0,0,0,528,0.6111,2.0313,0,-1.644,-2.1371,-1.2824,1.6853,2.0039,3.0456,1,1,0,0,0
502756,0,world\expansion05\doodads\dungeon\doodads\6du_bkfoundry_debrispile01.m2,1,1,1,-1,18,12,1,0,0,0,24,4.8265,3.5767,0,-2.6848,-2.7434,-0.2978,2.8868,2.6792,3.6022,1,1,0,0,0
502757,0,creature\infernal2\infernal2.m2,1,1,6,-1,100,100,1,0,0,0,4989,0.6111,2.0313,0,-4.1961,-6.4875,-0.0547,2.9812,8.1265,17.0643,1,1.3,0,0,0
502758,0,creature\vampire_female\vampire_female.m2,1,1,1,-1,18,12,1,0,0,0,6970,0.6111,2.0313,0,-1.4701,-2.0833,-2.0833,2.6966,2.0833,3.1139,1,1,0,0,0
502759,0,creature\vampire_male\vampire_male.m2,1,1,1,-1,18,12,1,0,0,0,6969,0.6111,2.0313,0,-1.4701,-2.0833,-2.0833,2.6966,2.0833,3.1003,1,1,0,0,0
502760,0,creature\deathwarg\deathwarg.m2,1,1,1,-1,18,12,1,0,0,0,6787,0.6111,2.0313,1.821,-1.8051,-0.9446,-0.0109,1.6833,0.9408,1.8686,1,1,0,0,0
502761,0,world\expansion08\doodads\vampire\9vm_vampire_rubblepile01.m2,1,1,20,-1,18,12,1,0,0,0,0,7.9828,2.7685,0,-4.4987,-4.7621,-0.481,3.421,3.9847,2.2451,1,1,0,0,0
502762,0,creature\dredger\dredger.m2,1,1,3,-1,18,12,1,0,0,0,6962,0.6111,2.0313,0,-0.6396,-0.8177,-0.0627,0.5029,0.7089,1.688,0.95,0.85,0,0,0
502763,0,creature\devourersmall\devourersmall.m2,1,1,4,-1,8,8,1,0,0,0,6903,0.6111,2.0313,0,-2.1331,-2.4204,-0.0379,2.1441,2.4637,2.7654,1,2,0,0,0
502764,0,creature\smallgargoyle\smallgargoyle.m2,1,1,11,-1,9,6,1,0,0,0,6840,0.6111,2.0313,0,-0.6161,-0.5466,0,0.4777,0.5177,0.7509,1,1,0,0,0
502765,0,creature\gargoyle2_female\gargoyle2_female.m2,1,1.8,11,-1,18,12,1,0,0,0,6778,0.6111,2.0313,0,-1.311,-0.4422,-0.0076,0.3359,0.6398,1.9042,1,1,0,0,0
502766,0,creature\gargoyle2\gargoyle2.m2,3,1,11,-1,18,12,1,0,0,0,7006,0.6111,2.0313,0,-3.8017,-2.5569,-0.0288,0.823,2.4714,4.2295,1,1,0,0,0
502767,0,creature\devourermedium\devourermedium.m2,2,1,4,-1,40,34,1,0,0,0,6902,0.6111,2.0313,0,-2.0283,-3.1409,-0.1392,2.9194,2.8413,6.9681,1,2,0,0,0
502768,0,world\expansion08\doodads\vampire\9vm_vampire_rubblepile02.m2,1,1,20,-1,18,12,1,0,0,0,0,7.7451,2.2853,0,-4.404,-2.7497,-0.7974,2.7899,2.9266,1.4306,1,1,0,0,0
502769,0,world\expansion08\doodads\vampire\9vm_vampire_rubblepile03.m2,1,1,20,-1,18,12,1,0,0,0,0,7.2481,1.5904,0,-4.7262,-2.3486,-0.8524,2.334,3.8217,1.3706,1,1,0,0,0
502770,0,world\expansion08\doodads\vampire\9vm_vampire_rubblerocks01.m2,1,1,20,-1,18,12,1,0,0,0,0,2.7288,1.5908,0,-1.1744,-1.3889,-0.289,1.5643,1.6102,1.3053,1,1,0,0,0
502771,0,world\expansion08\doodads\vampire\9vm_vampire_rubblerocks02.m2,1,1,20,-1,18,12,1,0,0,0,0,2.5521,1.5493,0,-1.2671,-0.806,-0.4422,1.2045,1.1204,1.0765,1,1,0,0,0
502772,0,world\expansion08\doodads\vampire\9vm_vampire_rubblerocks03.m2,1,1,20,-1,18,12,1,0,0,0,0,2.499,1.4753,0,-1.0535,-1.2561,-0.5146,1.3563,1.1085,0.91,1,1,0,0,0
502773,0,creature\wendigo2\wendigo2.m2,1,1,1,-1,50,30,1,0,0,0,144,0.6111,2.0313,0,-1.2845,-1.8137,-0.0569,1.4181,1.863,4.2928,1,0.8,0,0,0
502774,0,WORLD\EXPANSION03\DOODADS\GENERIC\CLICKABLE_BOX.M2,1,1,1,-1,18,12,1,0,0,0,0,0.611,1.8,0,-1,-1,-1,1,1,1,1,1,0,0,0
502775,0,WORLD\EXPANSION03\DOODADS\FIRELANDS\FL_THERMAL_AIR.M2,1,1,1,-1,18,12,1,0,0,0,0,0.611,1.8,0,-1,-1,-1,1,1,1,1,1,0,0,0
502776,0,CREATURE\LAVAWORM\LAVAWORM_03.M2,1,1,1,-1,18,12,1,0,0,0,0,0.611,1.8,0,-1,-1,-1,1,1,1,1,1,0,0,0
502777,0,CREATURE\FIREHAWK\FIREHAWK.M2,1,1,1,-1,18,12,1,0,0,0,0,0.611,1.8,0,-1,-1,-1,1,1,1,1,1,0,0,0
502778,0,Creature\encrypted08\encrypted08.m2,0,1,4,4,18,12,1,0,1,10,6429,0.61111,2.03128,3.0227,-7.63466,-2.3405,-0.34628,3.54692,2.29932,3.61948,1,1,0,0,0
502779,0,Creature\encrypted09\encrypted09.m2,0,1,1,4,18,12,1,0,1,10,6428,0.61111,2.03128,1.33733,-2.46785,-0.48338,-0.03456,1.81338,0.44429,1.8959,1,1,0,0,0
502780,0,Creature\encrypted16\encrypted16.m2,0,1,19,4,18,12,1,0,1,10,6802,0.61111,2.03128,3.15304,-7.79019,-6.16651,-4.44444,4.44444,3.73557,4.44444,1,1,0,0,0
502781,0,Creature\encrypted21\encrypted21.m2,0,1,11,4,18,12,1,0,1,10,6631,0.61111,2.03128,1.7446,-2.41893,-1.36868,-0.12715,2.46888,1.09894,2.5694,1,1,0,0,0
502782,0,Creature\encrypted22\encrypted22.m2,0,1,11,4,18,12,1,0,1,10,6630,0.61111,2.03128,1.48696,-4.56462,-1.66341,-0.17276,1.67791,1.13868,2.06206,1,1,0,0,0
502785,0,Creature\ridinghorse\ridinghorsespectral.m2,0,1,1,4,18,12,1,0,1,10,1834,0.61111,2.03128,1.96644,-1.40407,-0.44432,-0.06014,2.00462,0.44139,2.69716,1,1,0,0,0
502786,0,Creature\saber3mount\saber3mount.m2,0,1,1,4,18,12,1,0,1,10,6415,0.61111,2.03128,1.35925,-2.64528,-0.80764,-0.01552,1.10436,0.54013,1.53035,1,1,0,0,0
502791,0,Creature\encrypted18\encrypted18.m2,0,1,1,4,18,12,1,0,1,10,2094,0.61111,2.03128,0.3872,-0.65499,-0.67752,-0.02016,0.51852,0.7083,1.21599,1,1,0,0,0
502792,0,Creature\encrypted19\encrypted19.m2,0,1,1,4,18,12,1,0,1,10,2094,0.61111,2.03128,0.3872,-5.46486,-5.312,-5.40142,5.64626,5.79911,5.70969,1,1,0,0,0
502793,0,Creature\greaterslime\greaterslime_brown.m2,0,1,3,4,18,12,1,0,1,10,6354,0.61111,2.03128,0,-4.54477,-1.83442,-0.17438,1.63435,1.84352,1.38593,1,1,0,0,0
502794,0,Creature\greaterslime\greaterslime_corruptedface.m2,0,1,3,4,18,12,1,0,1,10,3114,0.61111,2.03128,0,-4.54477,-1.83442,-0.17438,1.63435,1.84352,1.38593,1,1,0,0,0
502795,0,Creature\greaterslime\greaterslime_watersha.m2,0,1,8,4,18,12,1,0,1,10,4508,0.61111,2.03128,0,-4.54477,-1.81981,-0.17438,1.63435,1.84352,1.38593,1,1,0,0,0
502796,0,Creature\greaterslime\greaterslimedeathwing.m2,0,1,1,4,18,12,1,0,1,10,7865,0.61111,2.03128,0,-5.39569,-2.0415,-0.17438,2.60674,2.02108,1.98236,1,1,0,0,0
502797,0,Creature\lanternpet\lunarnewyearlantern_alliance_hanging_pet.m2,0,1,3,4,18,12,1,0,1,10,0,0.61111,2.03128,0,-0.29776,-0.62122,1.06807,0.96482,0.67328,2.44452,1,1,0,0,0
502798,0,Creature\lanternpet\lunarnewyearlantern_horde_hanging_pet.m2,0,1,3,4,18,12,1,0,1,10,0,0.61111,2.03128,0,-0.28603,-0.72982,1.05117,1.02437,0.71372,2.46242,1,1,0,0,0
502799,0,Creature\lasherorchid2\lasherorchid2.m2,0,1,2,4,18,12,1,0,1,10,2240,0.61111,2.03128,0,-1.725,-1.81455,-0.08658,1.71011,1.96902,3.02039,1,1,0,0,0
502800,0,Creature\manafiend2\manafiend_void_pet.m2,0,1,7,4,18,12,1,0,1,10,1788,0.61111,2.03128,0,-0.94279,-1.8412,0.08182,1.08592,1.84051,3.44551,1,1,0,0,0
502802,0,Creature\murloc\diablobabymurloc.m2,0,1,1,4,18,12,1,0,1,10,2094,0.61111,2.03128,0.3872,-0.69014,-0.57702,-0.02332,0.5288,0.5267,1.18591,1,1,0,0,0
502803,0,Creature\murloc\murloccrusader.m2,0,1,1,4,18,12,1,0,1,10,2981,0.61111,2.03128,0.3872,-0.71147,-0.77805,-0.01164,0.86811,0.67616,1.21074,1,1,0,0,0
502900,12288,SPELLS\RSHOULDER_ROBE_PLAGUE_A_01_SPELL.M2,0,1.0,3,4,1099956224,1094713344,1.0,0,0,0,2990,0.0,0.0,0.0,0.0,0.0,0.0,0.0,0.0,0.0,1.0,1.0,0.0,0.0,0.0
502901,4096,CREATURE\RIDINGWYVERNARMORED\WYVERN_ARMORED_VEHICLE.M2,1,1.0,1,5,1099956224,1094713344,1.0,0,0,0,2995,0.6112,2.031,1.193891,-4.640995,-1.618196,-0.324001,1.732878,1.038783,2.116598,0.6,1.0,0.0,0.0,0.0
502902,12288,WORLD\GENERIC\GOBLIN\PASSIVEDOODADS\LOSTISLES\GOBLIN_CRATE_05.M2,0,1.0,3,4,1099956224,1094713344,1.0,0,0,0,3018,1.1896,0.96,0.0,0.0,0.0,0.0,0.0,0.0,0.0,1.0,1.0,0.0,0.0,0.0
502903,12288,WORLD\GENERIC\NIGHTELF\PASSIVE DOODADS\MAGICALIMPLEMENTS\NEMAGICIMPLEMENT10.M2,1,1.0,3,4,1099956224,1094713344,1.0,0,0,0,3039,0.7317,1.246488,0.0,0.0,0.0,0.0,0.0,0.0,0.0,1.0,1.0,0.0,0.0,0.0
502904,12288,WORLD\GENERIC\NIGHTELF\PASSIVE DOODADS\MAGICALIMPLEMENTS\NEMAGICIMPLEMENT06.M2,0,1.0,3,4,1099956224,1094713344,1.0,0,0,0,3041,1.0891,1.668241,0.0,0.0,0.0,0.0,0.0,0.0,0.0,1.0,1.0,0.0,0.0,0.0
502905,12288,WORLD\GENERIC\GNOME\PASSIVE DOODADS\HAZARDLIGHTS\GNOMEHAZARDLIGHTRED_02.M2,0,1.0,3,4,1099956224,1094713344,1.0,0,0,0,3046,0.368,0.3922,0.0,0.0,0.0,0.0,0.0,0.0,0.0,1.0,1.0,0.0,0.0,0.0
502906,12291,WORLD\GENERIC\GOBLIN\PASSIVEDOODADS\KEZAN\TARGETDUMMY\GOBLIN_KEZAN_TARGET_DUMMY_01.M2,1,1.0,3,4,1099956224,1094713344,1.0,0,0,0,188,0.6112,2.031,0.0,0.0,0.0,0.0,0.0,0.0,0.0,1.0,1.0,0.0,0.0,0.0
502907,12288,WORLD\GENERIC\GOBLIN\PASSIVEDOODADS\KEZAN\TENTS\GOBLIN_KEZAN_TELEGRAPHPOLE_01.M2,0,1.0,3,4,1099956224,1094713344,1.0,0,0,0,3050,1.3515,8.63698,0.0,0.0,0.0,0.0,0.0,0.0,0.0,1.0,1.0,0.0,0.0,0.0
502908,12291,CREATURE\HORDECARAVAN\HORDECARAVANVEHICLE.M2,1,1.0,3,4,1099956224,1094713344,1.0,0,0,0,0,0.611112,2.03128,4.975115,-7.767175,-4.37383,-0.106404,8.557761,4.372012,10.827453,1.0,1.0,0.0,0.0,0.0
502909,12291,CREATURE\HORDECARAVAN\HORDECARAVANVEHICLE_CARRIAGE.M2,1,1.0,3,4,1099956224,1094713344,1.0,0,0,0,0,0.6112,2.031,3.51283,-7.767014,-4.752228,-0.106196,1.537745,4.752228,10.827452,1.0,1.0,0.0,0.0,0.0
502910,12291,CREATURE\HORDECARAVAN\HORDECARAVANVEHICLE_HARNESS.M2,1,1.0,3,4,1099956224,1094713344,1.0,0,0,0,0,0.6112,2.031,0.0,-1.873933,-3.267139,0.023901,9.136487,3.224567,6.491185,1.0,1.0,0.0,0.0,0.0
502911,12323,WORLD\GENERIC\GOBLIN\PASSIVEDOODADS\GOBLIN_TRADESKILLTRAINER\GOBLIN_TRADESKILLTRAINER.M2,1,1.0,3,4,1099956224,1094713344,1.0,0,0,0,2537,2.3611,3.405,0.0,0.0,0.0,0.0,0.0,0.0,0.0,1.0,1.0,0.0,0.0,0.0
502912,12288,WORLD\KALIMDOR\AZSHARA\PASSIVEDOODADS\TREES\AZSHARAFALLINGTREE01.M2,0,1.0,3,4,1099956224,1094713344,1.0,0,0,0,3049,0.6112,2.031,0.0,0.0,0.0,0.0,0.0,0.0,0.0,1.0,1.0,0.0,0.0,0.0
"3394","12288","WORLD\GENERIC\ORC\PASSIVE DOODADS\BARRELSANDCRATES\ORCCRATE09.mdx","0","1","3","4","18","12","1","0","0","0","0","1.7951","1.71","0","0","0","0","0","0","0","1","1","0","0","0"
"3739","12288","WORLD\KALIMDOR\HYJAL\BOULDERS\HYJAL_BOULDERA01.mdx","0","1","3","4","18","12","1","0","0","0","0","11.865","8.9569","0","0","0","0","0","0","0","1","1","0","0","0"
"502913","0","Creature\mothfluffymount\mothfluffymount.m2","0","1","20","4","18","12","1","0","1","10","10551","0.61111","2.03128","1.37187","-3.60136","-5.47756","-2.66878","7.50976","5.63355","8.44233","1","1","0","0","0"
"502914","0","Creature\rabbitmountvoid\rabbitmountvoid.m2","0","1","7","4","18","12","1","0","1","10","10526","0.61111","2.03128","0","-0.95464","-0.50102","-0.07152","0.76612","0.42722","1.78952","1","1","0","0","0"
"502915","0","Creature\shaowlmount\shaowlmount.m2","0","1","20","4","18","12","1","0","1","10","10408","0.61111","2.03128","1.53234","-5.71221","-1.82504","-0.29673","1.67912","1.82724","3.09665","1","1","0","0","0"
"502916","0","Creature\shawolfmount\shawolfmount.m2","0","1","1","4","18","12","1","0","1","10","10414","0.61111","2.03128","1.56923","-2.51201","-0.53069","-0.0264","1.92985","0.54261","2.68341","1","1","0","0","0"
"502917","0","Creature\springpandamount\springpandamount.m2","0","1","20","4","18","12","1","0","1","10","10541","0.61111","2.03128","2.32347","-2.945","-1.53896","-0.40672","1.99086","1.71393","3.52802","1","1","0","0","0"
"502920","0","Creature\babymurlocxalatath\babymurlocxalatath.m2","0","1","20","4","18","12","1","0","1","10","10577","0.61111","2.03128","0.3872","-0.71684","-0.67356","-0.10067","0.52742","0.6336","1.31599","1","1","0","0","0"
"502921","0","Creature\batpetrevendreth2\batpetrevendreth2.m2","0","1","2","4","18","12","1","0","1","10","6964","0.61111","2.03128","1.40376","-2.0073","-4.47487","0.82997","2.91607","4.50439","7.11854","1","1","0","0","0"
"502922","0","Creature\mothpet2\mothpet2.m2","0","1","4","4","18","12","1","0","1","10","10549","0.61111","2.03128","0.55481","-1.57857","-1.95805","0.11395","0.77482","1.94948","2.63143","1","1","0","0","0"
"502923","0","Creature\shabeakypet\shabeakypet.m2","0","1","3","4","18","12","1","0","1","10","10423","0.61111","2.03128","1.65659","-3.66521","-3.22393","4.25571","2.64238","3.33602","10.35137","1","1","0","0","0"
"502930","0","Creature\giantbeastmount\giantbeastmount.m2","0","1","3","4","18","12","1","0","1","10","6835","0.61111","2.03128","2.90339","-5.3785","-1.41593","-0.0003","3.6131","1.29524","3.52039","1","1","0","0","0"
"502931","0","Creature\giantbeastmount2\giantbeastmount2.m2","0","1","3","4","18","12","1","0","1","10","6835","0.61111","2.03128","2.90339","-5.3785","-1.41593","-0.0003","3.6131","1.29524","3.99085","1","1","0","0","0"
"502935","0","Creature\gnomeskeleton\gnomeskeleton.m2","0","1","3","4","18","12","1","0","1","10","131","0.61111","2.03128","0","-0.25544","-0.42154","0.00044","0.17128","0.42597","1.1329","1","1","0","0","0"
"503734","0","Creature\dreambear\dreambear.m2","0","1","0","0","0","0","1","0","0","0","0","0.61111","2.03128","0","-1.88291","-0.97754","-0.00033","1.6971","0.97972","2.26691","1","1","0","0","0"
"503736","0","Creature\furbolg2\furbolg2.m2","0","1","0","0","0","0","1","0","0","0","0","0.61111","2.03128","0","-0.92609","-1.68589","-0.1052","1.59092","1.60765","3.62751","1","1","0","0","0"
"503738","0","Creature\furbolgprimal\furbolgprimal.m2","0","1","0","0","0","0","1","0","0","0","0","0.61111","2.03128","0","-0.87012","-1.95215","-0.07853","1.54779","1.9285","3.32459","1","1","0","0","0"
"503742","0","Creature\satyr3nightmare\satyr3nightmare.m2","0","1","0","0","0","0","1","0","0","0","0","0.61111","2.03128","0","-2.23618","-0.98357","-0.1477","0.71181","1.1525","2.61711","1","1","0","0","0"
"503744","0","Creature\satyr2\satyr2.m2","0","1","0","0","0","0","1","0","0","0","0","0.61111","2.03128","0","-1.86365","-0.7961","-0.00129","0.31859","0.76331","2.77354","1","1","0","0","0"
"503746","0","Creature\satyr2nightmare\satyr2nightmare.m2","0","1","0","0","0","0","1","0","0","0","0","0.61111","2.03128","0","-2.23618","-0.98357","-0.1477","0.71181","1.1525","2.78677","1","1","0","0","0"
"503750","0","Creature\keeperofthegrove2\keeperofthegrove2.m2","0","1","0","0","0","0","1","0","0","0","0","0.61111","2.03128","0","-1.85269","-1.01333","-0.02184","1.46867","1.51447","3.80479","1","1","0","0","0"
"503752","0","Creature\dryad2\dryad2.m2","0","1","0","0","0","0","1","0","0","0","0","0.61111","2.03128","0","-0.98083","-0.58106","-0.01007","1.06257","0.43023","2.43448","1","1","0","0","0"
"503754","0","Creature\doomguard2\doomguard2.m2","0","1","0","0","0","0","1","0","0","0","0","0.61111","2.03128","0","-3.12028","-3.59281","-0.00369","0.65572","3.77003","4.17785","1","1","0","0","0"
"503756","0","Creature\yseradragon_nightmare\yseradragon_nightmare.m2","0","1","0","0","0","0","1","0","0","0","0","0.61111","2.03128","0","-21.83866","-9.91958","-0.66846","10.66038","9.85024","14.00795","1","1","0","0","0"
"503758","0","Creature\nightmaredragon\nightmaredragon.m2","0","1","0","0","0","0","1","0","0","0","0","0.61111","2.03128","0","-17.62887","-9.77407","-0.54331","10.27431","9.66542","13.97621","1","1","0","0","0"
"503760","0","Creature\dragonpestilence\dragonpestilencenofx.m2","0","1","0","0","0","0","1","0","0","0","0","0.61111","2.03128","0","-20.69412","-9.76006","-0.50312","9.90895","9.64691","13.99537","1","1","0","0","0"
"503762","0","Creature\nightmaredrake\nightmaredrake.m2","0","1","0","0","0","0","1","0","0","0","0","0.61111","2.03128","0","-7.09877","-4.24177","-0.13389","4.20898","4.21343","5.06642","1","1","0","0","0"
"503764","0","Creature\nightmaredryad\nightmaredryad.m2","0","1","0","0","0","0","1","0","0","0","0","0.61111","2.03128","0","-0.98083","-0.49786","-0.02336","0.99333","0.43995","2.43128","1","1","0","0","0"
"503766","0","Creature\dragonpestilence\dragonpestilence.m2","0","1","0","0","0","0","1","0","0","0","0","0.61111","2.03128","0","-20.76331","-10.4287","-0.50312","9.90895","9.7563","14.46642","1","1","0","0","0"
"503768","0","Creature\nightmaredryad\nightmaredryad_fog.m2","0","1","0","0","0","0","1","0","0","0","0","0.61111","2.03128","0","-0.98083","-0.49786","-0.02336","0.99333","0.43995","2.43128","1","1","0","0","0"
503769,8192,CREATURE\ETTIN\ETTIN.M2,4,1,1,1,18,12,1,0,2,12,3119,0.6112,2.031,5.281029,-2.189376,-2.562625,-0.040224,2.209572,2.81391,7.161947,1,1,0,0,0
503770,12288,CREATURE\CATACLYSMCROCODILE\CATACLYSMCROCODILE.M2,0,1,3,4,18,12,1,0,0,0,3109,0.611112,2.03128,0,-6.296632,-3.143956,-0.341869,3.505502,3.316845,1.940336,1,1,0,0,0
503771,4112,CREATURE\DRUIDBEARWORGEN\DRUIDBEARWORGEN.M2,1,1,1,7,18,12,1,0,0,0,3022,0.611112,2.03128,1.761474,-1.533173,-0.967366,-0.072043,1.693912,1.037326,1.845246,1,1,0,0,0
503772,12288,WORLD\LORDAERON\TIRISFALGLADE\PASSIVEDOODADS\GRAVES\BRILLCOFFINS.M2,0,1,3,4,18,12,1,0,0,0,0,3.729,2.0601,0,0,0,0,0,0,0,1,1,0,0,0
503773,12291,WORLD\GENERIC\HUMAN\PASSIVE DOODADS\WARDROBE\DUSKWOODWARDROBE01.M2,0,1,3,4,18,12,1,0,0,0,0,1.5086,3.51728,0,0,0,0,0,0,0,1,1,0,0,0
503774,12291,WORLD\GENERIC\ACTIVEDOODADS\MAGEPORTALS\STORMWINDMAGEPORTAL01.M2,0,1,3,4,18,12,1,0,0,0,0,8.117,31.71,0,0,0,0,0,0,0,1,1,0,0,0
503775,4099,CREATURE\BOUNDWATERELEMENTAL\UNBOUNDWATERELEMENTAL.M2,0,1,3,4,18,12,1,0,0,0,3245,0.611112,2.03128,0,-1.71861,-1.897033,-0.183474,2.398494,1.897033,6.244998,0.5,1.5,0,0,0
503776,12288,WORLD\AZEROTH\ZULGURUB\ACTIVEDOODADS\SPIDERAREA\NASTYSPIDEREGG.M2,0,1,3,4,18,12,1,0,0,0,2549,1.7816,1.6185,0,0,0,0,0,0,0,0.31,1,0,0,0
503777,0,WORLD\GENERIC\HUMAN\PASSIVE DOODADS\HUMANTURNIP\HUMANTURNIP01.M2,0,1,1,4,18,12,1,0,0,0,0,0.611112,2.03128,1.03618,0,0,0,0,0,0,1,1,0,0,0
503778,0,WORLD\GENERIC\HUMAN\PASSIVE DOODADS\HUMANTURNIP\HUMANTURNIP02.M2,0,1,1,4,18,12,1,0,0,0,0,0.611112,2.03128,1.03618,0,0,0,0,0,0,1,1,0,0,0
503779,0,WORLD\GENERIC\HUMAN\PASSIVE DOODADS\HUMANTURNIP\HUMANTURNIP03.M2,0,1,1,4,18,12,1,0,0,0,0,0.611112,2.03128,1.03618,0,0,0,0,0,0,1,1,0,0,0
503780,4096,CREATURE\BOUNDAIRELEMENTAL\UNBOUNDAIRELEMENTAL.M2,0,1,4,4,18,12,1,0,0,0,3186,0.611112,2.03128,0,-0.74058,-1.777454,0.642361,1.385479,1.781932,3.476872,0.5,1.5,0,0,0
503781,12299,WORLD\EXPANSION01\DOODADS\GENERIC\OGRE\STONEHENGE\OM_STONEHENGE_03.M2,0,1,3,4,18,12,1,0,0,0,0,4.835,12.8035,0,0,0,0,0,0,0,1,1,0,0,0
503782,12288,WORLD\GENERIC\HUMAN\PASSIVE DOODADS\BALLANDCHAIN\BALLANDCHAIN01.M2,0,1,3,4,18,12,1,0,0,0,0,0.3961,0.39902,0,0,0,0,0,0,0,1,1,0,0,0
503783,0,CREATURE\GARROSH\GARROSH.M2,0,1,3,4,18,12,1,0,0,0,3033,0.6112,2.031,1.117047,-0.539851,-1.09404,-0.002629,0.719396,1.27722,2.142774,1,1,0,0,0
"503800","0","Creature\broomstickspicewitch\broomstickspicewitch.m2","0","1","3","4","18","12","1","0","1","10","10535","0.61111","2.03128","0.0345","-1.79083","-0.34797","0.37716","2.14568","0.35454","1.61631","1","1","0","0","0"
"503801","0","Creature\chameleonmount\chameleonmount.m2","0","1","20","4","18","12","1","0","1","10","10650","0.61111","2.03128","1.51892","-2.7581","-0.84102","-0.00779","1.88839","0.82077","1.84221","1","1","0","0","0"
"503802","0","Creature\venomserpentmount\venomserpentmount.m2","0","1","20","4","18","12","1","0","1","10","10701","0.61111","2.03128","2.76653","-12.54787","-4.98187","0.27536","4.57609","5.26142","7.73447","1","1","0","0","0"
"503803","0","Creature\writhesmount\writhesmount.m2","0","1","2","4","18","12","1","0","1","10","10682","0.61111","2.03128","1.09213","-1.96198","-0.80046","-0.09648","1.52652","0.81091","2.40703","1","1","0","0","0"
"503804","0","Creature\windserpent3mount\windserpent3mount.m2","0","1","20","4","18","12","1","0","1","10","10626","0.61111","2.03128","1.29022","-5.88291","-3.73838","0.4418","1.98198","3.74521","6.59542","1","1","0","0","0"
"503805","0","Creature\viciouslightbloomboar\viciouslightbloomboar.m2","0","1","1","4","18","12","1","0","1","10","10553","0.61111","2.03128","2.09611","-4.85097","-2.93477","-0.27319","2.69332","1.61457","2.61998","1","1","0","0","0"
"503806","0","Creature\windserpent3mount_skeletal\windserpent3mount_skeletal.m2","0","1","20","4","18","12","1","0","1","10","10636","0.61111","2.03128","1.29022","-6.17026","-4.78755","-0.37032","2.51409","4.87096","7.54101","1","1","0","0","0"
"503808","0","Creature\darkwellphoenixmount2\darkwellphoenixmount2.m2","0","1","3","4","18","12","1","0","1","10","2254","0.61111","2.03128","1.19446","-5.44847","-2.08137","-0.1893","1.52972","2.14249","7.49858","1","1","0","0","0"
"503809","0","Creature\flyingserpentmount\flyingserpentmount.m2","0","1","2","4","18","12","1","0","1","10","10595","0.61111","2.03128","1.52152","-4.64434","-2.87433","-0.07922","3.90891","2.9318","3.28325","1","1","0","0","0"
"503810","0","Creature\gianteagle2\gianteagle2.m2","0","1","1","4","18","12","1","0","1","10","9543","0.61111","2.03128","1.1799","-2.79229","-0.57827","-0.05117","0.93922","0.63575","1.86404","1","1","0","0","0"
"503812","0","Creature\pigmyowlmount\pigmyowlmount.m2","0","1","20","4","18","12","1","0","1","10","10660","0.61111","2.03128","1.61186","-2.82588","-1.10715","-0.48936","1.14963","1.04463","2.12517","1","1","0","0","0"
"503813","0","Creature\serpentgolemmount\serpentgolemmount.m2","0","1","20","4","18","12","1","0","1","10","10627","0.61111","2.03128","2.894","-1.09973","-3.3179","-0.00022","1.81142","3.15465","6.09982","1","1","0","0","0"
"503814","0","Creature\serpentgolemmountnemesis\serpentgolemmountnemesis.m2","0","1","20","4","18","12","1","0","1","10","10637","0.61111","2.03128","2.894","-1.03888","-3.32626","-0.00022","1.86864","3.15591","6.9457","1","1","0","0","0"
"503815","0","Creature\babywindserpent\babywindserpent.m2","0","1","2","4","18","12","1","0","1","10","10534","0.61111","2.03128","1.21305","-5.45907","-3.75851","0.51796","2.24614","3.81741","7.01191","1","1","0","0","0"
"503816","0","Creature\babysnake\babysnake.m2","0","1","2","4","18","12","1","0","1","10","10464","0.61111","2.03128","0","-3.07314","-0.78469","-0.34579","1.73028","1.01348","4.29066","1","1","0","0","0"
"503817","0","Creature\arcanegolem2\arcanegolem2.m2","0","1","20","4","18","12","1","0","1","10","9876","0.61111","2.03128","3.11397","-0.98354","-3.17186","-0.00628","1.27586","2.8006","4.72619","1","1","0","0","0"
"503818","0","Creature\catpet_kirintor\catpet_kirintor.m2","0","1","1","4","18","12","1","0","1","10","10715","0.61111","2.03128","0","-1.2516","-0.28121","-0.00018","0.59687","0.27353","0.84673","1","1","0","0","0"
"503819","0","Creature\catpet_naxx\catpet_naxx.m2","0","1","1","4","18","12","1","0","1","10","10718","0.61111","2.03128","0","-1.2516","-0.3246","-0.00018","0.57775","0.32582","1.05977","1","1","0","0","0"
"503820","0","Creature\catpet_uldum\catpet_uldum.m2","0","1","1","4","18","12","1","0","1","10","10719","0.61111","2.03128","0","-1.2516","-0.28121","-0.00018","0.55462","0.27353","1.11769","1","1","0","0","0"
"503821","0","Creature\hextrollpet\hextrollpet.m2","0","1","12","4","18","12","1","0","1","10","10608","0.61111","2.03128","0","-1.29462","-2.18163","0.27224","1.46711","2.24017","7.28694","1","1","0","0","0"
"503822","0","Creature\eyeofkilrog_pet\eyeofkilrog_blue_pet.m2","0","1","12","4","18","12","1","0","1","10","4025","0.61111","2.03128","0","0.08709","-0.30555","1.44563","0.58158","0.34048","2.08567","1","1","0","0","0"
"503823","0","Creature\jimothy\jimothy.m2","0","1","1","4","18","12","1","0","1","10","10813","0.61111","2.03128","1.39911","-1.158","-0.56289","-0.05891","1.09907","0.528","1.88132","1","1","0","0","0"
"503824","0","Creature\valkierpet\valkierpet.m2","0","1","3","4","18","12","1","0","1","10","4472","0.61111","2.03128","0","-0.91839","-0.80882","-0.50597","0.33107","0.80823","0.7004","1","1","0","0","0"
503900,4,Character\Pandaren\Male\PandarenMale.mdx,1,1,1,1,12,14,1,0,0,0,4012,0.611112,2.03128,0,-1.06856,-1.02084,-0.017422,0.428503,0.953834,2.5678,1,1,0,0,0
503901,4,Character\Pandaren\Female\PandarenFemale.mdx,1,1,1,1,12,14,1,0,0,0,4080,0.611112,2.03128,0,-1.02849,-0.66214,-0.024381,0.38512,0.676274,2.46644,1,1,0,0,0
503902,2052,Character\Vulpera\Male\VulperaMale.mdx,1,1,1,7,8,6,1,0,0,0,6278,2.03128,1,0,-0.801059,-0.548475,-0.009413,0.282863,0.500197,1.56753,1,0,1,0,0
503903,2052,Character\Vulpera\Female\VulperaFemale.mdx,1,1,1,7,8,6,1,0,0,0,6279,1.27778,1,0,-0.801059,-0.547027,-0.007535,0.271461,0.494371,1.47369,1,0,1,0,0
503904,2052,Character\ZandalariTroll\Male\ZandalariTrollMale.mdx,1,1,1,1,12,10,1,0,0,0,6453,2.03128,1,0,-0.737685,-0.808304,-0.013361,0.607844,0.698818,3.02234,1,0,1,0,0
503905,2052,Character\ZandalariTroll\Female\ZandalariTrollFemale.mdx,1,1,1,1,12,10,1,0,0,0,6448,2.03128,1,0,-0.9174,-0.66125,-0.015845,0.473954,0.636546,3.00727,1,0,1,0,0
503906,4,Character\KulTiran\Male\KulTiranMale.mdx,1,1,1,1,12,14,1,0,0,0,6008,0.611111,2.03128,-0.008002,-0.714439,-0.849178,-0.006395,0.666051,0.899518,2.61457,1,1,0,0,0
503907,4,Character\KulTiran\Female\KulTiranFemale.mdx,1,1,1,1,12,14,1,0,0,0,6296,0.611111,2.03128,-0.008002,-0.514457,-0.624712,-0.009974,0.362738,0.632868,2.45816,1,1,0,0,0
"503910","0","Creature\oxhomemount\oxhomemount.m2","0","1","3","4","18","12","1","0","1","10","10689","0.61111","2.03128","2.09613","-2.06405","-3.1096","-0.00461","4.15515","3.1096","6.44249","1","1","0","0","0"
"504000","0","creature\moth\moth_low.m2","0","1","2","4","18","12","1","0","1","10","2231","0.61111","2.03128","0","-1.89962","-4.1236","0.5733","1.68819","4.10702","5.50001","1","1","0","0","0"
"504001","0","creature\crabcave\crabcave.m2","0","1","20","4","18","12","1","0","1","10","5999","0.61111","2.03128","0","-0.99469","-0.96923","-0.09915","1.32103","0.96965","2.02841","1","1","0","0","0"
"504002","0","creature\dragonturtle\dragonturtle.m2","0","1","3","4","18","12","1","0","1","10","4087","0.61111","2.03128","1.71888","-2.86525","-0.95486","-0.03449","1.15411","0.95486","1.38978","1","1","0","0","0"
"504003","0","creature\toadprimal\toadprimal.m2","0","1","2","4","18","12","1","0","1","10","7699","0.61111","2.03128","2.70989","-2.56074","-1.58235","-0.0112","1.83262","1.44295","3.29253","1","1","0","0","0"
"504004","0","creature\batdemon\batdemon.m2","0","1","1","4","18","12","1","0","1","10","5739","0.61111","2.03128","1.19389","-2.8206","-4.27193","1.37824","2.71195","4.24765","6.51472","1","1","0","0","0"
"504005","0","creature\beaver\beaver.m2","0","1","3","4","18","12","1","0","1","10","4090","0.61111","2.03128","0.46259","-0.84858","-0.23725","-0.02426","0.49143","0.2401","0.51082","1","1","0","0","0"
"504006","0","creature\dragonfly\dragonfly.m2","0","1","2","4","18","12","1","0","1","10","4654","0.61111","2.03128","2.76492","-1.85892","-2.73568","0.20473","2.24295","2.60131","5.98195","1","1","0","0","0"
"504007","0","creature\earthenfury\earthenfury.m2","0","1","3","4","18","12","1","0","1","10","8803","0.61111","2.03128","0","-2.71029","-3.06799","-0.08012","3.57663","3.48114","6.59599","1","1","0","0","0"
"504008","0","creature\maldraxxusconstruct\maldraxxusconstruct.m2","0","1","2","4","18","12","1","0","1","10","7088","0.61111","2.03128","0","-1.93794","-2.41788","-0.06954","2.14565","2.08402","4.17031","1","1","0","0","0"
"504009","0","creature\mushanbeast\mushanbeast.m2","0","1","1","4","18","12","1","0","1","10","4099","0.61111","2.03128","3.11011","-7.33354","-2.33504","-0.03709","3.97247","2.06375","5.27427","1","1","0","0","0"
"504010","0","creature\skunk2\skunk2.m2","0","1","1","4","18","12","1","0","1","10","2167","0.61111","2.03128","1.82099","-4.73729","-1.01574","-0.00026","2.06156","1.03642","4.14468","1","1","0","0","0"
"504011","0","creature\smallautomaton\smallautomaton.m2","0","1","19","4","18","12","1","0","1","10","6803","0.61111","2.03128","0","-0.45864","-0.47961","-0.00501","0.45274","0.56491","1.80311","1","1","0","0","0"
"504012","0","creature\waterstrider\waterstridermount_nosaddle.m2","0","1","3","4","18","12","1","0","1","10","4082","0.61111","2.03128","1.77389","-2.6223","-3.22766","-0.01302","1.2465","3.22454","3.10309","1","1","0","0","0"
"504013","0","creature\ardenwealdstag\ardenwealdstag.m2","0","1","4","4","18","12","1","0","1","10","6854","0.61111","2.03128","2.19879","-1.74704","-1.47258","-0.01399","1.64802","1.46624","4.0117","1","1","0","0","0"
"504014","0","creature\argusfelstalker\argusfelstalker.m2","0","1","2","4","18","12","1","0","1","10","5728","0.61111","2.03128","5.57377","-5.52616","-2.42948","-0.0618","4.12425","2.17915","5.18858","1","1","0","0","0"
"504015","0","creature\automatonbrute\automatonbrute.m2","0","1","19","4","18","12","1","0","1","10","6805","0.61111","2.03128","0","-1.24143","-2.38408","-0.0157","1.29059","2.39101","5.74395","1","1","0","0","0"
"504016","0","creature\babythundercrocodile\babythundercrocodile.m2","0","1","3","4","18","12","1","0","1","10","4416","0.61111","2.03128","0","-2.87449","-1.38299","-0.03871","2.39211","1.38427","3.1806","1","1","0","0","0"
"504017","0","creature\bloodtick\bloodtick.m2","0","1","1","4","18","12","1","0","1","10","5890","0.61111","2.03128","0","-2.18919","-2.47011","-0.04411","2.15215","2.51441","2.12087","1","1","0","0","0"
"504018","0","creature\bogbeast2\bogbeast2.m2","0","1","20","4","18","12","1","0","1","10","8661","0.61111","2.03128","1.50495","-1.45898","-2.79469","-0.01801","1.84891","2.17774","4.87694","1","1","0","0","0"
"504019","0","creature\cat2shaggy\cat2shaggy.m2","0","1","1","4","18","12","1","0","1","10","568","0.61111","2.03128","0","-1.25242","-0.28389","-0.00018","0.50389","0.27646","0.72336","1","1","0","0","0"
"504020","0","creature\caveborerworm\caveborerworm.m2","0","1","3","4","18","12","1","0","1","10","8732","0.61111","2.03128","0","-3.06987","-1.16329","-0.03657","1.88327","1.10287","1.65627","1","1","0","0","0"
"504021","0","creature\darkhound2\darkhound2.m2","0","1","1","4","18","12","1","0","1","10","5","0.61111","2.03128","1.49579","-1.956","-0.61439","-0.10628","1.65898","0.64539","1.90684","1","1","0","0","0"
"504022","0","creature\decomposermedium\decomposermedium.m2","0","1","4","4","18","12","1","0","1","10","6789","0.61111","2.03128","3.19623","-5.77266","-4.0435","-0.42057","6.26903","4.0807","4.7583","1","1","0","0","0"
"504023","0","creature\diemetradon2\diemetradon2.m2","0","1","3","4","18","12","1","0","1","10","5982","0.61111","2.03128","0","-6.15751","-3.09265","-0.40523","3.33639","2.9752","3.50478","1","1","0","0","0"
"504024","0","creature\dreadravenwarbird\dreadravenwarbirdfel.m2","0","1","3","4","18","12","1","0","1","10","4777","0.61111","2.03128","7.40754","-18.48558","-6.16022","-0.88035","6.28496","6.44269","11.1646","1","1","0","0","0"
"504025","0","creature\earthenconstruct\earthenconstruct.m2","0","1","19","4","18","12","1","0","1","10","8941","0.61111","2.03128","0","-0.78572","-1.53063","-0.06379","0.95416","1.60145","3.42509","1","1","0","0","0"
"504026","0","creature\facelessonecaster2\facelessonecaster2.m2","0","1","3","4","18","12","1","0","1","10","3117","0.61111","2.03128","0","-1.47452","-2.29037","-0.18759","1.517","2.62454","5.61263","1","1","0","0","0"
"504027","0","creature\faeriedragonmount\faeriedragoncreature.m2","0","1","1","4","18","12","1","0","1","10","4467","0.61111","2.03128","3.02058","-6.32681","-2.54392","-0.26257","3.11641","2.50104","3.65943","1","1","0","0","0"
"504028","0","creature\feathereddragon\feathereddragon.m2","0","1","4","4","18","12","1","0","1","10","6816","0.61111","2.03128","3.0227","-7.63466","-2.29125","-0.34628","3.54692","2.25037","3.56504","1","1","0","0","0"
"504029","0","creature\fellessergronn\fellessergronn.m2","0","1","1","4","18","12","1","0","1","10","4901","0.61111","2.03128","0","-1.81572","-2.85605","-0.28499","2.36242","3.0563","4.83393","1","1","0","0","0"
"504030","0","creature\felreavergolem\felreavergolem.m2","0","1","1","4","18","12","1","0","1","10","4514","0.61111","2.03128","3.2767","-1.63401","-2.78759","-0.02205","1.4112","2.77572","5.20136","1","1","0","0","0"
"504031","0","creature\fireelemental\fireelemental_fel.m2","0","1","6","4","18","12","1","0","1","10","158","0.61111","2.03128","0","-0.94343","-1.54423","0.08534","1.08606","1.47525","2.95713","1","1","0","0","0"
"504032","0","creature\fireelemental2\fireelemental2.m2","0","1","5","4","18","12","1","0","1","10","158","0.61111","2.03128","0","-5.55556","-5.55556","-3.55231","5.55556","5.55556","7.5588","1","1","0","0","0"
"504033","0","creature\flyswarm\flyswarm.m2","0","1","20","4","18","12","1","0","1","10","6383","0.61111","2.03128","0","-2.15746","-2.34373","-2.36899","2.36856","2.48344","2.63545","1","1","0","0","0"
"504034","0","creature\forestgiant\forestgiant.m2","0","1","11","4","18","12","1","0","1","10","7698","0.61111","2.03128","0","-2.57157","-4.09149","-0.04153","3.29453","3.87428","11.79716","1","1","0","0","0"
"504035","0","creature\forestsprite\forestsprite.m2","0","1","9","4","18","12","1","0","1","10","4013","0.61111","2.03128","0.59591","-0.42972","-0.4805","-0.0006","0.31953","0.64152","1.57132","1","1","0","0","0"
"504036","0","creature\foxwyvern\foxwyvern.m2","0","1","1","4","18","12","1","0","1","10","7658","0.61111","2.03128","1.53344","-4.48862","-1.44847","-0.12227","1.58729","1.35985","2.03377","1","1","0","0","0"
"504037","0","creature\giantbeast\giantbeast.m2","0","1","3","4","18","12","1","0","1","10","6834","0.61111","2.03128","2.90339","-5.37833","-1.41399","-0.0003","3.6137","1.29524","3.52916","1","1","0","0","0"
"504038","0","creature\giantdragonturtle2\giantdragonturtle2.m2","0","1","1","4","18","12","1","0","1","10","4267","0.61111","2.03128","1.71888","-2.8019","-0.99372","-0.02781","1.20332","0.99595","1.78095","1","1","0","0","0"
"504039","0","creature\giantspider2\giantspider2.m2","0","1","3","4","18","12","1","0","1","10","5251","0.61111","2.03128","0","-1.64925","-1.88137","-0.17797","2.59541","1.88217","1.80968","1","1","0","0","0"
"504040","0","creature\gnomebot2\gnomebot2.m2","0","1","19","4","18","12","1","0","1","10","6549","0.61111","2.03128","0","-0.89912","-1.53063","-0.06379","0.95416","1.60145","3.42453","1","1","0","0","0"
"504041","0","creature\goblinazeriteextractor\gnomeazeriteextractor.m2","0","1","19","4","18","12","1","0","1","10","6037","0.61111","2.03128","1.70608","-1.68777","-1.72105","-0.07829","2.91931","1.79098","2.90145","1","1","0","0","0"
"504042","0","creature\goblinazeriteextractor\goblinazeriteextractor.m2","0","1","19","4","18","12","1","0","1","10","6037","0.61111","2.03128","1.75651","-2.13181","-1.75318","-0.10075","2.67693","1.76288","2.76225","1","1","0","0","0"
"504043","0","creature\gorillabossdead\gorillabossdead.m2","0","1","3","4","18","12","1","0","1","10","6381","0.61111","2.03128","19.9624","-8.77264","-7.57824","-0.1211","7.62943","8.56535","13.97465","1","1","0","0","0"
"504044","0","creature\hellhoundfog\hellhoundfog.m2","0","1","3","4","18","12","1","0","1","10","3854","0.61111","2.03128","0","-1.36717","-0.48516","-0.02055","0.8308","0.45269","1.62115","1","1","0","0","0"
"504045","0","creature\helyra_tentacle\helyra_tentacle.m2","0","1","3","4","18","12","1","0","1","10","2940","0.61111","2.03128","0","-4.62337","-5.20761","-10.48613","6.91421","5.25664","10.68825","1","1","0","0","0"
"504046","0","creature\hoppingghost\hoppingghost.m2","0","1","3","4","18","12","1","0","1","10","4103","0.61111","2.03128","0","-1.06408","-1.16944","-0.0255","0.7404","1.43503","3.06731","1","1","0","0","0"
"504047","0","creature\horsebastion\horsebastion.m2","0","1","17","4","18","12","1","0","1","10","7001","0.61111","2.03128","1.87643","-2.33302","-0.57877","-0.05727","1.79536","0.53829","3.20871","1","1","0","0","0"
"504048","0","creature\lightningelemental\lightningelemental.m2","0","1","18","4","18","12","1","0","1","10","5535","0.61111","2.03128","0","-0.99968","-1.50795","0.94178","0.93071","1.50244","4.2714","1","1","0","0","0"
"504049","0","creature\maldraxxusflyer\maldraxxusflyer.m2","0","1","3","4","18","12","1","0","1","10","6914","0.61111","2.03128","1.52152","-3.54263","-2.73028","-0.1402","4.08512","2.78514","3.58855","1","1","0","0","0"
"504050","0","creature\maldraxxusrolypoly\maldraxxusrolypoly.m2","0","1","1","4","18","12","1","0","1","10","5882","0.61111","2.03128","0.94152","-0.73897","-1.08716","0.02361","1.36756","1.04723","2.58631","1","1","0","0","0"
"504051","0","creature\manafiend2\manafiend_arcane_pink.m2","0","1","12","4","18","12","1","0","1","10","1788","0.61111","2.03128","0","-0.94285","-1.84117","0.08184","1.08602","1.84036","3.33755","1","1","0","0","0"
"504052","0","creature\manafiend2\manafiend_arcane_white_pet.m2","0","1","12","4","18","12","1","0","1","10","1788","0.61111","2.03128","0","-0.94279","-1.8412","0.07149","1.08592","1.84051","3.44551","1","1","0","0","0"
"504053","0","creature\manafiend2\manafiend_arcane_yellow.m2","0","1","12","4","18","12","1","0","1","10","5541","0.61111","2.03128","0","-0.94285","-1.84117","0.08183","1.08602","1.84035","3.44551","1","1","0","0","0"
"504054","0","creature\manafiend2\manafiend_void.m2","0","1","7","4","18","12","1","0","1","10","1788","0.61111","2.03128","0","-0.94279","-1.8412","0.08182","1.08592","1.84051","3.44551","1","1","0","0","0"
"504055","0","creature\murkastrasza\murkastrasza.m2","0","1","1","4","18","12","1","0","1","10","7590","0.61111","2.03128","0.3872","-5.22309","-5.55556","-4.96845","10.4112","7.98643","11.30282","1","1","0","0","0"
"504056","0","creature\nagabrute\nagabrute.m2","0","1","4","4","18","12","1","0","1","10","5072","0.61111","2.03128","0","-4.47081","-2.56944","-0.55884","3.17319","3.14031","6.05445","1","1","0","0","0"
"504057","0","creature\nightsaber2\nightsaber2.m2","0","1","1","4","18","12","1","0","1","10","1248","0.61111","2.03128","0","-2.64459","-0.80801","-0.01552","1.07193","0.53798","1.33504","1","1","0","0","0"
"504058","0","creature\oracle2\oracle2.m2","0","1","2","4","18","12","1","0","1","10","7627","0.61111","2.03128","0","-1.82988","-1.60954","-0.01314","1.67403","1.20298","2.46527","1","1","0","0","0"
"504059","0","creature\pandarenyeti\pandarenyeti.m2","0","1","1","4","18","12","1","0","1","10","4163","0.61111","2.03128","4.7654","-2.82268","-3.15454","-0.34874","2.75753","3.74131","5.5646","1","1","0","0","0"
"504060","0","creature\phoenix2\phoenix2.m2","0","1","5","4","18","12","1","0","1","10","7631","0.61111","2.03128","1.10211","-3.45868","-1.59236","-0.2908","0.95608","1.63052","2.0617","1","1","0","0","0"
"504061","0","creature\pig2\pig2.m2","0","1","1","4","18","12","1","0","1","10","5867","0.61111","2.03128","0.88841","-0.85503","-0.36962","-0.00001","0.87269","0.39493","1.13627","1","1","0","0","0"
"504062","0","creature\pterrordax2\pterrordax2.m2","0","1","3","4","18","12","1","0","1","10","6017","0.61111","2.03128","6.26856","-16.00713","-5.89735","-0.17712","5.64172","6.14703","12.8286","1","1","0","0","0"
"504063","0","creature\ram2\ram2.m2","0","1","1","4","18","12","1","0","1","10","6833","0.61111","2.03128","2.20278","-1.19587","-0.88921","-0.00237","2.1377","0.96007","2.4852","1","1","0","0","0"
"504064","0","creature\raptor\mechanicalraptorpet.m2","0","1","1","4","18","12","1","0","1","10","2992","0.61111","2.03128","2.56067","-2.19458","-1.56186","-0.16344","2.94189","1.55923","4.85967","1","1","0","0","0"
"504065","0","creature\sandpiper\sandpiper.m2","0","1","1","4","18","12","1","0","1","10","5276","0.61111","2.03128","2.3011","-2.45159","-0.90873","-0.01016","2.4477","0.90196","3.7349","1","1","0","0","0"
"504066","0","creature\sandstormelemental\sandstormelemental.m2","0","1","15","4","18","12","1","0","1","10","6090","0.61111","2.03128","0","-1.89995","-2.32039","-0.44165","1.3771","1.83832","4.91462","1","1","0","0","0"
"504067","0","creature\shadowstalkerpanther\shadowstalkerpanther.m2","0","1","16","4","18","12","1","0","1","10","5723","0.61111","2.03128","0","-2.70952","-0.84902","-0.03711","1.05962","0.60205","1.58834","1","1","0","0","0"
"504068","0","creature\shahaunt\shahaunt03nightmare.m2","0","1","3","4","18","12","1","0","1","10","4109","0.61111","2.03128","0","-1.50395","-1.86663","-0.0727","1.42261","1.54451","2.63885","1","1","0","0","0"
"504069","0","creature\sharkray\sharkray.m2","0","1","4","4","18","12","1","0","1","10","6579","0.61111","2.03128","2.39837","-4.57274","-2.28634","1.42286","1.68885","2.31309","4.20524","1","1","0","0","0"
"504070","0","creature\slimeskeleton\slimeskeleton.m2","0","1","2","4","18","12","1","0","1","10","6871","0.61111","2.03128","-0.008","-0.63676","-0.82234","-0.00953","0.63155","0.9208","2.58503","1","1","0","0","0"
"504071","0","creature\sloth\sloth.m2","0","1","1","4","18","12","1","0","1","10","6768","0.61111","2.03128","0","-0.32598","-0.45357","-0.04437","1.09486","0.49662","0.59188","1","1","0","0","0"
"504072","0","creature\soulhound\soulhound.m2","0","1","2","4","18","12","1","0","1","10","5731","0.61111","2.03128","1.44813","-1.9186","-0.60091","-0.08881","0.98648","0.64965","2.00903","1","1","0","0","0"
"504073","0","creature\thunderbeaver\thunderbeaver.m2","0","1","1","4","18","12","1","0","1","10","4414","0.61111","2.03128","0.46259","-0.84858","-0.25393","-0.02426","0.49143","0.25128","0.66254","1","1","0","0","0"
"504074","0","creature\thunderpterodactyl\thunderpterodactyl.m2","0","1","3","4","18","12","1","0","1","10","4409","0.61111","2.03128","6.45286","-14.27428","-6.62593","-0.2242","6.30634","6.09588","10.21585","1","1","0","0","0"
"504075","0","creature\tidalguardian\tidalguardian.m2","0","1","2","4","18","12","1","0","1","10","8798","0.61111","2.03128","0","-5.46975","-1.76645","-1.54509","6.40548","1.7366","3.40564","1","1","0","0","0"
"504076","0","creature\tiger\tigercub_mechanical.m2","0","1","1","4","18","12","1","0","1","10","4374","0.61111","2.03128","0","-1.25599","-0.27845","-0.00467","0.53042","0.27062","0.7339","1","1","0","0","0"
"504077","0","creature\titandefenseorb\titandefenseorb.m2","0","1","19","4","18","12","1","0","1","10","2695","0.61111","2.03128","0","-12.87962","-13.12978","-5.64191","13.44793","13.19777","20.68564","1","1","0","0","0"
"504078","0","creature\triceratops\triceratops.m2","0","1","3","4","18","12","1","0","1","10","4408","0.61111","2.03128","6.75754","-9.77187","-3.3245","-0.24968","8.54004","3.10718","8.19529","1","1","0","0","0"
"504079","0","creature\vaultguardian\vaultguardian.m2","0","1","19","4","18","12","1","0","1","10","6399","0.61111","2.03128","0","-1.74106","-1.99368","-0.13003","1.66103","2.46776","5.16771","1","1","0","0","0"
"504080","0","creature\vigo\capturedtitanconstruct.m2","0","1","19","4","18","12","1","0","1","10","40","0.61111","2.03128","0","-17.62028","-36.84872","-0.00365","17.44306","39.29295","88.02216","1","1","0","0","0"
"504081","0","creature\voidwraith\voidwraith_v2.m2","0","1","7","4","18","12","1","0","1","10","2251","0.61111","2.03128","0","-0.75329","-1.0976","0.46065","1.24921","1.10181","2.82568","1","1","0","0","0"
"504082","0","creature\warpstalkervoid\warpstalkervoid.m2","0","1","7","4","18","12","1","0","1","10","2296","0.61111","2.03128","1.91854","-8.97737","-2.27602","-0.08224","2.0486","2.05545","2.83696","1","1","0","0","0"
"504083","0","creature\wickerman2\wickerman2.m2","0","1","9","4","18","12","1","0","1","10","5857","0.61111","2.03128","0","-1.12923","-1.3673","0.02823","1.03952","1.2548","5.41969","1","1","0","0","0"
"504084","0","creature\wraith2\wraith2.m2","0","1","7","4","18","12","1","0","1","10","5071","0.61111","2.03128","0","-0.89253","-0.93316","-0.13685","0.72538","1.2779","2.77988","1","1","0","0","0"
"504085","0","creature\wyrmtongue\wyrmtongue_nobackpack.m2","0","1","3","4","18","12","1","0","1","10","5038","0.61111","2.03128","0.94152","-1.19178","-1.08563","-0.03204","1.4069","1.06411","1.81581","1","1","0","0","0"
"504086","0","creature\zombie2\zombie2.m2","0","1","3","4","18","12","1","0","1","10","167","0.61111","2.03128","1.12887","-0.43925","-0.47913","-0.00549","0.43065","0.50663","2.03505","1","1","0","0","0"
"504087","0","models\creature\unk_exp10_6433189\6433189.m2","0","1","19","4","18","12","1","0","1","10","0","0.61111","2.03128","0","-2.48442","-2.00276","-0.24636","2.50384","2.01727","4.73506","1","1","0","0","0"
"504088","0","spells\fireelemental_kar_low.m2","0","1","1","4","18","12","1","0","1","10","4280","0.61111","2.03128","0","-1.23353","-1.54423","0.08534","1.08606","1.47525","3.55108","1","1","0","0","0"
"504089","0","spells\fx_anvilvisual_aura.m2","0","1","20","4","18","12","1","0","1","10","0","0.61111","2.03128","0","-1.38889","-1.58744","-0.72222","1.38889","0.69034","0.95134","1","1","0","0","0"
"504090","0","spells\fx_unboundsurge_aura.m2","0","1","10","4","18","12","1","0","1","10","0","0.61111","2.03128","0","-0.2665","-0.85201","-0.15011","0.26657","0.85201","1.5539","1","1","0","0","0"
"504091","0","world\expansion01\doodads\generic\bloodelf\planters\be_planter_flowers_01.m2","0","1","14","4","18","12","1","0","1","10","0","0.61111","2.03128","0","-0.60452","-0.94554","0.89745","1.04026","0.84738","3.22008","1","1","0","0","0"
"504092","0","world\expansion03\doodads\twilighthighlands\tentacles\th_tentacle_02.m2","0","1","3","4","18","12","1","0","1","10","2942","0.61111","2.03128","0","-20.85682","-21.54982","-3.42302","25.82825","23.29929","44.41636","1","1","0","0","0"
"504093","0","world\expansion05\doodads\darkmoonfaire\6df_darkmoon_zippelin01.m2","0","1","20","4","18","12","1","0","1","10","2199","0.61111","2.03128","0","-1.29564","-1.17174","0.35014","1.26974","1.20923","3.52603","1","1","0","0","0"
"504094","0","world\expansion06\doodads\7xp_crystalball_khadgar01.m2","0","1","20","4","18","12","1","0","1","10","3011","0.61111","2.03128","0","-0.27276","-0.29919","1.0548","0.29903","0.29888","1.68753","1","1","0","0","0"
"504095","0","world\expansion06\doodads\drogbar\7db_drogbar_fist.m2","0","1","11","4","18","12","1","0","1","10","0","0.61111","2.03128","0","-0.38343","-0.46094","-0.57272","0.61472","0.47205","1.52358","1","1","0","0","0"
"504096","0","world\expansion07\doodads\darkmoonfaire\8df_darkmoon_balloon_horse02_norope.m2","0","1","20","4","18","12","1","0","1","10","0","0.61111","2.03128","0","-1.34171","-0.36966","3.70711","0.56758","0.41567","5.69357","1","1","0","0","0"
"504097","0","world\expansion07\doodads\darkmoonfaire\8df_darkmoon_balloon_murloc02_norope.m2","0","1","20","4","18","12","1","0","1","10","0","0.61111","2.03128","0","-1.0355","-0.44949","2.12441","0.4961","0.4935","3.80948","1","1","0","0","0"
"504098","0","world\expansion07\doodads\darkmoonfaire\8df_darkmoon_balloon_wolf01_norope.m2","0","1","20","4","18","12","1","0","1","10","0","0.61111","2.03128","0","-1.405","-0.66677","2.71612","0.74502","0.71078","4.38104","1","1","0","0","0"
"504099","0","world\expansion07\doodads\human\8hu_human_siegetowertoy01.m2","0","1","9","4","18","12","1","0","1","10","6331","0.61111","2.03128","0","-0.32855","-0.51671","-0.00056","0.42329","0.51671","1.33541","1","1","0","0","0"
"504100","0","world\expansion07\doodads\orc\8or_horde_siegetowertoy01.m2","0","1","9","4","18","12","1","0","1","10","6331","0.61111","2.03128","0","-0.47904","-0.66928","0","0.70364","0.67422","1.26276","1","1","0","0","0"
"504101","0","world\expansion08\doodads\vampire\9vm_vampire_quillcreature01.m2","0","1","20","4","18","12","1","0","1","10","7109","0.61111","2.03128","0","-1.46765","-0.40132","0.14308","0.21449","0.36797","1.60718","1","1","0","0","0"
"504102","0","world\expansion08\doodads\vampire\9vm_vampire_quillcreature02.m2","0","1","20","4","18","12","1","0","1","10","7109","0.61111","2.03128","0","-1.46765","-0.40132","0.14308","0.21449","0.36797","1.60718","1","1","0","0","0"
"504103","0","world\expansion11\doodads\bloodelf\12be_bloodelf_special_sweepingbroom01.m2","0","1","9","4","18","12","1","0","1","10","10152","0.61111","2.03128","0","-0.18551","-0.65527","-0.10414","0.17007","0.51981","1.64683","1","1","0","0","0"
"504104","0","world\generic\goblin\passivedoodads\goblinrocketcarts\goblinrocketcart_rc_blue.m2","0","1","19","4","18","12","1","0","1","10","0","0.61111","2.03128","0","0","0","0","0","0","0","1","1","0","0","0"
"504105","0","world\generic\passivedoodads\fish\fish_redfloater.m2","0","1","1","4","18","12","1","0","1","10","5003","0.61111","2.03128","0","0","0","0","0","0","0","1","1","0","0","0"
"504106","0","world\generic\passivedoodads\fish\fish_yellowfloater.m2","0","1","1","4","18","12","1","0","1","10","5003","0.61111","2.03128","0","-0.36482","-0.24211","0.88245","0.29585","0.47876","1.34448","1","1","0","0","0"
"504107","0","world\kalimdor\diremaul\activedoodads\nightmaresummoning\nightmarecandle.m2","0","1","20","4","18","12","1","0","1","10","0","0.61111","2.03128","0","-0.17544","-0.18517","0.55057","0.14113","0.18038","1.41455","1","1","0","0","0"
"505000","12299","Creature\alakir\alakir.m2","4","1","3","4","18","12","1","0","0","0","1508","0.61111","2.03128","0","-22.2823","-43.93794","-5.81117","28.42956","44.23859","61.20718","0.57","1","0","0","0"
"505001","0","Creature\anduinshadowlands\anduinshadowlands.m2","0","1","1","1","12","10","1","0","0","0","7559","0.61111","2.03128","0","-0.29519","-0.67149","-0.00521","0.45194","0.7081","2.24566","1","1","0","0","0"
"505002","0","Creature\archimonde2\archimonde2.m2","4","1","4","0","18","12","1","0","0","0","4988","0.61111","2.03128","0","-0.94003","-0.9328","-0.00128","0.65766","0.9064","2.92055","1","0.8","0","0","0"
"505003","0","Creature\archimonde2\archimonde3.m2","4","1","4","0","18","12","1","0","0","0","2287","0.61111","2.03128","1.70221","-0.94003","-0.9328","-1.11239","0.65766","0.9064","1.80944","1","1","0","0","0"
"505004","524339","Creature\barbecuedzovaal\barbecuedzovaal.m2","3","1","3","1","18","12","1","0","0","0","0","0.61111","2.03128","0","-1.64103","-1.74351","-0.26597","2.69544","2.88236","4.70079","1","1","0","0","0"
"505005","128","Creature\blackhand\blackhand.m2","0","1","3","4","18","12","1","0","0","0","3033","0.61111","2.03128","0","-0.45293","-0.97986","-0.01067","0.65139","0.84951","2.2002","1","1","0","0","0"
"505006","0","Creature\chogall\chogall.m2","3","1","3","4","18","12","1","0","0","0","32","0.61111","2.03128","1.34669","-1.16908","-1.11647","-0.00179","0.52928","1.12723","2.94609","1","1","0","0","0"
"505007","0","Creature\chogall\chogall2.m2","3","1","3","4","18","12","1","0","0","0","32","0.61111","2.03128","1.34669","-0.87805","-1.11647","-0.00179","0.52928","1.12723","2.71171","1","1","0","0","0"
"505008","8192","Creature\diurna\diurna.m2","2","1.15","1","5","18","12","1","0","0","0","1328","0.61111","2.03128","-0.01095","-4.11898","-1.12894","-0.02472","1.44753","1.15232","3.64787","1.25","1.25","0","0","0"
"505009","0","Creature\dragonsinestra\dragonsinestra.m2","4","1","3","4","18","12","1","0","0","0","2552","0.61111","2.03128","0","-2.39044","-2.17324","-3.08806","2.33953","2.46652","3.71596","1","1","0","0","0"
"505010","0","Creature\eranog\eranog.m2","1","1","1","1","18","12","1","0","0","0","1808","0.61111","2.03128","0","-2.42885","-1.70414","-0.04185","1.59242","2.21662","5.42613","1","2","0","0","0"
"505011","0","Creature\facelessgeneralnzoth\facelessgeneralnzoth.m2","4","1","3","4","18","12","1","0","0","0","6324","0.61111","2.03128","0","-15.79364","-8.62064","-0.22249","6.35991","9.1091","15.85715","1","1","0","0","0"
"505012","0","Creature\felkilrogg\felkilrogg.m2","1","1","6","0","18","12","1","0","0","0","2353","0.61111","2.03128","-0.00231","-0.5471","-1.12466","0.01056","0.7188","0.91145","2.32999","1","1","0","0","0"
"505013","2","Creature\firespiderboss\firespiderboss_nofx.m2","1","1","3","8","12","8","1","0","0","0","7","0.61111","2.03128","0","-2.57216","-2.39694","-0.19078","2.27883","2.38893","3.8929","1","1","0","0","0"
"505014","0","Creature\fyrakk\fyrakk.m2","1","1.5","5","1","18","12","1","0","0","0","0","0.61111","2.03128","0","-3.04009","-1.32137","-0.0037","1.16357","1.63058","6.45011","1","1","0","0","0"
"505015","128","Creature\grandmagistrixelisande\grandmagistrixelisande.m2","0","1.3","16","1","18","12","1","0","0","0","0","0.61111","2.03128","0","-0.56694","-0.63063","-0.00038","0.47977","0.62946","2.98413","0.25","0.85","0","0","0"
"505016","0","Creature\grandmagistrixelisande\grandmagistrixelisande_shadow.m2","0","1.3","16","1","18","12","1","0","0","0","0","0.61111","2.03128","0","-0.56694","-0.63063","-0.00038","0.47977","0.62946","2.98413","0.25","0.85","0","0","0"
"505017","133120","Creature\guldan\guldan.m2","1","1","1","1","14","14","1","0","0","0","51","0.61111","2.03128","0","-1.04136","-1.24969","-0.17387","0.87765","0.85187","2.94154","1","1","0","0","0"
"505018","133120","Creature\hulkedguldan\hulkedguldan.m2","1","1","6","1","30","15","1","0","0","0","51","0.61111","2.03128","-0.00231","-1.14896","-1.38329","-0.01214","0.72973","1.34204","3.14807","1","1","0","0","0"
"505019","133120","Creature\hulkedguldan\hulkedguldan_super.m2","1","1","5","1","30","15","1","0","0","0","51","0.61111","2.03128","-0.00231","-1.15691","-1.38329","-0.01214","0.72973","1.34204","3.15472","1","1","0","0","0"
"505020","4097","Creature\jailer_boss\jailer_boss.m2","1","1","6","0","18","12","1","0","0","0","5030","0.61111","2.03128","0","-1.68408","-2.24768","0.00778","1.70103","2.13222","5.80829","0.75","1.5","0","0","0"
"505021","0","Creature\kargathbladefist\kargathbladefist.m2","0","1","3","4","18","12","1","0","0","0","4575","0.61111","2.03128","-0.00231","-0.49609","-0.84539","-0.02189","0.63062","0.87366","2.11848","1","1","0","0","0"
"505022","0","Creature\kiljaeden2\kiljaeden2.m2","0","1","21","6","18","12","1","0","0","0","5695","0.61111","2.03128","0","-1.09748","-0.90212","-0.00605","0.4441","1.24185","2.59271","1","1","0","0","0"
"505023","0","Creature\kuroggrimtotem\kuroggrimtotem.m2","0","1","18","3","18","12","1","0","0","0","8125","0.61111","2.03128","0","-1.57771","-1.74337","-0.00801","1.21689","1.71195","4.59093","1","1","0","0","0"
"505024","0","Creature\larodar\larodar.m2","0","1","20","0","18","12","1","0","0","0","0","0.61111","2.03128","0","-1.26668","-2.03366","-0.00817","1.61081","2.03386","5.01149","1","1","0","0","0"
"505025","0","Creature\odyn\odyn.m2","3","1","11","1","70","35","1","0","0","0","2960","0.61111","2.03128","4.30996","-1.67935","-2.65168","-0.00086","1.25704","2.52812","8.98","1","1","0","0","0"
"505026","11","Creature\ragnaros2\ragnaros2.m2","4","1","5","4","18","12","1","0","0","0","1508","0.61111","2.03128","0","-27.5388","-37.95576","-0.01386","39.22258","38.25935","110.74861","0.57","1","0","0","0"
"505027","0","Creature\raszagethboss\raszagethboss.m2","2","1","3","5","50","70","2","0","0","0","7846","0.61111","2.03128","6.92926","-24.01938","-24.53619","-8.96289","14.8655","24.53621","24.37044","0.8","8","0","0","0"
"505028","33","Creature\salamanderhunter\salamanderhunter.m2","2","1","1","1","18","12","1","0","0","0","1028","0.61111","2.03128","0","-1.63924","-1.20234","-0.02125","0.83944","1.17043","3.71268","1","1","0","0","0"
"505029","131072","Creature\sarkareth\sarkareth.m2","1","1","1","5","18","12","1","0","0","0","8322","0.61111","2.03128","0","-2.33734","-1.02773","-0.0247","0.52284","0.93916","3.23358","1","1","0","0","0"
"505030","0","Creature\smolderon\smolderon.m2","3","4","5","3","18","12","1","0","0","0","8564","0.61111","2.03128","0","-2.18767","-2.7189","-0.26268","0.69836","2.62652","4.24481","1","1","0","0","0"
"505031","12299","Creature\terros\terros.m2","4","1","15","4","18","12","1","0","0","0","7836","0.61111","2.03128","0","-25.90868","-42.83277","-46.99271","25.2762","39.37368","54.9549","0.5","10","0","0","0"
"505032","0","Creature\ultraxion\ultraxion.m2","4","1","1","5","30","20","3","0","0","0","4036","0.61111","2.03128","8.13903","-20.73231","-9.65935","-0.58081","9.81883","9.57591","13.8996","1","1","0","0","0"
"505033","128","Creature\xavius2\xavius2.m2","1","1","7","3","18","12","1","0","0","0","78","0.61111","2.03128","0","-2.13927","-1.21972","-0.57651","0.34477","1.32225","2.83474","0.85","1","0","0","0"
