ID,SkillLine,Spell,RaceMask,ClassMask,ExcludeRace,ExcludeClass,MinSkillLineRank,SupercededBySpell,AcquireMethod,TrivialSkillLineRankHigh,TrivialSkillLineRankLow,CharacterPoints_1,CharacterPoints_2
69,6,116,0,128,0,0,1,0,0,0,0,0,0
472,6,205,0,128,0,0,1,0,0,0,0,0,0
474,6,122,0,128,0,0,1,0,0,0,0,0,0
751,6,865,0,128,0,0,1,0,0,0,0,0,0
1813,6,837,0,128,0,0,1,0,0,0,0,0,0
3592,6,10,0,128,0,0,1,0,0,0,0,0,0
3822,6,6141,0,128,0,0,1,0,0,0,0,0,0
3823,6,6143,0,128,0,0,1,0,0,0,0,0,0
4042,6,6131,0,128,0,0,1,0,0,0,0,0,0
4224,6,168,0,128,0,0,1,0,2,0,0,0,0
4225,6,7300,0,128,0,0,1,0,0,0,0,0,0
4226,6,7301,0,128,0,0,1,0,0,0,0,0,0
4241,6,7302,0,128,0,0,1,0,0,0,0,0,0
4242,6,7320,0,128,0,0,1,0,0,0,0,0,0
4243,6,7322,0,128,0,0,1,0,0,0,0,0,0
4669,6,8406,0,128,0,0,1,0,0,0,0,0,0
4670,6,8407,0,128,0,0,1,0,0,0,0,0,0
4671,6,8408,0,128,0,0,1,0,0,0,0,0,0
4678,6,8427,0,128,0,0,1,0,0,0,0,0,0
4705,6,8461,0,128,0,0,1,0,0,0,0,0,0
4707,6,120,0,128,0,0,1,0,0,0,0,0,0
4716,6,8492,0,128,0,0,1,0,0,0,0,0,0
5439,6,10159,0,128,0,0,1,0,0,0,0,0,0
5440,6,10160,0,128,0,0,1,0,0,0,0,0,0
5441,6,10161,0,128,0,0,1,0,0,0,0,0,0
5448,6,8462,0,128,0,0,1,0,0,0,0,0,0
5449,6,10177,0,128,0,0,1,0,0,0,0,0,0
5450,6,10179,0,128,0,0,1,0,0,0,0,0,0
5451,6,10180,0,128,0,0,1,0,0,0,0,0,0
5452,6,10181,0,128,0,0,1,0,0,0,0,0,0
5453,6,10185,0,128,0,0,1,0,0,0,0,0,0
5454,6,10186,0,128,0,0,1,0,0,0,0,0,0
5455,6,10187,0,128,0,0,1,0,0,0,0,0,0
5471,6,10219,0,128,0,0,1,0,0,0,0,0,0
5472,6,10220,0,128,0,0,1,0,0,0,0,0,0
5476,6,10230,0,128,0,0,1,0,0,0,0,0,0
5995,6,11426,0,128,0,0,1,0,0,0,0,0,0
6356,6,11958,0,128,0,0,1,0,0,0,0,0,0
6742,6,12472,0,128,0,0,1,0,0,0,0,0,0
6743,6,11070,0,128,0,0,1,0,0,0,0,0,0
6744,6,12473,0,128,0,0,1,0,0,0,0,0,0
6751,6,12484,0,128,0,0,1,0,0,0,0,0,0
6752,6,11185,0,128,0,0,1,0,0,0,0,0,0
6753,6,12487,0,128,0,0,1,0,0,0,0,0,0
6754,6,12488,0,128,0,0,1,0,0,0,0,0,0
6755,6,12485,0,128,0,0,1,0,0,0,0,0,0
6756,6,12486,0,128,0,0,1,0,0,0,0,0,0
6757,6,11190,0,128,0,0,1,0,0,0,0,0,0
6758,6,12489,0,128,0,0,1,0,0,0,0,0,0
6759,6,12490,0,128,0,0,1,0,0,0,0,0,0
6760,6,11071,0,128,0,0,1,0,0,0,0,0,0
6761,6,12494,0,128,0,0,1,0,0,0,0,0,0
6762,6,12496,0,128,0,0,1,0,0,0,0,0,0
6763,6,12497,0,128,0,0,1,0,0,0,0,0,0
6776,6,11160,0,128,0,0,1,0,0,0,0,0,0
6777,6,12518,0,128,0,0,1,0,0,0,0,0,0
6778,6,12519,0,128,0,0,1,0,0,0,0,0,0
6816,6,11175,0,128,0,0,1,0,0,0,0,0,0
6817,6,12569,0,128,0,0,1,0,0,0,0,0,0
6818,6,12571,0,128,0,0,1,0,0,0,0,0,0
6891,6,11207,0,128,0,0,1,0,0,0,0,0,0
6893,6,12672,0,128,0,0,1,0,0,0,0,0,0
7102,6,11151,0,128,0,0,1,0,0,0,0,0,0
7103,6,12952,0,128,0,0,1,0,0,0,0,0,0
7104,6,12953,0,128,0,0,1,0,0,0,0,0,0
7136,6,11170,0,128,0,0,1,0,0,0,0,0,0
7137,6,12982,0,128,0,0,1,0,0,0,0,0,0
7138,6,12983,0,128,0,0,1,0,0,0,0,0,0
7160,6,11189,0,128,0,0,1,0,0,0,0,0,0
7418,6,13031,0,128,0,0,1,0,0,0,0,0,0
7419,6,13032,0,128,0,0,1,0,0,0,0,0,0
7420,6,13033,0,128,0,0,1,0,0,0,0,0,0
8096,6,15047,0,0,0,0,1,0,0,0,0,0,0
9316,6,16757,0,0,0,0,1,0,0,0,0,0,0
9317,6,16758,0,0,0,0,1,0,0,0,0,0,0
9318,6,16763,0,0,0,0,1,0,0,0,0,0,0
9319,6,16765,0,0,0,0,1,0,0,0,0,0,0
9320,6,16766,0,0,0,0,1,0,0,0,0,0,0
13244,6,25304,0,128,0,0,1,0,0,0,0,0,0
13644,6,27071,0,128,0,0,1,0,0,0,0,0,0
13645,6,27072,0,128,0,0,1,0,0,0,0,0,0
13646,6,27088,0,128,0,0,1,0,0,0,0,0,0
13647,6,27087,0,128,0,0,1,0,0,0,0,0,0
13648,6,27085,0,128,0,0,1,0,0,0,0,0,0
13649,6,27124,0,128,0,0,1,0,0,0,0,0,0
13651,6,27134,0,128,0,0,1,0,0,0,0,0,0
13931,6,28332,0,128,0,0,1,0,0,0,0,0,0
13954,6,11180,0,128,0,0,1,0,0,0,0,0,0
13955,6,28592,0,128,0,0,1,0,0,0,0,0,0
13956,6,28593,0,128,0,0,1,0,0,0,0,0,0
14004,6,28609,0,128,0,0,1,0,0,0,0,0,0
14127,6,29438,0,128,0,0,1,0,0,0,0,0,0
14128,6,29439,0,128,0,0,1,0,0,0,0,0,0
14129,6,29440,0,128,0,0,1,0,0,0,0,0,0
14645,6,30455,0,128,0,0,1,0,0,0,0,0,0
14689,6,31687,0,128,0,0,1,0,0,0,0,0,0
14690,6,31682,0,128,0,0,1,0,0,0,0,0,0
14691,6,31683,0,128,0,0,1,0,0,0,0,0,0
14698,6,31674,0,128,0,0,1,0,0,0,0,0,0
14699,6,31675,0,128,0,0,1,0,0,0,0,0,0
14700,6,31676,0,128,0,0,1,0,0,0,0,0,0
14701,6,31677,0,128,0,0,1,0,0,0,0,0,0
14702,6,31678,0,128,0,0,1,0,0,0,0,0,0
14703,6,31670,0,128,0,0,1,0,0,0,0,0,0
14704,6,31672,0,128,0,0,1,0,0,0,0,0,0
14705,6,31667,0,128,0,0,1,0,0,0,0,0,0
14706,6,31668,0,128,0,0,1,0,0,0,0,0,0
14707,6,31669,0,128,0,0,1,0,0,0,0,0,0
14916,6,32796,0,128,0,0,1,0,0,0,0,0,0
15031,6,33405,0,128,0,0,1,0,0,0,0,0,0
15732,6,38697,0,128,0,0,1,0,0,0,0,0,0
15911,6,42841,0,128,0,0,1,0,0,0,0,0,0
15912,6,42842,0,128,0,0,1,0,0,0,0,0,0
15922,6,42913,0,128,0,0,1,0,0,0,0,0,0
15923,6,42914,0,128,0,0,1,0,0,0,0,0,0
15924,6,42917,0,128,0,0,1,0,0,0,0,0,0
15929,6,42930,0,128,0,0,1,0,0,0,0,0,0
15930,6,42931,0,128,0,0,1,0,0,0,0,0,0
15931,6,42939,0,128,0,0,1,0,0,0,0,0,0
15932,6,42940,0,128,0,0,1,0,0,0,0,0,0
15933,6,42208,0,128,0,0,1,0,0,0,0,0,0
15934,6,42209,0,128,0,0,1,0,0,0,0,0,0
15935,6,42210,0,128,0,0,1,0,0,0,0,0,0
15936,6,42211,0,128,0,0,1,0,0,0,0,0,0
15937,6,42212,0,128,0,0,1,0,0,0,0,0,0
15938,6,42213,0,128,0,0,1,0,0,0,0,0,0
15939,6,42198,0,128,0,0,1,0,0,0,0,0,0
15940,6,42938,0,128,0,0,1,0,0,0,0,0,0
15941,6,42937,0,128,0,0,1,0,0,0,0,0,0
15956,6,43008,0,128,0,0,1,0,0,0,0,0,0
15958,6,43012,0,128,0,0,1,0,0,0,0,0,0
15965,6,43038,0,128,0,0,1,0,0,0,0,0,0
15966,6,43039,0,128,0,0,1,0,0,0,0,0,0
15985,6,42208,0,128,0,0,1,0,0,0,0,0,0
15986,6,42209,0,128,0,0,1,0,0,0,0,0,0
15987,6,42210,0,128,0,0,1,0,0,0,0,0,0
15988,6,42211,0,128,0,0,1,0,0,0,0,0,0
15989,6,42212,0,128,0,0,1,0,0,0,0,0,0
15990,6,42213,0,128,0,0,1,0,0,0,0,0,0
15991,6,42198,0,128,0,0,1,0,0,0,0,0,0
16069,6,44543,0,128,0,0,1,0,0,0,0,0,0
16070,6,44545,0,128,0,0,1,0,0,0,0,0,0
16071,6,44544,0,128,0,0,1,0,0,0,0,0,0
16072,6,44557,0,128,0,0,1,0,0,0,0,0,0
16073,6,44560,0,128,0,0,1,0,0,0,0,0,0
16074,6,44561,0,128,0,0,1,0,0,0,0,0,0
16075,6,44546,0,128,0,0,1,0,0,0,0,0,0
16076,6,44548,0,128,0,0,1,0,0,0,0,0,0
16077,6,44549,0,128,0,0,1,0,0,0,0,0,0
16078,6,44566,0,128,0,0,1,0,0,0,0,0,0
16079,6,44567,0,128,0,0,1,0,0,0,0,0,0
16080,6,44568,0,128,0,0,1,0,0,0,0,0,0
16081,6,44570,0,128,0,0,1,0,0,0,0,0,0
16082,6,44571,0,128,0,0,1,0,0,0,0,0,0
16083,6,44572,0,128,0,0,1,0,0,0,0,0,0
16140,6,44745,0,128,0,0,1,0,0,0,0,0,0
16197,6,45438,0,128,0,0,1,0,0,0,0,0,0
19146,6,54787,0,128,0,0,1,0,0,0,0,0,0
19199,6,55094,0,128,0,0,1,0,0,0,0,0,0
19200,6,55091,0,128,0,0,1,0,0,0,0,0,0
19201,6,55092,0,128,0,0,1,0,0,0,0,0,0
21367,6,70909,0,0,0,0,1,0,0,0,0,0,0
21382,6,71761,0,128,0,0,1,0,2,0,0,0,0
455,8,133,0,128,0,0,1,0,2,0,0,0,0
460,8,143,0,128,0,0,1,0,0,0,0,0,0
470,8,145,0,128,0,0,1,0,0,0,0,0,0
1330,8,2120,0,128,0,0,1,0,0,0,0,0,0
1331,8,2121,0,128,0,0,1,0,0,0,0,0,0
1812,8,3140,0,128,0,0,1,0,0,0,0,0,0
2976,8,543,0,128,0,0,1,0,0,0,0,0,0
4221,8,2136,0,128,0,0,1,0,0,0,0,0,0
4222,8,2137,0,128,0,0,1,0,0,0,0,0,0
4223,8,2138,0,128,0,0,1,0,0,0,0,0,0
4666,8,8400,0,128,0,0,1,0,0,0,0,0,0
4667,8,8401,0,128,0,0,1,0,0,0,0,0,0
4668,8,8402,0,128,0,0,1,0,0,0,0,0,0
4672,8,8412,0,128,0,0,1,0,0,0,0,0,0
4673,8,8413,0,128,0,0,1,0,0,0,0,0,0
4676,8,8422,0,128,0,0,1,0,0,0,0,0,0
4677,8,8423,0,128,0,0,1,0,0,0,0,0,0
4691,8,2948,0,128,0,0,1,0,0,0,0,0,0
4692,8,8444,0,128,0,0,1,0,0,0,0,0,0
4693,8,8445,0,128,0,0,1,0,0,0,0,0,0
4694,8,8446,0,128,0,0,1,0,0,0,0,0,0
4703,8,8457,0,128,0,0,1,0,0,0,0,0,0
4704,8,8458,0,128,0,0,1,0,0,0,0,0,0
5433,8,10148,0,128,0,0,1,0,0,0,0,0,0
5434,8,10149,0,128,0,0,1,0,0,0,0,0,0
5435,8,10150,0,128,0,0,1,0,0,0,0,0,0
5436,8,10151,0,128,0,0,1,0,0,0,0,0,0
5460,8,10197,0,128,0,0,1,0,0,0,0,0,0
5461,8,10199,0,128,0,0,1,0,0,0,0,0,0
5464,8,10205,0,128,0,0,1,0,0,0,0,0,0
5465,8,10206,0,128,0,0,1,0,0,0,0,0,0
5466,8,10207,0,128,0,0,1,0,0,0,0,0,0
5469,8,10215,0,128,0,0,1,0,0,0,0,0,0
5470,8,10216,0,128,0,0,1,0,0,0,0,0,0
5473,8,10223,0,128,0,0,1,0,0,0,0,0,0
5474,8,10225,0,128,0,0,1,0,0,0,0,0,0
5906,8,11113,0,128,0,0,1,0,0,0,0,0,0
5988,8,11366,0,128,0,0,1,0,0,0,0,0,0
6556,8,11115,0,128,0,0,1,0,0,0,0,0,0
6557,8,11367,0,128,0,0,1,0,0,0,0,0,0
6558,8,11368,0,128,0,0,1,0,0,0,0,0,0
6561,8,11129,0,128,0,0,1,0,0,0,0,0,0
6656,8,11069,0,128,0,0,1,0,0,0,0,0,0
6676,8,12338,0,128,0,0,1,0,0,0,0,0,0
6677,8,12339,0,128,0,0,1,0,0,0,0,0,0
6679,8,12340,0,128,0,0,1,0,0,0,0,0,0
6680,8,12341,0,128,0,0,1,0,0,0,0,0,0
6681,8,11078,0,128,0,0,1,0,0,0,0,0,0
6682,8,11080,0,128,0,0,1,0,0,0,0,0,0
6696,8,11108,0,128,0,0,1,0,0,0,0,0,0
6697,8,12349,0,128,0,0,1,0,0,0,0,0,0
6698,8,12350,0,128,0,0,1,0,0,0,0,0,0
6699,8,11100,0,128,0,0,1,0,0,0,0,0,0
6700,8,12353,0,128,0,0,1,0,0,0,0,0,0
6701,8,11083,0,128,0,0,1,0,0,0,0,0,0
6702,8,12351,0,128,0,0,1,0,0,0,0,0,0
6704,8,11103,0,128,0,0,1,0,0,0,0,0,0
6705,8,12357,0,128,0,0,1,0,0,0,0,0,0
6706,8,12358,0,128,0,0,1,0,0,0,0,0,0
6709,8,12355,0,128,0,0,1,0,0,0,0,0,0
6716,8,11124,0,128,0,0,1,0,0,0,0,0,0
6717,8,12378,0,128,0,0,1,0,0,0,0,0,0
6718,8,12398,0,128,0,0,1,0,0,0,0,0,0
6719,8,12399,0,128,0,0,1,0,0,0,0,0,0
6720,8,12400,0,128,0,0,1,0,0,0,0,0,0
6796,8,12505,0,128,0,0,1,0,0,0,0,0,0
6797,8,12522,0,128,0,0,1,0,0,0,0,0,0
6798,8,12523,0,128,0,0,1,0,0,0,0,0,0
6799,8,12524,0,128,0,0,1,0,0,0,0,0,0
6800,8,12525,0,128,0,0,1,0,0,0,0,0,0
6801,8,12526,0,128,0,0,1,0,0,0,0,0,0
7044,8,11119,0,0,0,0,1,0,0,0,0,0,0
7045,8,11120,0,0,0,0,1,0,0,0,0,0,0
7046,8,12846,0,0,0,0,1,0,0,0,0,0,0
7047,8,12847,0,0,0,0,1,0,0,0,0,0,0
7048,8,12848,0,0,0,0,1,0,0,0,0,0,0
7049,8,12654,0,0,0,0,1,0,0,0,0,0,0
7176,8,13018,0,128,0,0,1,0,0,0,0,0,0
7177,8,13019,0,128,0,0,1,0,0,0,0,0,0
7178,8,13020,0,128,0,0,1,0,0,0,0,0,0
7179,8,13021,0,128,0,0,1,0,0,0,0,0,0
7216,8,11094,0,0,0,0,1,0,0,0,0,0,0
7217,8,13043,0,0,0,0,1,0,0,0,0,0,0
10414,8,18459,0,0,0,0,1,0,0,0,0,0,0
10415,8,18460,0,0,0,0,1,0,0,0,0,0,0
10618,8,18809,0,128,0,0,1,0,0,0,0,0,0
12381,8,22959,0,128,0,0,1,0,0,0,0,0,0
12596,8,11095,0,128,0,0,1,0,0,0,0,0,0
12597,8,12872,0,128,0,0,1,0,0,0,0,0,0
12598,8,12873,0,128,0,0,1,0,0,0,0,0,0
12961,8,24530,0,0,0,0,1,0,0,0,0,0,0
13245,8,25306,0,128,0,0,1,0,0,0,0,0,0
13635,8,27070,0,128,0,0,1,0,0,0,0,0,0
13636,8,27074,0,128,0,0,1,0,0,0,0,0,0
13637,8,27073,0,128,0,0,1,0,0,0,0,0,0
13638,8,27079,0,128,0,0,1,0,0,0,0,0,0
13639,8,27078,0,128,0,0,1,0,0,0,0,0,0
13640,8,27132,0,128,0,0,1,0,0,0,0,0,0
13641,8,27086,0,128,0,0,1,0,0,0,0,0,0
13642,8,27133,0,128,0,0,1,0,0,0,0,0,0
13643,8,27128,0,128,0,0,1,0,0,0,0,0,0
14073,8,29074,0,128,0,0,1,0,0,0,0,0,0
14075,8,29075,0,128,0,0,1,0,0,0,0,0,0
14076,8,29076,0,128,0,0,1,0,0,0,0,0,0
14077,8,29077,0,128,0,0,1,0,0,0,0,0,0
14388,8,30482,0,128,0,0,1,0,0,0,0,0,0
14666,8,31661,0,128,0,0,1,0,0,0,0,0,0
14667,8,31656,0,128,0,0,1,0,0,0,0,0,0
14668,8,31657,0,128,0,0,1,0,0,0,0,0,0
14669,8,31658,0,128,0,0,1,0,0,0,0,0,0
14683,8,31641,0,128,0,0,1,0,0,0,0,0,0
14684,8,31642,0,128,0,0,1,0,0,0,0,0,0
14685,8,31643,0,128,0,0,1,0,0,0,0,0,0
14686,8,31638,0,128,0,0,1,0,0,0,0,0,0
14687,8,31639,0,128,0,0,1,0,0,0,0,0,0
14688,8,31640,0,128,0,0,1,0,0,0,0,0,0
14935,8,31679,0,128,0,0,1,0,0,0,0,0,0
14936,8,31680,0,128,0,0,1,0,0,0,0,0,0
15111,8,33933,0,128,0,0,1,0,0,0,0,0,0
15113,8,33938,0,128,0,0,1,0,0,0,0,0,0
15114,8,33041,0,128,0,0,1,0,0,0,0,0,0
15115,8,33042,0,128,0,0,1,0,0,0,0,0,0
15116,8,33043,0,128,0,0,1,0,0,0,0,0,0
15161,8,34293,0,128,0,0,1,0,0,0,0,0,0
15162,8,34295,0,128,0,0,1,0,0,0,0,0,0
15163,8,34296,0,128,0,0,1,0,0,0,0,0,0
15731,8,38692,0,128,0,0,1,0,0,0,0,0,0
15909,8,42832,0,128,0,0,1,0,0,0,0,0,0
15910,8,42833,0,128,0,0,1,0,0,0,0,0,0
15913,8,42872,0,128,0,0,1,0,0,0,0,0,0
15914,8,42873,0,128,0,0,1,0,0,0,0,0,0
15915,8,42858,0,128,0,0,1,0,0,0,0,0,0
15916,8,42859,0,128,0,0,1,0,0,0,0,0,0
15917,8,42890,0,128,0,0,1,0,0,0,0,0,0
15918,8,42891,0,128,0,0,1,0,0,0,0,0,0
15927,8,42925,0,128,0,0,1,0,0,0,0,0,0
15928,8,42926,0,128,0,0,1,0,0,0,0,0,0
15942,8,42944,0,128,0,0,1,0,0,0,0,0,0
15943,8,42945,0,128,0,0,1,0,0,0,0,0,0
15944,8,42949,0,128,0,0,1,0,0,0,0,0,0
15945,8,42950,0,128,0,0,1,0,0,0,0,0,0
15957,8,43010,0,128,0,0,1,0,0,0,0,0,0
15967,8,43045,0,128,0,0,1,0,0,0,0,0,0
15968,8,43046,0,128,0,0,1,0,0,0,0,0,0
15969,8,34913,0,128,0,0,1,0,0,0,0,0,0
15970,8,43043,0,128,0,0,1,0,0,0,0,0,0
15971,8,43044,0,128,0,0,1,0,0,0,0,0,0
16052,8,44440,0,128,0,0,1,0,0,0,0,0,0
16053,8,44441,0,128,0,0,1,0,0,0,0,0,0
16054,8,44442,0,128,0,0,1,0,0,0,0,0,0
16055,8,44443,0,128,0,0,1,0,0,0,0,0,0
16057,8,44445,0,128,0,0,1,0,0,0,0,0,0
16058,8,44446,0,128,0,0,1,0,0,0,0,0,0
16059,8,44448,0,128,0,0,1,0,0,0,0,0,0
16060,8,44449,0,128,0,0,1,0,0,0,0,0,0
16061,8,44450,0,128,0,0,1,0,0,0,0,0,0
16062,8,44457,0,128,0,0,1,0,0,0,0,0,0
16063,8,44461,0,128,0,0,1,0,0,0,0,0,0
16065,8,44469,0,128,0,0,1,0,0,0,0,0,0
16066,8,44470,0,128,0,0,1,0,0,0,0,0,0
16067,8,44471,0,128,0,0,1,0,0,0,0,0,0
16068,8,44472,0,128,0,0,1,0,0,0,0,0,0
16141,8,44614,0,128,0,0,1,0,0,0,0,0,0
16428,8,47610,0,128,0,0,1,0,0,0,0,0,0
19135,8,54734,0,128,0,0,1,0,0,0,0,0,0
19137,8,54741,0,128,0,0,1,0,0,0,0,0,0
19138,8,54747,0,128,0,0,1,0,0,0,0,0,0
19139,8,54749,0,128,0,0,1,0,0,0,0,0,0
19140,8,54748,0,128,0,0,1,0,0,0,0,0,0
19291,8,55359,0,128,0,0,1,0,0,0,0,0,0
19292,8,55360,0,128,0,0,1,0,0,0,0,0,0
19294,8,55361,0,128,0,0,1,0,0,0,0,0,0
19295,8,55362,0,128,0,0,1,0,0,0,0,0,0
20989,8,64353,0,128,0,0,1,0,0,0,0,0,0
20990,8,64357,0,128,0,0,1,0,0,0,0,0,0
20991,8,64350,0,128,0,0,1,0,0,0,0,0,0
20992,8,64349,0,128,0,0,1,0,0,0,0,0,0
1401,26,78,0,1,0,0,1,284,2,0,0,0,0
1402,26,284,0,1,0,0,1,285,0,0,0,0,0
1403,26,285,0,1,0,0,1,1608,0,0,0,0,0
1404,26,1608,0,1,0,0,1,11564,0,0,0,0,0
3979,26,772,0,1,0,0,1,6546,0,0,0,0,0
3980,26,6546,0,1,0,0,1,6547,0,0,0,0,0
3981,26,6547,0,1,0,0,1,6548,0,0,0,0,0
3982,26,6548,0,1,0,0,1,11572,0,0,0,0,0
3995,26,1715,0,1,0,0,1,7372,0,0,0,0,0
6057,26,2457,0,1,0,0,1,0,2,0,0,0,0
6058,26,100,0,1,0,0,1,6178,0,0,0,0,0
6059,26,6178,0,1,0,0,1,11578,0,0,0,0,0
6060,26,11578,0,1,0,0,1,57817,0,0,0,0,0
6061,26,7384,0,1,0,0,1,7887,0,0,0,0,0
6066,26,11572,0,1,0,0,1,11573,0,0,0,0,0
6067,26,11573,0,1,0,0,1,11574,0,0,0,0,0
6068,26,11574,0,1,0,0,1,25208,0,0,0,0,0
6069,26,11564,0,1,0,0,1,11565,0,0,0,0,0
6070,26,11565,0,1,0,0,1,11566,0,0,0,0,0
6071,26,11566,0,1,0,0,1,11567,0,0,0,0,0
6072,26,11567,0,1,0,0,1,25286,0,0,0,0,0
6073,26,6343,0,1,0,0,1,8198,0,0,0,0,0
6074,26,8198,0,1,0,0,1,8204,0,0,0,0,0
6075,26,8204,0,1,0,0,1,8205,0,0,0,0,0
6076,26,8205,0,1,0,0,1,11580,0,0,0,0,0
6077,26,11580,0,1,0,0,1,11581,0,0,0,0,0
6078,26,11581,0,1,0,0,1,25264,0,0,0,0,0
6856,26,12282,0,0,0,0,1,0,0,0,0,0,0
6881,26,12286,0,0,0,0,1,0,0,0,0,0,0
6883,26,12658,0,0,0,0,1,0,0,0,0,0,0
6885,26,12663,0,0,0,0,1,0,0,0,0,0,0
6886,26,12664,0,0,0,0,1,0,0,0,0,0,0
6888,26,12289,0,0,0,0,1,0,0,0,0,0,0
6889,26,12668,0,0,0,0,1,0,0,0,0,0,0
6890,26,12281,0,0,0,0,1,0,0,0,0,0,0
6901,26,12697,0,0,0,0,1,0,0,0,0,0,0
6902,26,12285,0,0,0,0,1,0,0,0,0,0,0
6903,26,12695,0,0,0,0,1,0,0,0,0,0,0
6904,26,12696,0,0,0,0,1,0,0,0,0,0,0
6905,26,12284,0,0,0,0,1,0,0,0,0,0,0
6906,26,5530,0,0,0,0,1,0,0,0,0,0,0
6907,26,12700,0,0,0,0,1,0,0,0,0,0,0
6908,26,12701,0,0,0,0,1,0,0,0,0,0,0
6909,26,12702,0,0,0,0,1,0,0,0,0,0,0
6910,26,12703,0,0,0,0,1,0,0,0,0,0,0
6911,26,12704,0,0,0,0,1,0,0,0,0,0,0
6913,26,12705,0,0,0,0,1,0,0,0,0,0,0
6916,26,12711,0,0,0,0,1,0,0,0,0,0,0
6917,26,12163,0,0,0,0,1,0,0,0,0,0,0
6918,26,12712,0,0,0,0,1,0,0,0,0,0,0
6952,26,12781,0,0,0,0,1,0,0,0,0,0,0
6953,26,12783,0,0,0,0,1,0,0,0,0,0,0
6954,26,12784,0,0,0,0,1,0,0,0,0,0,0
6955,26,12785,0,0,0,0,1,0,0,0,0,0,0
6977,26,12812,0,0,0,0,1,0,0,0,0,0,0
6978,26,12813,0,0,0,0,1,0,0,0,0,0,0
6979,26,12814,0,0,0,0,1,0,0,0,0,0,0
6980,26,12815,0,0,0,0,1,0,0,0,0,0,0
6988,26,12296,0,0,0,0,1,0,0,0,0,0,0
7035,26,12834,0,0,0,0,1,0,0,0,0,0,0
7037,26,12849,0,0,0,0,1,0,0,0,0,0,0
7039,26,12867,0,0,0,0,1,0,0,0,0,0,0
7114,26,12290,0,0,0,0,1,0,0,0,0,0,0
7115,26,12963,0,0,0,0,1,0,0,0,0,0,0
7130,26,12294,0,1,0,0,1,21551,0,0,0,0,0
9037,26,16462,0,0,0,0,1,0,0,0,0,0,0
9038,26,16463,0,0,0,0,1,0,0,0,0,0,0
9039,26,16464,0,0,0,0,1,0,0,0,0,0,0
9040,26,16465,0,0,0,0,1,0,0,0,0,0,0
9041,26,16466,0,0,0,0,1,0,0,0,0,0,0
9096,26,16493,0,0,0,0,1,0,0,0,0,0,0
9097,26,16494,0,0,0,0,1,0,0,0,0,0,0
11781,26,20230,0,1,0,0,1,0,0,0,0,0,0
11978,26,21156,0,1,0,0,1,0,0,0,0,0,0
12036,26,21551,0,1,0,0,1,21552,0,0,0,0,0
12037,26,21552,0,1,0,0,1,21553,0,0,0,0,0
12038,26,21553,0,1,0,0,1,25248,0,0,0,0,0
12836,26,23695,0,0,0,0,1,0,0,0,0,0,0
13163,26,25208,0,1,0,0,1,46845,0,0,0,0,0
13173,26,25248,0,1,0,0,1,30330,0,0,0,0,0
13178,26,25264,0,1,0,0,1,47501,0,0,0,0,0
13217,26,25286,0,1,0,0,1,29707,0,0,0,0,0
14158,26,29707,0,1,0,0,1,30324,0,0,0,0,0
14176,26,29623,0,1,0,0,1,0,0,0,0,0,0
14178,26,29723,0,1,0,0,1,0,0,0,0,0,0
14180,26,29725,0,1,0,0,1,0,0,0,0,0,0
14242,26,29834,0,1,0,0,1,0,0,0,0,0,0
14243,26,29838,0,1,0,0,1,0,0,0,0,0,0
14245,26,29841,0,1,0,0,1,0,0,0,0,0,0
14246,26,29842,0,1,0,0,1,0,0,0,0,0,0
14250,26,29836,0,1,0,0,1,0,0,0,0,0,0
14251,26,29859,0,1,0,0,1,0,0,0,0,0,0
14266,26,12300,0,1,0,0,1,0,0,0,0,0,0
14267,26,12959,0,1,0,0,1,0,0,0,0,0,0
14268,26,12960,0,1,0,0,1,0,0,0,0,0,0
14377,26,30324,0,1,0,0,1,47449,0,0,0,0,0
14378,26,30330,0,1,0,0,1,47485,0,0,0,0,0
15496,26,35446,0,1,0,0,1,0,0,0,0,0,0
15497,26,35448,0,1,0,0,1,0,0,0,0,0,0
15498,26,35449,0,1,0,0,1,0,0,0,0,0,0
16308,26,46854,0,1,0,0,1,0,0,0,0,0,0
16309,26,46855,0,1,0,0,1,0,0,0,0,0,0
16310,26,46856,0,1,0,0,1,0,0,0,0,0,0
16311,26,46857,0,1,0,0,1,0,0,0,0,0,0
16312,26,46845,0,1,0,0,1,47465,0,0,0,0,0
16313,26,46859,0,1,0,0,1,0,0,0,0,0,0
16314,26,46860,0,1,0,0,1,0,0,0,0,0,0
16319,26,46865,0,1,0,0,1,0,0,0,0,0,0
16320,26,46866,0,1,0,0,1,0,0,0,0,0,0
16321,26,46867,0,1,0,0,1,0,0,0,0,0,0
16400,26,47449,0,1,0,0,1,47450,0,0,0,0,0
16401,26,47450,0,1,0,0,1,0,0,0,0,0,0
16402,26,47465,0,1,0,0,1,0,0,0,0,0,0
16408,26,47485,0,1,0,0,1,47486,0,0,0,0,0
16409,26,47486,0,1,0,0,1,0,0,0,0,0,0
16422,26,47501,0,1,0,0,1,47502,0,0,0,0,0
16423,26,47502,0,1,0,0,1,0,0,0,0,0,0
16672,26,12328,0,1,0,0,1,0,0,0,0,0,0
16673,26,12723,0,1,0,0,1,0,0,0,0,0,0
16674,26,26654,0,1,0,0,1,0,0,0,0,0,0
17291,26,46924,0,1,0,0,1,0,0,0,0,0,0
17445,26,694,0,1,0,0,1,0,0,0,0,0,0
17509,26,29724,0,1,0,0,1,0,0,0,0,0,0
19598,26,56611,0,1,0,0,1,0,0,0,0,0,0
19599,26,56612,0,1,0,0,1,0,0,0,0,0,0
19600,26,56613,0,1,0,0,1,0,0,0,0,0,0
19601,26,56614,0,1,0,0,1,0,0,0,0,0,0
19636,26,56636,0,1,0,0,1,0,0,0,0,0,0
19637,26,56637,0,1,0,0,1,0,0,0,0,0,0
19638,26,56638,0,1,0,0,1,0,0,0,0,0,0
19793,26,57755,0,1,0,0,1,0,0,0,0,0,0
20258,26,12295,0,1,0,0,1,0,0,0,0,0,0
20259,26,12676,0,1,0,0,1,0,0,0,0,0,0
20260,26,12677,0,1,0,0,1,0,0,0,0,0,0
20994,26,64382,0,1,0,0,1,0,0,0,0,0,0
20995,26,64380,0,1,0,0,1,0,0,0,0,0,0
21023,26,20504,0,1,0,0,1,0,0,0,0,0,0
21024,26,20505,0,1,0,0,1,0,0,0,0,0,0
21029,26,64976,0,1,0,0,1,0,0,0,0,0,0
3394,38,1776,0,8,0,0,1,1777,0,0,0,0,0
3395,38,1752,0,8,0,0,1,1757,2,0,0,0,0
3396,38,1757,0,8,0,0,1,1758,0,0,0,0,0
3397,38,1758,0,8,0,0,1,1759,0,0,0,0,0
3398,38,1759,0,8,0,0,1,1760,0,0,0,0,0
3399,38,1760,0,8,0,0,1,8621,0,0,0,0,0
4769,38,8621,0,8,0,0,1,11293,0,0,0,0,0
4781,38,1766,0,8,0,0,1,1767,0,0,0,0,0
5936,38,11293,0,8,0,0,1,11294,0,0,0,0,0
5937,38,11294,0,8,0,0,1,26861,0,0,0,0,0
6367,38,53,0,8,0,0,1,2589,0,0,0,0,0
6368,38,2589,0,8,0,0,1,2590,0,0,0,0,0
6369,38,2590,0,8,0,0,1,2591,0,0,0,0,0
6370,38,2591,0,8,0,0,1,8721,0,0,0,0,0
6371,38,8721,0,8,0,0,1,11279,0,0,0,0,0
6372,38,11279,0,8,0,0,1,11280,0,0,0,0,0
6373,38,11280,0,8,0,0,1,11281,0,0,0,0,0
6374,38,11281,0,8,0,0,1,25300,0,0,0,0,0
6375,38,1966,0,8,0,0,1,6768,0,0,0,0,0
6376,38,6768,0,8,0,0,1,8637,0,0,0,0,0
6377,38,8637,0,8,0,0,1,11303,0,0,0,0,0
6378,38,11303,0,8,0,0,1,25302,0,0,0,0,0
6379,38,5277,0,8,0,0,1,26669,0,0,0,0,0
7516,38,13705,0,0,0,0,1,0,0,0,0,0,0
7517,38,13706,0,0,0,0,1,0,0,0,0,0,0
7526,38,13712,0,0,0,0,1,0,0,0,0,0,0
7527,38,13713,0,0,0,0,1,0,0,0,0,0,0
7536,38,13732,0,0,0,0,1,0,0,0,0,0,0
7537,38,13733,0,0,0,0,1,0,0,0,0,0,0
7538,38,13741,0,0,0,0,1,0,0,0,0,0,0
7539,38,13742,0,0,0,0,1,0,0,0,0,0,0
7540,38,13750,0,0,0,0,1,0,0,0,0,0,0
7541,38,13754,0,0,0,0,1,0,0,0,0,0,0
7556,38,13709,0,0,0,0,1,0,0,0,0,0,0
7576,38,13788,0,0,0,0,1,0,0,0,0,0,0
7577,38,13789,0,0,0,0,1,0,0,0,0,0,0
7580,38,13793,0,0,0,0,1,0,0,0,0,0,0
7581,38,13792,0,0,0,0,1,0,0,0,0,0,0
7582,38,13804,0,0,0,0,1,0,0,0,0,0,0
7583,38,13805,0,0,0,0,1,0,0,0,0,0,0
7584,38,13806,0,0,0,0,1,0,0,0,0,0,0
7585,38,13807,0,0,0,0,1,0,0,0,0,0,0
7586,38,13706,0,0,0,0,1,0,0,0,0,0,0
7590,38,13800,0,0,0,0,1,0,0,0,0,0,0
7591,38,13801,0,0,0,0,1,0,0,0,0,0,0
7592,38,13802,0,0,0,0,1,0,0,0,0,0,0
7593,38,13803,0,0,0,0,1,0,0,0,0,0,0
7596,38,13832,0,0,0,0,1,0,0,0,0,0,0
7616,38,13843,0,0,0,0,1,0,0,0,0,0,0
7617,38,13844,0,0,0,0,1,0,0,0,0,0,0
7618,38,13845,0,0,0,0,1,0,0,0,0,0,0
7619,38,13715,0,0,0,0,1,0,0,0,0,0,0
7620,38,13848,0,0,0,0,1,0,0,0,0,0,0
7621,38,13849,0,0,0,0,1,0,0,0,0,0,0
7622,38,13851,0,0,0,0,1,0,0,0,0,0,0
7623,38,13852,0,0,0,0,1,0,0,0,0,0,0
7624,38,13853,0,0,0,0,1,0,0,0,0,0,0
7625,38,13854,0,0,0,0,1,0,0,0,0,0,0
7629,38,13863,0,0,0,0,1,0,0,0,0,0,0
7630,38,13865,0,0,0,0,1,0,0,0,0,0,0
7631,38,13866,0,0,0,0,1,0,0,0,0,0,0
7632,38,13867,0,0,0,0,1,0,0,0,0,0,0
7633,38,13872,0,0,0,0,1,0,0,0,0,0,0
7634,38,13743,0,0,0,0,1,0,0,0,0,0,0
7635,38,13875,0,0,0,0,1,0,0,0,0,0,0
7637,38,13877,0,0,0,0,1,0,0,0,0,0,0
7638,38,2983,0,8,0,0,1,8696,0,0,0,0,0
7639,38,8696,0,8,0,0,1,11305,0,0,0,0,0
7640,38,11305,0,8,0,0,1,0,0,0,0,0,0
7689,38,13960,0,0,0,0,1,0,0,0,0,0,0
7690,38,13961,0,0,0,0,1,0,0,0,0,0,0
7692,38,13962,0,0,0,0,1,0,0,0,0,0,0
7693,38,13963,0,0,0,0,1,0,0,0,0,0,0
7694,38,13964,0,0,0,0,1,0,0,0,0,0,0
7816,38,14251,0,0,0,0,1,0,0,0,0,0,0
10378,38,18427,0,0,0,0,1,0,0,0,0,0,0
10379,38,18428,0,0,0,0,1,0,0,0,0,0,0
10380,38,18429,0,0,0,0,1,0,0,0,0,0,0
12039,38,21184,0,8,0,0,1,0,2,0,0,0,0
13238,38,25300,0,8,0,0,1,26863,0,0,0,0,0
13239,38,25302,0,8,0,0,1,27448,0,0,0,0,0
13461,38,5938,0,8,0,0,1,0,0,0,0,0,0
13542,38,26669,0,8,0,0,1,0,0,0,0,0,0
13707,38,26861,0,8,0,0,1,26862,0,0,0,0,0
13708,38,26862,0,8,0,0,1,48637,0,0,0,0,0
13709,38,26863,0,8,0,0,1,48656,0,0,0,0,0
13710,38,27448,0,8,0,0,1,48658,0,0,0,0,0
14486,38,30919,0,0,0,0,1,0,0,0,0,0,0
14487,38,30920,0,0,0,0,1,0,0,0,0,0,0
14503,38,31124,0,8,0,0,1,0,0,0,0,0,0
14504,38,31126,0,8,0,0,1,0,0,0,0,0,0
14508,38,31125,0,8,0,0,1,0,0,0,0,0,0
14509,38,31122,0,8,0,0,1,0,0,0,0,0,0
14510,38,31123,0,8,0,0,1,0,0,0,0,0,0
14894,38,32601,0,8,0,0,1,0,0,0,0,0,0
15032,38,31130,0,8,0,0,1,0,0,0,0,0,0
15033,38,31131,0,8,0,0,1,0,0,0,0,0,0
15514,38,35541,0,8,0,0,1,0,0,0,0,0,0
15515,38,35550,0,8,0,0,1,0,0,0,0,0,0
15516,38,35551,0,8,0,0,1,0,0,0,0,0,0
15517,38,35552,0,8,0,0,1,0,0,0,0,0,0
15518,38,35553,0,8,0,0,1,0,0,0,0,0,0
16670,38,48637,0,8,0,0,1,48638,0,0,0,0,0
16671,38,48638,0,8,0,0,1,0,0,0,0,0,0
16675,38,48656,0,8,0,0,1,48657,0,0,0,0,0
16676,38,48657,0,8,0,0,1,0,0,0,0,0,0
16677,38,48658,0,8,0,0,1,48659,0,0,0,0,0
16678,38,48659,0,8,0,0,1,0,0,0,0,0,0
17716,38,51672,0,8,0,0,1,0,0,0,0,0,0
17717,38,51674,0,8,0,0,1,0,0,0,0,0,0
17718,38,51675,0,8,0,0,1,0,0,0,0,0,0
17719,38,51677,0,8,0,0,1,0,0,0,0,0,0
17720,38,5952,0,8,0,0,1,0,0,0,0,0,0
17721,38,51679,0,8,0,0,1,0,0,0,0,0,0
17722,38,51680,0,8,0,0,1,0,0,0,0,0,0
17723,38,51682,0,8,0,0,1,0,0,0,0,0,0
17726,38,51685,0,8,0,0,1,0,0,0,0,0,0
17727,38,51686,0,8,0,0,1,0,0,0,0,0,0
17728,38,51687,0,8,0,0,1,0,0,0,0,0,0
17729,38,51688,0,8,0,0,1,0,0,0,0,0,0
17730,38,51689,0,8,0,0,1,0,0,0,0,0,0
17731,38,51690,0,8,0,0,1,0,0,0,0,0,0
17750,38,51723,0,8,0,0,1,0,0,0,0,0,0
19980,38,14165,0,8,0,0,1,0,0,0,0,0,0
19981,38,14166,0,8,0,0,1,0,0,0,0,0,0
19986,38,58413,0,8,0,0,1,0,0,0,0,0,0
20622,38,61329,0,8,0,0,1,0,0,0,0,0,0
20623,38,61330,0,0,0,0,1,0,0,0,0,0,0
20624,38,61331,0,0,0,0,1,0,0,0,0,0,0
3276,39,1725,0,8,0,0,1,0,0,0,0,0,0
3965,39,2094,0,8,0,0,1,0,0,0,0,0,0
6360,39,921,0,8,0,0,1,0,0,0,0,0,0
6361,39,1784,0,8,0,0,1,1785,0,0,0,0,0
6365,39,1856,0,8,0,0,1,1857,0,0,0,0,0
6366,39,1857,0,8,0,0,1,26889,0,0,0,0,0
6383,39,6770,0,8,0,0,1,2070,0,0,0,0,0
6384,39,2070,0,8,0,0,1,11297,0,0,0,0,0
6385,39,11297,0,8,0,0,1,51724,0,0,0,0,0
7688,39,13958,0,0,0,0,1,0,0,0,0,0,0
7701,39,13975,0,0,0,0,1,0,0,0,0,0,0
7703,39,13977,0,0,0,0,1,0,0,0,0,0,0
7704,39,13976,0,0,0,0,1,0,0,0,0,0,0
7705,39,13979,0,0,0,0,1,0,0,0,0,0,0
7706,39,13980,0,0,0,0,1,0,0,0,0,0,0
7707,39,13983,0,0,0,0,1,0,0,0,0,0,0
7716,39,14057,0,0,0,0,1,0,0,0,0,0,0
7717,39,13981,0,0,0,0,1,0,0,0,0,0,0
7718,39,13970,0,0,0,0,1,0,0,0,0,0,0
7719,39,13971,0,0,0,0,1,0,0,0,0,0,0
7726,39,14062,0,0,0,0,1,0,0,0,0,0,0
7727,39,14063,0,0,0,0,1,0,0,0,0,0,0
7730,39,14066,0,0,0,0,1,0,0,0,0,0,0
7734,39,14070,0,0,0,0,1,0,0,0,0,0,0
7735,39,14071,0,0,0,0,1,0,0,0,0,0,0
7736,39,14072,0,0,0,0,1,0,0,0,0,0,0
7740,39,14076,0,0,0,0,1,0,0,0,0,0,0
7741,39,14082,0,0,0,0,1,0,0,0,0,0,0
7742,39,14083,0,0,0,0,1,0,0,0,0,0,0
7745,39,14079,0,0,0,0,1,0,0,0,0,0,0
7746,39,14080,0,0,0,0,1,0,0,0,0,0,0
7753,39,14093,0,0,0,0,1,0,0,0,0,0,0
7754,39,14094,0,0,0,0,1,0,0,0,0,0,0
7804,39,14185,0,0,0,0,1,0,0,0,0,0,0
7822,39,14278,0,8,0,0,1,0,0,0,0,0,0
7914,39,2836,0,8,0,0,1,0,0,0,0,0,0
8055,39,1842,0,8,0,0,1,0,0,0,0,0,0
8077,39,14183,0,0,0,0,1,0,0,0,0,0,0
9116,39,16511,0,8,0,0,1,17347,0,0,0,0,0
9856,39,17347,0,8,0,0,1,17348,0,0,0,0,0
9857,39,17348,0,8,0,0,1,26864,0,0,0,0,0
10384,39,14171,0,0,0,0,1,0,0,0,0,0,0
10385,39,14172,0,0,0,0,1,0,0,0,0,0,0
10386,39,14173,0,0,0,0,1,0,0,0,0,0,0
11739,39,1860,0,8,0,0,1,0,0,0,0,0,0
13549,39,24224,0,0,0,0,1,0,0,0,0,0,0
13550,39,27095,0,0,0,0,1,0,0,0,0,0,0
13552,39,27096,0,0,0,0,1,0,0,0,0,0,0
13553,39,27097,0,0,0,0,1,0,0,0,0,0,0
13554,39,27099,0,0,0,0,1,0,0,0,0,0,0
13717,39,26889,0,8,0,0,1,0,0,0,0,0,0
14476,39,30892,0,0,0,0,1,0,0,0,0,0,0
14477,39,30893,0,0,0,0,1,0,0,0,0,0,0
14478,39,30894,0,0,0,0,1,0,0,0,0,0,0
14479,39,30895,0,0,0,0,1,0,0,0,0,0,0
14481,39,30902,0,0,0,0,1,0,0,0,0,0,0
14482,39,30903,0,0,0,0,1,0,0,0,0,0,0
14483,39,30904,0,0,0,0,1,0,0,0,0,0,0
14484,39,30905,0,0,0,0,1,0,0,0,0,0,0
14485,39,30906,0,0,0,0,1,0,0,0,0,0,0
14575,39,31211,0,8,0,0,1,0,0,0,0,0,0
14576,39,31212,0,8,0,0,1,0,0,0,0,0,0
14577,39,31213,0,8,0,0,1,0,0,0,0,0,0
14580,39,31216,0,8,0,0,1,0,0,0,0,0,0
14581,39,31217,0,8,0,0,1,0,0,0,0,0,0
14582,39,31218,0,8,0,0,1,0,0,0,0,0,0
14583,39,31219,0,8,0,0,1,0,0,0,0,0,0
14584,39,31220,0,8,0,0,1,0,0,0,0,0,0
14585,39,31221,0,8,0,0,1,0,0,0,0,0,0
14586,39,31222,0,8,0,0,1,0,0,0,0,0,0
14587,39,31223,0,8,0,0,1,0,0,0,0,0,0
14588,39,31224,0,8,0,0,1,0,0,0,0,0,0
14609,39,31228,0,8,0,0,1,0,0,0,0,0,0
14610,39,31229,0,8,0,0,1,0,0,0,0,0,0
14611,39,31230,0,8,0,0,1,0,0,0,0,0,0
14789,39,26864,0,8,0,0,1,48660,0,0,0,0,0
15687,39,36554,0,8,0,0,1,0,0,0,0,0,0
16679,39,48660,0,8,0,0,1,0,0,0,0,0,0
17732,39,51692,0,8,0,0,1,0,0,0,0,0,0
17733,39,51696,0,8,0,0,1,0,0,0,0,0,0
17734,39,51693,0,8,0,0,1,0,0,0,0,0,0
17735,39,51698,0,8,0,0,1,0,0,0,0,0,0
17736,39,51700,0,8,0,0,1,0,0,0,0,0,0
17737,39,51701,0,8,0,0,1,0,0,0,0,0,0
17738,39,51699,0,8,0,0,1,0,0,0,0,0,0
17743,39,51708,0,8,0,0,1,0,0,0,0,0,0
17744,39,51709,0,8,0,0,1,0,0,0,0,0,0
17745,39,51710,0,8,0,0,1,0,0,0,0,0,0
17746,39,51711,0,8,0,0,1,0,0,0,0,0,0
17747,39,51712,0,8,0,0,1,0,0,0,0,0,0
17748,39,51713,0,8,0,0,1,0,0,0,0,0,0
17751,39,51724,0,8,0,0,1,0,0,0,0,0,0
19962,39,57934,0,8,0,0,1,0,0,0,0,0,0
19963,39,57933,0,8,0,0,1,0,0,0,0,0,0
19987,39,58414,0,8,0,0,1,0,0,0,0,0,0
19988,39,58415,0,8,0,0,1,0,0,0,0,0,0
19989,39,14179,0,8,0,0,1,0,0,0,0,0,0
19990,39,58422,0,8,0,0,1,0,0,0,0,0,0
19991,39,58423,0,8,0,0,1,0,0,0,0,0,0
19992,39,58424,0,8,0,0,1,0,0,0,0,0,0
19993,39,58425,0,8,0,0,1,0,0,0,0,0,0
19994,39,14181,0,8,0,0,1,0,0,0,0,0,0
252,43,201,0,431,0,0,1,0,2,0,0,0,0
248,44,196,0,111,0,0,1,0,2,0,0,0,0
246,45,264,0,13,0,0,1,0,2,0,0,0,0
15696,45,3018,0,9,0,0,1,0,1,0,0,0,0
251,46,266,0,13,0,0,1,0,2,0,0,0,0
15695,46,3018,0,9,0,0,1,0,1,0,0,0,0
935,50,1513,0,4,0,0,1,1528,0,0,0,0,0
936,50,1515,0,4,0,0,1,2997,0,0,0,0,0
1790,50,883,0,4,0,0,1,0,0,0,0,0,0
7260,50,136,0,4,0,0,1,0,0,0,0,0,0
7261,50,3111,0,4,0,0,1,0,0,0,0,0,0
7262,50,3661,0,4,0,0,1,0,0,0,0,0,0
7263,50,3662,0,4,0,0,1,0,0,0,0,0,0
7265,50,982,0,4,0,0,1,0,0,0,0,0,0
7266,50,13161,0,4,0,0,1,0,0,0,0,0,0
7267,50,13163,0,4,0,0,1,0,0,0,0,0,0
7268,50,13159,0,4,0,0,1,0,0,0,0,0,0
7269,50,13165,0,4,0,0,1,0,0,0,0,0,0
7270,50,5118,0,4,0,0,1,0,0,0,0,0,0
7272,50,6197,0,4,0,0,1,0,0,0,0,0,0
7273,50,1462,0,4,0,0,1,0,0,0,0,0,0
7275,50,1002,0,4,0,0,1,0,0,0,0,0,0
7396,50,6991,0,4,0,0,1,0,0,0,0,0,0
7476,50,13542,0,4,0,0,1,0,0,0,0,0,0
7477,50,13543,0,4,0,0,1,0,0,0,0,0,0
7478,50,13544,0,4,0,0,1,0,0,0,0,0,0
7695,50,2641,0,4,0,0,1,0,0,0,0,0,0
7856,50,14318,0,4,0,0,1,0,0,0,0,0,0
7857,50,14319,0,4,0,0,1,0,0,0,0,0,0
7858,50,14320,0,4,0,0,1,0,0,0,0,0,0
7859,50,14321,0,4,0,0,1,0,0,0,0,0,0
7860,50,14322,0,4,0,0,1,0,0,0,0,0,0
7861,50,14326,0,4,0,0,1,0,0,0,0,0,0
7862,50,14327,0,4,0,0,1,0,0,0,0,0,0
8417,50,13481,0,4,0,0,1,0,0,0,0,0,0
11016,50,19549,0,4,0,0,1,0,0,0,0,0,0
11017,50,19550,0,4,0,0,1,0,0,0,0,0,0
11018,50,19551,0,4,0,0,1,0,0,0,0,0,0
11019,50,19552,0,0,0,0,1,0,0,0,0,0,0
11020,50,19553,0,0,0,0,1,0,0,0,0,0,0
11021,50,19554,0,0,0,0,1,0,0,0,0,0,0
11022,50,19555,0,0,0,0,1,0,0,0,0,0,0
11023,50,19556,0,0,0,0,1,0,0,0,0,0,0
11026,50,19559,0,0,0,0,1,0,0,0,0,0,0
11027,50,19560,0,0,0,0,1,0,0,0,0,0,0
11033,50,19572,0,0,0,0,1,0,0,0,0,0,0
11034,50,19573,0,0,0,0,1,0,0,0,0,0,0
11035,50,19574,0,0,0,0,1,0,0,0,0,0,0
11037,50,19577,0,0,0,0,1,0,0,0,0,0,0
11038,50,19578,0,4,0,0,1,0,0,0,0,0,0
11091,50,19583,0,0,0,0,1,0,0,0,0,0,0
11092,50,19584,0,0,0,0,1,0,0,0,0,0,0
11093,50,19585,0,0,0,0,1,0,0,0,0,0,0
11094,50,19586,0,0,0,0,1,0,0,0,0,0,0
11095,50,19587,0,0,0,0,1,0,0,0,0,0,0
11096,50,19590,0,0,0,0,1,0,0,0,0,0,0
11131,50,19592,0,0,0,0,1,0,0,0,0,0,0
11136,50,19598,0,0,0,0,1,0,0,0,0,0,0
11137,50,19599,0,0,0,0,1,0,0,0,0,0,0
11138,50,19600,0,0,0,0,1,0,0,0,0,0,0
11139,50,19601,0,0,0,0,1,0,0,0,0,0,0
11140,50,19602,0,0,0,0,1,0,0,0,0,0,0
11147,50,19609,0,0,0,0,1,0,0,0,0,0,0
11148,50,19610,0,0,0,0,1,0,0,0,0,0,0
11149,50,19612,0,0,0,0,1,0,0,0,0,0,0
11152,50,19616,0,0,0,0,1,0,0,0,0,0,0
11153,50,19617,0,0,0,0,1,0,0,0,0,0,0
11154,50,19618,0,0,0,0,1,0,0,0,0,0,0
11155,50,19619,0,0,0,0,1,0,0,0,0,0,0
11156,50,19620,0,0,0,0,1,0,0,0,0,0,0
11158,50,19621,0,0,0,0,1,0,0,0,0,0,0
11159,50,19622,0,0,0,0,1,0,0,0,0,0,0
11160,50,19623,0,0,0,0,1,0,0,0,0,0,0
11161,50,19624,0,0,0,0,1,0,0,0,0,0,0
11162,50,19625,0,0,0,0,1,0,0,0,0,0,0
11356,50,20043,0,4,0,0,1,0,0,0,0,0,0
11464,50,20190,0,4,0,0,1,0,0,0,0,0,0
11868,50,20895,0,4,0,0,1,0,0,0,0,0,0
12900,50,24395,0,0,0,0,1,0,0,0,0,0,0
12902,50,24396,0,0,0,0,1,0,0,0,0,0,0
12903,50,24397,0,0,0,0,1,0,0,0,0,0,0
12912,50,24443,0,4,0,0,1,0,0,0,0,0,0
12913,50,19575,0,4,0,0,1,0,0,0,0,0,0
12959,50,19579,0,0,0,0,1,0,0,0,0,0,0
12960,50,24529,0,0,0,0,1,0,0,0,0,0,0
12972,50,24406,0,0,0,0,1,0,0,0,0,0,0
13232,50,25296,0,4,0,0,1,0,0,0,0,0,0
13595,50,27046,0,4,0,0,1,0,0,0,0,0,0
13613,50,27044,0,4,0,0,1,0,0,0,0,0,0
13614,50,27045,0,4,0,0,1,0,0,0,0,0,0
15141,50,34026,0,4,0,0,1,0,0,0,0,0,0
15147,50,34074,0,4,0,0,1,0,0,0,0,0,0
15205,50,34453,0,4,0,0,1,0,0,0,0,0,0
15206,50,34454,0,4,0,0,1,0,0,0,0,0,0
15207,50,34455,0,4,0,0,1,0,0,0,0,0,0
15208,50,34459,0,4,0,0,1,0,0,0,0,0,0
15209,50,34460,0,4,0,0,1,0,0,0,0,0,0
15213,50,34462,0,4,0,0,1,0,0,0,0,0,0
15214,50,34464,0,4,0,0,1,0,0,0,0,0,0
15215,50,34465,0,4,0,0,1,0,0,0,0,0,0
15216,50,34466,0,4,0,0,1,0,0,0,0,0,0
15217,50,34467,0,4,0,0,1,0,0,0,0,0,0
15218,50,34468,0,4,0,0,1,0,0,0,0,0,0
15219,50,34469,0,4,0,0,1,0,0,0,0,0,0
15220,50,34470,0,4,0,0,1,0,0,0,0,0,0
15221,50,34471,0,4,0,0,1,0,0,0,0,0,0
15248,50,34692,0,4,0,0,1,0,0,0,0,0,0
15354,50,35029,0,4,0,0,1,0,0,0,0,0,0
15355,50,35030,0,4,0,0,1,0,0,0,0,0,0
16785,50,48989,0,4,0,0,1,0,0,0,0,0,0
16786,50,48990,0,4,0,0,1,0,0,0,0,0,0
16845,50,49071,0,4,0,0,1,0,0,0,0,0,0
18038,50,53271,0,0,0,0,1,0,0,0,0,0,0
18039,50,53252,0,0,0,0,1,0,0,0,0,0,0
18040,50,53253,0,0,0,0,1,0,0,0,0,0,0
18041,50,53262,0,0,0,0,1,0,0,0,0,0,0
18042,50,53263,0,0,0,0,1,0,0,0,0,0,0
18043,50,53264,0,0,0,0,1,0,0,0,0,0,0
18044,50,53256,0,0,0,0,1,0,0,0,0,0,0
18045,50,53259,0,0,0,0,1,0,0,0,0,0,0
18046,50,53260,0,0,0,0,1,0,0,0,0,0,0
18047,50,53265,0,0,0,0,1,0,0,0,0,0,0
18052,50,53270,0,0,0,0,1,0,0,0,0,0,0
20048,50,56314,0,0,0,0,1,0,0,0,0,0,0
20049,50,56315,0,0,0,0,1,0,0,0,0,0,0
20050,50,56316,0,0,0,0,1,0,0,0,0,0,0
20051,50,56317,0,0,0,0,1,0,0,0,0,0,0
20052,50,56318,0,0,0,0,1,0,0,0,0,0,0
20723,50,61846,0,4,0,0,1,0,0,0,0,0,0
20724,50,61847,0,4,0,0,1,0,0,0,0,0,0
20785,50,62757,0,4,0,0,1,0,0,0,0,0,0
7288,51,5384,0,4,0,0,1,0,0,0,0,0,0
7289,51,2974,0,4,0,0,1,0,0,0,0,0,0
7290,51,781,0,4,0,0,1,0,0,0,0,0,0
7292,51,2973,0,4,0,0,1,0,2,0,0,0,0
7337,51,1495,0,4,0,0,1,0,0,0,0,0,0
7534,51,1499,0,4,0,0,1,0,0,0,0,0,0
7587,51,13795,0,4,0,0,1,0,0,0,0,0,0
7588,51,13809,0,4,0,0,1,0,0,0,0,0,0
7589,51,13813,0,4,0,0,1,0,0,0,0,0,0
7863,51,14260,0,4,0,0,1,0,0,0,0,0,0
7864,51,14261,0,4,0,0,1,0,0,0,0,0,0
7865,51,14262,0,4,0,0,1,0,0,0,0,0,0
7866,51,14263,0,4,0,0,1,0,0,0,0,0,0
7867,51,14264,0,4,0,0,1,0,0,0,0,0,0
7868,51,14265,0,4,0,0,1,0,0,0,0,0,0
7869,51,14266,0,4,0,0,1,0,0,0,0,0,0
7872,51,14269,0,4,0,0,1,0,0,0,0,0,0
7873,51,14270,0,4,0,0,1,0,0,0,0,0,0
7874,51,14271,0,4,0,0,1,0,0,0,0,0,0
7877,51,14302,0,4,0,0,1,0,0,0,0,0,0
7878,51,14303,0,4,0,0,1,0,0,0,0,0,0
7879,51,14304,0,4,0,0,1,0,0,0,0,0,0
7880,51,14305,0,4,0,0,1,0,0,0,0,0,0
7881,51,14310,0,4,0,0,1,0,0,0,0,0,0
7882,51,14311,0,4,0,0,1,0,0,0,0,0,0
7883,51,14316,0,4,0,0,1,0,0,0,0,0,0
7884,51,14317,0,4,0,0,1,0,0,0,0,0,0
10821,51,19159,0,0,0,0,1,0,0,0,0,0,0
10822,51,19160,0,0,0,0,1,0,0,0,0,0,0
10826,51,19168,0,4,0,0,1,0,0,0,0,0,0
10827,51,19180,0,4,0,0,1,0,0,0,0,0,0
10828,51,19181,0,4,0,0,1,0,0,0,0,0,0
10831,51,19184,0,0,0,0,1,0,0,0,0,0,0
10832,51,19185,0,0,0,0,1,0,0,0,0,0,0
10849,51,19255,0,0,0,0,1,0,0,0,0,0,0
10850,51,19256,0,0,0,0,1,0,0,0,0,0,0
10851,51,19257,0,0,0,0,1,0,0,0,0,0,0
10865,51,19263,0,0,0,0,1,0,0,0,0,0,0
10886,51,19286,0,0,0,0,1,0,0,0,0,0,0
10887,51,19287,0,0,0,0,1,0,0,0,0,0,0
10891,51,19290,0,4,0,0,1,0,0,0,0,0,0
10893,51,19294,0,4,0,0,1,0,0,0,0,0,0
10895,51,19295,0,0,0,0,1,0,0,0,0,0,0
10896,51,19297,0,0,0,0,1,0,0,0,0,0,0
10897,51,19298,0,0,0,0,1,0,0,0,0,0,0
10916,51,19370,0,0,0,0,1,0,0,0,0,0,0
10917,51,19371,0,0,0,0,1,0,0,0,0,0,0
10918,51,19373,0,0,0,0,1,0,0,0,0,0,0
10921,51,19376,0,4,0,0,1,0,0,0,0,0,0
10925,51,19381,0,0,0,0,1,0,0,0,0,0,0
10926,51,19382,0,0,0,0,1,0,0,0,0,0,0
10927,51,19383,0,0,0,0,1,0,0,0,0,0,0
10928,51,19384,0,0,0,0,1,0,0,0,0,0,0
10929,51,19385,0,0,0,0,1,0,0,0,0,0,0
10930,51,19386,0,4,0,0,1,0,0,0,0,0,0
10931,51,19387,0,0,0,0,1,0,0,0,0,0,0
10932,51,19388,0,0,0,0,1,0,0,0,0,0,0
11319,51,1494,0,4,0,0,1,0,0,0,0,0,0
11320,51,19878,0,4,0,0,1,0,0,0,0,0,0
11321,51,19879,0,4,0,0,1,0,0,0,0,0,0
11322,51,19880,0,4,0,0,1,0,0,0,0,0,0
11323,51,19882,0,4,0,0,1,0,0,0,0,0,0
11324,51,19885,0,4,0,0,1,0,0,0,0,0,0
11325,51,19883,0,4,0,0,1,0,0,0,0,0,0
11326,51,19884,0,4,0,0,1,0,0,0,0,0,0
12556,51,13812,0,4,0,0,1,0,0,0,0,0,0
12557,51,14314,0,4,0,0,1,0,0,0,0,0,0
12558,51,14315,0,4,0,0,1,0,0,0,0,0,0
12824,51,24132,0,4,0,0,1,0,0,0,0,0,0
12825,51,24133,0,4,0,0,1,0,0,0,0,0,0
12826,51,24131,0,4,0,0,1,0,0,0,0,0,0
12827,51,24134,0,4,0,0,1,0,0,0,0,0,0
12828,51,24135,0,4,0,0,1,0,0,0,0,0,0
12880,51,24283,0,4,0,0,1,0,0,0,0,0,0
12886,51,24296,0,4,0,0,1,0,0,0,0,0,0
12887,51,24297,0,4,0,0,1,0,0,0,0,0,0
12888,51,19258,0,4,0,0,1,0,0,0,0,0,0
12889,51,19259,0,4,0,0,1,0,0,0,0,0,0
13046,51,19306,0,4,0,0,1,0,0,0,0,0,0
13047,51,20909,0,4,0,0,1,0,0,0,0,0,0
13048,51,20910,0,4,0,0,1,0,0,0,0,0,0
13049,51,13797,0,4,0,0,1,0,0,0,0,0,0
13050,51,14298,0,4,0,0,1,0,0,0,0,0,0
13051,51,14299,0,4,0,0,1,0,0,0,0,0,0
13053,51,14300,0,4,0,0,1,0,0,0,0,0,0
13054,51,14301,0,4,0,0,1,0,0,0,0,0,0
13596,51,27014,0,4,0,0,1,0,0,0,0,0,0
13598,51,27067,0,4,0,0,1,0,0,0,0,0,0
13602,51,27068,0,4,0,0,1,0,0,0,0,0,0
13603,51,27069,0,4,0,0,1,0,0,0,0,0,0
13609,51,27023,0,4,0,0,1,0,0,0,0,0,0
13610,51,27024,0,4,0,0,1,0,0,0,0,0,0
13611,51,27025,0,4,0,0,1,0,0,0,0,0,0
15173,51,34506,0,4,0,0,1,0,0,0,0,0,0
15174,51,34507,0,4,0,0,1,0,0,0,0,0,0
15175,51,34508,0,4,0,0,1,0,0,0,0,0,0
15176,51,34500,0,4,0,0,1,0,0,0,0,0,0
15177,51,34502,0,4,0,0,1,0,0,0,0,0,0
15178,51,34503,0,4,0,0,1,0,0,0,0,0,0
15179,51,34501,0,4,0,0,1,0,0,0,0,0,0
15180,51,34497,0,4,0,0,1,0,0,0,0,0,0
15181,51,34498,0,4,0,0,1,0,0,0,0,0,0
15182,51,34499,0,4,0,0,1,0,0,0,0,0,0
15183,51,34494,0,4,0,0,1,0,0,0,0,0,0
15184,51,34496,0,4,0,0,1,0,0,0,0,0,0
15185,51,34491,0,4,0,0,1,0,0,0,0,0,0
15186,51,34492,0,4,0,0,1,0,0,0,0,0,0
15187,51,34493,0,4,0,0,1,0,0,0,0,0,0
15243,51,34600,0,4,0,0,1,0,0,0,0,0,0
15254,51,34838,0,4,0,0,1,0,0,0,0,0,0
15255,51,34839,0,4,0,0,1,0,0,0,0,0,0
15256,51,34833,0,4,0,0,1,0,0,0,0,0,0
15257,51,34834,0,4,0,0,1,0,0,0,0,0,0
15258,51,34835,0,4,0,0,1,0,0,0,0,0,0
15259,51,34836,0,4,0,0,1,0,0,0,0,0,0
15260,51,34837,0,4,0,0,1,0,0,0,0,0,0
15319,51,19498,0,4,0,0,1,0,0,0,0,0,0
15320,51,19499,0,4,0,0,1,0,0,0,0,0,0
15321,51,19500,0,4,0,0,1,0,0,0,0,0,0
15356,51,34477,0,4,0,0,1,0,0,0,0,0,0
15698,51,36916,0,4,0,0,1,0,0,0,0,0,0
16789,51,48995,0,4,0,0,1,0,0,0,0,0,0
16790,51,48996,0,4,0,0,1,0,0,0,0,0,0
16791,51,48998,0,4,0,0,1,0,0,0,0,0,0
16792,51,48999,0,4,0,0,1,0,0,0,0,0,0
16804,51,49011,0,4,0,0,1,0,0,0,0,0,0
16805,51,49009,0,4,0,0,1,0,0,0,0,0,0
16806,51,49012,0,4,0,0,1,0,0,0,0,0,0
16807,51,49010,0,4,0,0,1,0,0,0,0,0,0
16834,51,49055,0,4,0,0,1,0,0,0,0,0,0
16835,51,49056,0,4,0,0,1,0,0,0,0,0,0
16836,51,49053,0,4,0,0,1,0,0,0,0,0,0
16837,51,49054,0,4,0,0,1,0,0,0,0,0,0
16838,51,49066,0,4,0,0,1,0,0,0,0,0,0
16839,51,49067,0,4,0,0,1,0,0,0,0,0,0
16840,51,27026,0,4,0,0,1,0,0,0,0,0,0
16841,51,49064,0,4,0,0,1,0,0,0,0,0,0
16842,51,49065,0,4,0,0,1,0,0,0,0,0,0
17900,51,52785,0,0,0,0,1,0,0,0,0,0,0
17901,51,52786,0,0,0,0,1,0,0,0,0,0,0
17902,51,52787,0,0,0,0,1,0,0,0,0,0,0
17903,51,52788,0,0,0,0,1,0,0,0,0,0,0
18029,51,53339,0,4,0,0,1,0,0,0,0,0,0
18075,51,52783,0,0,0,0,1,0,0,0,0,0,0
18076,51,53295,0,0,0,0,1,0,0,0,0,0,0
18077,51,53296,0,0,0,0,1,0,0,0,0,0,0
18078,51,53297,0,0,0,0,1,0,0,0,0,0,0
18079,51,53298,0,0,0,0,1,0,0,0,0,0,0
18080,51,53299,0,0,0,0,1,0,0,0,0,0,0
18082,51,53302,0,0,0,0,1,0,0,0,0,0,0
18083,51,53303,0,0,0,0,1,0,0,0,0,0,0
18084,51,53304,0,0,0,0,1,0,0,0,0,0,0
18085,51,53290,0,0,0,0,1,0,0,0,0,0,0
18086,51,53291,0,0,0,0,1,0,0,0,0,0,0
18087,51,53292,0,0,0,0,1,0,0,0,0,0,0
18090,51,53301,0,0,0,0,1,0,0,0,0,0,0
18091,51,53352,0,0,0,0,1,0,0,0,0,0,0
19664,51,56342,0,0,0,0,1,0,0,0,0,0,0
19666,51,56343,0,0,0,0,1,0,0,0,0,0,0
19668,51,56344,0,0,0,0,1,0,0,0,0,0,0
19670,51,56453,0,0,0,0,1,0,0,0,0,0,0
19671,51,56339,0,0,0,0,1,0,0,0,0,0,0
19672,51,56340,0,0,0,0,1,0,0,0,0,0,0
19673,51,56341,0,0,0,0,1,0,0,0,0,0,0
19700,51,56333,0,0,0,0,1,0,0,0,0,0,0
19701,51,56336,0,0,0,0,1,0,0,0,0,0,0
19702,51,56337,0,0,0,0,1,0,0,0,0,0,0
20236,51,60051,0,0,0,0,1,0,0,0,0,0,0
20237,51,60052,0,0,0,0,1,0,0,0,0,0,0
20238,51,60053,0,0,0,0,1,0,0,0,0,0,0
20264,51,60192,0,4,0,0,1,0,0,0,0,0,0
20265,51,60210,0,0,0,0,1,0,0,0,0,0,0
20266,51,60202,0,0,0,0,1,0,0,0,0,0,0
20668,51,19503,0,4,0,0,1,0,0,0,0,0,0
20856,51,63672,0,4,0,0,1,0,0,0,0,0,0
20857,51,63671,0,4,0,0,1,0,0,0,0,0,0
20858,51,63670,0,4,0,0,1,0,0,0,0,0,0
20859,51,63669,0,4,0,0,1,0,0,0,0,0,0
20860,51,63668,0,4,0,0,1,0,0,0,0,0,0
20861,51,3674,0,4,0,0,1,0,0,0,0,0,0
20894,51,63457,0,0,0,0,1,0,0,0,0,0,0
20895,51,63458,0,0,0,0,1,0,0,0,0,0,0
254,54,198,0,1147,0,0,1,0,2,0,0,0,0
256,55,202,0,39,0,0,1,0,2,0,0,0,0
2313,56,2050,0,16,0,0,1,0,2,0,0,0,0
2314,56,2052,0,16,0,0,1,0,0,0,0,0,0
2315,56,2053,0,16,0,0,1,0,0,0,0,0,0
2316,56,2054,0,16,0,0,1,0,0,0,0,0,0
2317,56,2055,0,16,0,0,1,0,0,0,0,0,0
2319,56,585,0,16,0,0,1,0,2,0,0,0,0
2320,56,591,0,16,0,0,1,0,0,0,0,0,0
2321,56,598,0,16,0,0,1,0,0,0,0,0,0
2322,56,984,0,16,0,0,1,0,0,0,0,0,0
2323,56,1004,0,16,0,0,1,0,0,0,0,0,0
2325,56,596,0,16,0,0,1,0,0,0,0,0,0
2326,56,528,0,16,0,0,1,0,0,0,0,0,0
2327,56,552,0,16,0,0,1,0,0,0,0,0,0
2331,56,2006,0,16,0,0,1,0,0,0,0,0,0
2332,56,2010,0,16,0,0,1,0,0,0,0,0,0
3776,56,6060,0,16,0,0,1,0,0,0,0,0,0
3777,56,2060,0,16,0,0,1,0,0,0,0,0,0
3778,56,6063,0,16,0,0,1,0,0,0,0,0,0
3779,56,6064,0,16,0,0,1,0,0,0,0,0,0
3787,56,996,0,16,0,0,1,0,0,0,0,0,0
3790,56,139,0,16,0,0,1,0,0,0,0,0,0
3791,56,6074,0,16,0,0,1,0,0,0,0,0,0
3792,56,6075,0,16,0,0,1,0,0,0,0,0,0
3793,56,6076,0,16,0,0,1,0,0,0,0,0,0
3794,56,6077,0,16,0,0,1,0,0,0,0,0,0
3795,56,6078,0,16,0,0,1,0,0,0,0,0,0
5107,56,2061,0,16,0,0,1,0,0,0,0,0,0
5108,56,9472,0,16,0,0,1,0,0,0,0,0,0
5109,56,9473,0,16,0,0,1,0,0,0,0,0,0
5110,56,9474,0,16,0,0,1,0,0,0,0,0,0
5842,56,10915,0,16,0,0,1,0,0,0,0,0,0
5843,56,10916,0,16,0,0,1,0,0,0,0,0,0
5844,56,10917,0,16,0,0,1,0,0,0,0,0,0
5845,56,10927,0,16,0,0,1,0,0,0,0,0,0
5846,56,10928,0,16,0,0,1,0,0,0,0,0,0
5847,56,10929,0,16,0,0,1,0,0,0,0,0,0
5848,56,10963,0,16,0,0,1,0,0,0,0,0,0
5849,56,10964,0,16,0,0,1,0,0,0,0,0,0
5850,56,10965,0,16,0,0,1,0,0,0,0,0,0
5851,56,10933,0,16,0,0,1,0,0,0,0,0,0
5852,56,10934,0,16,0,0,1,0,0,0,0,0,0
5855,56,10960,0,16,0,0,1,0,0,0,0,0,0
5856,56,10961,0,16,0,0,1,0,0,0,0,0,0
5869,56,10880,0,16,0,0,1,0,0,0,0,0,0
5870,56,10881,0,16,0,0,1,0,0,0,0,0,0
8178,56,15237,0,16,0,0,1,0,0,0,0,0,0
8275,56,14914,0,16,0,0,1,0,0,0,0,0,0
8277,56,15262,0,16,0,0,1,0,0,0,0,0,0
8278,56,15263,0,16,0,0,1,0,0,0,0,0,0
8279,56,15264,0,16,0,0,1,0,0,0,0,0,0
8280,56,15265,0,16,0,0,1,0,0,0,0,0,0
8281,56,15266,0,16,0,0,1,0,0,0,0,0,0
8282,56,15267,0,16,0,0,1,0,0,0,0,0,0
8283,56,14889,0,0,0,0,1,0,0,0,0,0,0
8284,56,15008,0,0,0,0,1,0,0,0,0,0,0
8285,56,15009,0,0,0,0,1,0,0,0,0,0,0
8286,56,15010,0,0,0,0,1,0,0,0,0,0,0
8287,56,15011,0,0,0,0,1,0,0,0,0,0,0
8288,56,14913,0,0,0,0,1,0,0,0,0,0,0
8289,56,15012,0,0,0,0,1,0,0,0,0,0,0
8290,56,14912,0,0,0,0,1,0,0,0,0,0,0
8291,56,15013,0,0,0,0,1,0,0,0,0,0,0
8292,56,15014,0,0,0,0,1,0,0,0,0,0,0
8295,56,14909,0,0,0,0,1,0,0,0,0,0,0
8296,56,15017,0,0,0,0,1,0,0,0,0,0,0
8297,56,14911,0,0,0,0,1,0,0,0,0,0,0
8298,56,15018,0,0,0,0,1,0,0,0,0,0,0
8300,56,14908,0,0,0,0,1,0,0,0,0,0,0
8301,56,15020,0,0,0,0,1,0,0,0,0,0,0
8307,56,14892,0,0,0,0,1,0,0,0,0,0,0
8308,56,15362,0,0,0,0,1,0,0,0,0,0,0
8309,56,15363,0,0,0,0,1,0,0,0,0,0,0
8317,56,14898,0,0,0,0,1,0,0,0,0,0,0
8319,56,15349,0,0,0,0,1,0,0,0,0,0,0
8320,56,15354,0,0,0,0,1,0,0,0,0,0,0
8321,56,15355,0,0,0,0,1,0,0,0,0,0,0
8322,56,15356,0,0,0,0,1,0,0,0,0,0,0
8323,56,14901,0,0,0,0,1,0,0,0,0,0,0
8324,56,15028,0,0,0,0,1,0,0,0,0,0,0
8325,56,15029,0,0,0,0,1,0,0,0,0,0,0
8326,56,15030,0,0,0,0,1,0,0,0,0,0,0
8327,56,15031,0,0,0,0,1,0,0,0,0,0,0
8356,56,15430,0,16,0,0,1,0,0,0,0,0,0
8357,56,15431,0,16,0,0,1,0,0,0,0,0,0
9599,56,17191,0,0,0,0,1,0,0,0,0,0,0
10465,56,18530,0,0,0,0,1,0,0,0,0,0,0
10466,56,18531,0,0,0,0,1,0,0,0,0,0,0
10467,56,18533,0,0,0,0,1,0,0,0,0,0,0
10468,56,18534,0,0,0,0,1,0,0,0,0,0,0
10469,56,18535,0,0,0,0,1,0,0,0,0,0,0
10616,56,15261,0,16,0,0,1,0,0,0,0,0,0
10839,56,19236,0,16,0,0,1,0,0,0,0,0,0
10840,56,19238,0,16,0,0,1,0,0,0,0,0,0
10841,56,19240,0,16,0,0,1,0,0,0,0,0,0
10842,56,19241,0,16,0,0,1,0,0,0,0,0,0
10843,56,19242,0,16,0,0,1,0,0,0,0,0,0
10844,56,19243,0,16,0,0,1,0,0,0,0,0,0
11782,56,20711,0,0,0,0,1,0,0,0,0,0,0
11793,56,20770,0,16,0,0,1,0,0,0,0,0,0
12601,56,23455,0,16,0,0,1,0,0,0,0,0,0
12602,56,23458,0,16,0,0,1,0,0,0,0,0,0
12603,56,23459,0,16,0,0,1,0,0,0,0,0,0
13185,56,25210,0,16,0,0,1,0,0,0,0,0,0
13186,56,25213,0,16,0,0,1,0,0,0,0,0,0
13189,56,25221,0,16,0,0,1,0,0,0,0,0,0
13190,56,25222,0,16,0,0,1,0,0,0,0,0,0
13191,56,25233,0,16,0,0,1,0,0,0,0,0,0
13192,56,25235,0,16,0,0,1,0,0,0,0,0,0
13194,56,25308,0,16,0,0,1,0,0,0,0,0,0
13213,56,25314,0,16,0,0,1,0,0,0,0,0,0
13214,56,25314,0,16,0,0,1,0,0,0,0,0,0
13215,56,25315,0,16,0,0,1,0,0,0,0,0,0
13216,56,25316,0,16,0,0,1,0,0,0,0,0,0
13220,56,25331,0,16,0,0,1,0,0,0,0,0,0
13221,56,25329,0,16,0,0,1,0,0,0,0,0,0
13222,56,25363,0,16,0,0,1,0,0,0,0,0,0
13223,56,25364,0,16,0,0,1,0,0,0,0,0,0
13252,56,25384,0,16,0,0,1,0,0,0,0,0,0
13267,56,25435,0,16,0,0,1,0,0,0,0,0,0
13268,56,25437,0,16,0,0,1,0,0,0,0,0,0
13823,56,27789,0,16,0,0,1,0,0,0,0,0,0
13824,56,27790,0,16,0,0,1,0,0,0,0,0,0
13825,56,27799,0,16,0,0,1,0,0,0,0,0,0
13826,56,27803,0,16,0,0,1,0,0,0,0,0,0
13827,56,27800,0,16,0,0,1,0,0,0,0,0,0
13828,56,27804,0,16,0,0,1,0,0,0,0,0,0
13829,56,27801,0,16,0,0,1,0,0,0,0,0,0
13830,56,27805,0,16,0,0,1,0,0,0,0,0,0
13832,56,27811,0,16,0,0,1,0,0,0,0,0,0
13833,56,27813,0,16,0,0,1,0,0,0,0,0,0
13834,56,27815,0,16,0,0,1,0,0,0,0,0,0
13835,56,27817,0,16,0,0,1,0,0,0,0,0,0
13836,56,27816,0,16,0,0,1,0,0,0,0,0,0
13837,56,27818,0,16,0,0,1,0,0,0,0,0,0
13838,56,724,0,16,0,0,1,0,0,0,0,0,0
13839,56,7001,0,16,0,0,1,0,0,0,0,0,0
13850,56,27870,0,16,0,0,1,0,0,0,0,0,0
13851,56,27871,0,16,0,0,1,0,0,0,0,0,0
13852,56,27873,0,16,0,0,1,0,0,0,0,0,0
13853,56,27874,0,16,0,0,1,0,0,0,0,0,0
13854,56,27900,0,16,0,0,1,0,0,0,0,0,0
13855,56,27901,0,16,0,0,1,0,0,0,0,0,0
13856,56,27902,0,16,0,0,1,0,0,0,0,0,0
13857,56,27903,0,16,0,0,1,0,0,0,0,0,0
13858,56,27904,0,16,0,0,1,0,0,0,0,0,0
14944,56,33158,0,16,0,0,1,0,0,0,0,0,0
14945,56,33159,0,16,0,0,1,0,0,0,0,0,0
14946,56,33160,0,16,0,0,1,0,0,0,0,0,0
14947,56,33161,0,16,0,0,1,0,0,0,0,0,0
14948,56,33162,0,16,0,0,1,0,0,0,0,0,0
14949,56,33150,0,16,0,0,1,0,0,0,0,0,0
14950,56,33154,0,16,0,0,1,0,0,0,0,0,0
14954,56,33151,0,16,0,0,1,0,0,0,0,0,0
14955,56,33142,0,16,0,0,1,0,0,0,0,0,0
14956,56,33145,0,16,0,0,1,0,0,0,0,0,0
14957,56,33146,0,16,0,0,1,0,0,0,0,0,0
14958,56,33143,0,16,0,0,1,0,0,0,0,0,0
15018,56,33076,0,16,0,0,1,0,0,0,0,0,0
15019,56,32546,0,16,0,0,1,0,0,0,0,0,0
15050,56,28275,0,16,0,0,1,0,0,0,0,0,0
15051,56,28276,0,16,0,0,1,0,0,0,0,0,0
15250,56,34753,0,16,0,0,1,0,0,0,0,0,0
15251,56,34754,0,16,0,0,1,0,0,0,0,0,0
15261,56,34859,0,16,0,0,1,0,0,0,0,0,0
15262,56,34860,0,16,0,0,1,0,0,0,0,0,0
15263,56,34861,0,16,0,0,1,0,0,0,0,0,0
15264,56,34863,0,16,0,0,1,0,0,0,0,0,0
15265,56,34864,0,16,0,0,1,0,0,0,0,0,0
15266,56,34865,0,16,0,0,1,0,0,0,0,0,0
15267,56,34866,0,16,0,0,1,0,0,0,0,0,0
16519,56,48062,0,16,0,0,1,0,0,0,0,0,0
16520,56,48063,0,16,0,0,1,0,0,0,0,0,0
16523,56,48067,0,16,0,0,1,0,0,0,0,0,0
16524,56,48068,0,16,0,0,1,0,0,0,0,0,0
16525,56,48070,0,16,0,0,1,0,0,0,0,0,0
16526,56,48071,0,16,0,0,1,0,0,0,0,0,0
16527,56,48072,0,16,0,0,1,0,0,0,0,0,0
16530,56,48077,0,16,0,0,1,0,0,0,0,0,0
16531,56,48075,0,16,0,0,1,0,0,0,0,0,0
16532,56,48078,0,16,0,0,1,0,0,0,0,0,0
16533,56,48076,0,16,0,0,1,0,0,0,0,0,0
16534,56,48086,0,16,0,0,1,0,0,0,0,0,0
16535,56,48087,0,16,0,0,1,0,0,0,0,0,0
16536,56,48084,0,16,0,0,1,0,0,0,0,0,0
16537,56,48085,0,16,0,0,1,0,0,0,0,0,0
16538,56,48088,0,16,0,0,1,0,0,0,0,0,0
16539,56,48089,0,16,0,0,1,0,0,0,0,0,0
16540,56,48112,0,16,0,0,1,0,0,0,0,0,0
16541,56,48113,0,16,0,0,1,0,0,0,0,0,0
16544,56,48119,0,16,0,0,1,0,0,0,0,0,0
16545,56,48120,0,16,0,0,1,0,0,0,0,0,0
16547,56,48122,0,16,0,0,1,0,0,0,0,0,0
16548,56,48123,0,16,0,0,1,0,0,0,0,0,0
16555,56,48134,0,16,0,0,1,0,0,0,0,0,0
16556,56,48135,0,16,0,0,1,0,0,0,0,0,0
16584,56,48171,0,16,0,0,1,0,0,0,0,0,0
16585,56,48172,0,16,0,0,1,0,0,0,0,0,0
16586,56,48173,0,16,0,0,1,0,0,0,0,0,0
16894,56,47558,0,0,0,0,1,0,0,0,0,0,0
16895,56,47559,0,0,0,0,1,0,0,0,0,0,0
16896,56,47560,0,0,0,0,1,0,0,0,0,0,0
16897,56,47562,0,0,0,0,1,0,0,0,0,0,0
16898,56,47564,0,0,0,0,1,0,0,0,0,0,0
16899,56,47565,0,0,0,0,1,0,0,0,0,0,0
16900,56,47566,0,0,0,0,1,0,0,0,0,0,0
16901,56,47567,0,0,0,0,1,0,0,0,0,0,0
16902,56,47788,0,0,0,0,1,0,0,0,0,0,0
19211,56,48153,0,0,0,0,1,0,0,0,0,0,0
20871,56,63730,0,0,0,0,1,0,0,0,0,0,0
20872,56,63737,0,0,0,0,1,0,0,0,0,0,0
20873,56,63733,0,0,0,0,1,0,0,0,0,0,0
20874,56,63735,0,0,0,0,1,0,0,0,0,0,0
20875,56,63731,0,0,0,0,1,0,0,0,0,0,0
20876,56,63734,0,0,0,0,1,0,0,0,0,0,0
20899,56,63534,0,0,0,0,1,0,0,0,0,0,0
20900,56,63542,0,0,0,0,1,0,0,0,0,0,0
20901,56,63543,0,0,0,0,1,0,0,0,0,0,0
20921,56,64127,0,0,0,0,1,0,0,0,0,0,0
20922,56,64129,0,0,0,0,1,0,0,0,0,0,0
21025,56,64843,0,16,0,0,1,0,0,0,0,0,0
21027,56,64901,0,0,0,0,1,0,0,0,0,0,0
21028,56,64904,0,0,0,0,1,0,0,0,0,0,0
21072,56,56161,0,0,0,0,1,0,0,0,0,0,0
21285,56,64844,0,16,0,0,1,0,0,0,0,0,0
21319,56,33110,0,0,0,0,1,0,0,0,0,0,0
21614,56,70772,0,0,0,0,1,0,0,0,0,0,0
2337,78,976,0,16,0,0,1,0,0,0,0,0,0
2340,78,605,0,16,0,0,1,0,0,0,0,0,0
2346,78,589,0,16,0,0,1,0,0,0,0,0,0
2347,78,594,0,16,0,0,1,0,0,0,0,0,0
2348,78,970,0,16,0,0,1,0,0,0,0,0,0
2349,78,992,0,16,0,0,1,0,0,0,0,0,0
2350,78,2767,0,16,0,0,1,0,0,0,0,0,0
4025,78,2096,0,16,0,0,1,0,0,0,0,0,0
4522,78,8092,0,16,0,0,1,0,0,0,0,0,0
4523,78,8102,0,16,0,0,1,0,0,0,0,0,0
4524,78,8103,0,16,0,0,1,0,0,0,0,0,0
4525,78,8104,0,16,0,0,1,0,0,0,0,0,0
4526,78,8105,0,16,0,0,1,0,0,0,0,0,0
4527,78,8106,0,16,0,0,1,0,0,0,0,0,0
4528,78,8122,0,16,0,0,1,0,0,0,0,0,0
4529,78,8124,0,16,0,0,1,0,0,0,0,0,0
4545,78,453,0,16,0,0,1,0,0,0,0,0,0
5166,78,586,0,16,0,0,1,0,0,0,0,0,0
5831,78,10957,0,16,0,0,1,0,0,0,0,0,0
5832,78,10958,0,16,0,0,1,0,0,0,0,0,0
5833,78,10888,0,16,0,0,1,0,0,0,0,0,0
5834,78,10890,0,16,0,0,1,0,0,0,0,0,0
5835,78,10892,0,16,0,0,1,0,0,0,0,0,0
5836,78,10893,0,16,0,0,1,0,0,0,0,0,0
5837,78,10894,0,16,0,0,1,0,0,0,0,0,0
5859,78,10909,0,16,0,0,1,0,0,0,0,0,0
5862,78,10945,0,16,0,0,1,0,0,0,0,0,0
5863,78,10946,0,16,0,0,1,0,0,0,0,0,0
5864,78,10947,0,16,0,0,1,0,0,0,0,0,0
8236,78,15259,0,16,0,0,1,0,0,0,0,0,0
8237,78,15307,0,16,0,0,1,0,0,0,0,0,0
8238,78,15308,0,16,0,0,1,0,0,0,0,0,0
8239,78,15309,0,16,0,0,1,0,0,0,0,0,0
8240,78,15310,0,16,0,0,1,0,0,0,0,0,0
8241,78,15274,0,16,0,0,1,0,0,0,0,0,0
8242,78,15311,0,16,0,0,1,0,0,0,0,0,0
8243,78,15273,0,16,0,0,1,0,0,0,0,0,0
8244,78,15312,0,16,0,0,1,0,0,0,0,0,0
8245,78,15313,0,16,0,0,1,0,0,0,0,0,0
8246,78,15314,0,16,0,0,1,0,0,0,0,0,0
8247,78,15316,0,16,0,0,1,0,0,0,0,0,0
8248,78,15275,0,16,0,0,1,0,0,0,0,0,0
8249,78,15317,0,16,0,0,1,0,0,0,0,0,0
8250,78,15318,0,16,0,0,1,0,0,0,0,0,0
8251,78,15272,0,16,0,0,1,0,0,0,0,0,0
8252,78,15320,0,16,0,0,1,0,0,0,0,0,0
8262,78,15327,0,16,0,0,1,0,0,0,0,0,0
8263,78,15260,0,16,0,0,1,0,0,0,0,0,0
8264,78,15328,0,16,0,0,1,0,0,0,0,0,0
8266,78,15257,0,16,0,0,1,0,0,0,0,0,0
8267,78,15331,0,16,0,0,1,0,0,0,0,0,0
8268,78,15332,0,16,0,0,1,0,0,0,0,0,0
8270,78,15270,0,16,0,0,1,0,0,0,0,0,0
8271,78,15335,0,16,0,0,1,0,0,0,0,0,0
8272,78,15336,0,16,0,0,1,0,0,0,0,0,0
8273,78,15337,0,16,0,0,1,0,0,0,0,0,0
8274,78,15338,0,16,0,0,1,0,0,0,0,0,0
8328,78,15286,0,16,0,0,1,0,0,0,0,0,0
8336,78,15407,0,16,0,0,1,0,0,0,0,0,0
8376,78,15487,0,16,0,0,1,0,0,0,0,0,0
8377,78,15392,0,16,0,0,1,0,0,0,0,0,0
8378,78,15448,0,16,0,0,1,0,0,0,0,0,0
9836,78,17311,0,16,0,0,1,0,0,0,0,0,0
9837,78,17312,0,16,0,0,1,0,0,0,0,0,0
9838,78,17313,0,16,0,0,1,0,0,0,0,0,0
9839,78,17314,0,16,0,0,1,0,0,0,0,0,0
9841,78,17322,0,16,0,0,1,0,0,0,0,0,0
9842,78,17323,0,16,0,0,1,0,0,0,0,0,0
10180,78,2944,0,16,0,0,1,0,0,0,0,0,0
10617,78,18807,0,16,0,0,1,0,0,0,0,0,0
10876,78,19276,0,16,0,0,1,0,0,0,0,0,0
10877,78,19277,0,16,0,0,1,0,0,0,0,0,0
10878,78,19278,0,16,0,0,1,0,0,0,0,0,0
10879,78,19279,0,16,0,0,1,0,0,0,0,0,0
10880,78,19280,0,16,0,0,1,0,0,0,0,0,0
13224,78,25367,0,16,0,0,1,0,0,0,0,0,0
13225,78,25368,0,16,0,0,1,0,0,0,0,0,0
13241,78,25372,0,16,0,0,1,0,0,0,0,0,0
13242,78,25375,0,16,0,0,1,0,0,0,0,0,0
13253,78,25387,0,16,0,0,1,0,0,0,0,0,0
13265,78,25433,0,16,0,0,1,0,0,0,0,0,0
13282,78,25467,0,16,0,0,1,0,0,0,0,0,0
13810,78,27683,0,16,0,0,1,0,0,0,0,0,0
13846,78,27839,0,16,0,0,1,0,0,0,0,0,0
13847,78,27840,0,16,0,0,1,0,0,0,0,0,0
14839,78,32379,0,16,0,0,1,0,0,0,0,0,0
14938,78,32996,0,16,0,0,1,0,0,0,0,0,0
14982,78,33221,0,16,0,0,1,0,0,0,0,0,0
14983,78,33222,0,16,0,0,1,0,0,0,0,0,0
14984,78,33223,0,16,0,0,1,0,0,0,0,0,0
14985,78,33224,0,16,0,0,1,0,0,0,0,0,0
14986,78,33225,0,16,0,0,1,0,0,0,0,0,0
14987,78,33213,0,16,0,0,1,0,0,0,0,0,0
14988,78,33214,0,16,0,0,1,0,0,0,0,0,0
14989,78,33215,0,16,0,0,1,0,0,0,0,0,0
15024,78,14910,0,16,0,0,1,0,0,0,0,0,0
15025,78,33371,0,16,0,0,1,0,0,0,0,0,0
15249,78,34433,0,16,0,0,1,0,0,0,0,0,0
15294,78,33191,0,16,0,0,1,0,0,0,0,0,0
15295,78,33192,0,16,0,0,1,0,0,0,0,0,0
15296,78,33193,0,16,0,0,1,0,0,0,0,0,0
15299,78,33196,0,16,0,0,1,0,0,0,0,0,0
15300,78,33197,0,16,0,0,1,0,0,0,0,0,0
15301,78,33198,0,16,0,0,1,0,0,0,0,0,0
15306,78,34914,0,16,0,0,1,0,0,0,0,0,0
15307,78,34916,0,16,0,0,1,0,0,0,0,0,0
15308,78,34917,0,16,0,0,1,0,0,0,0,0,0
15310,78,34919,0,16,0,0,1,0,0,0,0,0,0
15754,78,39374,0,16,0,0,1,0,0,0,0,0,0
16550,78,48124,0,16,0,0,1,0,0,0,0,0,0
16551,78,48125,0,16,0,0,1,0,0,0,0,0,0
16552,78,48126,0,16,0,0,1,0,0,0,0,0,0
16553,78,48127,0,16,0,0,1,0,0,0,0,0,0
16566,78,47585,0,0,0,0,1,0,0,0,0,0,0
16571,78,48155,0,16,0,0,1,0,0,0,0,0,0
16572,78,48156,0,16,0,0,1,0,0,0,0,0,0
16573,78,48157,0,16,0,0,1,0,0,0,0,0,0
16574,78,48158,0,16,0,0,1,0,0,0,0,0,0
16575,78,48159,0,16,0,0,1,0,0,0,0,0,0
16576,78,48160,0,16,0,0,1,0,0,0,0,0,0
16582,78,48169,0,16,0,0,1,0,0,0,0,0,0
16583,78,48170,0,16,0,0,1,0,0,0,0,0,0
16605,78,48299,0,16,0,0,1,0,0,0,0,0,0
16606,78,48300,0,16,0,0,1,0,0,0,0,0,0
16876,78,47569,0,0,0,0,1,0,0,0,0,0,0
16877,78,47570,0,0,0,0,1,0,0,0,0,0,0
16878,78,47571,0,0,0,0,1,0,0,0,0,0,0
16879,78,47572,0,0,0,0,1,0,0,0,0,0,0
16880,78,47573,0,0,0,0,1,0,0,0,0,0,0
16881,78,47577,0,0,0,0,1,0,0,0,0,0,0
16882,78,47578,0,0,0,0,1,0,0,0,0,0,0
16883,78,47580,0,0,0,0,1,0,0,0,0,0,0
16884,78,47581,0,0,0,0,1,0,0,0,0,0,0
16885,78,47582,0,0,0,0,1,0,0,0,0,0,0
17182,78,48045,0,16,0,0,1,0,0,0,0,0,0
17891,78,51166,0,0,0,0,1,0,0,0,0,0,0
17892,78,51167,0,0,0,0,1,0,0,0,0,0,0
17967,78,49821,0,0,0,0,1,0,0,0,0,0,0
17968,78,53022,0,0,0,0,1,0,0,0,0,0,0
17969,78,53023,0,0,0,0,1,0,0,0,0,0,0
20488,78,15473,0,0,0,0,1,0,0,0,0,0,0
20489,78,49868,0,0,0,0,1,0,0,0,0,0,0
20904,78,63625,0,0,0,0,1,0,0,0,0,0,0
20905,78,63626,0,0,0,0,1,0,0,0,0,0,0
20906,78,63627,0,0,0,0,1,0,0,0,0,0,0
20915,78,64044,0,0,0,0,1,0,0,0,0,0,0
20916,78,64058,0,0,0,0,1,0,0,0,0,0,0
21980,78,58381,0,0,0,0,1,0,0,0,0,0,0
490,95,204,0,0,0,0,1,0,2,0,0,0,0
689,95,81,0,0,0,0,1,0,2,0,0,0,0
1424,95,522,0,0,0,0,1,0,2,0,0,0,0
2200,95,107,0,67,0,0,1,0,2,0,0,0,0
2201,95,3127,0,15,0,0,1,0,0,0,0,0,0
3370,95,5301,0,1,0,0,1,0,2,0,0,0,0
7336,95,13358,0,4,0,0,1,0,2,0,0,0,0
10636,95,18848,0,64,0,0,1,0,0,0,0,0,0
13068,95,16092,0,8,0,0,1,0,2,0,0,0,0
13093,95,24949,0,4,0,0,1,0,2,0,0,0,0
15058,95,32215,0,1,0,0,1,0,2,0,0,0,0
16245,95,45903,0,32,0,0,1,0,2,0,0,0,0
17542,95,3127,0,32,0,0,1,0,1,0,0,0,0
590,98,668,102763597,0,0,0,1,0,2,0,0,0,0
11724,101,2481,4,0,0,0,1,0,2,0,0,0,0
11725,101,20596,4,0,0,0,1,0,2,0,0,0,0
11726,101,20595,4,0,0,0,1,0,2,0,0,0,0
11727,101,20594,4,0,0,0,1,0,2,0,0,0,0
20143,101,59224,4,0,0,0,1,0,2,0,0,0,0
592,109,669,29361074,0,0,0,1,0,2,0,0,0,0
594,111,672,4,0,0,0,1,0,2,0,0,0,0
596,113,671,8,0,0,0,1,0,2,0,0,0,0
598,115,670,32,0,0,0,1,0,2,0,0,0,0
610,118,674,0,109,0,0,1,0,2,0,0,0,0
11696,124,20549,32,0,0,0,1,0,2,0,0,0,0
11697,124,20550,32,0,0,0,1,0,2,0,0,0,0
11698,124,20551,32,0,0,0,1,0,2,0,0,0,0
11699,124,20552,32,0,0,0,1,0,2,0,0,0,0
11708,125,20572,2,45,0,0,1,0,2,0,0,0,0
11709,125,20573,2,0,0,0,1,0,2,0,0,0,0
11710,125,20574,2,0,0,0,1,0,2,0,0,0,0
11711,125,20575,2,256,0,0,1,0,2,0,0,0,0
11712,125,20576,2,4,0,0,1,0,2,0,0,0,0
12041,125,21563,2,1179,0,0,1,0,2,0,0,0,0
15034,125,33702,2,256,0,0,1,0,2,0,0,0,0
15035,125,33697,2,64,0,0,1,0,2,0,0,0,0
18904,125,54562,2,32,0,0,1,0,2,0,0,0,0
21040,125,65222,2,64,0,0,1,0,2,0,0,0,0
11717,126,20583,8,0,0,0,1,0,2,0,0,0,0
11718,126,20582,8,0,0,0,1,0,2,0,0,0,0
11719,126,20585,8,0,0,0,1,0,2,0,0,0,0
20207,126,58984,8,0,0,0,1,0,2,0,0,0,0
20665,126,21009,8,1085,0,0,1,0,2,0,0,0,0
1836,129,3273,0,0,0,0,1,3274,0,0,0,0,0
1837,129,3274,0,0,0,0,1,7924,0,0,0,0,0
1838,129,3275,0,0,0,0,1,0,1,60,30,0,0
1839,129,3276,0,1503,0,0,1,0,0,100,50,0,0
1840,129,3277,0,1503,0,0,1,0,0,150,80,0,0
1841,129,3278,0,1503,0,0,1,0,0,185,115,0,0
4414,129,7928,0,1503,0,0,1,0,0,210,150,0,0
4415,129,7929,0,1503,0,0,1,0,0,240,180,0,0
4416,129,7924,0,0,0,0,1,10846,0,0,0,0,0
4417,129,7934,0,1503,0,0,1,0,0,150,80,0,0
4418,129,7935,0,0,0,0,1,0,0,200,130,0,0
5766,129,10846,0,1503,0,0,1,27028,0,0,0,0,0
5767,129,10840,0,1503,0,0,1,0,0,270,210,0,0
5768,129,10841,0,1503,0,0,1,0,0,300,240,0,0
10488,129,18629,0,1503,0,0,1,0,0,320,260,0,0
10489,129,18630,0,1503,0,0,1,0,0,350,290,0,0
12716,129,23787,0,0,0,0,1,0,0,360,300,0,0
13543,129,27028,0,0,0,0,1,45542,0,0,0,0,0
13544,129,27032,0,0,0,0,1,0,0,365,330,0,0
13546,129,27033,0,0,0,0,1,0,0,375,360,0,0
16202,129,45545,0,0,0,0,1,0,0,410,375,0,0
16203,129,45546,0,0,0,0,1,0,0,470,390,0,0
17155,129,45542,0,0,0,0,1,0,0,0,0,0,0
17878,129,10841,0,32,0,0,1,0,1,300,240,0,0
17879,129,18629,0,32,0,0,1,0,1,320,260,0,0
19181,129,10846,0,32,0,0,1,27028,2,0,0,0,0
20720,129,18630,0,32,0,0,1,0,1,350,290,0,0
17871,129,3276,0,32,0,0,40,0,1,100,50,0,0
17872,129,7934,0,32,0,0,80,0,1,150,80,0,0
17873,129,3277,0,32,0,0,80,0,1,150,80,0,0
17874,129,3278,0,32,0,0,115,0,1,185,115,0,0
17875,129,7928,0,32,0,0,150,0,1,210,150,0,0
17876,129,7929,0,32,0,0,180,0,1,240,180,0,0
17877,129,10840,0,32,0,0,210,0,1,270,210,0,0
716,134,768,0,1024,0,0,1,0,0,0,0,0,0
717,134,779,0,1024,0,0,1,780,0,0,0,0,0
719,134,780,0,1024,0,0,1,769,0,0,0,0,0
862,134,1082,0,1024,0,0,1,3029,0,0,0,0,0
2075,134,1066,0,1024,0,0,1,0,0,0,0,0,0
2077,134,3029,0,1024,0,0,1,5201,0,0,0,0,0
3304,134,99,0,1024,0,0,1,1735,0,0,0,0,0
3305,134,1735,0,1024,0,0,1,9490,0,0,0,0,0
3306,134,5209,0,1024,0,0,1,0,0,0,0,0,0
3307,134,5211,0,1024,0,0,1,6798,0,0,0,0,0
3310,134,5217,0,1024,0,0,1,6793,0,0,0,0,0
3311,134,5221,0,1024,0,0,1,6800,0,0,0,0,0
3313,134,1822,0,1024,0,0,1,1823,0,0,0,0,0
3314,134,1823,0,1024,0,0,1,1824,0,0,0,0,0
3315,134,1824,0,1024,0,0,1,9904,0,0,0,0,0
3318,134,5225,0,1024,0,0,1,0,0,0,0,0,0
3470,134,5487,0,1024,0,0,1,9634,0,0,0,0,0
4060,134,5201,0,1024,0,0,1,9849,0,0,0,0,0
4063,134,6785,0,1024,0,0,1,6787,0,0,0,0,0
4064,134,6787,0,1024,0,0,1,9866,0,0,0,0,0
4067,134,6793,0,1024,0,0,1,9845,0,0,0,0,0
4069,134,3025,0,1024,0,0,1,0,0,0,0,0,0
4071,134,6800,0,1024,0,0,1,8992,0,0,0,0,0
4072,134,5421,0,1024,0,0,1,0,0,0,0,0,0
4073,134,6807,0,1024,0,0,1,6808,0,0,0,0,0
4074,134,6808,0,1024,0,0,1,6809,0,0,0,0,0
4075,134,6809,0,1024,0,0,1,8972,0,0,0,0,0
4140,134,1178,0,1024,0,0,1,0,0,0,0,0,0
4962,134,8972,0,1024,0,0,1,9745,0,0,0,0,0
4966,134,6798,0,1024,0,0,1,8983,0,0,0,0,0
4967,134,8983,0,1024,0,0,1,0,0,0,0,0,0
4968,134,769,0,1024,0,0,1,9754,0,0,0,0,0
4969,134,5229,0,1024,0,0,1,0,0,0,0,0,0
4970,134,8992,0,1024,0,0,1,9829,0,0,0,0,0
4971,134,1850,0,1024,0,0,1,9821,0,0,0,0,0
4972,134,8998,0,1024,0,0,1,9000,0,0,0,0,0
4973,134,9000,0,1024,0,0,1,9892,0,0,0,0,0
4974,134,9005,0,1024,0,0,1,9823,0,0,0,0,0
4975,134,9007,0,1024,0,0,1,9824,0,0,0,0,0
5128,134,9490,0,1024,0,0,1,9747,0,0,0,0,0
5129,134,1079,0,1024,0,0,1,9492,0,0,0,0,0
5130,134,9492,0,1024,0,0,1,9493,0,0,0,0,0
5131,134,9493,0,1024,0,0,1,9752,0,0,0,0,0
5150,134,783,0,1024,0,0,1,0,0,0,0,0,0
5206,134,9745,0,1024,0,0,1,9880,0,0,0,0,0
5207,134,9747,0,1024,0,0,1,9898,0,0,0,0,0
5210,134,9752,0,1024,0,0,1,9894,0,0,0,0,0
5211,134,9754,0,1024,0,0,1,9908,0,0,0,0,0
5246,134,9821,0,1024,0,0,1,33357,0,0,0,0,0
5247,134,9823,0,1024,0,0,1,9827,0,0,0,0,0
5248,134,9827,0,1024,0,0,1,27006,0,0,0,0,0
5249,134,9824,0,1024,0,0,1,9826,0,0,0,0,0
5250,134,9826,0,1024,0,0,1,27007,0,0,0,0,0
5251,134,9829,0,1024,0,0,1,9830,0,0,0,0,0
5252,134,9830,0,1024,0,0,1,27001,0,0,0,0,0
5259,134,9845,0,1024,0,0,1,9846,0,0,0,0,0
5260,134,9846,0,1024,0,0,1,50212,0,0,0,0,0
5261,134,9849,0,1024,0,0,1,9850,0,0,0,0,0
5262,134,9850,0,1024,0,0,1,27000,0,0,0,0,0
5270,134,9866,0,1024,0,0,1,9867,0,0,0,0,0
5271,134,9867,0,1024,0,0,1,27005,0,0,0,0,0
5276,134,9880,0,1024,0,0,1,9881,0,0,0,0,0
5277,134,9881,0,1024,0,0,1,26996,0,0,0,0,0
5280,134,9892,0,1024,0,0,1,31709,0,0,0,0,0
5281,134,9894,0,1024,0,0,1,9896,0,0,0,0,0
5282,134,9896,0,1024,0,0,1,27008,0,0,0,0,0
5283,134,9898,0,1024,0,0,1,26998,0,0,0,0,0
5285,134,9904,0,1024,0,0,1,27003,0,0,0,0,0
5287,134,9908,0,1024,0,0,1,26997,0,0,0,0,0
6036,134,9634,0,1024,0,0,1,0,0,0,0,0,0
6037,134,9635,0,1024,0,0,1,0,0,0,0,0,0
6252,134,5215,0,1024,0,0,1,6783,0,0,0,0,0
6255,134,6795,0,1024,0,0,1,8974,0,0,0,0,0
9457,134,16954,0,0,0,0,1,0,0,0,0,0,0
9459,134,16952,0,0,0,0,1,16954,0,0,0,0,0
9463,134,17002,0,0,0,0,1,0,0,0,0,0,0
9464,134,16979,0,0,0,0,1,0,0,0,0,0,0
9465,134,16934,0,0,0,0,1,0,0,0,0,0,0
9466,134,16935,0,0,0,0,1,0,0,0,0,0,0
9467,134,16936,0,0,0,0,1,0,0,0,0,0,0
9468,134,16937,0,0,0,0,1,0,0,0,0,0,0
9469,134,16938,0,0,0,0,1,0,0,0,0,0,0
9470,134,16940,0,0,0,0,1,0,0,0,0,0,0
9471,134,16941,0,0,0,0,1,0,0,0,0,0,0
9472,134,16858,0,0,0,0,1,0,0,0,0,0,0
9473,134,16859,0,0,0,0,1,0,0,0,0,0,0
9474,134,16860,0,0,0,0,1,0,0,0,0,0,0
9475,134,16861,0,0,0,0,1,0,0,0,0,0,0
9476,134,16862,0,0,0,0,1,0,0,0,0,0,0
9479,134,16947,0,0,0,0,1,0,0,0,0,0,0
9480,134,16948,0,0,0,0,1,0,0,0,0,0,0
9481,134,16949,0,0,0,0,1,0,0,0,0,0,0
9484,134,16998,0,0,0,0,1,0,0,0,0,0,0
9485,134,16999,0,0,0,0,1,0,0,0,0,0,0
9486,134,16966,0,0,0,0,1,0,0,0,0,0,0
9487,134,16968,0,0,0,0,1,0,0,0,0,0,0
9488,134,16972,0,0,0,0,1,0,0,0,0,0,0
9489,134,16974,0,0,0,0,1,0,0,0,0,0,0
9490,134,16975,0,0,0,0,1,0,0,0,0,0,0
9493,134,16958,0,1024,0,0,1,16961,0,0,0,0,0
9494,134,16961,0,1024,0,0,1,0,0,0,0,0,0
9499,134,16942,0,0,0,0,1,0,0,0,0,0,0
9500,134,16943,0,0,0,0,1,0,0,0,0,0,0
9501,134,16944,0,0,0,0,1,0,0,0,0,0,0
9504,134,17003,0,0,0,0,1,0,0,0,0,0,0
9505,134,17004,0,0,0,0,1,0,0,0,0,0,0
9506,134,17005,0,0,0,0,1,0,0,0,0,0,0
9507,134,17006,0,0,0,0,1,0,0,0,0,0,0
9508,134,16929,0,0,0,0,1,0,0,0,0,0,0
9509,134,16930,0,0,0,0,1,0,0,0,0,0,0
9510,134,16931,0,0,0,0,1,0,0,0,0,0,0
10460,134,16857,0,1024,0,0,1,0,0,0,0,0,0
11780,134,20719,0,1024,0,0,1,0,0,0,0,0,0
12016,134,21178,0,1024,0,0,1,0,0,0,0,0,0
12256,134,22568,0,1024,0,0,1,22827,0,0,0,0,0
12257,134,22570,0,1024,0,0,1,49802,0,0,0,0,0
12327,134,22827,0,1024,0,0,1,22828,0,0,0,0,0
12328,134,22828,0,1024,0,0,1,22829,0,0,0,0,0
12329,134,22829,0,1024,0,0,1,31018,0,0,0,0,0
12345,134,22842,0,1024,0,0,1,22895,0,0,0,0,0
12348,134,22845,0,1024,0,0,1,0,0,0,0,0,0
13061,134,24866,0,0,0,0,1,0,0,0,0,0,0
13069,134,24894,0,0,0,0,1,0,0,0,0,0,0
13085,134,17007,0,1024,0,0,1,0,0,0,0,0,0
13581,134,26996,0,1024,0,0,1,48479,0,0,0,0,0
13582,134,26998,0,1024,0,0,1,48559,0,0,0,0,0
13583,134,26997,0,1024,0,0,1,48561,0,0,0,0,0
13585,134,27000,0,1024,0,0,1,48569,0,0,0,0,0
13586,134,27008,0,1024,0,0,1,49799,0,0,0,0,0
13587,134,27002,0,1024,0,0,1,48571,0,0,0,0,0
13588,134,27001,0,1024,0,0,1,27002,0,0,0,0,0
13589,134,27003,0,1024,0,0,1,48573,0,0,0,0,0
13590,134,27004,0,1024,0,0,1,48575,0,0,0,0,0
13591,134,24248,0,1024,0,0,1,48576,0,0,0,0,0
13592,134,27005,0,1024,0,0,1,48578,0,0,0,0,0
13593,134,27006,0,1024,0,0,1,49803,0,0,0,0,0
13594,134,27007,0,1024,0,0,1,49804,0,0,0,0,0
14491,134,31018,0,1024,0,0,1,24248,0,0,0,0,0
14708,134,31709,0,1024,0,0,1,27004,0,0,0,0,0
15020,134,33357,0,1024,0,0,1,0,0,0,0,0,0
15048,134,33745,0,1024,0,0,1,48567,0,0,0,0,0
15090,134,33872,0,1024,0,0,1,0,0,0,0,0,0
15091,134,33873,0,1024,0,0,1,0,0,0,0,0,0
15094,134,33851,0,1024,0,0,1,0,0,0,0,0,0
15095,134,33852,0,1024,0,0,1,0,0,0,0,0,0
15096,134,33853,0,1024,0,0,1,0,0,0,0,0,0
15097,134,33855,0,1024,0,0,1,0,0,0,0,0,0
15098,134,33856,0,1024,0,0,1,0,0,0,0,0,0
15101,134,33859,0,1024,0,0,1,0,0,0,0,0,0
15102,134,33866,0,1024,0,0,1,0,0,0,0,0,0
15103,134,33867,0,1024,0,0,1,0,0,0,0,0,0
15106,134,33917,0,1024,0,0,1,0,0,0,0,0,0
15107,134,33878,0,1024,0,0,1,33986,0,0,0,0,0
15108,134,33876,0,1024,0,0,1,33982,0,0,0,0,0
15119,134,33943,0,1024,0,0,1,40120,0,0,0,0,0
15121,134,33957,0,1024,0,0,1,0,0,0,0,0,0
15142,134,33986,0,1024,0,0,1,33987,0,0,0,0,0
15143,134,33982,0,1024,0,0,1,33983,0,0,0,0,0
15144,134,33987,0,1024,0,0,1,48563,0,0,0,0,0
15145,134,33983,0,1024,0,0,1,48565,0,0,0,0,0
15164,134,34297,0,1024,0,0,1,0,0,0,0,0,0
15165,134,34300,0,1024,0,0,1,0,0,0,0,0,0
15167,134,34299,0,1024,0,0,1,0,0,0,0,0,0
15703,134,37116,0,1024,0,0,1,0,0,0,0,0,0
15704,134,37117,0,1024,0,0,1,0,0,0,0,0,0
15832,134,40120,0,1024,0,0,1,0,0,0,0,0,0
16646,134,48479,0,1024,0,0,1,48480,0,0,0,0,0
16647,134,48480,0,1024,0,0,1,0,0,0,0,0,0
16649,134,48559,0,1024,0,0,1,48560,0,0,0,0,0
16650,134,48560,0,1024,0,0,1,0,0,0,0,0,0
16651,134,48561,0,1024,0,0,1,48562,0,0,0,0,0
16652,134,48562,0,1024,0,0,1,0,0,0,0,0,0
16653,134,48563,0,1024,0,0,1,48564,0,0,0,0,0
16654,134,48565,0,1024,0,0,1,48566,0,0,0,0,0
16655,134,48564,0,1024,0,0,1,0,0,0,0,0,0
16656,134,48566,0,1024,0,0,1,0,0,0,0,0,0
16657,134,48567,0,1024,0,0,1,48568,0,0,0,0,0
16658,134,48568,0,1024,0,0,1,0,0,0,0,0,0
16659,134,48569,0,1024,0,0,1,48570,0,0,0,0,0
16660,134,48570,0,1024,0,0,1,0,0,0,0,0,0
16661,134,48571,0,1024,0,0,1,48572,0,0,0,0,0
16662,134,48572,0,1024,0,0,1,0,0,0,0,0,0
16663,134,48573,0,1024,0,0,1,48574,0,0,0,0,0
16664,134,48574,0,0,0,0,1,0,0,0,0,0,0
16665,134,48575,0,1024,0,0,1,0,0,0,0,0,0
16666,134,48576,0,1024,0,0,1,48577,0,0,0,0,0
16667,134,48577,0,1024,0,0,1,0,0,0,0,0,0
16668,134,48578,0,1024,0,0,1,48579,0,0,0,0,0
16669,134,48579,0,1024,0,0,1,0,0,0,0,0,0
16994,134,48409,0,0,0,0,1,0,0,0,0,0,0
16995,134,48410,0,0,0,0,1,0,0,0,0,0,0
16996,134,48532,0,0,0,0,1,0,0,0,0,0,0
16997,134,48489,0,0,0,0,1,0,0,0,0,0,0
16998,134,48491,0,0,0,0,1,0,0,0,0,0,0
17005,134,49376,0,0,0,0,1,0,0,0,0,0,0
17006,134,49377,0,0,0,0,1,0,0,0,0,0,0
17177,134,49799,0,1024,0,0,1,49800,0,0,0,0,0
17178,134,49800,0,1024,0,0,1,0,0,0,0,0,0
17179,134,49803,0,1024,0,0,1,0,0,0,0,0,0
17180,134,49804,0,1024,0,0,1,0,0,0,0,0,0
17181,134,49802,0,1024,0,0,1,0,0,0,0,0,0
17339,134,48532,0,0,0,0,1,0,0,0,0,0,0
17340,134,48489,0,0,0,0,1,0,0,0,0,0,0
17341,134,48491,0,0,0,0,1,0,0,0,0,0,0
17342,134,48483,0,0,0,0,1,0,0,0,0,0,0
17343,134,48484,0,0,0,0,1,0,0,0,0,0,0
17344,134,48485,0,0,0,0,1,0,0,0,0,0,0
17347,134,48492,0,0,0,0,1,0,0,0,0,0,0
17348,134,48494,0,0,0,0,1,0,0,0,0,0,0
17349,134,48495,0,0,0,0,1,0,0,0,0,0,0
17350,134,48432,0,0,0,0,1,0,0,0,0,0,0
17351,134,48433,0,0,0,0,1,0,0,0,0,0,0
17352,134,48434,0,0,0,0,1,0,0,0,0,0,0
17353,134,48409,0,0,0,0,1,0,0,0,0,0,0
17354,134,48410,0,0,0,0,1,0,0,0,0,0,0
17421,134,50212,0,0,0,0,1,50213,0,0,0,0,0
17422,134,50213,0,0,0,0,1,0,0,0,0,0,0
17448,134,50322,0,0,0,0,1,0,0,0,0,0,0
17449,134,50334,0,1024,0,0,1,0,0,0,0,0,0
17507,134,48411,0,0,0,0,1,0,0,0,0,0,0
17508,134,48412,0,0,0,0,1,0,0,0,0,0,0
17588,134,51268,0,0,0,0,1,0,0,0,0,0,0
17589,134,51269,0,0,0,0,1,0,0,0,0,0,0
17890,134,52610,0,1024,0,0,1,0,0,0,0,0,0
20124,134,57873,0,0,0,0,1,0,0,0,0,0,0
20125,134,57876,0,0,0,0,1,0,0,0,0,0,0
20126,134,57877,0,0,0,0,1,0,0,0,0,0,0
20127,134,57878,0,0,0,0,1,0,0,0,0,0,0
20128,134,57880,0,0,0,0,1,0,0,0,0,0,0
20129,134,57881,0,0,0,0,1,0,0,0,0,0,0
20633,134,61336,0,1024,0,0,1,0,0,0,0,0,0
20741,134,62078,0,1024,0,0,1,0,0,0,0,0,0
20794,134,62600,0,1024,0,0,1,0,0,0,0,0,0
20888,134,63503,0,1024,0,0,1,0,0,0,0,0,0
21284,134,68484,0,1024,0,0,1,0,0,0,0,0,0
700,136,227,0,1493,0,0,1,0,2,0,0,0,0
727,137,813,512,0,0,0,1,0,2,0,0,0,0
725,138,814,0,0,0,0,1,0,2,0,0,0,0
724,139,815,0,0,0,0,1,0,2,0,0,0,0
728,140,816,0,0,0,0,1,0,2,0,0,0,0
726,141,817,0,0,0,0,1,0,2,0,0,0,0
2503,142,818,0,0,0,0,1,0,0,75,25,0,0
4044,148,824,0,0,0,0,1,0,0,0,0,0,0
736,149,825,0,0,0,0,1,0,0,0,0,0,0
737,150,828,0,0,0,0,1,0,1,0,0,0,0
739,152,826,0,0,0,0,1,0,1,0,0,0,0
3214,160,199,0,1123,0,0,1,0,2,0,0,0,0
1236,162,203,0,0,0,0,1,0,2,0,0,0,0
7276,163,75,0,4,0,0,1,0,2,0,0,0,0
7277,163,1130,0,4,0,0,1,0,0,0,0,0,0
7278,163,2643,0,4,0,0,1,0,0,0,0,0,0
7279,163,5116,0,4,0,0,1,0,0,0,0,0,0
7280,163,3043,0,4,0,0,1,0,0,0,0,0,0
7281,163,1978,0,4,0,0,1,0,0,0,0,0,0
7282,163,3034,0,4,0,0,1,0,0,0,0,0,0
7283,163,1510,0,4,0,0,1,0,0,0,0,0,0
7284,163,3044,0,4,0,0,1,0,0,0,0,0,0
7285,163,3045,0,4,0,0,1,0,0,0,0,0,0
7286,163,1543,0,4,0,0,1,0,0,0,0,0,0
7885,163,13549,0,4,0,0,1,0,0,0,0,0,0
7886,163,13550,0,4,0,0,1,0,0,0,0,0,0
7887,163,13551,0,4,0,0,1,0,0,0,0,0,0
7888,163,13552,0,4,0,0,1,0,0,0,0,0,0
7889,163,13553,0,4,0,0,1,0,0,0,0,0,0
7890,163,13554,0,4,0,0,1,0,0,0,0,0,0
7891,163,13555,0,4,0,0,1,0,0,0,0,0,0
7898,163,14281,0,4,0,0,1,0,0,0,0,0,0
7899,163,14282,0,4,0,0,1,0,0,0,0,0,0
7900,163,14283,0,4,0,0,1,0,0,0,0,0,0
7901,163,14284,0,4,0,0,1,0,0,0,0,0,0
7902,163,14285,0,4,0,0,1,0,0,0,0,0,0
7903,163,14286,0,4,0,0,1,0,0,0,0,0,0
7904,163,14287,0,4,0,0,1,0,0,0,0,0,0
7905,163,14288,0,4,0,0,1,0,0,0,0,0,0
7906,163,14289,0,4,0,0,1,0,0,0,0,0,0
7907,163,14290,0,4,0,0,1,0,0,0,0,0,0
7908,163,14294,0,4,0,0,1,0,0,0,0,0,0
7909,163,14295,0,4,0,0,1,0,0,0,0,0,0
7910,163,14296,0,4,0,0,1,0,0,0,0,0,0
7911,163,14323,0,4,0,0,1,0,0,0,0,0,0
7912,163,14324,0,4,0,0,1,0,0,0,0,0,0
7913,163,14325,0,4,0,0,1,0,0,0,0,0,0
10936,163,19407,0,0,0,0,1,0,0,0,0,0,0
10937,163,19412,0,0,0,0,1,0,0,0,0,0,0
10941,163,19416,0,0,0,0,1,0,0,0,0,0,0
10942,163,19417,0,0,0,0,1,0,0,0,0,0,0
10943,163,19418,0,0,0,0,1,0,0,0,0,0,0
10944,163,19419,0,0,0,0,1,0,0,0,0,0,0
10945,163,19420,0,0,0,0,1,0,0,0,0,0,0
10946,163,19421,0,0,0,0,1,0,0,0,0,0,0
10947,163,19422,0,0,0,0,1,0,0,0,0,0,0
10948,163,19423,0,0,0,0,1,0,0,0,0,0,0
10951,163,19426,0,0,0,0,1,0,0,0,0,0,0
10952,163,19427,0,0,0,0,1,0,0,0,0,0,0
10953,163,19429,0,0,0,0,1,0,0,0,0,0,0
10954,163,19430,0,0,0,0,1,0,0,0,0,0,0
10955,163,19431,0,0,0,0,1,0,0,0,0,0,0
10956,163,19434,0,0,0,0,1,0,0,0,0,0,0
10963,163,19454,0,0,0,0,1,0,0,0,0,0,0
10964,163,19455,0,0,0,0,1,0,0,0,0,0,0
10965,163,19456,0,0,0,0,1,0,0,0,0,0,0
10968,163,19461,0,0,0,0,1,0,0,0,0,0,0
10969,163,19462,0,0,0,0,1,0,0,0,0,0,0
10970,163,19464,0,0,0,0,1,0,0,0,0,0,0
10971,163,19465,0,0,0,0,1,0,0,0,0,0,0
10972,163,19466,0,0,0,0,1,0,0,0,0,0,0
10975,163,19485,0,0,0,0,1,0,0,0,0,0,0
10976,163,19487,0,0,0,0,1,0,0,0,0,0,0
10977,163,19488,0,0,0,0,1,0,0,0,0,0,0
10978,163,19489,0,0,0,0,1,0,0,0,0,0,0
10979,163,19490,0,0,0,0,1,0,0,0,0,0,0
10996,163,19506,0,0,0,0,1,20905,0,0,0,0,0
10997,163,19507,0,0,0,0,1,0,0,0,0,0,0
10998,163,19508,0,0,0,0,1,0,0,0,0,0,0
10999,163,19509,0,0,0,0,1,0,0,0,0,0,0
11784,163,20736,0,4,0,0,1,0,0,0,0,0,0
11870,163,20900,0,0,0,0,1,0,0,0,0,0,0
11871,163,20901,0,0,0,0,1,0,0,0,0,0,0
11872,163,20902,0,0,0,0,1,0,0,0,0,0,0
11874,163,20903,0,0,0,0,1,0,0,0,0,0,0
11875,163,20904,0,0,0,0,1,0,0,0,0,0,0
13055,163,24691,0,0,0,0,1,0,0,0,0,0,0
13233,163,25294,0,4,0,0,1,0,0,0,0,0,0
13234,163,25295,0,4,0,0,1,0,0,0,0,0,0
13599,163,27016,0,4,0,0,1,0,0,0,0,0,0
13604,163,27019,0,4,0,0,1,0,0,0,0,0,0
13606,163,27021,0,4,0,0,1,0,0,0,0,0,0
13607,163,27022,0,4,0,0,1,0,0,0,0,0,0
13608,163,27065,0,4,0,0,1,0,0,0,0,0,0
15157,163,34120,0,0,0,0,1,0,0,0,0,0,0
15191,163,34475,0,4,0,0,1,0,0,0,0,0,0
15192,163,34476,0,4,0,0,1,0,0,0,0,0,0
15196,163,34482,0,4,0,0,1,0,0,0,0,0,0
15197,163,34483,0,4,0,0,1,0,0,0,0,0,0
15198,163,34484,0,4,0,0,1,0,0,0,0,0,0
15199,163,34485,0,4,0,0,1,0,0,0,0,0,0
15200,163,34486,0,4,0,0,1,0,0,0,0,0,0
15201,163,34487,0,4,0,0,1,0,0,0,0,0,0
15202,163,34488,0,4,0,0,1,0,0,0,0,0,0
15203,163,34489,0,4,0,0,1,0,0,0,0,0,0
15204,163,34490,0,4,0,0,1,0,0,0,0,0,0
15315,163,34948,0,4,0,0,1,0,0,0,0,0,0
15316,163,34949,0,4,0,0,1,0,0,0,0,0,0
15317,163,34950,0,4,0,0,1,0,0,0,0,0,0
15318,163,34954,0,4,0,0,1,0,0,0,0,0,0
15357,163,35098,0,4,0,0,1,0,0,0,0,0,0
15358,163,35099,0,4,0,0,1,0,0,0,0,0,0
15359,163,35100,0,4,0,0,1,0,0,0,0,0,0
15360,163,35102,0,4,0,0,1,0,0,0,0,0,0
15361,163,35103,0,4,0,0,1,0,0,0,0,0,0
15362,163,35101,0,4,0,0,1,0,0,0,0,0,0
15363,163,35104,0,4,0,0,1,0,0,0,0,0,0
15364,163,35110,0,4,0,0,1,0,0,0,0,0,0
15365,163,35111,0,4,0,0,1,0,0,0,0,0,0
15649,163,19801,0,4,0,0,1,0,0,0,0,0,0
15981,163,42243,0,4,0,0,1,0,0,0,0,0,0
15982,163,42244,0,4,0,0,1,0,0,0,0,0,0
15983,163,42245,0,4,0,0,1,0,0,0,0,0,0
15984,163,42234,0,4,0,0,1,0,0,0,0,0,0
16793,163,49000,0,4,0,0,1,0,0,0,0,0,0
16794,163,49001,0,4,0,0,1,0,0,0,0,0,0
16825,163,49044,0,4,0,0,1,0,0,0,0,0,0
16826,163,49045,0,4,0,0,1,0,0,0,0,0,0
16828,163,49047,0,4,0,0,1,0,0,0,0,0,0
16829,163,49048,0,4,0,0,1,0,0,0,0,0,0
16830,163,49049,0,4,0,0,1,0,0,0,0,0,0
16831,163,49050,0,4,0,0,1,0,0,0,0,0,0
16832,163,49051,0,4,0,0,1,0,0,0,0,0,0
16833,163,49052,0,4,0,0,1,0,0,0,0,0,0
18032,163,53338,0,4,0,0,1,0,0,0,0,0,0
18053,163,53234,0,0,0,0,1,0,0,0,0,0,0
18054,163,53237,0,0,0,0,1,0,0,0,0,0,0
18055,163,53238,0,0,0,0,1,0,0,0,0,0,0
18056,163,53228,0,0,0,0,1,0,0,0,0,0,0
18057,163,53232,0,0,0,0,1,0,0,0,0,0,0
18059,163,53230,0,0,0,0,1,0,0,0,0,0,0
18060,163,53215,0,0,0,0,1,0,0,0,0,0,0
18061,163,53216,0,0,0,0,1,0,0,0,0,0,0
18062,163,53217,0,0,0,0,1,0,0,0,0,0,0
18063,163,53254,0,0,0,0,1,0,0,0,0,0,0
18064,163,53221,0,0,0,0,1,0,0,0,0,0,0
18065,163,53222,0,0,0,0,1,0,0,0,0,0,0
18066,163,53224,0,0,0,0,1,0,0,0,0,0,0
18067,163,53220,0,0,0,0,1,0,0,0,0,0,0
18068,163,53241,0,0,0,0,1,0,0,0,0,0,0
18069,163,53243,0,0,0,0,1,0,0,0,0,0,0
18070,163,53244,0,0,0,0,1,0,0,0,0,0,0
18071,163,53245,0,0,0,0,1,0,0,0,0,0,0
18072,163,53246,0,0,0,0,1,0,0,0,0,0,0
18073,163,53209,0,0,0,0,1,0,0,0,0,0,0
18074,163,53351,0,0,0,0,1,0,0,0,0,0,0
18255,163,53620,0,0,0,0,1,0,0,0,0,0,0
18256,163,53621,0,0,0,0,1,0,0,0,0,0,0
18257,163,53622,0,0,0,0,1,0,0,0,0,0,0
19639,163,56641,0,4,0,0,1,0,0,0,0,0,0
19998,163,58431,0,0,0,0,1,0,0,0,0,0,0
19999,163,58434,0,0,0,0,1,0,0,0,0,0,0
20000,163,58433,0,0,0,0,1,0,0,0,0,0,0
20001,163,58432,0,0,0,0,1,0,0,0,0,0,0
20406,163,61005,0,4,0,0,1,0,0,0,0,0,0
20407,163,61006,0,4,0,0,1,0,0,0,0,0,0
20667,163,23989,0,0,0,0,1,0,0,0,0,0,0
1283,164,2018,0,0,0,0,1,3100,0,0,0,0,0
1631,164,2660,0,0,0,0,1,0,1,55,15,0,0
1634,164,2663,0,0,0,0,1,0,1,60,20,0,0
1792,164,3100,0,0,0,0,1,3538,0,0,0,0,0
1798,164,3115,0,0,0,0,1,0,1,55,15,0,0
1799,164,3117,0,0,0,0,1,0,0,140,125,0,0
1800,164,3116,0,0,0,0,1,0,0,80,65,0,0
1849,164,3292,0,0,0,0,1,0,0,175,135,0,0
1850,164,3293,0,0,0,0,1,0,0,115,75,0,0
1851,164,3294,0,0,0,0,1,0,0,150,110,0,0
1852,164,3295,0,0,0,0,1,0,0,185,155,0,0
1853,164,3296,0,0,0,0,1,0,0,190,160,0,0
1854,164,3297,0,0,0,0,1,0,0,205,175,0,0
1855,164,3319,0,0,0,0,1,0,0,100,60,0,0
1856,164,3320,0,0,0,0,1,0,0,85,45,0,0
1857,164,3321,0,0,0,0,1,0,0,115,75,0,0
1858,164,3323,0,0,0,0,1,0,0,120,80,0,0
1859,164,3324,0,0,0,0,1,0,0,125,85,0,0
1860,164,3325,0,0,0,0,1,0,0,140,100,0,0
1861,164,3326,0,0,0,0,1,0,0,100,75,0,0
1862,164,3328,0,0,0,0,1,0,0,170,140,0,0
1863,164,3330,0,0,0,0,1,0,0,185,155,0,0
1864,164,3331,0,0,0,0,1,0,0,190,160,0,0
1865,164,3333,0,0,0,0,1,0,0,195,165,0,0
1866,164,3334,0,0,0,0,1,0,0,205,175,0,0
1867,164,3336,0,0,0,0,1,0,0,210,180,0,0
1868,164,3337,0,0,0,0,1,0,0,150,125,0,0
1984,164,3491,0,0,0,0,1,0,0,165,135,0,0
1985,164,3492,0,0,0,0,1,0,0,210,185,0,0
1986,164,3493,0,0,0,0,1,0,0,225,200,0,0
1987,164,3494,0,0,0,0,1,0,0,205,180,0,0
1988,164,3495,0,0,0,0,1,0,0,220,195,0,0
1989,164,3496,0,0,0,0,1,0,0,230,205,0,0
1990,164,3497,0,0,0,0,1,0,0,250,225,0,0
1991,164,3498,0,0,0,0,1,0,0,235,210,0,0
1992,164,3500,0,0,0,0,1,0,0,250,225,0,0
1993,164,3501,0,0,0,0,1,0,0,215,190,0,0
1994,164,3502,0,0,0,0,1,0,0,220,195,0,0
1995,164,3503,0,0,0,0,1,0,0,240,215,0,0
1996,164,3504,0,0,0,0,1,0,0,210,185,0,0
1997,164,3505,0,0,0,0,1,0,0,225,200,0,0
1998,164,3506,0,0,0,0,1,0,0,205,180,0,0
1999,164,3507,0,0,0,0,1,0,0,220,195,0,0
2000,164,3508,0,0,0,0,1,0,0,230,205,0,0
2001,164,3511,0,0,0,0,1,0,0,245,220,0,0
2002,164,3513,0,0,0,0,1,0,0,235,210,0,0
2003,164,3515,0,0,0,0,1,0,0,250,225,0,0
2005,164,3538,0,0,0,0,1,9785,0,0,0,0,0
3971,164,6518,0,0,0,0,1,0,0,200,170,0,0
3972,164,6517,0,0,0,0,1,0,0,170,140,0,0
3974,164,2671,0,0,0,0,1,0,0,175,145,0,0
3975,164,2673,0,0,0,0,1,0,0,190,160,0,0
4205,164,7224,0,0,0,0,1,0,0,240,215,0,0
4206,164,7223,0,0,0,0,1,0,0,235,210,0,0
4207,164,7221,0,0,0,0,1,0,0,210,180,0,0
4208,164,7222,0,0,0,0,1,0,0,215,190,0,0
4285,164,7408,0,0,0,0,1,0,0,145,105,0,0
4389,164,7817,0,0,0,0,1,0,0,155,125,0,0
4390,164,7818,0,0,0,0,1,0,0,110,105,0,0
4628,164,8366,0,0,0,0,1,0,0,150,110,0,0
4629,164,8367,0,0,0,0,1,0,0,180,140,0,0
4630,164,8368,0,0,0,0,1,0,0,200,170,0,0
4847,164,8768,0,0,0,0,1,0,0,155,150,0,0
4910,164,8880,0,0,0,0,1,0,0,110,70,0,0
5226,164,9785,0,0,0,0,1,29844,0,0,0,0,0
5227,164,9788,0,0,0,0,1,0,0,0,0,0,0
5228,164,9787,0,0,0,0,1,0,0,0,0,0,0
5306,164,9811,0,0,0,0,1,0,0,210,185,0,0
5307,164,9813,0,0,0,0,1,0,0,210,185,0,0
5308,164,9814,0,0,0,0,1,0,0,225,200,0,0
5309,164,9818,0,0,0,0,1,0,0,230,205,0,0
5310,164,9820,0,0,0,0,1,0,0,235,210,0,0
5311,164,9916,0,0,0,0,1,0,0,250,225,0,0
5312,164,9918,0,0,0,0,1,0,0,210,200,0,0
5313,164,9921,0,0,0,0,1,0,0,210,200,0,0
5314,164,9920,0,0,0,0,1,0,0,210,200,0,0
5315,164,9926,0,0,0,0,1,0,0,245,225,0,0
5316,164,9928,0,0,0,0,1,0,0,245,225,0,0
5317,164,9931,0,0,0,0,1,0,0,250,230,0,0
5318,164,9933,0,0,0,0,1,0,0,250,230,0,0
5319,164,9935,0,0,0,0,1,0,0,255,235,0,0
5320,164,9937,0,0,0,0,1,0,0,255,235,0,0
5321,164,9939,0,0,0,0,1,0,0,255,235,0,0
5322,164,9942,0,0,0,0,1,0,0,260,240,0,0
5323,164,9945,0,0,0,0,1,0,0,260,240,0,0
5324,164,9950,0,0,0,0,1,0,0,260,240,0,0
5325,164,9952,0,0,0,0,1,0,0,265,245,0,0
5326,164,9954,0,0,0,0,1,0,0,265,245,0,0
5327,164,9957,0,0,0,0,1,0,0,270,250,0,0
5328,164,9959,0,0,0,0,1,0,0,270,250,0,0
5329,164,9961,0,0,0,0,1,0,0,270,250,0,0
5330,164,9964,0,0,0,0,1,0,0,275,255,0,0
5331,164,9966,0,0,0,0,1,0,0,275,255,0,0
5332,164,9968,0,0,0,0,1,0,0,275,255,0,0
5333,164,9970,0,0,0,0,1,0,0,275,255,0,0
5334,164,9972,0,0,0,0,1,0,0,280,260,0,0
5335,164,9974,0,0,0,0,1,0,0,285,265,0,0
5336,164,9979,0,0,0,0,1,0,0,285,265,0,0
5337,164,9980,0,0,0,0,1,0,0,285,265,0,0
5338,164,9983,0,0,0,0,1,0,0,110,70,0,0
5339,164,9985,0,0,0,0,1,0,0,185,155,0,0
5340,164,9986,0,0,0,0,1,0,0,190,160,0,0
5341,164,9987,0,0,0,0,1,0,0,195,165,0,0
5342,164,9993,0,0,0,0,1,0,0,260,235,0,0
5343,164,9995,0,0,0,0,1,0,0,270,245,0,0
5344,164,9997,0,0,0,0,1,0,0,275,250,0,0
5345,164,10001,0,0,0,0,1,0,0,280,255,0,0
5346,164,10003,0,0,0,0,1,0,0,285,260,0,0
5347,164,10005,0,0,0,0,1,0,0,290,265,0,0
5348,164,10007,0,0,0,0,1,0,0,295,270,0,0
5349,164,10009,0,0,0,0,1,0,0,295,270,0,0
5350,164,10011,0,0,0,0,1,0,0,300,275,0,0
5351,164,10013,0,0,0,0,1,0,0,305,280,0,0
5352,164,10015,0,0,0,0,1,0,0,310,285,0,0
6136,164,11643,0,0,0,0,1,0,0,245,225,0,0
6636,164,12260,0,0,0,0,1,0,1,55,15,0,0
6637,164,12259,0,0,0,0,1,0,0,205,180,0,0
7417,164,11454,0,0,0,0,1,0,0,250,225,0,0
7836,164,14379,0,0,0,0,1,0,0,160,155,0,0
7837,164,14380,0,0,0,0,1,0,0,210,205,0,0
8216,164,15296,0,0,0,0,1,0,0,325,305,0,0
8217,164,15293,0,0,0,0,1,0,0,310,290,0,0
8218,164,15292,0,0,0,0,1,0,0,305,285,0,0
8219,164,15294,0,0,0,0,1,0,0,315,295,0,0
8220,164,15295,0,0,0,0,1,0,0,320,300,0,0
8636,164,15972,0,0,0,0,1,0,0,230,205,0,0
8637,164,15973,0,0,0,0,1,0,0,240,215,0,0
9156,164,16641,0,0,0,0,1,0,0,260,255,0,0
9157,164,16640,0,0,0,0,1,0,0,260,255,0,0
9158,164,16639,0,0,0,0,1,0,0,260,255,0,0
9159,164,16642,0,0,0,0,1,0,0,290,270,0,0
9160,164,16643,0,0,0,0,1,0,0,290,270,0,0
9161,164,16644,0,0,0,0,1,0,0,295,275,0,0
9162,164,16645,0,0,0,0,1,0,0,300,280,0,0
9163,164,16646,0,0,0,0,1,0,0,305,285,0,0
9164,164,16647,0,0,0,0,1,0,0,305,285,0,0
9165,164,16648,0,0,0,0,1,0,0,310,290,0,0
9166,164,16649,0,0,0,0,1,0,0,310,290,0,0
9167,164,16650,0,0,0,0,1,0,0,310,290,0,0
9168,164,16651,0,0,0,0,1,0,0,315,295,0,0
9169,164,16652,0,0,0,0,1,0,0,320,300,0,0
9170,164,16653,0,0,0,0,1,0,0,320,300,0,0
9171,164,16654,0,0,0,0,1,0,0,325,305,0,0
9172,164,16667,0,0,0,0,1,0,0,325,305,0,0
9173,164,16656,0,0,0,0,1,0,0,330,310,0,0
9174,164,16660,0,0,0,0,1,0,0,330,310,0,0
9175,164,16655,0,0,0,0,1,0,0,330,310,0,0
9176,164,16657,0,0,0,0,1,0,0,335,315,0,0
9177,164,16658,0,0,0,0,1,0,0,335,315,0,0
9179,164,16659,0,0,0,0,1,0,0,335,315,0,0
9180,164,16662,0,0,0,0,1,0,0,340,320,0,0
9181,164,16663,0,0,0,0,1,0,0,340,320,0,0
9182,164,16664,0,0,0,0,1,0,0,340,320,0,0
9183,164,16665,0,0,0,0,1,0,0,340,320,0,0
9321,164,16724,0,0,0,0,1,0,0,340,320,0,0
9322,164,16725,0,0,0,0,1,0,0,340,320,0,0
9323,164,16726,0,0,0,0,1,0,0,340,320,0,0
9324,164,16730,0,0,0,0,1,0,0,340,320,0,0
9325,164,16728,0,0,0,0,1,0,0,340,320,0,0
9331,164,16729,0,0,0,0,1,0,0,340,320,0,0
9332,164,16731,0,0,0,0,1,0,0,340,320,0,0
9333,164,16732,0,0,0,0,1,0,0,340,320,0,0
9334,164,16741,0,0,0,0,1,0,0,340,320,0,0
9335,164,16742,0,0,0,0,1,0,0,340,320,0,0
9336,164,16744,0,0,0,0,1,0,0,340,320,0,0
9337,164,16745,0,0,0,0,1,0,0,340,320,0,0
9338,164,16746,0,0,0,0,1,0,0,340,320,0,0
9436,164,16960,0,0,0,0,1,0,0,310,285,0,0
9437,164,16965,0,0,0,0,1,0,0,320,295,0,0
9438,164,16967,0,0,0,0,1,0,0,320,295,0,0
9439,164,16969,0,0,0,0,1,0,0,325,300,0,0
9440,164,16970,0,0,0,0,1,0,0,325,300,0,0
9441,164,16971,0,0,0,0,1,0,0,330,305,0,0
9442,164,16973,0,0,0,0,1,0,0,330,305,0,0
9443,164,16978,0,0,0,0,1,0,0,330,305,0,0
9444,164,16980,0,0,0,0,1,0,0,335,310,0,0
9445,164,16983,0,0,0,0,1,0,0,335,310,0,0
9446,164,16984,0,0,0,0,1,0,0,340,315,0,0
9447,164,16985,0,0,0,0,1,0,0,340,315,0,0
9448,164,16986,0,0,0,0,1,0,0,350,325,0,0
9449,164,16987,0,0,0,0,1,0,0,350,325,0,0
9450,164,16988,0,0,0,0,1,0,0,340,320,0,0
9451,164,16990,0,0,0,0,1,0,0,340,320,0,0
9452,164,16991,0,0,0,0,1,0,0,340,320,0,0
9453,164,16992,0,0,0,0,1,0,0,340,320,0,0
9454,164,16993,0,0,0,0,1,0,0,340,320,0,0
9455,164,16994,0,0,0,0,1,0,0,340,320,0,0
9456,164,16995,0,0,0,0,1,0,0,340,320,0,0
9576,164,17039,0,0,0,0,1,0,0,0,0,0,0
9577,164,17040,0,0,0,0,1,0,0,0,0,0,0
9578,164,17041,0,0,0,0,1,0,0,0,0,0,0
9579,164,16661,0,0,0,0,1,0,0,335,315,0,0
11183,164,19666,0,0,0,0,1,0,0,120,100,0,0
11184,164,19667,0,0,0,0,1,0,0,170,150,0,0
11185,164,19668,0,0,0,0,1,0,0,220,200,0,0
11186,164,19669,0,0,0,0,1,0,0,285,275,0,0
11480,164,20201,0,0,0,0,1,0,0,285,275,0,0
11862,164,20874,0,0,0,0,1,0,0,335,315,0,0
11863,164,20872,0,0,0,0,1,0,0,335,315,0,0
11864,164,20876,0,0,0,0,1,0,0,340,320,0,0
11865,164,20873,0,0,0,0,1,0,0,340,320,0,0
11866,164,20897,0,0,0,0,1,0,0,340,320,0,0
11867,164,20890,0,0,0,0,1,0,0,340,320,0,0
11979,164,21161,0,0,0,0,1,0,0,350,325,0,0
12136,164,21913,0,0,0,0,1,0,0,240,215,0,0
12302,164,22757,0,0,0,0,1,0,0,320,300,0,0
12677,164,23628,0,0,0,0,1,0,0,330,310,0,0
12678,164,23629,0,0,0,0,1,0,0,340,320,0,0
12679,164,23632,0,0,0,0,1,0,0,330,310,0,0
12680,164,23633,0,0,0,0,1,0,0,340,320,0,0
12681,164,23636,0,0,0,0,1,0,0,340,320,0,0
12682,164,23637,0,0,0,0,1,0,0,340,320,0,0
12683,164,23638,0,0,0,0,1,0,0,340,320,0,0
12684,164,23639,0,0,0,0,1,0,0,340,320,0,0
12685,164,23650,0,0,0,0,1,0,0,340,320,0,0
12686,164,23652,0,0,0,0,1,0,0,340,320,0,0
12687,164,23653,0,0,0,0,1,0,0,340,320,0,0
12829,164,24136,0,0,0,0,1,0,0,340,320,0,0
12830,164,24138,0,0,0,0,1,0,0,340,320,0,0
12831,164,24137,0,0,0,0,1,0,0,340,320,0,0
12832,164,24139,0,0,0,0,1,0,0,340,320,0,0
12833,164,24140,0,0,0,0,1,0,0,340,320,0,0
12834,164,24141,0,0,0,0,1,0,0,340,320,0,0
12901,164,24399,0,0,0,0,1,0,0,340,320,0,0
13079,164,24914,0,0,0,0,1,0,0,340,320,0,0
13080,164,24912,0,0,0,0,1,0,0,340,320,0,0
13081,164,24913,0,0,0,0,1,0,0,340,320,0,0
13803,164,27585,0,0,0,0,1,0,0,340,320,0,0
13804,164,27588,0,0,0,0,1,0,0,340,320,0,0
13805,164,27586,0,0,0,0,1,0,0,340,320,0,0
13806,164,27589,0,0,0,0,1,0,0,340,320,0,0
13807,164,27590,0,0,0,0,1,0,0,340,320,0,0
13808,164,27587,0,0,0,0,1,0,0,340,320,0,0
13842,164,27830,0,0,0,0,1,0,0,340,320,0,0
13843,164,27829,0,0,0,0,1,0,0,340,320,0,0
13844,164,27832,0,0,0,0,1,0,0,340,320,0,0
13920,164,28244,0,0,0,0,1,0,0,340,320,0,0
13922,164,28242,0,0,0,0,1,0,0,340,320,0,0
13923,164,28243,0,0,0,0,1,0,0,340,320,0,0
13944,164,28461,0,0,0,0,1,0,0,340,320,0,0
13945,164,28462,0,0,0,0,1,0,0,340,320,0,0
13946,164,28463,0,0,0,0,1,0,0,340,320,0,0
14181,164,29545,0,0,0,0,1,0,0,330,310,0,0
14182,164,29547,0,0,0,0,1,0,0,335,315,0,0
14183,164,29548,0,0,0,0,1,0,0,345,325,0,0
14184,164,29549,0,0,0,0,1,0,0,345,325,0,0
14185,164,29550,0,0,0,0,1,0,0,355,335,0,0
14186,164,29551,0,0,0,0,1,0,0,330,310,0,0
14187,164,29552,0,0,0,0,1,0,0,340,320,0,0
14188,164,29553,0,0,0,0,1,0,0,345,325,0,0
14189,164,29556,0,0,0,0,1,0,0,350,330,0,0
14190,164,29557,0,0,0,0,1,0,0,340,320,0,0
14191,164,29558,0,0,0,0,1,0,0,345,325,0,0
14192,164,29565,0,0,0,0,1,0,0,350,330,0,0
14193,164,29566,0,0,0,0,1,0,0,355,335,0,0
14194,164,29568,0,0,0,0,1,0,0,360,340,0,0
14195,164,29569,0,0,0,0,1,0,0,360,340,0,0
14196,164,29571,0,0,0,0,1,0,0,365,345,0,0
14197,164,29603,0,0,0,0,1,0,0,365,345,0,0
14198,164,29605,0,0,0,0,1,0,0,365,345,0,0
14199,164,29606,0,0,0,0,1,0,0,370,350,0,0
14200,164,29608,0,0,0,0,1,0,0,385,365,0,0
14201,164,29611,0,0,0,0,1,0,0,385,365,0,0
14202,164,29610,0,0,0,0,1,0,0,390,370,0,0
14203,164,29613,0,0,0,0,1,0,0,395,375,0,0
14204,164,29614,0,0,0,0,1,0,0,380,360,0,0
14205,164,29615,0,0,0,0,1,0,0,385,365,0,0
14206,164,29616,0,0,0,0,1,0,0,390,370,0,0
14207,164,29617,0,0,0,0,1,0,0,395,375,0,0
14208,164,29619,0,0,0,0,1,0,0,390,370,0,0
14209,164,29620,0,0,0,0,1,0,0,390,370,0,0
14210,164,29621,0,0,0,0,1,0,0,395,375,0,0
14211,164,29628,0,0,0,0,1,0,0,390,370,0,0
14212,164,29629,0,0,0,0,1,0,0,390,370,0,0
14213,164,29630,0,0,0,0,1,0,0,395,375,0,0
14214,164,29642,0,0,0,0,1,0,0,395,375,0,0
14215,164,29643,0,0,0,0,1,0,0,395,375,0,0
14216,164,29645,0,0,0,0,1,0,0,400,380,0,0
14217,164,29648,0,0,0,0,1,0,0,400,380,0,0
14218,164,29649,0,0,0,0,1,0,0,400,380,0,0
14219,164,29654,0,0,0,0,1,0,0,310,300,0,0
14220,164,29656,0,0,0,0,1,0,0,360,350,0,0
14221,164,29657,0,0,0,0,1,0,0,390,370,0,0
14222,164,29658,0,0,0,0,1,0,0,395,375,0,0
14223,164,29622,0,0,0,0,1,0,0,395,375,0,0
14224,164,29662,0,0,0,0,1,0,0,395,375,0,0
14225,164,29663,0,0,0,0,1,0,0,395,375,0,0
14226,164,29664,0,0,0,0,1,0,0,395,375,0,0
14227,164,29668,0,0,0,0,1,0,0,395,375,0,0
14228,164,29669,0,0,0,0,1,0,0,395,375,0,0
14229,164,29671,0,0,0,0,1,0,0,395,375,0,0
14230,164,29672,0,0,0,0,1,0,0,395,375,0,0
14231,164,29692,0,0,0,0,1,0,0,395,375,0,0
14232,164,29693,0,0,0,0,1,0,0,395,375,0,0
14233,164,29694,0,0,0,0,1,0,0,395,375,0,0
14234,164,29695,0,0,0,0,1,0,0,395,375,0,0
14235,164,29696,0,0,0,0,1,0,0,395,375,0,0
14236,164,29697,0,0,0,0,1,0,0,395,375,0,0
14237,164,29698,0,0,0,0,1,0,0,395,375,0,0
14238,164,29699,0,0,0,0,1,0,0,395,375,0,0
14239,164,29700,0,0,0,0,1,0,0,395,375,0,0
14240,164,29728,0,0,0,0,1,0,0,350,340,0,0
14241,164,29729,0,0,0,0,1,0,0,375,375,0,0
14248,164,29844,0,0,0,0,1,51300,0,0,0,0,0
14819,164,32284,0,0,0,0,1,0,0,335,325,0,0
14820,164,32285,0,0,0,0,1,0,0,360,350,0,0
14900,164,32655,0,0,0,0,1,0,0,310,300,0,0
14901,164,32656,0,0,0,0,1,0,0,360,350,0,0
14902,164,32657,0,0,0,0,1,0,0,375,365,0,0
15222,164,34533,0,0,0,0,1,0,0,380,360,0,0
15223,164,34545,0,0,0,0,1,0,0,380,360,0,0
15224,164,34538,0,0,0,0,1,0,0,380,360,0,0
15225,164,34529,0,0,0,0,1,0,0,380,360,0,0
15226,164,34535,0,0,0,0,1,0,0,380,360,0,0
15227,164,34541,0,0,0,0,1,0,0,380,360,0,0
15228,164,34547,0,0,0,0,1,0,0,380,360,0,0
15229,164,34543,0,0,0,0,1,0,0,380,360,0,0
15230,164,34542,0,0,0,0,1,0,0,405,385,0,0
15231,164,34534,0,0,0,0,1,0,0,405,385,0,0
15232,164,34548,0,0,0,0,1,0,0,405,385,0,0
15233,164,34546,0,0,0,0,1,0,0,405,385,0,0
15234,164,34540,0,0,0,0,1,0,0,405,385,0,0
15235,164,34544,0,0,0,0,1,0,0,405,385,0,0
15236,164,34537,0,0,0,0,1,0,0,405,385,0,0
15237,164,34530,0,0,0,0,1,0,0,405,385,0,0
15239,164,34607,0,0,0,0,1,0,0,310,300,0,0
15240,164,34608,0,0,0,0,1,0,0,360,350,0,0
15348,164,34979,0,0,0,0,1,0,0,160,130,0,0
15349,164,34981,0,0,0,0,1,0,0,240,220,0,0
15350,164,34982,0,0,0,0,1,0,0,340,320,0,0
15351,164,34983,0,0,0,0,1,0,0,380,360,0,0
15618,164,36122,0,0,0,0,1,0,0,300,280,0,0
15619,164,36125,0,0,0,0,1,0,0,300,280,0,0
15620,164,36128,0,0,0,0,1,0,0,300,280,0,0
15621,164,36126,0,0,0,0,1,0,0,300,280,0,0
15622,164,36124,0,0,0,0,1,0,0,300,280,0,0
15623,164,36137,0,0,0,0,1,0,0,360,340,0,0
15624,164,36129,0,0,0,0,1,0,0,360,340,0,0
15625,164,36136,0,0,0,0,1,0,0,360,340,0,0
15626,164,36135,0,0,0,0,1,0,0,360,340,0,0
15627,164,36133,0,0,0,0,1,0,0,360,340,0,0
15628,164,36134,0,0,0,0,1,0,0,360,340,0,0
15629,164,36130,0,0,0,0,1,0,0,360,340,0,0
15630,164,36131,0,0,0,0,1,0,0,360,340,0,0
15640,164,36256,0,0,0,0,1,0,0,405,385,0,0
15641,164,36257,0,0,0,0,1,0,0,405,385,0,0
15642,164,36258,0,0,0,0,1,0,0,405,385,0,0
15643,164,36259,0,0,0,0,1,0,0,405,385,0,0
15644,164,36260,0,0,0,0,1,0,0,405,385,0,0
15645,164,36261,0,0,0,0,1,0,0,405,385,0,0
15646,164,36262,0,0,0,0,1,0,0,405,385,0,0
15647,164,36263,0,0,0,0,1,0,0,405,385,0,0
15679,164,36389,0,0,0,0,1,0,0,405,385,0,0
15680,164,36390,0,0,0,0,1,0,0,405,385,0,0
15681,164,36391,0,0,0,0,1,0,0,405,385,0,0
15682,164,36392,0,0,0,0,1,0,0,405,385,0,0
15720,164,38473,0,0,0,0,1,0,0,405,385,0,0
15721,164,38475,0,0,0,0,1,0,0,405,385,0,0
15722,164,38476,0,0,0,0,1,0,0,405,385,0,0
15723,164,38477,0,0,0,0,1,0,0,405,385,0,0
15724,164,38478,0,0,0,0,1,0,0,405,385,0,0
15725,164,38479,0,0,0,0,1,0,0,405,385,0,0
15826,164,40034,0,0,0,0,1,0,0,405,385,0,0
15827,164,40036,0,0,0,0,1,0,0,405,385,0,0
15828,164,40035,0,0,0,0,1,0,0,405,385,0,0
15829,164,40033,0,0,0,0,1,0,0,405,385,0,0
15837,164,41132,0,0,0,0,1,0,0,405,385,0,0
15838,164,41133,0,0,0,0,1,0,0,405,385,0,0
15839,164,41135,0,0,0,0,1,0,0,405,385,0,0
15840,164,41134,0,0,0,0,1,0,0,405,385,0,0
15900,164,42662,0,0,0,0,1,0,0,395,375,0,0
15901,164,42688,0,0,0,0,1,0,0,355,345,0,0
16001,164,43549,0,0,0,0,1,0,0,115,75,0,0
16009,164,43846,0,0,0,0,1,0,0,395,375,0,0
16259,164,46141,0,0,0,0,1,0,0,410,375,0,0
16260,164,46144,0,0,0,0,1,0,0,410,375,0,0
16261,164,46142,0,0,0,0,1,0,0,410,375,0,0
16262,164,46140,0,0,0,0,1,0,0,410,375,0,0
17593,164,51300,0,0,0,0,1,0,0,0,0,0,0
17883,164,52568,0,0,0,0,1,0,0,380,360,0,0
17884,164,52569,0,0,0,0,1,0,0,380,360,0,0
17885,164,52570,0,0,0,0,1,0,0,390,380,0,0
17886,164,52567,0,0,0,0,1,0,0,385,375,0,0
17887,164,52571,0,0,0,0,1,0,0,385,375,0,0
17888,164,52572,0,0,0,0,1,0,0,380,370,0,0
18896,164,54550,0,0,0,0,1,0,0,380,370,0,0
18897,164,54551,0,0,0,0,1,0,0,410,400,0,0
18898,164,54552,0,0,0,0,1,0,0,415,405,0,0
18899,164,54553,0,0,0,0,1,0,0,415,405,0,0
18900,164,54554,0,0,0,0,1,0,0,410,400,0,0
18901,164,54555,0,0,0,0,1,0,0,420,410,0,0
18902,164,54556,0,0,0,0,1,0,0,420,410,0,0
18903,164,54557,0,0,0,0,1,0,0,405,395,0,0
19163,164,54917,0,0,0,0,1,0,0,390,380,0,0
19164,164,54918,0,0,0,0,1,0,0,395,385,0,0
19165,164,54941,0,0,0,0,1,0,0,400,390,0,0
19166,164,54944,0,0,0,0,1,0,0,400,390,0,0
19167,164,54945,0,0,0,0,1,0,0,405,395,0,0
19168,164,54946,0,0,0,0,1,0,0,410,400,0,0
19169,164,54947,0,0,0,0,1,0,0,410,400,0,0
19170,164,54948,0,0,0,0,1,0,0,415,405,0,0
19171,164,54949,0,0,0,0,1,0,0,415,405,0,0
19172,164,54978,0,0,0,0,1,0,0,405,395,0,0
19173,164,54979,0,0,0,0,1,0,0,415,405,0,0
19174,164,54980,0,0,0,0,1,0,0,420,410,0,0
19175,164,54981,0,0,0,0,1,0,0,425,415,0,0
19176,164,55013,0,0,0,0,1,0,0,405,395,0,0
19177,164,55017,0,0,0,0,1,0,0,425,415,0,0
19178,164,55014,0,0,0,0,1,0,0,425,415,0,0
19179,164,55015,0,0,0,0,1,0,0,430,420,0,0
19185,164,55055,0,0,0,0,1,0,0,410,400,0,0
19186,164,55056,0,0,0,0,1,0,0,415,405,0,0
19187,164,55057,0,0,0,0,1,0,0,420,410,0,0
19188,164,55058,0,0,0,0,1,0,0,430,420,0,0
19214,164,55174,0,0,0,0,1,0,0,405,395,0,0
19215,164,55177,0,0,0,0,1,0,0,410,400,0,0
19216,164,55179,0,0,0,0,1,0,0,415,405,0,0
19217,164,55181,0,0,0,0,1,0,0,420,410,0,0
19218,164,55182,0,0,0,0,1,0,0,425,415,0,0
19219,164,55183,0,0,0,0,1,0,0,430,420,0,0
19220,164,55184,0,0,0,0,1,0,0,430,420,0,0
19221,164,55185,0,0,0,0,1,0,0,430,420,0,0
19222,164,55186,0,0,0,0,1,0,0,430,420,0,0
19223,164,55187,0,0,0,0,1,0,0,430,420,0,0
19239,164,55200,0,0,0,0,1,0,0,395,385,0,0
19240,164,55201,0,0,0,0,1,0,0,395,385,0,0
19241,164,55203,0,0,0,0,1,0,0,400,390,0,0
19242,164,55204,0,0,0,0,1,0,0,405,395,0,0
19243,164,55202,0,0,0,0,1,0,0,400,390,0,0
19244,164,55206,0,0,0,0,1,0,0,425,415,0,0
19273,164,55298,0,0,0,0,1,0,0,435,425,0,0
19274,164,55300,0,0,0,0,1,0,0,450,430,0,0
19275,164,55301,0,0,0,0,1,0,0,450,430,0,0
19276,164,55302,0,0,0,0,1,0,0,455,435,0,0
19277,164,55303,0,0,0,0,1,0,0,455,435,0,0
19278,164,55304,0,0,0,0,1,0,0,455,435,0,0
19279,164,55305,0,0,0,0,1,0,0,435,425,0,0
19280,164,55306,0,0,0,0,1,0,0,450,430,0,0
19281,164,55307,0,0,0,0,1,0,0,450,430,0,0
19282,164,55308,0,0,0,0,1,0,0,450,430,0,0
19283,164,55309,0,0,0,0,1,0,0,450,430,0,0
19284,164,55311,0,0,0,0,1,0,0,455,435,0,0
19285,164,55310,0,0,0,0,1,0,0,455,435,0,0
19286,164,55312,0,0,0,0,1,0,0,455,435,0,0
19297,164,55371,0,0,0,0,1,0,0,470,450,0,0
19298,164,55372,0,0,0,0,1,0,0,470,450,0,0
19299,164,55373,0,0,0,0,1,0,0,470,450,0,0
19301,164,55374,0,0,0,0,1,0,0,470,450,0,0
19302,164,55375,0,0,0,0,1,0,0,470,450,0,0
19303,164,55376,0,0,0,0,1,0,0,470,450,0,0
19304,164,55369,0,0,0,0,1,0,0,470,450,0,0
19305,164,55370,0,0,0,0,1,0,0,470,450,0,0
19306,164,55377,0,0,0,0,1,0,0,470,450,0,0
19376,164,55628,0,0,0,0,1,0,0,400,400,0,0
19378,164,55641,0,0,0,0,1,0,0,400,400,0,0
19380,164,55656,0,0,0,0,1,0,0,430,420,0,0
19403,164,55732,0,0,0,0,1,0,0,435,425,0,0
19415,164,55834,0,0,0,0,1,0,0,380,370,0,0
19416,164,55835,0,0,0,0,1,0,0,390,380,0,0
19421,164,55839,0,0,0,0,1,0,0,435,425,0,0
19533,164,56234,0,0,0,0,1,0,0,470,450,0,0
19536,164,56280,0,0,0,0,1,0,0,425,415,0,0
19540,164,56357,0,0,0,0,1,0,0,435,425,0,0
19546,164,56400,0,0,0,0,1,0,0,470,450,0,0
19580,164,56549,0,0,0,0,1,0,0,435,425,0,0
19581,164,56550,0,0,0,0,1,0,0,450,430,0,0
19582,164,56551,0,0,0,0,1,0,0,450,430,0,0
19583,164,56552,0,0,0,0,1,0,0,450,430,0,0
19584,164,56553,0,0,0,0,1,0,0,450,430,0,0
19585,164,56554,0,0,0,0,1,0,0,455,435,0,0
19586,164,56555,0,0,0,0,1,0,0,455,435,0,0
19587,164,56556,0,0,0,0,1,0,0,455,435,0,0
20157,164,59405,0,0,0,0,1,0,0,370,360,0,0
20158,164,59406,0,0,0,0,1,0,0,445,435,0,0
20164,164,59436,0,0,0,0,1,0,0,410,400,0,0
20165,164,59438,0,0,0,0,1,0,0,415,405,0,0
20166,164,59440,0,0,0,0,1,0,0,420,410,0,0
20167,164,59441,0,0,0,0,1,0,0,430,420,0,0
20168,164,59442,0,0,0,0,1,0,0,425,415,0,0
20408,164,61008,0,0,0,0,1,0,0,455,435,0,0
20409,164,61009,0,0,0,0,1,0,0,450,430,0,0
20410,164,61010,0,0,0,0,1,0,0,450,430,0,0
20752,164,62202,0,0,0,0,1,0,0,465,455,0,0
20815,164,63182,0,0,0,0,1,0,0,470,450,0,0
20816,164,63190,0,0,0,0,1,0,0,475,455,0,0
20817,164,63191,0,0,0,0,1,0,0,475,455,0,0
20818,164,63189,0,0,0,0,1,0,0,475,455,0,0
20819,164,63187,0,0,0,0,1,0,0,475,455,0,0
20820,164,63188,0,0,0,0,1,0,0,475,455,0,0
20821,164,63192,0,0,0,0,1,0,0,475,455,0,0
21197,164,67091,0,0,0,0,1,0,0,475,460,0,0
21198,164,67092,0,0,0,0,1,0,0,475,460,0,0
21199,164,67093,0,0,0,0,1,0,0,475,460,0,0
21200,164,67094,0,0,0,0,1,0,0,475,460,0,0
21201,164,67095,0,0,0,0,1,0,0,475,460,0,0
21202,164,67096,0,0,0,0,1,0,0,475,460,0,0
21203,164,67131,0,0,0,0,1,0,0,475,460,0,0
21204,164,67132,0,0,0,0,1,0,0,475,460,0,0
21205,164,67133,0,0,0,0,1,0,0,475,460,0,0
21206,164,67134,0,0,0,0,1,0,0,475,460,0,0
21207,164,67135,0,0,0,0,1,0,0,475,460,0,0
21208,164,67130,0,0,0,0,1,0,0,475,460,0,0
21348,164,70562,0,0,0,0,1,0,0,500,475,0,0
21349,164,70563,0,0,0,0,1,0,0,500,475,0,0
21350,164,70565,0,0,0,0,1,0,0,500,475,0,0
21352,164,70567,0,0,0,0,1,0,0,500,475,0,0
21353,164,70568,0,0,0,0,1,0,0,500,475,0,0
21354,164,70566,0,0,0,0,1,0,0,500,475,0,0
1646,164,2737,0,0,0,0,30,0,0,95,55,0,0
1651,164,2738,0,0,0,0,35,0,0,100,60,0,0
1633,164,2662,0,0,0,0,40,0,0,90,50,0,0
1652,164,2739,0,0,0,0,40,0,0,105,65,0,0
1632,164,2661,0,0,0,0,55,0,0,115,75,0,0
1635,164,2664,0,0,0,0,65,0,0,140,115,0,0
1636,164,2665,0,0,0,0,75,0,0,80,65,0,0
1649,164,2740,0,0,0,0,75,0,0,170,140,0,0
1637,164,2666,0,0,0,0,80,0,0,150,110,0,0
1650,164,2741,0,0,0,0,85,0,0,175,145,0,0
1638,164,2667,0,0,0,0,90,0,0,160,120,0,0
1639,164,2668,0,0,0,0,95,0,0,175,145,0,0
1653,164,2742,0,0,0,0,95,0,0,180,150,0,0
1640,164,2670,0,0,0,0,105,0,0,175,145,0,0
1642,164,2672,0,0,0,0,120,0,0,180,150,0,0
1644,164,2674,0,0,0,0,125,0,0,140,125,0,0
1645,164,2675,0,0,0,0,135,0,0,205,175,0,0
1328,165,2108,0,0,0,0,1,3104,0,0,0,0,0
1353,165,2149,0,0,0,0,1,0,1,70,40,0,0
1356,165,2152,0,0,0,0,1,0,1,60,30,0,0
1360,165,2159,0,0,0,0,1,0,0,135,105,0,0
1708,165,2881,0,0,0,0,1,0,1,40,20,0,0
1795,165,3104,0,0,0,0,1,3811,0,0,0,0,0
2161,165,3811,0,0,0,0,1,10662,0,0,0,0,0
2162,165,3753,0,0,0,0,1,0,0,85,55,0,0
2164,165,3756,0,0,0,0,1,0,0,115,85,0,0
2167,165,3759,0,0,0,0,1,0,0,135,105,0,0
2168,165,3760,0,0,0,0,1,0,0,190,170,0,0
2170,165,3761,0,0,0,0,1,0,0,145,115,0,0
2171,165,3762,0,0,0,0,1,0,0,150,125,0,0
2172,165,3763,0,0,0,0,1,0,0,140,110,0,0
2173,165,3764,0,0,0,0,1,0,0,195,170,0,0
2174,165,3765,0,0,0,0,1,0,0,180,155,0,0
2175,165,3766,0,0,0,0,1,0,0,175,150,0,0
2176,165,3767,0,0,0,0,1,0,0,170,145,0,0
2177,165,3768,0,0,0,0,1,0,0,180,155,0,0
2178,165,3769,0,0,0,0,1,0,0,190,165,0,0
2179,165,3770,0,0,0,0,1,0,0,185,160,0,0
2180,165,3771,0,0,0,0,1,0,0,190,170,0,0
2181,165,3772,0,0,0,0,1,0,0,195,175,0,0
2182,165,3773,0,0,0,0,1,0,0,215,195,0,0
2183,165,3774,0,0,0,0,1,0,0,200,180,0,0
2184,165,3775,0,0,0,0,1,0,0,210,190,0,0
2185,165,3776,0,0,0,0,1,0,0,220,200,0,0
2186,165,3777,0,0,0,0,1,0,0,235,215,0,0
2187,165,3778,0,0,0,0,1,0,0,225,205,0,0
2188,165,3779,0,0,0,0,1,0,0,240,220,0,0
2195,165,3816,0,0,0,0,1,0,0,75,55,0,0
2196,165,3817,0,0,0,0,1,0,0,130,115,0,0
2197,165,3818,0,0,0,0,1,0,0,170,160,0,0
2199,165,3780,0,0,0,0,1,0,0,190,170,0,0
2500,165,4097,0,0,0,0,1,0,0,205,185,0,0
2502,165,4096,0,0,0,0,1,0,0,205,185,0,0
3343,165,5244,0,0,0,0,1,0,0,100,70,0,0
4010,165,6661,0,0,0,0,1,0,0,230,210,0,0
4026,165,6702,0,0,0,0,1,0,0,150,120,0,0
4027,165,6705,0,0,0,0,1,0,0,230,210,0,0
4028,165,6703,0,0,0,0,1,0,0,155,125,0,0
4029,165,6704,0,0,0,0,1,0,0,210,190,0,0
4156,165,7126,0,0,0,0,1,0,1,70,40,0,0
4158,165,7133,0,0,0,0,1,0,0,155,130,0,0
4159,165,7135,0,0,0,0,1,0,0,165,140,0,0
4160,165,7147,0,0,0,0,1,0,0,200,180,0,0
4161,165,7149,0,0,0,0,1,0,0,210,190,0,0
4163,165,7151,0,0,0,0,1,0,0,215,195,0,0
4164,165,7153,0,0,0,0,1,0,0,225,205,0,0
4165,165,7156,0,0,0,0,1,0,0,230,210,0,0
4419,165,7955,0,0,0,0,1,0,0,165,140,0,0
4420,165,7953,0,0,0,0,1,0,0,150,120,0,0
4421,165,7954,0,0,0,0,1,0,0,155,130,0,0
4589,165,8322,0,0,0,0,1,0,0,145,115,0,0
4987,165,9058,0,0,0,0,1,0,1,70,40,0,0
4988,165,9059,0,0,0,0,1,0,1,70,40,0,0
4989,165,9060,0,0,0,0,1,0,0,90,60,0,0
4990,165,9062,0,0,0,0,1,0,0,90,60,0,0
4991,165,9064,0,0,0,0,1,0,0,95,65,0,0
4992,165,9065,0,0,0,0,1,0,0,130,100,0,0
4993,165,9068,0,0,0,0,1,0,0,155,125,0,0
4994,165,9070,0,0,0,0,1,0,0,150,125,0,0
4995,165,9072,0,0,0,0,1,0,0,170,145,0,0
4996,165,9074,0,0,0,0,1,0,0,170,145,0,0
5026,165,9145,0,0,0,0,1,0,0,175,150,0,0
5027,165,9146,0,0,0,0,1,0,0,185,160,0,0
5028,165,9147,0,0,0,0,1,0,0,185,160,0,0
5029,165,9148,0,0,0,0,1,0,0,190,165,0,0
5030,165,9149,0,0,0,0,1,0,0,195,170,0,0
5047,165,9193,0,0,0,0,1,0,0,190,170,0,0
5048,165,9194,0,0,0,0,1,0,0,190,170,0,0
5049,165,9195,0,0,0,0,1,0,0,205,185,0,0
5050,165,9196,0,0,0,0,1,0,0,215,195,0,0
5051,165,9197,0,0,0,0,1,0,0,215,195,0,0
5052,165,9198,0,0,0,0,1,0,0,220,200,0,0
5053,165,9201,0,0,0,0,1,0,0,225,205,0,0
5054,165,9202,0,0,0,0,1,0,0,230,210,0,0
5055,165,9206,0,0,0,0,1,0,0,235,215,0,0
5056,165,9207,0,0,0,0,1,0,0,240,220,0,0
5057,165,9208,0,0,0,0,1,0,0,240,220,0,0
5666,165,10482,0,0,0,0,1,0,0,200,200,0,0
5667,165,10487,0,0,0,0,1,0,0,240,220,0,0
5668,165,10490,0,0,0,0,1,0,0,240,220,0,0
5669,165,10499,0,0,0,0,1,0,0,245,225,0,0
5670,165,10507,0,0,0,0,1,0,0,245,225,0,0
5671,165,10509,0,0,0,0,1,0,0,245,225,0,0
5672,165,10511,0,0,0,0,1,0,0,250,230,0,0
5673,165,10516,0,0,0,0,1,0,0,250,230,0,0
5674,165,10518,0,0,0,0,1,0,0,250,230,0,0
5675,165,10520,0,0,0,0,1,0,0,255,235,0,0
5676,165,10525,0,0,0,0,1,0,0,260,240,0,0
5677,165,10529,0,0,0,0,1,0,0,260,240,0,0
5678,165,10531,0,0,0,0,1,0,0,260,240,0,0
5679,165,10533,0,0,0,0,1,0,0,260,240,0,0
5680,165,10542,0,0,0,0,1,0,0,265,245,0,0
5681,165,10544,0,0,0,0,1,0,0,265,245,0,0
5682,165,10546,0,0,0,0,1,0,0,265,245,0,0
5683,165,10619,0,0,0,0,1,0,0,265,245,0,0
5684,165,10621,0,0,0,0,1,0,0,265,245,0,0
5685,165,10548,0,0,0,0,1,0,0,270,250,0,0
5686,165,10550,0,0,0,0,1,0,0,270,250,0,0
5687,165,10552,0,0,0,0,1,0,0,270,250,0,0
5688,165,10630,0,0,0,0,1,0,0,270,250,0,0
5689,165,10554,0,0,0,0,1,0,0,275,255,0,0
5690,165,10556,0,0,0,0,1,0,0,275,255,0,0
5691,165,10558,0,0,0,0,1,0,0,275,255,0,0
5692,165,10560,0,0,0,0,1,0,0,280,260,0,0
5693,165,10562,0,0,0,0,1,0,0,280,260,0,0
5694,165,10564,0,0,0,0,1,0,0,280,260,0,0
5695,165,10566,0,0,0,0,1,0,0,285,265,0,0
5696,165,10568,0,0,0,0,1,0,0,285,265,0,0
5697,165,10570,0,0,0,0,1,0,0,290,270,0,0
5698,165,10572,0,0,0,0,1,0,0,290,270,0,0
5699,165,10574,0,0,0,0,1,0,0,290,270,0,0
5700,165,10632,0,0,0,0,1,0,0,290,270,0,0
5701,165,10647,0,0,0,0,1,0,0,290,270,0,0
5702,165,10650,0,0,0,0,1,0,0,295,275,0,0
5703,165,10656,0,0,0,0,1,0,0,0,0,0,0
5704,165,10660,0,0,0,0,1,0,0,0,0,0,0
5705,165,10658,0,0,0,0,1,0,0,0,0,0,0
5706,165,10662,0,0,0,0,1,32549,0,0,0,0,0
8056,165,14930,0,0,0,0,1,0,0,265,245,0,0
8057,165,14932,0,0,0,0,1,0,0,265,245,0,0
10756,165,19047,0,0,0,0,1,0,0,260,250,0,0
10757,165,19058,0,0,0,0,1,0,0,275,255,0,0
10758,165,19048,0,0,0,0,1,0,0,295,275,0,0
10759,165,19049,0,0,0,0,1,0,0,300,280,0,0
10760,165,19050,0,0,0,0,1,0,0,300,280,0,0
10761,165,19051,0,0,0,0,1,0,0,305,285,0,0
10762,165,19052,0,0,0,0,1,0,0,305,285,0,0
10763,165,19053,0,0,0,0,1,0,0,305,285,0,0
10764,165,19054,0,0,0,0,1,0,0,340,320,0,0
10765,165,19055,0,0,0,0,1,0,0,310,290,0,0
10766,165,19059,0,0,0,0,1,0,0,310,290,0,0
10767,165,19060,0,0,0,0,1,0,0,310,290,0,0
10768,165,19061,0,0,0,0,1,0,0,310,290,0,0
10769,165,19062,0,0,0,0,1,0,0,310,290,0,0
10770,165,19063,0,0,0,0,1,0,0,315,295,0,0
10771,165,19064,0,0,0,0,1,0,0,315,295,0,0
10772,165,19065,0,0,0,0,1,0,0,315,295,0,0
10773,165,19066,0,0,0,0,1,0,0,315,295,0,0
10774,165,19067,0,0,0,0,1,0,0,315,295,0,0
10775,165,19068,0,0,0,0,1,0,0,315,295,0,0
10776,165,19070,0,0,0,0,1,0,0,320,300,0,0
10777,165,19071,0,0,0,0,1,0,0,320,300,0,0
10778,165,19072,0,0,0,0,1,0,0,320,300,0,0
10779,165,19073,0,0,0,0,1,0,0,320,300,0,0
10780,165,19074,0,0,0,0,1,0,0,325,305,0,0
10781,165,19075,0,0,0,0,1,0,0,325,305,0,0
10782,165,19076,0,0,0,0,1,0,0,325,305,0,0
10783,165,19077,0,0,0,0,1,0,0,325,305,0,0
10784,165,19078,0,0,0,0,1,0,0,325,305,0,0
10785,165,19079,0,0,0,0,1,0,0,325,305,0,0
10786,165,19080,0,0,0,0,1,0,0,325,305,0,0
10787,165,19081,0,0,0,0,1,0,0,330,310,0,0
10788,165,19085,0,0,0,0,1,0,0,330,310,0,0
10789,165,19084,0,0,0,0,1,0,0,330,310,0,0
10790,165,19086,0,0,0,0,1,0,0,330,310,0,0
10791,165,19082,0,0,0,0,1,0,0,330,310,0,0
10792,165,19083,0,0,0,0,1,0,0,330,310,0,0
10793,165,19089,0,0,0,0,1,0,0,335,315,0,0
10794,165,19087,0,0,0,0,1,0,0,335,315,0,0
10795,165,19088,0,0,0,0,1,0,0,335,315,0,0
10796,165,19090,0,0,0,0,1,0,0,335,315,0,0
10797,165,19094,0,0,0,0,1,0,0,340,320,0,0
10798,165,19097,0,0,0,0,1,0,0,340,320,0,0
10799,165,19095,0,0,0,0,1,0,0,340,320,0,0
10800,165,19093,0,0,0,0,1,0,0,340,320,0,0
10801,165,19091,0,0,0,0,1,0,0,340,320,0,0
10802,165,19092,0,0,0,0,1,0,0,340,320,0,0
10804,165,19100,0,0,0,0,1,0,0,340,320,0,0
10805,165,19102,0,0,0,0,1,0,0,340,320,0,0
10806,165,19101,0,0,0,0,1,0,0,340,320,0,0
10807,165,19098,0,0,0,0,1,0,0,340,320,0,0
10808,165,19107,0,0,0,0,1,0,0,340,320,0,0
10809,165,19104,0,0,0,0,1,0,0,340,320,0,0
10811,165,19106,0,0,0,0,1,0,0,340,320,0,0
10812,165,19103,0,0,0,0,1,0,0,340,320,0,0
11756,165,20648,0,0,0,0,1,0,0,110,100,0,0
11757,165,20649,0,0,0,0,1,0,0,160,150,0,0
11758,165,20650,0,0,0,0,1,0,0,205,200,0,0
11858,165,20853,0,0,0,0,1,0,0,335,315,0,0
11859,165,20854,0,0,0,0,1,0,0,340,320,0,0
11860,165,20855,0,0,0,0,1,0,0,340,320,0,0
12140,165,21943,0,0,0,0,1,0,0,230,210,0,0
12196,165,22331,0,0,0,0,1,0,0,250,250,0,0
12297,165,22711,0,0,0,0,1,0,0,230,210,0,0
12298,165,22727,0,0,0,0,1,0,0,340,320,0,0
12326,165,22815,0,0,0,0,1,0,0,295,285,0,0
12351,165,22921,0,0,0,0,1,0,0,340,320,0,0
12352,165,22922,0,0,0,0,1,0,0,340,320,0,0
12353,165,22923,0,0,0,0,1,0,0,340,320,0,0
12354,165,22926,0,0,0,0,1,0,0,340,320,0,0
12355,165,22927,0,0,0,0,1,0,0,340,320,0,0
12356,165,22928,0,0,0,0,1,0,0,340,320,0,0
12516,165,23190,0,0,0,0,1,0,0,160,150,0,0
12559,165,23399,0,0,0,0,1,0,0,195,175,0,0
12696,165,23703,0,0,0,0,1,0,0,330,310,0,0
12697,165,23705,0,0,0,0,1,0,0,330,310,0,0
12698,165,23704,0,0,0,0,1,0,0,340,320,0,0
12699,165,23706,0,0,0,0,1,0,0,340,320,0,0
12700,165,23707,0,0,0,0,1,0,0,340,320,0,0
12701,165,23708,0,0,0,0,1,0,0,340,320,0,0
12702,165,23709,0,0,0,0,1,0,0,340,320,0,0
12703,165,23710,0,0,0,0,1,0,0,340,320,0,0
12819,165,24124,0,0,0,0,1,0,0,340,320,0,0
12820,165,24125,0,0,0,0,1,0,0,340,320,0,0
12821,165,24123,0,0,0,0,1,0,0,340,320,0,0
12822,165,24122,0,0,0,0,1,0,0,340,320,0,0
12823,165,24121,0,0,0,0,1,0,0,340,320,0,0
13042,165,24655,0,0,0,0,1,0,0,320,300,0,0
13043,165,24654,0,0,0,0,1,0,0,340,320,0,0
13062,165,24846,0,0,0,0,1,0,0,340,320,0,0
13063,165,24847,0,0,0,0,1,0,0,340,320,0,0
13064,165,24848,0,0,0,0,1,0,0,340,320,0,0
13065,165,24849,0,0,0,0,1,0,0,340,320,0,0
13066,165,24850,0,0,0,0,1,0,0,340,320,0,0
13067,165,24851,0,0,0,0,1,0,0,340,320,0,0
13087,165,24940,0,0,0,0,1,0,0,150,125,0,0
13103,165,24703,0,0,0,0,1,0,0,340,320,0,0
13416,165,26279,0,0,0,0,1,0,0,340,320,0,0
13914,165,28224,0,0,0,0,1,0,0,340,320,0,0
13915,165,28222,0,0,0,0,1,0,0,340,320,0,0
13916,165,28223,0,0,0,0,1,0,0,340,320,0,0
13917,165,28221,0,0,0,0,1,0,0,340,320,0,0
13918,165,28220,0,0,0,0,1,0,0,340,320,0,0
13919,165,28219,0,0,0,0,1,0,0,340,320,0,0
13947,165,28474,0,0,0,0,1,0,0,340,320,0,0
13948,165,28473,0,0,0,0,1,0,0,340,320,0,0
13949,165,28472,0,0,0,0,1,0,0,340,320,0,0
14849,165,32454,0,0,0,0,1,0,0,310,300,0,0
14850,165,32455,0,0,0,0,1,0,0,335,325,0,0
14851,165,32456,0,0,0,0,1,0,0,340,310,0,0
14852,165,32457,0,0,0,0,1,0,0,345,335,0,0
14853,165,32458,0,0,0,0,1,0,0,345,335,0,0
14854,165,32461,0,0,0,0,1,0,0,380,360,0,0
14855,165,32462,0,0,0,0,1,0,0,330,310,0,0
14856,165,32463,0,0,0,0,1,0,0,340,320,0,0
14857,165,32464,0,0,0,0,1,0,0,350,330,0,0
14858,165,32465,0,0,0,0,1,0,0,365,345,0,0
14859,165,32466,0,0,0,0,1,0,0,330,310,0,0
14860,165,32467,0,0,0,0,1,0,0,340,320,0,0
14861,165,32468,0,0,0,0,1,0,0,355,335,0,0
14862,165,32469,0,0,0,0,1,0,0,365,345,0,0
14863,165,32470,0,0,0,0,1,0,0,330,310,0,0
14864,165,32471,0,0,0,0,1,0,0,345,325,0,0
14865,165,32472,0,0,0,0,1,0,0,350,330,0,0
14866,165,32473,0,0,0,0,1,0,0,360,340,0,0
14867,165,32478,0,0,0,0,1,0,0,330,310,0,0
14868,165,32479,0,0,0,0,1,0,0,340,320,0,0
14869,165,32480,0,0,0,0,1,0,0,350,330,0,0
14870,165,32481,0,0,0,0,1,0,0,360,340,0,0
14871,165,32482,0,0,0,0,1,0,0,310,300,0,0
14872,165,32485,0,0,0,0,1,0,0,380,360,0,0
14873,165,32487,0,0,0,0,1,0,0,380,360,0,0
14874,165,32489,0,0,0,0,1,0,0,380,360,0,0
14875,165,32488,0,0,0,0,1,0,0,380,360,0,0
14876,165,32490,0,0,0,0,1,0,0,370,350,0,0
14877,165,32493,0,0,0,0,1,0,0,380,360,0,0
14878,165,32494,0,0,0,0,1,0,0,380,360,0,0
14879,165,32495,0,0,0,0,1,0,0,390,370,0,0
14880,165,32496,0,0,0,0,1,0,0,385,365,0,0
14881,165,32497,0,0,0,0,1,0,0,385,365,0,0
14882,165,32498,0,0,0,0,1,0,0,380,360,0,0
14883,165,32499,0,0,0,0,1,0,0,390,370,0,0
14884,165,32500,0,0,0,0,1,0,0,390,370,0,0
14885,165,32501,0,0,0,0,1,0,0,370,350,0,0
14886,165,32502,0,0,0,0,1,0,0,370,350,0,0
14887,165,32503,0,0,0,0,1,0,0,380,360,0,0
14888,165,32549,0,0,0,0,1,51302,0,0,0,0,0
15523,165,35530,0,0,0,0,1,0,0,345,335,0,0
15524,165,35520,0,0,0,0,1,0,0,360,350,0,0
15526,165,35521,0,0,0,0,1,0,0,360,350,0,0
15527,165,35522,0,0,0,0,1,0,0,360,350,0,0
15528,165,35523,0,0,0,0,1,0,0,360,350,0,0
15529,165,35524,0,0,0,0,1,0,0,360,350,0,0
15530,165,35527,0,0,0,0,1,0,0,380,360,0,0
15531,165,35526,0,0,0,0,1,0,0,380,360,0,0
15532,165,35525,0,0,0,0,1,0,0,380,360,0,0
15533,165,35531,0,0,0,0,1,0,0,380,360,0,0
15534,165,35528,0,0,0,0,1,0,0,380,360,0,0
15535,165,35529,0,0,0,0,1,0,0,380,360,0,0
15536,165,35534,0,0,0,0,1,0,0,380,360,0,0
15537,165,35533,0,0,0,0,1,0,0,380,360,0,0
15538,165,35532,0,0,0,0,1,0,0,380,360,0,0
15539,165,35537,0,0,0,0,1,0,0,380,360,0,0
15540,165,35536,0,0,0,0,1,0,0,380,360,0,0
15541,165,35535,0,0,0,0,1,0,0,380,360,0,0
15542,165,35538,0,0,0,0,1,0,0,385,370,0,0
15543,165,35539,0,0,0,0,1,0,0,365,350,0,0
15544,165,35540,0,0,0,0,1,0,0,355,340,0,0
15545,165,35543,0,0,0,0,1,0,0,380,365,0,0
15546,165,35544,0,0,0,0,1,0,0,360,345,0,0
15547,165,35549,0,0,0,0,1,0,0,355,335,0,0
15548,165,35555,0,0,0,0,1,0,0,355,335,0,0
15549,165,35554,0,0,0,0,1,0,0,385,365,0,0
15550,165,35557,0,0,0,0,1,0,0,385,365,0,0
15551,165,35559,0,0,0,0,1,0,0,395,375,0,0
15552,165,35558,0,0,0,0,1,0,0,395,375,0,0
15553,165,35567,0,0,0,0,1,0,0,395,375,0,0
15554,165,35562,0,0,0,0,1,0,0,395,375,0,0
15555,165,35561,0,0,0,0,1,0,0,395,375,0,0
15556,165,35564,0,0,0,0,1,0,0,395,375,0,0
15557,165,35573,0,0,0,0,1,0,0,395,375,0,0
15558,165,35572,0,0,0,0,1,0,0,395,375,0,0
15559,165,35574,0,0,0,0,1,0,0,395,375,0,0
15560,165,35563,0,0,0,0,1,0,0,395,375,0,0
15561,165,35560,0,0,0,0,1,0,0,395,375,0,0
15562,165,35568,0,0,0,0,1,0,0,395,375,0,0
15563,165,35576,0,0,0,0,1,0,0,405,385,0,0
15564,165,35577,0,0,0,0,1,0,0,405,385,0,0
15565,165,35575,0,0,0,0,1,0,0,405,385,0,0
15566,165,35582,0,0,0,0,1,0,0,405,385,0,0
15567,165,35584,0,0,0,0,1,0,0,405,385,0,0
15568,165,35580,0,0,0,0,1,0,0,405,385,0,0
15569,165,35590,0,0,0,0,1,0,0,405,385,0,0
15570,165,35591,0,0,0,0,1,0,0,405,385,0,0
15571,165,35589,0,0,0,0,1,0,0,405,385,0,0
15572,165,35587,0,0,0,0,1,0,0,405,385,0,0
15573,165,35588,0,0,0,0,1,0,0,405,385,0,0
15574,165,35585,0,0,0,0,1,0,0,405,385,0,0
15612,165,36074,0,0,0,0,1,0,0,300,280,0,0
15613,165,36076,0,0,0,0,1,0,0,300,280,0,0
15614,165,36075,0,0,0,0,1,0,0,300,280,0,0
15615,165,36079,0,0,0,0,1,0,0,370,350,0,0
15616,165,36078,0,0,0,0,1,0,0,370,350,0,0
15617,165,36077,0,0,0,0,1,0,0,370,350,0,0
15671,165,36349,0,0,0,0,1,0,0,405,385,0,0
15672,165,36351,0,0,0,0,1,0,0,405,385,0,0
15673,165,36352,0,0,0,0,1,0,0,405,385,0,0
15674,165,36353,0,0,0,0,1,0,0,405,385,0,0
15675,165,36355,0,0,0,0,1,0,0,405,385,0,0
15676,165,36357,0,0,0,0,1,0,0,405,385,0,0
15677,165,36358,0,0,0,0,1,0,0,405,385,0,0
15678,165,36359,0,0,0,0,1,0,0,405,385,0,0
15814,165,39997,0,0,0,0,1,0,0,405,385,0,0
15816,165,40001,0,0,0,0,1,0,0,405,385,0,0
15817,165,40002,0,0,0,0,1,0,0,405,385,0,0
15818,165,40006,0,0,0,0,1,0,0,405,385,0,0
15819,165,40005,0,0,0,0,1,0,0,405,385,0,0
15820,165,40003,0,0,0,0,1,0,0,405,385,0,0
15821,165,40004,0,0,0,0,1,0,0,405,385,0,0
15841,165,41161,0,0,0,0,1,0,0,405,385,0,0
15842,165,41156,0,0,0,0,1,0,0,405,385,0,0
15843,165,41163,0,0,0,0,1,0,0,405,385,0,0
15844,165,41164,0,0,0,0,1,0,0,405,385,0,0
15845,165,41157,0,0,0,0,1,0,0,405,385,0,0
15846,165,41162,0,0,0,0,1,0,0,405,385,0,0
15847,165,41158,0,0,0,0,1,0,0,405,385,0,0
15848,165,41160,0,0,0,0,1,0,0,405,385,0,0
15889,165,42546,0,0,0,0,1,0,0,390,370,0,0
15902,165,42731,0,0,0,0,1,0,0,395,375,0,0
16023,165,44344,0,0,0,0,1,0,0,345,325,0,0
16024,165,44343,0,0,0,0,1,0,0,345,325,0,0
16143,165,44359,0,0,0,0,1,0,0,380,360,0,0
16144,165,44768,0,0,0,0,1,0,0,380,360,0,0
16145,165,44770,0,0,0,0,1,0,0,365,355,0,0
16152,165,44970,0,0,0,0,1,0,0,365,355,0,0
16156,165,44953,0,0,0,0,1,0,0,285,285,0,0
16158,165,45100,0,0,0,0,1,0,0,330,310,0,0
16162,165,45117,0,0,0,0,1,0,0,390,370,0,0
16270,165,46137,0,0,0,0,1,0,0,410,375,0,0
16271,165,46138,0,0,0,0,1,0,0,410,375,0,0
16272,165,46133,0,0,0,0,1,0,0,410,375,0,0
16273,165,46134,0,0,0,0,1,0,0,410,375,0,0
16274,165,46135,0,0,0,0,1,0,0,410,375,0,0
16275,165,46139,0,0,0,0,1,0,0,410,375,0,0
16276,165,46136,0,0,0,0,1,0,0,410,375,0,0
16277,165,46132,0,0,0,0,1,0,0,410,375,0,0
17558,165,50936,0,0,0,0,1,0,0,405,385,0,0
17580,165,50962,0,0,0,0,1,0,0,385,375,0,0
17581,165,50949,0,0,0,0,1,0,0,415,395,0,0
17582,165,50955,0,0,0,0,1,0,0,405,385,0,0
17583,165,50943,0,0,0,0,1,0,0,395,380,0,0
17597,165,51302,0,0,0,0,1,0,0,0,0,0,0
17672,165,50963,0,0,0,0,1,0,0,405,400,0,0
17673,165,50948,0,0,0,0,1,0,0,405,385,0,0
17674,165,50944,0,0,0,0,1,0,0,405,385,0,0
17675,165,50945,0,0,0,0,1,0,0,410,390,0,0
17676,165,50947,0,0,0,0,1,0,0,410,390,0,0
17677,165,50946,0,0,0,0,1,0,0,415,395,0,0
17690,165,51571,0,0,0,0,1,0,0,420,400,0,0
17894,165,52733,0,0,0,0,1,0,0,405,385,0,0
19238,165,55199,0,0,0,0,1,0,0,425,405,0,0
19258,165,55243,0,0,0,0,1,0,0,420,410,0,0
19767,165,57683,0,0,0,0,1,65730,0,435,425,0,0
19768,165,57699,0,0,0,0,1,0,0,435,425,0,0
19770,165,57691,0,0,0,0,1,0,0,435,425,0,0
19771,165,57694,0,0,0,0,1,0,0,435,425,0,0
19772,165,57692,0,0,0,0,1,0,0,435,425,0,0
19773,165,57690,0,0,0,0,1,0,0,435,425,0,0
19774,165,57701,0,0,0,0,1,0,0,435,425,0,0
19775,165,57696,0,0,0,0,1,0,0,435,425,0,0
20284,165,60583,0,0,0,0,1,0,0,410,400,0,0
20285,165,60584,0,0,0,0,1,0,0,405,395,0,0
20286,165,50967,0,0,0,0,1,0,0,445,435,0,0
20287,165,50965,0,0,0,0,1,0,0,445,435,0,0
20292,165,51572,0,0,0,0,1,0,0,420,400,0,0
20293,165,51570,0,0,0,0,1,0,0,430,410,0,0
20294,165,51569,0,0,0,0,1,0,0,430,410,0,0
20295,165,51568,0,0,0,0,1,0,0,435,415,0,0
20296,165,50951,0,0,0,0,1,0,0,405,385,0,0
20297,165,50950,0,0,0,0,1,0,0,410,390,0,0
20298,165,50952,0,0,0,0,1,0,0,410,390,0,0
20299,165,50953,0,0,0,0,1,0,0,415,395,0,0
20300,165,50954,0,0,0,0,1,0,0,415,395,0,0
20301,165,60599,0,0,0,0,1,0,0,420,400,0,0
20302,165,60600,0,0,0,0,1,0,0,420,400,0,0
20303,165,60601,0,0,0,0,1,0,0,430,410,0,0
20304,165,60604,0,0,0,0,1,0,0,430,410,0,0
20305,165,60605,0,0,0,0,1,0,0,435,415,0,0
20306,165,50941,0,0,0,0,1,0,0,405,385,0,0
20307,165,50939,0,0,0,0,1,0,0,405,385,0,0
20308,165,50938,0,0,0,0,1,0,0,410,390,0,0
20309,165,50942,0,0,0,0,1,0,0,410,390,0,0
20311,165,50940,0,0,0,0,1,0,0,415,395,0,0
20312,165,60607,0,0,0,0,1,0,0,420,400,0,0
20313,165,60608,0,0,0,0,1,0,0,420,400,0,0
20314,165,60611,0,0,0,0,1,0,0,430,410,0,0
20315,165,60613,0,0,0,0,1,0,0,430,410,0,0
20316,165,60620,0,0,0,0,1,0,0,435,415,0,0
20317,165,50957,0,0,0,0,1,0,0,405,385,0,0
20318,165,50959,0,0,0,0,1,0,0,405,385,0,0
20319,165,50956,0,0,0,0,1,0,0,410,390,0,0
20320,165,50961,0,0,0,0,1,0,0,410,390,0,0
20321,165,50960,0,0,0,0,1,0,0,415,395,0,0
20322,165,50958,0,0,0,0,1,0,0,415,395,0,0
20323,165,60622,0,0,0,0,1,0,0,420,400,0,0
20324,165,60624,0,0,0,0,1,0,0,420,400,0,0
20325,165,60627,0,0,0,0,1,0,0,430,410,0,0
20326,165,60629,0,0,0,0,1,0,0,430,410,0,0
20327,165,60630,0,0,0,0,1,0,0,435,415,0,0
20328,165,60631,0,0,0,0,1,0,0,410,390,0,0
20329,165,60637,0,0,0,0,1,0,0,460,450,0,0
20330,165,60640,0,0,0,0,1,0,0,460,450,0,0
20331,165,50966,0,0,0,0,1,0,0,415,405,0,0
20332,165,50964,0,0,0,0,1,0,0,420,410,0,0
20334,165,50970,0,0,0,0,1,0,0,425,420,0,0
20335,165,50971,0,0,0,0,1,0,0,425,420,0,0
20336,165,60643,0,0,0,0,1,0,0,425,420,0,0
20337,165,60645,0,0,0,0,1,0,0,425,420,0,0
20338,165,60647,0,0,0,0,1,0,0,425,420,0,0
20339,165,60649,0,0,0,0,1,0,0,440,430,0,0
20340,165,60651,0,0,0,0,1,0,0,435,425,0,0
20341,165,60652,0,0,0,0,1,0,0,435,425,0,0
20342,165,60655,0,0,0,0,1,0,0,440,430,0,0
20343,165,60658,0,0,0,0,1,0,0,435,425,0,0
20344,165,60660,0,0,0,0,1,0,0,440,430,0,0
20345,165,60665,0,0,0,0,1,0,0,435,425,0,0
20346,165,60666,0,0,0,0,1,0,0,435,425,0,0
20347,165,60669,0,0,0,0,1,0,0,440,430,0,0
20348,165,60671,0,0,0,0,1,0,0,435,425,0,0
20349,165,60697,0,0,0,0,1,0,0,435,425,0,0
20350,165,60702,0,0,0,0,1,0,0,435,425,0,0
20351,165,60703,0,0,0,0,1,0,0,435,425,0,0
20352,165,60704,0,0,0,0,1,0,0,435,425,0,0
20353,165,60705,0,0,0,0,1,0,0,440,430,0,0
20354,165,60706,0,0,0,0,1,0,0,440,430,0,0
20355,165,60711,0,0,0,0,1,0,0,440,430,0,0
20356,165,60712,0,0,0,0,1,0,0,440,430,0,0
20357,165,60715,0,0,0,0,1,0,0,435,425,0,0
20358,165,60716,0,0,0,0,1,0,0,435,425,0,0
20359,165,60718,0,0,0,0,1,0,0,435,425,0,0
20360,165,60720,0,0,0,0,1,0,0,435,425,0,0
20361,165,60721,0,0,0,0,1,0,0,440,430,0,0
20362,165,60723,0,0,0,0,1,0,0,440,430,0,0
20363,165,60725,0,0,0,0,1,0,0,440,430,0,0
20364,165,60727,0,0,0,0,1,0,0,440,430,0,0
20365,165,60728,0,0,0,0,1,0,0,435,425,0,0
20366,165,60729,0,0,0,0,1,0,0,435,425,0,0
20367,165,60730,0,0,0,0,1,0,0,435,425,0,0
20368,165,60731,0,0,0,0,1,0,0,435,425,0,0
20369,165,60732,0,0,0,0,1,0,0,440,430,0,0
20370,165,60734,0,0,0,0,1,0,0,440,430,0,0
20371,165,60735,0,0,0,0,1,0,0,440,430,0,0
20372,165,60737,0,0,0,0,1,0,0,440,430,0,0
20373,165,60743,0,0,0,0,1,0,0,435,425,0,0
20374,165,60746,0,0,0,0,1,0,0,435,425,0,0
20375,165,60747,0,0,0,0,1,0,0,435,425,0,0
20376,165,60748,0,0,0,0,1,0,0,435,425,0,0
20377,165,60749,0,0,0,0,1,0,0,440,430,0,0
20378,165,60750,0,0,0,0,1,0,0,440,430,0,0
20379,165,60751,0,0,0,0,1,0,0,440,430,0,0
20380,165,60752,0,0,0,0,1,0,0,440,430,0,0
20382,165,60754,0,0,0,0,1,0,0,460,450,0,0
20383,165,60755,0,0,0,0,1,0,0,460,450,0,0
20384,165,60756,0,0,0,0,1,0,0,460,450,0,0
20385,165,60757,0,0,0,0,1,0,0,460,450,0,0
20386,165,60758,0,0,0,0,1,0,0,460,450,0,0
20387,165,60759,0,0,0,0,1,0,0,460,450,0,0
20388,165,60761,0,0,0,0,1,0,0,460,450,0,0
20389,165,60760,0,0,0,0,1,0,0,460,450,0,0
20400,165,60998,0,0,0,0,1,0,0,450,430,0,0
20401,165,60997,0,0,0,0,1,0,0,450,430,0,0
20402,165,60996,0,0,0,0,1,0,0,455,435,0,0
20403,165,61000,0,0,0,0,1,0,0,450,430,0,0
20404,165,61002,0,0,0,0,1,0,0,450,430,0,0
20405,165,60999,0,0,0,0,1,0,0,455,435,0,0
20750,165,62176,0,0,0,0,1,0,0,460,450,0,0
20751,165,62177,0,0,0,0,1,0,0,460,450,0,0
20770,165,62448,0,0,0,0,1,0,0,445,435,0,0
20822,165,63194,0,0,0,0,1,0,0,475,455,0,0
20823,165,63195,0,0,0,0,1,0,0,475,455,0,0
20824,165,63196,0,0,0,0,1,0,0,475,455,0,0
20825,165,63201,0,0,0,0,1,0,0,475,455,0,0
20826,165,63198,0,0,0,0,1,0,0,475,455,0,0
20827,165,63199,0,0,0,0,1,0,0,475,455,0,0
20828,165,63200,0,0,0,0,1,0,0,475,455,0,0
20829,165,63197,0,0,0,0,1,0,0,475,455,0,0
21009,165,64661,0,0,0,0,1,0,0,375,350,0,0
21209,165,67080,0,0,0,0,1,0,0,475,460,0,0
21210,165,67081,0,0,0,0,1,0,0,475,460,0,0
21211,165,67087,0,0,0,0,1,0,0,475,460,0,0
21212,165,67086,0,0,0,0,1,0,0,475,460,0,0
21213,165,67085,0,0,0,0,1,0,0,475,460,0,0
21214,165,67084,0,0,0,0,1,0,0,475,460,0,0
21215,165,67083,0,0,0,0,1,0,0,475,460,0,0
21216,165,67082,0,0,0,0,1,0,0,475,460,0,0
21217,165,67136,0,0,0,0,1,0,0,475,460,0,0
21218,165,67142,0,0,0,0,1,0,0,475,460,0,0
21219,165,67141,0,0,0,0,1,0,0,475,460,0,0
21220,165,67140,0,0,0,0,1,0,0,475,460,0,0
21221,165,67139,0,0,0,0,1,0,0,475,460,0,0
21222,165,67138,0,0,0,0,1,0,0,475,460,0,0
21223,165,67137,0,0,0,0,1,0,0,475,460,0,0
21224,165,67143,0,0,0,0,1,0,0,475,460,0,0
21315,165,69386,0,0,0,0,1,0,0,470,440,0,0
21316,165,69388,0,0,0,0,1,0,0,470,440,0,0
21355,165,70554,0,0,0,0,1,0,0,500,475,0,0
21356,165,70555,0,0,0,0,1,0,0,500,475,0,0
21357,165,70556,0,0,0,0,1,0,0,500,475,0,0
21358,165,70557,0,0,0,0,1,0,0,500,475,0,0
21359,165,70558,0,0,0,0,1,0,0,500,475,0,0
21360,165,70559,0,0,0,0,1,0,0,500,475,0,0
21361,165,70560,0,0,0,0,1,0,0,500,475,0,0
21362,165,70561,0,0,0,0,1,0,0,500,475,0,0
1355,165,2153,0,0,0,0,30,0,0,75,45,0,0
1359,165,2158,0,0,0,0,45,0,0,150,120,0,0
1362,165,2160,0,0,0,0,50,0,0,100,70,0,0
1363,165,2161,0,0,0,0,65,0,0,115,85,0,0
1364,165,2162,0,0,0,0,65,0,0,120,90,0,0
1365,165,2163,0,0,0,0,70,0,0,120,90,0,0
1366,165,2164,0,0,0,0,70,0,0,135,105,0,0
1367,165,2165,0,0,0,0,75,0,0,130,115,0,0
1369,165,2167,0,0,0,0,100,0,0,150,125,0,0
1371,165,2169,0,0,0,0,100,0,0,150,125,0,0
1370,165,2168,0,0,0,0,110,0,0,160,135,0,0
1368,165,2166,0,0,0,0,125,0,0,170,145,0,0
1374,171,2259,0,0,0,0,1,3101,0,0,0,0,0
1377,171,2330,0,0,0,0,1,0,1,95,55,0,0
1378,171,2329,0,0,0,0,1,0,1,95,55,0,0
1793,171,3101,0,0,0,0,1,3464,0,0,0,0,0
1814,171,3171,0,0,0,0,1,0,0,160,120,0,0
1815,171,3172,0,0,0,0,1,0,0,175,135,0,0
1816,171,3173,0,0,0,0,1,0,0,185,145,0,0
1817,171,3174,0,0,0,0,1,0,0,185,145,0,0
1819,171,3176,0,0,0,0,1,0,0,190,150,0,0
1820,171,3177,0,0,0,0,1,0,0,195,155,0,0
1821,171,2333,0,0,0,0,1,0,0,205,165,0,0
1822,171,3188,0,0,0,0,1,0,0,215,175,0,0
1832,171,3170,0,0,0,0,1,0,0,100,60,0,0
1833,171,3230,0,0,0,0,1,0,0,120,80,0,0
1930,171,3447,0,0,0,0,1,0,0,175,135,0,0
1931,171,3448,0,0,0,0,1,0,0,225,185,0,0
1932,171,3449,0,0,0,0,1,0,0,230,190,0,0
1933,171,3450,0,0,0,0,1,0,0,235,195,0,0
1934,171,3451,0,0,0,0,1,0,0,240,200,0,0
1935,171,3452,0,0,0,0,1,0,0,220,180,0,0
1936,171,3453,0,0,0,0,1,0,0,255,215,0,0
1937,171,3454,0,0,0,0,1,0,0,260,220,0,0
1938,171,3464,0,0,0,0,1,11611,0,0,0,0,0
2907,171,4508,0,0,0,0,1,0,0,120,80,0,0
2909,171,4942,0,0,0,0,1,0,0,270,230,0,0
4004,171,6624,0,0,0,0,1,0,0,215,175,0,0
4006,171,6618,0,0,0,0,1,0,0,235,195,0,0
4007,171,6617,0,0,0,0,1,0,0,130,90,0,0
4176,171,7179,0,0,0,0,1,0,0,160,120,0,0
4177,171,7181,0,0,0,0,1,0,0,215,175,0,0
4178,171,7183,0,0,0,0,1,0,1,95,55,0,0
4209,171,7257,0,0,0,0,1,0,0,250,210,0,0
4210,171,7258,0,0,0,0,1,0,0,245,205,0,0
4211,171,7255,0,0,0,0,1,0,0,170,130,0,0
4212,171,7259,0,0,0,0,1,0,0,250,210,0,0
4213,171,7256,0,0,0,0,1,0,0,200,160,0,0
4393,171,7836,0,0,0,0,1,0,0,100,80,0,0
4394,171,7837,0,0,0,0,1,0,0,170,150,0,0
4395,171,7841,0,0,0,0,1,0,0,170,130,0,0
4396,171,7845,0,0,0,0,1,0,0,205,165,0,0
4570,171,8240,0,0,0,0,1,0,0,160,120,0,0
5997,171,11449,0,0,0,0,1,0,0,245,205,0,0
5998,171,11450,0,0,0,0,1,0,0,255,215,0,0
5999,171,11451,0,0,0,0,1,0,0,260,220,0,0
6000,171,11448,0,0,0,0,1,0,0,260,220,0,0
6001,171,11452,0,0,0,0,1,0,0,265,225,0,0
6002,171,11453,0,0,0,0,1,0,0,265,225,0,0
6004,171,11456,0,0,0,0,1,0,0,265,225,0,0
6005,171,11457,0,0,0,0,1,0,0,270,230,0,0
6006,171,11458,0,0,0,0,1,0,0,280,240,0,0
6007,171,11459,0,0,0,0,1,0,0,280,240,0,0
6008,171,11460,0,0,0,0,1,0,0,285,245,0,0
6009,171,11461,0,0,0,0,1,0,0,290,250,0,0
6010,171,11464,0,0,0,0,1,0,0,290,250,0,0
6011,171,11465,0,0,0,0,1,0,0,290,250,0,0
6012,171,11466,0,0,0,0,1,0,0,295,255,0,0
6013,171,11467,0,0,0,0,1,0,0,295,255,0,0
6014,171,11468,0,0,0,0,1,0,0,295,255,0,0
6015,171,11472,0,0,0,0,1,0,0,300,260,0,0
6016,171,11473,0,0,0,0,1,0,0,300,260,0,0
6017,171,11476,0,0,0,0,1,0,0,305,265,0,0
6018,171,11477,0,0,0,0,1,0,0,305,265,0,0
6019,171,11478,0,0,0,0,1,0,0,305,265,0,0
6020,171,11479,0,0,0,0,1,0,0,280,240,0,0
6021,171,11480,0,0,0,0,1,0,0,280,240,0,0
6056,171,11611,0,0,0,0,1,28596,0,0,0,0,0
6848,171,12609,0,0,0,0,1,0,0,260,220,0,0
8596,171,15833,0,0,0,0,1,0,0,285,245,0,0
9840,171,17187,0,0,0,0,1,0,0,290,275,0,0
9936,171,17551,0,0,0,0,1,0,0,260,250,0,0
9937,171,17552,0,0,0,0,1,0,0,310,270,0,0
9938,171,17553,0,0,0,0,1,0,0,315,275,0,0
9939,171,17554,0,0,0,0,1,0,0,320,280,0,0
9940,171,17555,0,0,0,0,1,0,0,325,285,0,0
9941,171,17556,0,0,0,0,1,0,0,330,290,0,0
9942,171,17557,0,0,0,0,1,0,0,330,290,0,0
9943,171,17559,0,0,0,0,1,0,0,290,275,0,0
9944,171,17561,0,0,0,0,1,0,0,290,275,0,0
9945,171,17566,0,0,0,0,1,0,0,290,275,0,0
9946,171,17560,0,0,0,0,1,0,0,290,275,0,0
9947,171,17563,0,0,0,0,1,0,0,290,275,0,0
9948,171,17562,0,0,0,0,1,0,0,290,275,0,0
9949,171,17564,0,0,0,0,1,0,0,290,275,0,0
9950,171,17565,0,0,0,0,1,0,0,290,275,0,0
9951,171,17570,0,0,0,0,1,0,0,335,295,0,0
9952,171,17571,0,0,0,0,1,0,0,335,295,0,0
9953,171,17572,0,0,0,0,1,0,0,340,300,0,0
9954,171,17573,0,0,0,0,1,0,0,340,300,0,0
9955,171,17574,0,0,0,0,1,0,0,345,305,0,0
9956,171,17575,0,0,0,0,1,0,0,345,305,0,0
9957,171,17576,0,0,0,0,1,0,0,345,305,0,0
9958,171,17577,0,0,0,0,1,0,0,345,305,0,0
9959,171,17578,0,0,0,0,1,0,0,345,305,0,0
9960,171,17579,0,0,0,0,1,0,0,345,305,0,0
9961,171,17580,0,0,0,0,1,0,0,350,310,0,0
9976,171,17632,0,0,0,0,1,0,0,380,365,0,0
9977,171,17634,0,0,0,0,1,0,0,330,315,0,0
9978,171,17635,0,0,0,0,1,0,0,330,315,0,0
9979,171,17636,0,0,0,0,1,0,0,330,315,0,0
9980,171,17637,0,0,0,0,1,0,0,330,315,0,0
9981,171,17638,0,0,0,0,1,0,0,330,315,0,0
11316,171,3175,0,0,0,0,1,0,0,315,275,0,0
12137,171,21923,0,0,0,0,1,0,0,250,210,0,0
12299,171,22732,0,0,0,0,1,0,0,330,310,0,0
12322,171,22808,0,0,0,0,1,0,0,270,230,0,0
12876,171,24266,0,0,0,0,1,0,0,330,315,0,0
12892,171,24365,0,0,0,0,1,0,0,330,290,0,0
12893,171,24366,0,0,0,0,1,0,0,330,290,0,0
12894,171,24367,0,0,0,0,1,0,0,340,300,0,0
12895,171,24368,0,0,0,0,1,0,0,345,305,0,0
13146,171,25146,0,0,0,0,1,0,0,310,301,0,0
13417,171,26277,0,0,0,0,1,0,0,305,265,0,0
13960,171,28596,0,0,0,0,1,51304,0,0,0,0,0
13961,171,28543,0,0,0,0,1,0,0,335,320,0,0
13962,171,28544,0,0,0,0,1,0,0,335,320,0,0
13963,171,28545,0,0,0,0,1,0,0,340,325,0,0
13964,171,28546,0,0,0,0,1,0,0,345,330,0,0
13965,171,28549,0,0,0,0,1,0,0,350,335,0,0
13966,171,28550,0,0,0,0,1,0,0,350,335,0,0
13967,171,28552,0,0,0,0,1,0,0,355,340,0,0
13968,171,28551,0,0,0,0,1,0,0,355,340,0,0
13969,171,28553,0,0,0,0,1,0,0,360,345,0,0
13970,171,28554,0,0,0,0,1,0,0,365,350,0,0
13971,171,28555,0,0,0,0,1,0,0,370,355,0,0
13972,171,28556,0,0,0,0,1,0,0,375,360,0,0
13973,171,28557,0,0,0,0,1,0,0,375,360,0,0
13974,171,28558,0,0,0,0,1,0,0,380,365,0,0
13975,171,28562,0,0,0,0,1,0,0,380,365,0,0
13976,171,28563,0,0,0,0,1,0,0,380,365,0,0
13977,171,28564,0,0,0,0,1,0,0,380,365,0,0
13978,171,28565,0,0,0,0,1,0,0,380,365,0,0
13979,171,28566,0,0,0,0,1,0,0,380,365,0,0
13980,171,28567,0,0,0,0,1,0,0,380,365,0,0
13981,171,28568,0,0,0,0,1,0,0,380,365,0,0
13982,171,28569,0,0,0,0,1,0,0,380,365,0,0
13983,171,28570,0,0,0,0,1,0,0,380,370,0,0
13984,171,28575,0,0,0,0,1,0,0,380,375,0,0
13985,171,28571,0,0,0,0,1,0,0,380,375,0,0
13986,171,28572,0,0,0,0,1,0,0,380,375,0,0
13987,171,28577,0,0,0,0,1,0,0,380,375,0,0
13988,171,28573,0,0,0,0,1,0,0,380,375,0,0
13989,171,28576,0,0,0,0,1,0,0,380,375,0,0
13990,171,28578,0,0,0,0,1,0,0,380,375,0,0
13991,171,28579,0,0,0,0,1,0,0,380,375,0,0
13992,171,28585,0,0,0,0,1,0,0,380,375,0,0
13993,171,28583,0,0,0,0,1,0,0,380,375,0,0
13994,171,28584,0,0,0,0,1,0,0,380,375,0,0
13995,171,28582,0,0,0,0,1,0,0,380,375,0,0
13996,171,28580,0,0,0,0,1,0,0,380,375,0,0
13997,171,28581,0,0,0,0,1,0,0,380,375,0,0
13998,171,28586,0,0,0,0,1,0,0,380,375,0,0
13999,171,28590,0,0,0,0,1,0,0,380,375,0,0
14000,171,28587,0,0,0,0,1,0,0,380,375,0,0
14001,171,28588,0,0,0,0,1,0,0,380,375,0,0
14002,171,28589,0,0,0,0,1,0,0,380,375,0,0
14003,171,28591,0,0,0,0,1,0,0,380,375,0,0
14007,171,28677,0,0,0,0,1,0,0,0,0,0,0
14008,171,28675,0,0,0,0,1,0,0,0,0,0,0
14009,171,28672,0,0,0,0,1,0,0,0,0,0,0
14157,171,29688,0,0,0,0,1,0,0,380,365,0,0
14913,171,32765,0,0,0,0,1,0,0,380,365,0,0
14914,171,32766,0,0,0,0,1,0,0,380,365,0,0
15043,171,33732,0,0,0,0,1,0,0,330,315,0,0
15044,171,33738,0,0,0,0,1,0,0,330,315,0,0
15045,171,33740,0,0,0,0,1,0,0,330,315,0,0
15046,171,33733,0,0,0,0,1,0,0,340,325,0,0
15047,171,33741,0,0,0,0,1,0,0,345,330,0,0
15714,171,38070,0,0,0,0,1,0,0,355,340,0,0
15738,171,38960,0,0,0,0,1,0,0,365,350,0,0
15739,171,38962,0,0,0,0,1,0,0,375,360,0,0
15740,171,38961,0,0,0,0,1,0,0,380,375,0,0
15768,171,39636,0,0,0,0,1,0,0,340,325,0,0
15769,171,39637,0,0,0,0,1,0,0,350,335,0,0
15770,171,39638,0,0,0,0,1,0,0,350,335,0,0
15771,171,39639,0,0,0,0,1,0,0,360,345,0,0
15863,171,41458,0,0,0,0,1,0,0,380,360,0,0
15864,171,41500,0,0,0,0,1,0,0,380,360,0,0
15865,171,41501,0,0,0,0,1,0,0,380,360,0,0
15866,171,41502,0,0,0,0,1,0,0,380,360,0,0
15867,171,41503,0,0,0,0,1,0,0,380,360,0,0
15903,171,42736,0,0,0,0,1,0,0,405,390,0,0
16153,171,45061,0,0,0,0,1,0,0,350,335,0,0
16358,171,47050,0,0,0,0,1,0,0,390,380,0,0
16359,171,47046,0,0,0,0,1,0,0,390,380,0,0
16360,171,47049,0,0,0,0,1,0,0,390,380,0,0
16361,171,47048,0,0,0,0,1,0,0,390,380,0,0
17592,171,51304,0,0,0,0,1,0,0,0,0,0,0
18323,171,53812,0,0,0,0,1,0,0,390,380,0,0
18325,171,53836,0,0,0,0,1,0,0,425,410,0,0
18326,171,53837,0,0,0,0,1,0,0,430,415,0,0
18327,171,53838,0,0,0,0,1,0,0,380,360,0,0
18328,171,53840,0,0,0,0,1,0,0,415,400,0,0
18329,171,53842,0,0,0,0,1,0,0,390,375,0,0
18330,171,53847,0,0,0,0,1,0,0,400,390,0,0
18331,171,53895,0,0,0,0,1,0,0,430,415,0,0
18332,171,53898,0,0,0,0,1,0,0,405,395,0,0
18333,171,53900,0,0,0,0,1,0,0,395,385,0,0
18334,171,53905,0,0,0,0,1,0,0,430,415,0,0
18335,171,53904,0,0,0,0,1,0,0,430,415,0,0
18336,171,53903,0,0,0,0,1,0,0,465,450,0,0
18337,171,53902,0,0,0,0,1,0,0,465,450,0,0
18338,171,53901,0,0,0,0,1,0,0,465,450,0,0
18339,171,53899,0,0,0,0,1,0,0,390,380,0,0
18340,171,53848,0,0,0,0,1,0,0,390,380,0,0
18342,171,53841,0,0,0,0,1,0,0,385,365,0,0
18343,171,53839,0,0,0,0,1,0,0,385,365,0,0
18344,171,53777,0,0,0,0,1,0,0,425,405,0,0
18345,171,53776,0,0,0,0,1,0,0,425,405,0,0
18346,171,53781,0,0,0,0,1,0,0,425,405,0,0
18347,171,53782,0,0,0,0,1,0,0,425,405,0,0
18348,171,53775,0,0,0,0,1,0,0,425,405,0,0
18349,171,53774,0,0,0,0,1,0,0,425,405,0,0
18350,171,53773,0,0,0,0,1,0,0,425,405,0,0
18351,171,53771,0,0,0,0,1,0,0,425,405,0,0
18352,171,53779,0,0,0,0,1,0,0,425,405,0,0
18353,171,53780,0,0,0,0,1,0,0,425,405,0,0
18354,171,53783,0,0,0,0,1,0,0,425,405,0,0
18355,171,53784,0,0,0,0,1,0,0,425,405,0,0
18356,171,53942,0,0,0,0,1,0,0,420,410,0,0
18357,171,53936,0,0,0,0,1,0,0,420,410,0,0
18358,171,53937,0,0,0,0,1,0,0,420,410,0,0
18359,171,53938,0,0,0,0,1,0,0,420,410,0,0
18360,171,53939,0,0,0,0,1,0,0,420,410,0,0
18487,171,54020,0,0,0,0,1,0,0,460,445,0,0
18531,171,54213,0,0,0,0,1,0,0,465,450,0,0
18532,171,54218,0,0,0,0,1,0,0,400,390,0,0
18533,171,54220,0,0,0,0,1,0,0,430,415,0,0
18534,171,54221,0,0,0,0,1,0,0,430,415,0,0
18535,171,54222,0,0,0,0,1,0,0,430,415,0,0
19162,171,53042,0,0,0,0,1,0,0,0,0,0,0
19577,171,56519,0,0,0,0,1,0,0,430,415,0,0
19710,171,57425,0,0,0,0,1,0,0,450,440,0,0
19711,171,57427,0,0,0,0,1,0,0,445,435,0,0
20096,171,58868,0,0,0,0,1,0,0,420,415,0,0
20097,171,58871,0,0,0,0,1,0,0,415,410,0,0
20272,171,60403,0,0,0,0,1,0,0,430,420,0,0
20273,171,60396,0,0,0,0,1,0,0,430,420,0,0
20274,171,60405,0,0,0,0,1,0,0,430,420,0,0
20275,171,60354,0,0,0,0,1,0,0,430,415,0,0
20276,171,60355,0,0,0,0,1,0,0,430,415,0,0
20277,171,60356,0,0,0,0,1,0,0,430,415,0,0
20278,171,60357,0,0,0,0,1,0,0,430,415,0,0
20279,171,60365,0,0,0,0,1,0,0,430,415,0,0
20280,171,60366,0,0,0,0,1,0,0,430,415,0,0
20281,171,60367,0,0,0,0,1,0,0,415,400,0,0
20282,171,60350,0,0,0,0,1,0,0,440,420,0,0
20381,171,60893,0,0,0,0,1,0,0,430,415,0,0
20753,171,62213,0,0,0,0,1,0,0,400,390,0,0
20768,171,62409,0,0,0,0,1,0,0,390,380,0,0
20769,171,62410,0,0,0,0,1,0,0,430,415,0,0
20870,171,63732,0,0,0,0,1,0,0,200,160,0,0
21176,171,66664,0,0,0,0,1,0,0,465,440,0,0
21177,171,66658,0,0,0,0,1,0,0,465,440,0,0
21178,171,66659,0,0,0,0,1,0,0,465,440,0,0
21179,171,66660,0,0,0,0,1,0,0,465,440,0,0
21180,171,66662,0,0,0,0,1,0,0,465,440,0,0
21181,171,66663,0,0,0,0,1,0,0,465,440,0,0
21196,171,67025,0,0,0,0,1,0,0,450,440,0,0
1379,171,2331,0,0,0,0,30,0,0,105,65,0,0
1380,171,2332,0,0,0,0,40,0,0,110,70,0,0
1382,171,2334,0,0,0,0,50,0,0,120,80,0,0
1383,171,2335,0,0,0,0,60,0,0,130,90,0,0
1384,171,2336,0,0,0,0,70,0,0,140,100,0,0
1385,171,2337,0,0,0,0,80,0,0,125,85,0,0
3213,172,197,0,103,0,0,1,0,2,0,0,0,0
1387,173,1180,0,1501,0,0,1,0,2,0,0,0,0
1550,176,2567,0,0,0,0,1,0,2,0,0,0,0
1655,176,2764,0,0,0,0,1,0,1,0,0,0,0
1418,182,2366,0,0,0,0,1,2368,0,0,0,0,0
1419,182,2368,0,0,0,0,1,3570,0,0,0,0,0
1442,182,2383,0,0,0,0,1,8387,1,0,0,0,0
1843,182,2369,0,0,0,0,1,0,0,0,0,0,0
1844,182,2371,0,0,0,0,1,0,0,0,0,0,0
2041,182,3570,0,0,0,0,1,11993,0,0,0,0,0
4648,182,8387,0,0,0,0,1,0,0,0,0,0,0
6216,182,11993,0,0,0,0,1,28695,0,0,0,0,0
14010,182,28695,0,0,0,0,1,50300,0,0,0,0,0
14898,182,32605,0,0,0,0,1,0,1,0,0,0,0
17443,182,50300,0,0,0,0,1,0,0,0,0,0,0
19355,182,55428,0,0,0,0,75,55480,1,1,1,0,0
19356,182,55480,0,0,0,0,150,55500,1,1,1,0,0
19357,182,55500,0,0,0,0,225,55501,1,1,1,0,0
19358,182,55501,0,0,0,0,300,55502,1,1,1,0,0
19359,182,55502,0,0,0,0,375,55503,1,1,1,0,0
19360,182,55503,0,0,0,0,450,0,1,1,1,0,0
1441,183,2382,0,0,0,0,1,0,2,0,0,0,0
1869,183,3365,0,0,0,0,1,0,2,0,0,0,0
1870,183,3050,0,0,0,0,1,0,2,0,0,0,0
3869,183,6233,0,0,0,0,1,0,2,0,0,0,0
3870,183,6246,0,0,0,0,1,0,2,0,0,0,0
3871,183,6247,0,0,0,0,1,0,2,0,0,0,0
3953,183,6477,0,0,0,0,1,0,2,0,0,0,0
3954,183,6478,0,0,0,0,1,0,2,0,0,0,0
3999,183,6603,0,0,0,0,1,0,2,0,0,0,0
4214,183,7266,0,0,0,0,1,0,2,0,0,0,0
4215,183,7267,0,0,0,0,1,0,2,0,0,0,0
4266,183,7355,0,0,0,0,1,0,2,0,0,0,0
4695,183,8386,0,0,0,0,1,0,2,0,0,0,0
5008,183,9125,0,0,0,0,1,0,2,0,0,0,0
12056,183,21651,0,0,0,0,1,0,2,0,0,0,0
12057,183,21652,0,0,0,0,1,0,2,0,0,0,0
12156,183,22027,0,0,0,0,1,0,2,0,0,0,0
12323,183,22810,0,0,0,0,1,0,2,0,0,0,0
12576,183,2479,0,0,0,0,1,0,2,0,0,0,0
13820,183,27764,0,1024,0,0,1,0,2,0,0,0,0
13821,183,27762,0,2,0,0,1,0,2,0,0,0,0
13822,183,27763,0,64,0,0,1,0,2,0,0,0,0
15148,183,34082,0,4,0,0,1,0,2,0,0,0,0
16247,183,45927,0,0,0,0,1,0,2,0,0,0,0
17893,183,52665,0,32,0,0,1,0,2,0,0,0,0
20657,183,61437,0,0,0,0,1,0,2,0,0,0,0
20867,183,63645,4095,1535,0,0,1,0,2,0,0,0,0
20868,183,63644,4095,1535,0,0,1,0,2,0,0,0,0
21260,183,68398,0,0,0,0,1,0,2,0,0,0,0
6496,184,7294,0,2,0,0,1,10298,0,0,0,0,0
6497,184,10298,0,2,0,0,1,10299,0,0,0,0,0
6498,184,10299,0,2,0,0,1,10300,0,0,0,0,0
6499,184,10300,0,2,0,0,1,10301,0,0,0,0,0
6500,184,10301,0,2,0,0,1,27150,0,0,0,0,0
11216,184,19740,0,2,0,0,1,0,0,0,0,0,0
11217,184,19834,0,2,0,0,1,0,0,0,0,0,0
11218,184,19835,0,2,0,0,1,0,0,0,0,0,0
11219,184,19836,0,2,0,0,1,0,0,0,0,0,0
11220,184,19837,0,2,0,0,1,0,0,0,0,0,0
11221,184,19838,0,2,0,0,1,0,0,0,0,0,0
11357,184,20042,0,0,0,0,1,0,0,0,0,0,0
11358,184,20045,0,0,0,0,1,0,0,0,0,0,0
11362,184,20049,0,0,0,0,1,0,0,0,0,0,0
11363,184,20056,0,0,0,0,1,0,0,0,0,0,0
11364,184,20057,0,0,0,0,1,0,0,0,0,0,0
11367,184,20060,0,0,0,0,1,0,0,0,0,0,0
11368,184,20061,0,0,0,0,1,0,0,0,0,0,0
11369,184,20062,0,0,0,0,1,0,0,0,0,0,0
11370,184,20063,0,0,0,0,1,0,0,0,0,0,0
11371,184,20064,0,0,0,0,1,0,0,0,0,0,0
11408,184,20102,0,0,0,0,1,0,0,0,0,0,0
11409,184,20101,0,0,0,0,1,0,0,0,0,0,0
11410,184,20103,0,0,0,0,1,0,0,0,0,0,0
11411,184,20104,0,0,0,0,1,0,0,0,0,0,0
11412,184,20105,0,0,0,0,1,0,0,0,0,0,0
11419,184,20111,0,0,0,0,1,0,0,0,0,0,0
11420,184,20112,0,0,0,0,1,0,0,0,0,0,0
11421,184,20113,0,0,0,0,1,0,0,0,0,0,0
11424,184,20117,0,0,0,0,1,0,0,0,0,0,0
11425,184,20118,0,0,0,0,1,0,0,0,0,0,0
11426,184,20119,0,0,0,0,1,0,0,0,0,0,0
11427,184,20120,0,0,0,0,1,0,0,0,0,0,0
11428,184,20121,0,0,0,0,1,0,0,0,0,0,0
11549,184,20271,0,2,0,0,1,0,0,0,0,0,0
11591,184,20335,0,0,0,0,1,0,0,0,0,0,0
11592,184,20336,0,0,0,0,1,0,0,0,0,0,0
11593,184,20337,0,0,0,0,1,0,0,0,0,0,0
11616,184,20375,0,0,0,0,1,0,0,0,0,0,0
11898,184,20425,0,0,0,0,1,0,0,0,0,0,0
13231,184,25291,0,2,0,0,1,0,0,0,0,0,0
13369,184,25782,0,2,0,0,1,0,0,0,0,0,0
13372,184,25916,0,2,0,0,1,0,0,0,0,0,0
13376,184,25956,0,2,0,0,1,0,0,0,0,0,0
13377,184,25957,0,2,0,0,1,0,0,0,0,0,0
13378,184,25997,0,2,0,0,1,0,0,0,0,0,0
13379,184,9799,0,2,0,0,1,0,0,0,0,0,0
13380,184,25988,0,2,0,0,1,0,0,0,0,0,0
13382,184,9452,0,2,0,0,1,0,0,0,0,0,0
13383,184,26016,0,2,0,0,1,0,0,0,0,0,0
13385,184,26022,0,2,0,0,1,0,0,0,0,0,0
13386,184,26023,0,2,0,0,1,0,0,0,0,0,0
13387,184,67,0,2,0,0,1,0,0,0,0,0,0
13388,184,26017,0,2,0,0,1,0,0,0,0,0,0
13454,184,20066,0,2,0,0,1,0,0,0,0,0,0
13691,184,27140,0,2,0,0,1,0,0,0,0,0,0
13692,184,27141,0,2,0,0,1,0,0,0,0,0,0
13702,184,27150,0,2,0,0,1,54043,0,0,0,0,0
14065,184,20467,0,0,0,0,1,0,0,0,0,0,0
14760,184,31884,0,2,0,0,1,0,0,0,0,0,0
14761,184,31879,0,2,0,0,1,0,0,0,0,0,0
14762,184,31880,0,2,0,0,1,0,0,0,0,0,0
14763,184,31881,0,2,0,0,1,0,0,0,0,0,0
14766,184,31876,0,2,0,0,1,0,0,0,0,0,0
14767,184,31877,0,2,0,0,1,0,0,0,0,0,0
14768,184,31878,0,2,0,0,1,0,0,0,0,0,0
14769,184,31871,0,2,0,0,1,0,0,0,0,0,0
14770,184,31872,0,2,0,0,1,0,0,0,0,0,0
14774,184,31869,0,2,0,0,1,0,0,0,0,0,0
14776,184,31866,0,2,0,0,1,0,0,0,0,0,0
14777,184,31867,0,2,0,0,1,0,0,0,0,0,0
14778,184,31868,0,2,0,0,1,0,0,0,0,0,0
14779,184,31801,1029,2,0,0,1,0,0,0,0,0,0
14783,184,32043,0,2,0,0,1,0,0,0,0,0,0
14784,184,31898,512,2,0,0,1,0,0,0,0,0,0
14787,184,31803,1029,2,0,0,1,0,0,0,0,0,0
14788,184,31804,1029,2,0,0,1,0,0,0,0,0,0
14808,184,32223,0,2,0,0,1,0,0,0,0,0,0
15493,184,35395,0,2,0,0,1,0,0,0,0,0,0
15494,184,35396,0,2,0,0,1,0,0,0,0,0,0
15495,184,35397,0,2,0,0,1,0,0,0,0,0,0
16628,184,24275,0,2,0,0,1,0,0,0,0,0,0
16629,184,24274,0,2,0,0,1,0,0,0,0,0,0
16630,184,24239,0,2,0,0,1,0,0,0,0,0,0
16631,184,27180,0,2,0,0,1,0,0,0,0,0,0
16708,184,48805,0,2,0,0,1,0,0,0,0,0,0
16709,184,48806,0,2,0,0,1,0,0,0,0,0,0
16753,184,48931,0,2,0,0,1,0,0,0,0,0,0
16754,184,48932,0,2,0,0,1,0,0,0,0,0,0
16755,184,48933,0,2,0,0,1,0,0,0,0,0,0
16756,184,48934,0,2,0,0,1,0,0,0,0,0,0
18097,184,53375,0,2,0,0,1,0,0,0,0,0,0
18098,184,53376,0,2,0,0,1,0,0,0,0,0,0
18101,184,53379,0,2,0,0,1,0,0,0,0,0,0
18103,184,53380,0,2,0,0,1,0,0,0,0,0,0
18104,184,53381,0,2,0,0,1,0,0,0,0,0,0
18105,184,53382,0,2,0,0,1,0,0,0,0,0,0
18109,184,53385,0,2,0,0,1,0,0,0,0,0,0
18112,184,53407,0,2,0,0,1,0,0,0,0,0,0
18113,184,53408,0,2,0,0,1,0,0,0,0,0,0
18145,184,53484,0,2,0,0,1,0,0,0,0,0,0
18149,184,53486,0,2,0,0,1,0,0,0,0,0,0
18150,184,53488,0,2,0,0,1,0,0,0,0,0,0
18151,184,53489,0,2,0,0,1,0,0,0,0,0,0
18157,184,53375,0,2,0,0,1,0,0,0,0,0,0
18158,184,53376,0,2,0,0,1,0,0,0,0,0,0
18159,184,53501,0,2,0,0,1,0,0,0,0,0,0
18160,184,53502,0,2,0,0,1,0,0,0,0,0,0
18161,184,53503,0,2,0,0,1,0,0,0,0,0,0
18264,184,53648,0,2,0,0,1,0,0,0,0,0,0
18299,184,53726,1029,2,0,0,1,0,0,0,0,0,0
18308,184,53733,512,2,0,0,1,0,0,0,0,0,0
18311,184,53736,512,2,0,0,1,0,0,0,0,0,0
18314,184,53742,512,2,0,0,1,0,0,0,0,0,0
18510,184,54043,0,2,0,0,1,0,0,0,0,0,0
20154,184,20050,0,2,0,0,1,0,0,0,0,0,0
20155,184,20052,0,2,0,0,1,0,0,0,0,0,0
20156,184,20053,0,2,0,0,1,0,0,0,0,0,0
20191,184,59578,0,2,0,0,1,0,0,0,0,0,0
20243,184,60091,0,2,0,0,1,0,2,0,0,0,0
1532,185,2550,0,0,0,0,1,3102,0,0,0,0,0
1535,185,2538,0,0,0,0,1,0,1,85,45,0,0
1537,185,2540,0,0,0,0,1,0,1,85,45,0,0
1794,185,3102,0,0,0,0,1,3413,0,0,0,0,0
1871,185,3370,0,0,0,0,1,0,0,160,120,0,0
1872,185,3371,0,0,0,0,1,0,0,140,100,0,0
1873,185,3372,0,0,0,0,1,0,0,170,130,0,0
1874,185,3373,0,0,0,0,1,0,0,200,160,0,0
1875,185,3376,0,0,0,0,1,0,0,210,170,0,0
1876,185,3377,0,0,0,0,1,0,0,190,150,0,0
1901,185,3397,0,0,0,0,1,0,0,190,150,0,0
1902,185,3398,0,0,0,0,1,0,0,215,175,0,0
1903,185,3399,0,0,0,0,1,0,0,230,190,0,0
1904,185,3400,0,0,0,0,1,0,0,255,215,0,0
1906,185,3413,0,0,0,0,1,18260,0,0,0,0,0
2499,185,4094,0,0,0,0,1,0,0,255,215,0,0
3926,185,6412,0,0,0,0,1,0,0,90,50,0,0
3927,185,6413,0,0,0,0,1,0,0,100,60,0,0
3928,185,6414,0,0,0,0,1,0,0,115,75,0,0
3929,185,6415,0,0,0,0,1,0,0,130,90,0,0
3930,185,6416,0,0,0,0,1,0,0,130,90,0,0
3931,185,6417,0,0,0,0,1,0,0,170,130,0,0
3932,185,6418,0,0,0,0,1,0,0,180,140,0,0
3933,185,6419,0,0,0,0,1,0,0,190,150,0,0
3962,185,6501,0,0,0,0,1,0,0,170,130,0,0
3963,185,6500,0,0,0,0,1,0,0,205,165,0,0
3964,185,6499,0,0,0,0,1,0,0,130,90,0,0
4204,185,7213,0,0,0,0,1,0,0,255,215,0,0
4353,185,7751,0,0,0,0,1,0,0,85,45,0,0
4354,185,7752,0,0,0,0,1,0,0,85,45,0,0
4355,185,7753,0,0,0,0,1,0,0,130,90,0,0
4356,185,7754,0,0,0,0,1,0,0,130,90,0,0
4359,185,7755,0,0,0,0,1,0,0,180,140,0,0
4391,185,7827,0,0,0,0,1,0,0,130,90,0,0
4392,185,7828,0,0,0,0,1,0,0,230,190,0,0
4569,185,8238,0,0,0,0,1,0,0,165,125,0,0
4786,185,8604,0,0,0,0,1,0,1,85,45,0,0
4787,185,8607,0,0,0,0,1,0,0,120,80,0,0
5149,185,9513,0,0,0,0,1,0,0,140,100,0,0
8616,185,15935,0,0,0,0,1,0,0,85,45,0,0
8617,185,15853,0,0,0,0,1,0,0,205,165,0,0
8618,185,15855,0,0,0,0,1,0,0,255,215,0,0
8619,185,15856,0,0,0,0,1,0,0,255,215,0,0
8620,185,15861,0,0,0,0,1,0,0,255,215,0,0
8621,185,15863,0,0,0,0,1,0,0,255,215,0,0
8622,185,15865,0,0,0,0,1,0,0,255,215,0,0
8623,185,15906,0,0,0,0,1,0,0,250,225,0,0
8624,185,15910,0,0,0,0,1,0,0,250,225,0,0
8625,185,15915,0,0,0,0,1,0,0,275,250,0,0
8626,185,15933,0,0,0,0,1,0,0,275,250,0,0
8676,185,818,0,0,0,0,1,0,1,0,0,0,0
10243,185,18239,0,0,0,0,1,0,0,275,250,0,0
10244,185,18238,0,0,0,0,1,0,0,275,250,0,0
10245,185,18241,0,0,0,0,1,0,0,275,250,0,0
10246,185,18240,0,0,0,0,1,0,0,290,265,0,0
10247,185,18242,0,0,0,0,1,0,0,290,265,0,0
10248,185,18243,0,0,0,0,1,0,0,295,275,0,0
10249,185,18244,0,0,0,0,1,0,0,295,275,0,0
10250,185,18245,0,0,0,0,1,0,0,325,300,0,0
10251,185,18246,0,0,0,0,1,0,0,325,300,0,0
10252,185,18247,0,0,0,0,1,0,0,325,300,0,0
10253,185,18260,0,0,0,0,1,33359,0,0,0,0,0
11740,185,20626,0,0,0,0,1,0,0,275,250,0,0
11873,185,20916,0,0,0,0,1,0,0,255,215,0,0
11976,185,21144,0,0,0,0,1,0,0,115,75,0,0
11977,185,21143,0,0,0,0,1,0,0,85,45,0,0
11997,185,21175,0,0,0,0,1,0,0,250,225,0,0
12236,185,22480,0,0,0,0,1,0,0,275,250,0,0
12304,185,22761,0,0,0,0,1,0,0,325,300,0,0
12905,185,24418,0,0,0,0,1,0,0,200,160,0,0
13056,185,24801,0,0,0,0,1,0,0,335,310,0,0
13343,185,25659,0,0,0,0,1,0,0,350,325,0,0
13344,185,25704,0,0,0,0,1,0,0,160,120,0,0
13375,185,25954,0,0,0,0,1,0,0,255,215,0,0
13924,185,28267,0,0,0,0,1,0,0,140,100,0,0
15000,185,33276,0,0,0,0,1,0,0,85,45,0,0
15001,185,33277,0,0,0,0,1,0,0,85,45,0,0
15002,185,33278,0,0,0,0,1,0,0,130,90,0,0
15003,185,33279,0,0,0,0,1,0,0,340,320,0,0
15004,185,33284,0,0,0,0,1,0,0,340,320,0,0
15005,185,33285,0,0,0,0,1,0,0,350,330,0,0
15006,185,33286,0,0,0,0,1,0,0,355,335,0,0
15007,185,33287,0,0,0,0,1,0,0,365,345,0,0
15008,185,33288,0,0,0,0,1,0,0,365,345,0,0
15009,185,33289,0,0,0,0,1,0,0,365,345,0,0
15010,185,33290,0,0,0,0,1,0,0,340,320,0,0
15011,185,33291,0,0,0,0,1,0,0,340,320,0,0
15012,185,33292,0,0,0,0,1,0,0,350,330,0,0
15013,185,33293,0,0,0,0,1,0,0,360,340,0,0
15014,185,33294,0,0,0,0,1,0,0,360,340,0,0
15016,185,33295,0,0,0,0,1,0,0,365,345,0,0
15017,185,33296,0,0,0,0,1,0,0,380,370,0,0
15021,185,33359,0,0,0,0,1,51296,0,0,0,0,0
15638,185,36210,0,0,0,0,1,0,0,340,320,0,0
15707,185,37836,0,0,0,0,1,0,0,40,30,0,0
15736,185,38868,0,0,0,0,1,0,0,375,355,0,0
15737,185,38867,0,0,0,0,1,0,0,375,355,0,0
15874,185,42296,0,0,0,0,1,0,0,355,335,0,0
15875,185,42302,0,0,0,0,1,0,0,385,375,0,0
15876,185,42305,0,0,0,0,1,0,0,385,375,0,0
16003,185,43707,0,0,0,0,1,0,0,355,335,0,0
16004,185,43758,0,0,0,0,1,0,0,340,320,0,0
16005,185,43761,0,0,0,0,1,0,0,340,320,0,0
16006,185,43765,0,0,0,0,1,0,0,355,335,0,0
16007,185,43779,0,0,0,0,1,0,0,75,50,0,0
16157,185,45022,0,0,0,0,1,0,0,325,325,0,0
16160,185,43772,0,0,0,0,1,0,0,365,345,0,0
16198,185,13028,0,0,0,0,1,0,0,205,175,0,0
16228,185,45695,0,0,0,0,1,0,0,110,100,0,0
16292,185,46684,0,0,0,0,1,0,0,295,275,0,0
16293,185,46688,0,0,0,0,1,0,0,295,275,0,0
17590,185,51296,0,0,0,0,1,0,0,0,0,0,0
17986,185,53056,0,0,0,0,1,0,0,400,375,0,0
19712,185,45560,0,0,0,0,1,0,0,380,350,0,0
19713,185,45561,0,0,0,0,1,0,0,380,350,0,0
19714,185,45562,0,0,0,0,1,0,0,380,350,0,0
19715,185,45563,0,0,0,0,1,0,0,415,350,0,0
19716,185,45564,0,0,0,0,1,0,0,415,350,0,0
19717,185,45565,0,0,0,0,1,0,0,415,350,0,0
19718,185,45569,0,0,0,0,1,0,0,415,350,0,0
19719,185,45566,0,0,0,0,1,0,0,415,350,0,0
19720,185,57421,0,0,0,0,1,0,0,380,350,0,0
19721,185,45549,0,0,0,0,1,0,0,415,350,0,0
19722,185,45550,0,0,0,0,1,0,0,415,350,0,0
19723,185,45551,0,0,0,0,1,0,0,415,350,0,0
19724,185,45552,0,0,0,0,1,0,0,415,350,0,0
19725,185,45553,0,0,0,0,1,0,0,415,350,0,0
19726,185,45554,0,0,0,0,1,0,0,425,375,0,0
19727,185,57423,0,0,0,0,1,0,0,465,455,0,0
19728,185,45555,0,0,0,0,1,0,0,475,425,0,0
19729,185,45556,0,0,0,0,1,0,0,475,425,0,0
19730,185,45557,0,0,0,0,1,0,0,475,425,0,0
19731,185,45558,0,0,0,0,1,0,0,475,425,0,0
19732,185,45559,0,0,0,0,1,0,0,475,425,0,0
19733,185,45567,0,0,0,0,1,0,0,475,425,0,0
19734,185,45568,0,0,0,0,1,0,0,475,425,0,0
19735,185,45571,0,0,0,0,1,0,0,475,425,0,0
19736,185,45570,0,0,0,0,1,0,0,475,425,0,0
19737,185,57433,0,0,0,0,1,0,0,475,425,0,0
19738,185,57434,0,0,0,0,1,0,0,475,425,0,0
19739,185,57435,0,0,0,0,1,0,0,475,425,0,0
19740,185,57436,0,0,0,0,1,0,0,475,425,0,0
19741,185,57437,0,0,0,0,1,0,0,475,425,0,0
19742,185,57438,0,0,0,0,1,0,0,475,425,0,0
19743,185,57439,0,0,0,0,1,0,0,475,425,0,0
19744,185,57440,0,0,0,0,1,0,0,475,425,0,0
19745,185,57441,0,0,0,0,1,0,0,475,425,0,0
19746,185,57442,0,0,0,0,1,0,0,475,425,0,0
19747,185,57443,0,0,0,0,1,0,0,475,425,0,0
19969,185,58065,0,0,0,0,1,0,0,415,350,0,0
20021,185,58512,0,0,0,0,1,0,0,365,350,0,0
20022,185,58521,0,0,0,0,1,0,0,365,350,0,0
20023,185,58523,0,0,0,0,1,0,0,365,350,0,0
20024,185,58525,0,0,0,0,1,0,0,365,350,0,0
20025,185,58527,0,0,0,0,1,0,0,475,435,0,0
20026,185,58528,0,0,0,0,1,0,0,475,435,0,0
20734,185,62045,0,0,0,0,1,0,0,355,330,0,0
20735,185,62044,0,0,0,0,1,0,0,175,150,0,0
20737,185,62051,0,0,0,0,1,0,0,295,270,0,0
20738,185,62050,0,0,0,0,1,0,0,115,90,0,0
20739,185,62049,0,0,0,0,1,0,0,235,210,0,0
20760,185,62350,0,0,0,0,1,0,0,460,350,0,0
20914,185,64054,0,0,0,0,1,0,0,300,250,0,0
20993,185,64358,0,0,0,0,1,0,0,425,400,0,0
21048,185,65454,0,0,0,0,1,0,0,40,30,0,0
21066,185,66034,0,0,0,0,1,0,0,295,270,0,0
21067,185,66035,0,0,0,0,1,0,0,235,210,0,0
21068,185,66036,0,0,0,0,1,0,0,175,150,0,0
21069,185,66037,0,0,0,0,1,0,0,355,330,0,0
21070,185,66038,0,0,0,0,1,0,0,115,90,0,0
1536,185,2539,0,0,0,0,30,0,0,90,50,0,0
1674,185,2795,0,0,0,0,40,0,0,100,60,0,0
1538,185,2541,0,0,0,0,65,0,0,130,90,0,0
1539,185,2542,0,0,0,0,65,0,0,130,90,0,0
1540,185,2543,0,0,0,0,75,0,0,155,115,0,0
1543,185,2544,0,0,0,0,75,0,0,155,115,0,0
1544,185,2545,0,0,0,0,85,0,0,165,125,0,0
1545,185,2546,0,0,0,0,110,0,0,160,120,0,0
1546,185,2547,0,0,0,0,125,0,0,175,135,0,0
1547,185,2548,0,0,0,0,135,0,0,170,130,0,0
1548,185,2549,0,0,0,0,135,0,0,180,140,0,0
1568,186,2580,0,0,0,0,1,8388,1,0,0,0,0
1569,186,2575,0,0,0,0,1,2576,0,0,0,0,0
1570,186,2576,0,0,0,0,1,3564,0,0,0,0,0
1597,186,2656,0,0,0,0,1,0,1,0,0,0,0
1599,186,2658,0,0,0,0,1,0,0,130,115,0,0
1600,186,2659,0,0,0,0,1,0,0,115,65,0,0
1846,186,3308,0,0,0,0,1,0,0,185,170,0,0
1847,186,3307,0,0,0,0,1,0,0,160,130,0,0
1848,186,3304,0,0,0,0,1,0,0,75,65,0,0
2036,186,3564,0,0,0,0,1,10248,0,0,0,0,0
2037,186,3569,0,0,0,0,1,0,0,165,165,0,0
3324,186,2657,0,0,0,0,1,0,1,70,25,0,0
4682,186,8388,0,0,0,0,1,0,0,0,0,0,0
5386,186,10098,0,0,0,0,1,0,0,290,250,0,0
5387,186,10097,0,0,0,0,1,0,0,230,175,0,0
5487,186,10248,0,0,0,0,1,29354,0,0,0,0,0
8016,186,14891,0,0,0,0,1,0,0,310,300,0,0
8796,186,16153,0,0,0,0,1,0,0,290,250,0,0
14112,186,29354,0,0,0,0,1,50310,0,0,0,0,0
14113,186,29356,0,0,0,0,1,0,0,325,275,0,0
14114,186,29358,0,0,0,0,1,0,0,340,325,0,0
14115,186,29359,0,0,0,0,1,0,0,365,350,0,0
14116,186,29360,0,0,0,0,1,0,0,375,340,0,0
14117,186,29361,0,0,0,0,1,0,0,375,375,0,0
14156,186,29686,0,0,0,0,1,0,0,375,375,0,0
14899,186,32606,0,0,0,0,1,0,1,0,0,0,0
15609,186,35750,0,0,0,0,1,0,0,300,300,0,0
15610,186,35751,0,0,0,0,1,0,0,300,300,0,0
16283,186,46353,0,0,0,0,1,0,0,375,375,0,0
16973,186,49252,0,0,0,0,1,0,0,375,350,0,0
16976,186,49258,0,0,0,0,1,0,0,400,400,0,0
17446,186,50310,0,0,0,0,1,0,0,0,0,0,0
19245,186,55208,0,0,0,0,1,0,0,450,450,0,0
19246,186,55211,0,0,0,0,1,0,0,450,450,0,0
20659,186,22967,0,0,0,0,1,0,0,375,350,0,0
21342,186,70524,0,0,0,0,1,0,0,260,250,0,0
17987,186,53120,0,0,0,0,75,53121,1,0,0,0,0
17988,186,53121,0,0,0,0,150,53122,1,0,0,0,0
17989,186,53122,0,0,0,0,225,53123,1,0,0,0,0
17990,186,53123,0,0,0,0,300,53124,1,0,0,0,0
17991,186,53124,0,0,0,0,375,53040,1,0,0,0,0
17984,186,53040,0,0,0,0,450,0,1,0,0,0,0
2487,188,3110,0,0,0,0,1,7799,2,0,0,0,0
3895,188,6307,0,0,0,0,1,7804,2,0,0,0,0
4371,188,7799,0,0,0,0,1,7800,2,0,0,0,0
4372,188,7800,0,0,0,0,1,7801,2,0,0,0,0
4373,188,7801,0,0,0,0,1,7802,2,0,0,0,0
4374,188,7802,0,0,0,0,1,11762,2,0,0,0,0
4375,188,7804,0,0,0,0,1,7805,2,0,0,0,0
4376,188,7805,0,0,0,0,1,11766,2,0,0,0,0
4586,188,2947,0,0,0,0,1,8316,2,0,0,0,0
4587,188,8316,0,0,0,0,1,8317,2,0,0,0,0
4588,188,8317,0,0,0,0,1,11770,2,0,0,0,0
4926,188,4511,0,0,0,0,1,0,2,0,0,0,0
6200,188,11766,0,0,0,0,1,11767,2,0,0,0,0
6201,188,11767,0,0,0,0,1,27268,2,0,0,0,0
6202,188,11770,0,0,0,0,1,11771,2,0,0,0,0
6203,188,11771,0,0,0,0,1,27269,2,0,0,0,0
6204,188,11762,0,0,0,0,1,11763,2,0,0,0,0
6205,188,11763,0,0,0,0,1,27267,2,0,0,0,0
10537,188,18728,0,0,0,0,1,0,2,0,0,0,0
10556,188,18737,0,0,0,0,1,0,2,0,0,0,0
10557,188,18740,0,0,0,0,1,0,2,0,0,0,0
13789,188,27267,0,0,0,0,1,47964,2,0,0,0,0
13790,188,27268,0,0,0,0,1,47982,2,0,0,0,0
13791,188,27269,0,0,0,0,1,47983,2,0,0,0,0
15327,188,34947,0,0,0,0,1,0,2,0,0,0,0
15328,188,34956,0,0,0,0,1,0,2,0,0,0,0
15329,188,34957,0,0,0,0,1,0,2,0,0,0,0
15330,188,34958,0,0,0,0,1,0,2,0,0,0,0
15582,188,35697,0,0,0,0,1,0,2,0,0,0,0
15583,188,35695,0,0,0,0,1,0,2,0,0,0,0
16495,188,47964,0,0,0,0,1,0,2,0,0,0,0
16496,188,47982,0,0,0,0,1,0,2,0,0,0,0
16497,188,47983,0,0,0,0,1,0,2,0,0,0,0
18261,188,53646,0,0,0,0,1,0,2,0,0,0,0
18536,188,54278,0,0,0,0,1,0,2,0,0,0,0
19147,188,32233,0,0,0,0,1,0,2,0,0,0,0
20411,188,61013,0,0,0,0,1,0,2,0,0,0,0
10534,189,18730,0,0,0,0,1,0,2,0,0,0,0
10562,189,18738,0,0,0,0,1,0,2,0,0,0,0
10563,189,18739,0,0,0,0,1,0,2,0,0,0,0
10736,189,19007,0,0,0,0,1,0,2,0,0,0,0
11180,189,19244,0,0,0,0,1,19647,2,0,0,0,0
11181,189,19647,0,0,0,0,1,0,2,0,0,0,0
11197,189,19505,0,0,0,0,1,19731,2,0,0,0,0
11198,189,19658,0,0,0,0,1,0,0,0,0,0,0
11199,189,19731,0,0,0,0,1,19734,2,0,0,0,0
11200,189,19734,0,0,0,0,1,19736,2,0,0,0,0
11201,189,19736,0,0,0,0,1,27276,2,0,0,0,0
11202,189,19732,0,0,0,0,1,0,0,0,0,0,0
11203,189,19733,0,0,0,0,1,0,0,0,0,0,0
11204,189,19735,0,0,0,0,1,0,0,0,0,0,0
13798,189,27276,0,0,0,0,1,27277,2,0,0,0,0
13799,189,27277,0,0,0,0,1,48011,2,0,0,0,0
13800,189,27278,0,0,0,0,1,0,0,0,0,0,0
13801,189,27279,0,0,0,0,1,0,0,0,0,0,0
15335,189,34947,0,0,0,0,1,0,2,0,0,0,0
15336,189,34956,0,0,0,0,1,0,2,0,0,0,0
15337,189,34957,0,0,0,0,1,0,2,0,0,0,0
15338,189,34958,0,0,0,0,1,0,2,0,0,0,0
15580,189,35697,0,0,0,0,1,0,2,0,0,0,0
15581,189,35695,0,0,0,0,1,0,2,0,0,0,0
16511,189,48011,0,0,0,0,1,0,2,0,0,0,0
16512,189,48010,0,0,0,0,1,0,0,0,0,0,0
18262,189,53646,0,0,0,0,1,0,2,0,0,0,0
18516,189,54049,0,0,0,0,1,54050,2,0,0,0,0
18517,189,54050,0,0,0,0,1,54051,2,0,0,0,0
18518,189,54051,0,0,0,0,1,54052,2,0,0,0,0
18519,189,54052,0,0,0,0,1,54053,2,0,20,0,0
18520,189,54053,0,0,0,0,1,0,2,0,0,0,0
18883,189,54424,0,0,0,0,1,57564,2,0,0,0,0
19150,189,32233,0,0,0,0,1,0,2,0,0,0,0
19751,189,57564,0,0,0,0,1,57565,2,0,0,0,0
19752,189,57565,0,0,0,0,1,57566,2,0,0,0,0
19753,189,57566,0,0,0,0,1,57567,2,0,0,0,0
19754,189,57567,0,0,0,0,1,0,2,0,0,0,0
20414,189,61013,0,0,0,0,1,0,2,0,0,0,0
2356,197,3908,0,0,0,0,1,3909,0,0,0,0,0
2357,197,3909,0,0,0,0,1,3910,0,0,0,0,0
2358,197,3910,0,0,0,0,1,12180,0,0,0,0,0
2359,197,2963,0,0,0,0,1,0,1,50,25,0,0
2360,197,2387,0,0,0,0,1,0,1,60,35,0,0
2361,197,2385,0,0,0,0,1,0,0,70,45,0,0
2362,197,2389,0,0,0,0,1,0,0,100,65,0,0
2363,197,2386,0,0,0,0,1,0,0,125,90,0,0
2364,197,2392,0,0,0,0,1,0,0,100,65,0,0
2365,197,2393,0,0,0,0,1,0,0,60,35,0,0
2366,197,2394,0,0,0,0,1,0,0,100,65,0,0
2367,197,2397,0,0,0,0,1,0,0,120,85,0,0
2368,197,2395,0,0,0,0,1,0,0,130,95,0,0
2369,197,2396,0,0,0,0,1,0,0,130,95,0,0
2370,197,2964,0,0,0,0,1,0,0,105,90,0,0
2371,197,2402,0,0,0,0,1,0,0,135,100,0,0
2372,197,2399,0,0,0,0,1,0,0,145,110,0,0
2373,197,2401,0,0,0,0,1,0,0,155,120,0,0
2374,197,2403,0,0,0,0,1,0,0,165,130,0,0
2375,197,2406,0,0,0,0,1,0,0,130,110,0,0
2376,197,3839,0,0,0,0,1,0,0,145,135,0,0
2377,197,3865,0,0,0,0,1,0,0,185,180,0,0
2378,197,3840,0,0,0,0,1,0,0,95,60,0,0
2379,197,3841,0,0,0,0,1,0,0,120,85,0,0
2380,197,3842,0,0,0,0,1,0,0,130,95,0,0
2381,197,3843,0,0,0,0,1,0,0,145,110,0,0
2382,197,3844,0,0,0,0,1,0,0,160,125,0,0
2383,197,3845,0,0,0,0,1,0,0,140,105,0,0
2384,197,3847,0,0,0,0,1,0,0,155,120,0,0
2385,197,3848,0,0,0,0,1,0,0,170,135,0,0
2386,197,3849,0,0,0,0,1,0,0,180,145,0,0
2387,197,3850,0,0,0,0,1,0,0,170,135,0,0
2388,197,3851,0,0,0,0,1,0,0,185,150,0,0
2389,197,3852,0,0,0,0,1,0,0,180,150,0,0
2390,197,3854,0,0,0,0,1,0,0,195,165,0,0
2391,197,3855,0,0,0,0,1,0,0,185,150,0,0
2392,197,3856,0,0,0,0,1,0,0,190,160,0,0
2393,197,3857,0,0,0,0,1,0,0,215,185,0,0
2394,197,3858,0,0,0,0,1,0,0,220,190,0,0
2395,197,3859,0,0,0,0,1,0,0,200,170,0,0
2396,197,3860,0,0,0,0,1,0,0,225,195,0,0
2397,197,3861,0,0,0,0,1,0,0,235,205,0,0
2398,197,3862,0,0,0,0,1,0,0,250,220,0,0
2399,197,3863,0,0,0,0,1,0,0,230,200,0,0
2400,197,3864,0,0,0,0,1,0,0,250,220,0,0
2401,197,3866,0,0,0,0,1,0,0,170,135,0,0
2402,197,3868,0,0,0,0,1,0,0,185,150,0,0
2403,197,3869,0,0,0,0,1,0,0,155,145,0,0
2404,197,3870,0,0,0,0,1,0,0,175,165,0,0
2405,197,3871,0,0,0,0,1,0,0,190,180,0,0
2406,197,3872,0,0,0,0,1,0,0,205,195,0,0
2407,197,3873,0,0,0,0,1,0,0,220,210,0,0
2408,197,3914,0,0,0,0,1,0,0,90,55,0,0
2409,197,3915,0,0,0,0,1,0,1,60,35,0,0
3973,197,6521,0,0,0,0,1,0,0,150,115,0,0
4000,197,3758,0,0,0,0,1,0,0,155,120,0,0
4001,197,3755,0,0,0,0,1,0,0,105,70,0,0
4002,197,3757,0,0,0,0,1,0,0,140,105,0,0
4003,197,3813,0,0,0,0,1,0,0,200,170,0,0
4019,197,6686,0,0,0,0,1,0,0,130,95,0,0
4020,197,6688,0,0,0,0,1,0,0,175,140,0,0
4021,197,6690,0,0,0,0,1,0,0,185,155,0,0
4022,197,6692,0,0,0,0,1,0,0,200,170,0,0
4023,197,6693,0,0,0,0,1,0,0,225,195,0,0
4024,197,6695,0,0,0,0,1,0,0,235,205,0,0
4302,197,7623,0,0,0,0,1,0,0,90,55,0,0
4303,197,7624,0,0,0,0,1,0,0,90,55,0,0
4304,197,7630,0,0,0,0,1,0,0,115,80,0,0
4305,197,7629,0,0,0,0,1,0,0,115,80,0,0
4306,197,7633,0,0,0,0,1,0,0,130,95,0,0
4307,197,7636,0,0,0,0,1,0,0,150,115,0,0
4308,197,7639,0,0,0,0,1,0,0,160,125,0,0
4311,197,7643,0,0,0,0,1,0,0,175,140,0,0
4408,197,7892,0,0,0,0,1,0,0,180,145,0,0
4409,197,7893,0,0,0,0,1,0,0,180,145,0,0
4708,197,8465,0,0,0,0,1,0,0,100,65,0,0
4709,197,8467,0,0,0,0,1,0,0,170,135,0,0
4714,197,8489,0,0,0,0,1,0,0,195,185,0,0
4715,197,8483,0,0,0,0,1,0,0,180,170,0,0
4848,197,8776,0,0,0,0,1,0,0,85,50,0,0
4849,197,8758,0,0,0,0,1,0,0,190,160,0,0
4850,197,8760,0,0,0,0,1,0,0,165,155,0,0
4851,197,8762,0,0,0,0,1,0,0,180,170,0,0
4852,197,8764,0,0,0,0,1,0,0,220,190,0,0
4853,197,8766,0,0,0,0,1,0,0,225,195,0,0
4854,197,8770,0,0,0,0,1,0,0,240,210,0,0
4855,197,8772,0,0,0,0,1,0,0,225,195,0,0
4856,197,8774,0,0,0,0,1,0,0,230,200,0,0
4857,197,8778,0,0,0,0,1,0,0,190,160,0,0
4867,197,8780,0,0,0,0,1,0,0,195,165,0,0
4868,197,8782,0,0,0,0,1,0,0,200,170,0,0
4869,197,8784,0,0,0,0,1,0,0,215,185,0,0
4870,197,8786,0,0,0,0,1,0,0,225,195,0,0
4871,197,8789,0,0,0,0,1,0,0,230,200,0,0
4872,197,8791,0,0,0,0,1,0,0,225,205,0,0
4873,197,8793,0,0,0,0,1,0,0,240,210,0,0
4874,197,8795,0,0,0,0,1,0,0,240,210,0,0
4875,197,8797,0,0,0,0,1,0,0,245,215,0,0
4876,197,8799,0,0,0,0,1,0,0,235,215,0,0
4877,197,8802,0,0,0,0,1,0,0,250,220,0,0
4878,197,8804,0,0,0,0,1,0,0,255,225,0,0
6576,197,12044,0,0,0,0,1,0,1,60,35,0,0
6577,197,12045,0,0,0,0,1,0,0,85,50,0,0
6578,197,12046,0,0,0,0,1,0,0,135,100,0,0
6579,197,12047,0,0,0,0,1,0,0,180,145,0,0
6580,197,12048,0,0,0,0,1,0,0,250,220,0,0
6581,197,12049,0,0,0,0,1,0,0,250,220,0,0
6582,197,12050,0,0,0,0,1,0,0,255,225,0,0
6583,197,12052,0,0,0,0,1,0,0,255,225,0,0
6584,197,12053,0,0,0,0,1,0,0,260,230,0,0
6585,197,12055,0,0,0,0,1,0,0,260,230,0,0
6586,197,12056,0,0,0,0,1,0,0,260,230,0,0
6587,197,12059,0,0,0,0,1,0,0,230,220,0,0
6588,197,12060,0,0,0,0,1,0,0,260,230,0,0
6589,197,12061,0,0,0,0,1,0,0,230,220,0,0
6590,197,12062,0,0,0,0,1,0,0,265,235,0,0
6591,197,12063,0,0,0,0,1,0,0,265,235,0,0
6592,197,12064,0,0,0,0,1,0,0,235,225,0,0
6596,197,12065,0,0,0,0,1,0,0,270,240,0,0
6597,197,12066,0,0,0,0,1,0,0,270,240,0,0
6598,197,12067,0,0,0,0,1,0,0,270,240,0,0
6599,197,12068,0,0,0,0,1,0,0,270,240,0,0
6600,197,12069,0,0,0,0,1,0,0,270,240,0,0
6601,197,12070,0,0,0,0,1,0,0,270,240,0,0
6602,197,12071,0,0,0,0,1,0,0,270,240,0,0
6603,197,12072,0,0,0,0,1,0,0,275,245,0,0
6604,197,12073,0,0,0,0,1,0,0,275,245,0,0
6605,197,12074,0,0,0,0,1,0,0,275,245,0,0
6606,197,12075,0,0,0,0,1,0,0,245,235,0,0
6607,197,12076,0,0,0,0,1,0,0,280,250,0,0
6608,197,12077,0,0,0,0,1,0,0,250,240,0,0
6609,197,12078,0,0,0,0,1,0,0,280,250,0,0
6610,197,12079,0,0,0,0,1,0,0,280,250,0,0
6611,197,12080,0,0,0,0,1,0,0,250,240,0,0
6612,197,12081,0,0,0,0,1,0,0,285,255,0,0
6613,197,12082,0,0,0,0,1,0,0,285,255,0,0
6614,197,12083,0,0,0,0,1,0,0,285,255,0,0
6615,197,12084,0,0,0,0,1,0,0,285,255,0,0
6616,197,12085,0,0,0,0,1,0,0,255,245,0,0
6617,197,12086,0,0,0,0,1,0,0,290,260,0,0
6618,197,12087,0,0,0,0,1,0,0,290,260,0,0
6619,197,12088,0,0,0,0,1,0,0,290,260,0,0
6620,197,12089,0,0,0,0,1,0,0,260,250,0,0
6621,197,12090,0,0,0,0,1,0,0,295,265,0,0
6622,197,12091,0,0,0,0,1,0,0,265,255,0,0
6623,197,12092,0,0,0,0,1,0,0,295,265,0,0
6624,197,12093,0,0,0,0,1,0,0,295,265,0,0
6625,197,12180,0,0,0,0,1,26790,0,0,0,0,0
10396,197,18401,0,0,0,0,1,0,0,260,255,0,0
10397,197,18402,0,0,0,0,1,0,0,300,270,0,0
10398,197,18403,0,0,0,0,1,0,0,300,270,0,0
10399,197,18404,0,0,0,0,1,0,0,300,270,0,0
10400,197,18406,0,0,0,0,1,0,0,305,275,0,0
10401,197,18405,0,0,0,0,1,0,0,305,275,0,0
10402,197,18407,0,0,0,0,1,0,0,305,275,0,0
10403,197,18408,0,0,0,0,1,0,0,305,275,0,0
10404,197,18409,0,0,0,0,1,0,0,310,280,0,0
10405,197,18410,0,0,0,0,1,0,0,310,280,0,0
10406,197,18411,0,0,0,0,1,0,0,310,280,0,0
10407,197,18412,0,0,0,0,1,0,0,315,285,0,0
10408,197,18415,0,0,0,0,1,0,0,315,285,0,0
10409,197,18413,0,0,0,0,1,0,0,315,285,0,0
10410,197,18414,0,0,0,0,1,0,0,315,285,0,0
10411,197,18416,0,0,0,0,1,0,0,320,290,0,0
10412,197,18417,0,0,0,0,1,0,0,320,290,0,0
10413,197,18418,0,0,0,0,1,0,0,320,290,0,0
10416,197,18419,0,0,0,0,1,0,0,320,290,0,0
10417,197,18420,0,0,0,0,1,0,0,320,290,0,0
10418,197,18421,0,0,0,0,1,0,0,320,290,0,0
10419,197,18422,0,0,0,0,1,0,0,320,290,0,0
10420,197,18423,0,0,0,0,1,0,0,325,295,0,0
10421,197,18424,0,0,0,0,1,0,0,325,295,0,0
10422,197,18434,0,0,0,0,1,0,0,325,295,0,0
10423,197,18436,0,0,0,0,1,0,0,330,300,0,0
10424,197,18437,0,0,0,0,1,0,0,330,300,0,0
10425,197,18438,0,0,0,0,1,0,0,330,300,0,0
10426,197,18439,0,0,0,0,1,0,0,335,305,0,0
10427,197,18440,0,0,0,0,1,0,0,335,305,0,0
10428,197,18441,0,0,0,0,1,0,0,335,305,0,0
10429,197,18442,0,0,0,0,1,0,0,335,305,0,0
10430,197,18444,0,0,0,0,1,0,0,340,310,0,0
10431,197,18445,0,0,0,0,1,0,0,345,315,0,0
10432,197,18446,0,0,0,0,1,0,0,345,315,0,0
10433,197,18447,0,0,0,0,1,0,0,345,315,0,0
10434,197,18448,0,0,0,0,1,0,0,345,315,0,0
10435,197,18449,0,0,0,0,1,0,0,345,315,0,0
10436,197,18450,0,0,0,0,1,0,0,345,315,0,0
10437,197,18451,0,0,0,0,1,0,0,345,315,0,0
10438,197,18452,0,0,0,0,1,0,0,345,315,0,0
10439,197,18453,0,0,0,0,1,0,0,345,315,0,0
10440,197,18454,0,0,0,0,1,0,0,345,315,0,0
10441,197,18455,0,0,0,0,1,0,0,345,315,0,0
10442,197,18456,0,0,0,0,1,0,0,345,315,0,0
10443,197,18457,0,0,0,0,1,0,0,345,315,0,0
10444,197,18458,0,0,0,0,1,0,0,345,315,0,0
10487,197,18560,0,0,0,0,1,0,0,320,290,0,0
10957,197,19435,0,0,0,0,1,0,0,325,295,0,0
11856,197,20848,0,0,0,0,1,0,0,345,315,0,0
11857,197,20849,0,0,0,0,1,0,0,345,315,0,0
12141,197,21945,0,0,0,0,1,0,0,210,200,0,0
12303,197,22759,0,0,0,0,1,0,0,350,320,0,0
12325,197,22813,0,0,0,0,1,0,0,295,285,0,0
12340,197,22866,0,0,0,0,1,0,0,345,315,0,0
12341,197,22867,0,0,0,0,1,0,0,345,315,0,0
12342,197,22868,0,0,0,0,1,0,0,345,315,0,0
12343,197,22869,0,0,0,0,1,0,0,345,315,0,0
12344,197,22870,0,0,0,0,1,0,0,345,315,0,0
12349,197,22902,0,0,0,0,1,0,0,345,315,0,0
12688,197,23662,0,0,0,0,1,0,0,335,305,0,0
12689,197,23664,0,0,0,0,1,0,0,335,305,0,0
12690,197,23663,0,0,0,0,1,0,0,345,315,0,0
12691,197,23665,0,0,0,0,1,0,0,345,315,0,0
12692,197,23666,0,0,0,0,1,0,0,345,315,0,0
12693,197,23667,0,0,0,0,1,0,0,345,315,0,0
12816,197,24093,0,0,0,0,1,0,0,345,315,0,0
12817,197,24092,0,0,0,0,1,0,0,345,315,0,0
12818,197,24091,0,0,0,0,1,0,0,345,315,0,0
13073,197,24902,0,0,0,0,1,0,0,345,315,0,0
13074,197,24903,0,0,0,0,1,0,0,345,315,0,0
13075,197,24901,0,0,0,0,1,0,0,345,315,0,0
13397,197,26085,0,0,0,0,1,0,0,305,275,0,0
13398,197,26086,0,0,0,0,1,0,0,330,300,0,0
13399,197,26087,0,0,0,0,1,0,0,345,315,0,0
13422,197,26403,0,0,0,0,1,0,0,295,265,0,0
13423,197,26407,0,0,0,0,1,0,0,295,265,0,0
13463,197,26745,0,0,0,0,1,0,0,325,305,0,0
13464,197,26746,0,0,0,0,1,0,0,340,320,0,0
13465,197,26747,0,0,0,0,1,0,0,340,330,0,0
13466,197,26749,0,0,0,0,1,0,0,350,340,0,0
13467,197,26750,0,0,0,0,1,0,0,355,345,0,0
13468,197,26751,0,0,0,0,1,0,0,360,350,0,0
13469,197,26752,0,0,0,0,1,0,0,375,365,0,0
13470,197,26753,0,0,0,0,1,0,0,385,375,0,0
13471,197,26754,0,0,0,0,1,0,0,395,385,0,0
13472,197,26755,0,0,0,0,1,0,0,395,385,0,0
13474,197,26756,0,0,0,0,1,0,0,375,365,0,0
13475,197,26757,0,0,0,0,1,0,0,385,375,0,0
13476,197,26758,0,0,0,0,1,0,0,395,385,0,0
13477,197,26759,0,0,0,0,1,0,0,395,385,0,0
13478,197,26760,0,0,0,0,1,0,0,375,365,0,0
13479,197,26761,0,0,0,0,1,0,0,385,375,0,0
13480,197,26762,0,0,0,0,1,0,0,395,385,0,0
13481,197,26763,0,0,0,0,1,0,0,395,385,0,0
13482,197,26764,0,0,0,0,1,0,0,330,320,0,0
13483,197,26765,0,0,0,0,1,0,0,330,320,0,0
13484,197,26770,0,0,0,0,1,0,0,340,330,0,0
13485,197,26771,0,0,0,0,1,0,0,345,335,0,0
13486,197,26772,0,0,0,0,1,0,0,355,345,0,0
13487,197,26773,0,0,0,0,1,0,0,360,350,0,0
13488,197,26774,0,0,0,0,1,0,0,365,355,0,0
13489,197,26775,0,0,0,0,1,0,0,360,350,0,0
13490,197,26776,0,0,0,0,1,0,0,370,360,0,0
13491,197,26777,0,0,0,0,1,0,0,380,370,0,0
13492,197,26778,0,0,0,0,1,0,0,380,370,0,0
13493,197,26779,0,0,0,0,1,0,0,375,365,0,0
13494,197,26780,0,0,0,0,1,0,0,385,375,0,0
13495,197,26781,0,0,0,0,1,0,0,385,380,0,0
13496,197,26782,0,0,0,0,1,0,0,370,360,0,0
13497,197,26783,0,0,0,0,1,0,0,380,370,0,0
13498,197,26784,0,0,0,0,1,0,0,390,380,0,0
13499,197,26801,0,0,0,0,1,0,0,0,0,0,0
13500,197,26798,0,0,0,0,1,0,0,0,0,0,0
13501,197,26797,0,0,0,0,1,0,0,0,0,0,0
13541,197,26790,0,0,0,0,1,51309,0,0,0,0,0
13811,197,27658,0,0,0,0,1,0,0,270,240,0,0
13812,197,27659,0,0,0,0,1,0,0,320,290,0,0
13813,197,27660,0,0,0,0,1,0,0,345,315,0,0
13814,197,27724,0,0,0,0,1,0,0,320,290,0,0
13815,197,27725,0,0,0,0,1,0,0,345,315,0,0
13909,197,28210,0,0,0,0,1,0,0,345,315,0,0
13910,197,28208,0,0,0,0,1,0,0,345,315,0,0
13911,197,28205,0,0,0,0,1,0,0,345,315,0,0
13912,197,28207,0,0,0,0,1,0,0,345,315,0,0
13913,197,28209,0,0,0,0,1,0,0,345,315,0,0
13950,197,28481,0,0,0,0,1,0,0,345,315,0,0
13951,197,28482,0,0,0,0,1,0,0,345,315,0,0
13952,197,28480,0,0,0,0,1,0,0,345,315,0,0
14619,197,31430,0,0,0,0,1,0,0,355,345,0,0
14620,197,31431,0,0,0,0,1,0,0,355,345,0,0
14621,197,31432,0,0,0,0,1,0,0,395,385,0,0
14622,197,31433,0,0,0,0,1,0,0,395,385,0,0
14623,197,31434,0,0,0,0,1,0,0,370,360,0,0
14624,197,31435,0,0,0,0,1,0,0,370,360,0,0
14625,197,31437,0,0,0,0,1,0,0,370,360,0,0
14626,197,31438,0,0,0,0,1,0,0,370,360,0,0
14627,197,31440,0,0,0,0,1,0,0,370,360,0,0
14628,197,31441,0,0,0,0,1,0,0,370,360,0,0
14629,197,31442,0,0,0,0,1,0,0,385,375,0,0
14630,197,31443,0,0,0,0,1,0,0,385,375,0,0
14631,197,31444,0,0,0,0,1,0,0,385,375,0,0
14632,197,31448,0,0,0,0,1,0,0,385,375,0,0
14633,197,31449,0,0,0,0,1,0,0,385,375,0,0
14634,197,31450,0,0,0,0,1,0,0,385,375,0,0
14635,197,31451,0,0,0,0,1,0,0,395,385,0,0
14636,197,31452,0,0,0,0,1,0,0,395,385,0,0
14637,197,31453,0,0,0,0,1,0,0,395,385,0,0
14638,197,31454,0,0,0,0,1,0,0,395,385,0,0
14639,197,31455,0,0,0,0,1,0,0,395,385,0,0
14640,197,31456,0,0,0,0,1,0,0,395,385,0,0
14641,197,31459,0,0,0,0,1,0,0,360,350,0,0
14642,197,31460,0,0,0,0,1,0,0,320,300,0,0
14643,197,31461,0,0,0,0,1,0,0,335,325,0,0
14644,197,31373,0,0,0,0,1,0,0,360,350,0,0
15652,197,36315,0,0,0,0,1,0,0,395,385,0,0
15653,197,36317,0,0,0,0,1,0,0,395,385,0,0
15654,197,36316,0,0,0,0,1,0,0,395,385,0,0
15655,197,36318,0,0,0,0,1,0,0,395,385,0,0
15688,197,36670,0,0,0,0,1,0,0,375,365,0,0
15689,197,36672,0,0,0,0,1,0,0,375,365,0,0
15690,197,36669,0,0,0,0,1,0,0,375,365,0,0
15691,197,36667,0,0,0,0,1,0,0,375,365,0,0
15692,197,36668,0,0,0,0,1,0,0,375,365,0,0
15693,197,36665,0,0,0,0,1,0,0,375,365,0,0
15694,197,36686,0,0,0,0,1,0,0,360,350,0,0
15709,197,37873,0,0,0,0,1,0,0,370,360,0,0
15710,197,37882,0,0,0,0,1,0,0,370,360,0,0
15711,197,37883,0,0,0,0,1,0,0,380,370,0,0
15712,197,37884,0,0,0,0,1,0,0,390,380,0,0
15822,197,40021,0,0,0,0,1,0,0,395,385,0,0
15823,197,40024,0,0,0,0,1,0,0,395,385,0,0
15824,197,40023,0,0,0,0,1,0,0,395,385,0,0
15825,197,40020,0,0,0,0,1,0,0,395,385,0,0
15830,197,40060,0,0,0,0,1,0,0,395,385,0,0
15868,197,41207,0,0,0,0,1,0,0,395,385,0,0
15869,197,41208,0,0,0,0,1,0,0,395,385,0,0
15870,197,41205,0,0,0,0,1,0,0,395,385,0,0
15871,197,41206,0,0,0,0,1,0,0,395,385,0,0
16154,197,44958,0,0,0,0,1,0,0,250,250,0,0
16155,197,44950,0,0,0,0,1,0,0,250,250,0,0
16278,197,46129,0,0,0,0,1,0,0,410,375,0,0
16279,197,46131,0,0,0,0,1,0,0,410,375,0,0
16280,197,46128,0,0,0,0,1,0,0,410,375,0,0
16281,197,46130,0,0,0,0,1,0,0,410,375,0,0
17153,197,49677,0,0,0,0,1,0,0,285,255,0,0
17420,197,50194,0,0,0,0,1,0,0,395,385,0,0
17513,197,50644,0,0,0,0,1,0,0,295,265,0,0
17514,197,50647,0,0,0,0,1,0,0,260,250,0,0
17598,197,51309,0,0,0,0,1,0,0,0,0,0,0
19379,197,55642,0,0,0,0,1,0,0,405,400,0,0
19411,197,55769,0,0,0,0,1,0,0,405,400,0,0
19412,197,55777,0,0,0,0,1,0,0,405,400,0,0
19422,197,55898,0,0,0,0,1,0,0,380,370,0,0
19423,197,55899,0,0,0,0,1,0,0,375,370,0,0
19424,197,55900,0,0,0,0,1,0,0,405,400,0,0
19426,197,55902,0,0,0,0,1,0,0,380,360,0,0
19427,197,55903,0,0,0,0,1,0,0,390,370,0,0
19428,197,55904,0,0,0,0,1,0,0,390,370,0,0
19429,197,56030,0,0,0,0,1,0,0,410,390,0,0
19430,197,55906,0,0,0,0,1,0,0,405,385,0,0
19431,197,55907,0,0,0,0,1,0,0,410,390,0,0
19432,197,55908,0,0,0,0,1,0,0,400,380,0,0
19433,197,55910,0,0,0,0,1,0,0,415,395,0,0
19434,197,55911,0,0,0,0,1,0,0,420,400,0,0
19435,197,55913,0,0,0,0,1,0,0,415,395,0,0
19436,197,55901,0,0,0,0,1,0,0,415,405,0,0
19437,197,55914,0,0,0,0,1,0,0,410,400,0,0
19438,197,55921,0,0,0,0,1,0,0,425,415,0,0
19439,197,55922,0,0,0,0,1,0,0,425,415,0,0
19440,197,55919,0,0,0,0,1,0,0,415,405,0,0
19441,197,55924,0,0,0,0,1,0,0,430,420,0,0
19442,197,55925,0,0,0,0,1,0,0,435,425,0,0
19443,197,55920,0,0,0,0,1,0,0,420,410,0,0
19444,197,55923,0,0,0,0,1,0,0,430,420,0,0
19445,197,55941,0,0,0,0,1,0,0,440,430,0,0
19446,197,55943,0,0,0,0,1,0,0,435,425,0,0
19447,197,55993,0,0,0,0,1,0,0,410,400,0,0
19448,197,55994,0,0,0,0,1,0,0,410,400,0,0
19449,197,55995,0,0,0,0,1,0,0,410,400,0,0
19450,197,55996,0,0,0,0,1,0,0,410,400,0,0
19451,197,55997,0,0,0,0,1,0,0,410,400,0,0
19452,197,55998,0,0,0,0,1,0,0,410,400,0,0
19453,197,55999,0,0,0,0,1,0,0,410,400,0,0
19454,197,56000,0,0,0,0,1,0,0,410,400,0,0
19455,197,56002,0,0,0,0,1,0,0,435,425,0,0
19456,197,56001,0,0,0,0,1,0,0,435,425,0,0
19457,197,56003,0,0,0,0,1,0,0,435,425,0,0
19458,197,56004,0,0,0,0,1,0,0,450,440,0,0
19459,197,56005,0,0,0,0,1,0,0,460,450,0,0
19460,197,56006,0,0,0,0,1,0,0,455,445,0,0
19461,197,56007,0,0,0,0,1,0,0,450,430,0,0
19462,197,56008,0,0,0,0,1,0,0,410,400,0,0
19463,197,56009,0,0,0,0,1,0,0,445,435,0,0
19464,197,56010,0,0,0,0,1,0,0,410,400,0,0
19465,197,56011,0,0,0,0,1,0,0,445,435,0,0
19468,197,56014,0,0,0,0,1,0,0,405,395,0,0
19469,197,56015,0,0,0,0,1,0,0,410,400,0,0
19470,197,56017,0,0,0,0,1,0,0,455,435,0,0
19471,197,56016,0,0,0,0,1,0,0,455,435,0,0
19472,197,56018,0,0,0,0,1,0,0,445,435,0,0
19473,197,56019,0,0,0,0,1,0,0,450,430,0,0
19475,197,56020,0,0,0,0,1,0,0,450,430,0,0
19476,197,56021,0,0,0,0,1,0,0,445,435,0,0
19477,197,56022,0,0,0,0,1,0,0,450,430,0,0
19478,197,56023,0,0,0,0,1,0,0,450,430,0,0
19479,197,56024,0,0,0,0,1,0,0,460,450,0,0
19480,197,56025,0,0,0,0,1,0,0,455,445,0,0
19481,197,56026,0,0,0,0,1,0,0,460,450,0,0
19482,197,56027,0,0,0,0,1,0,0,455,445,0,0
19483,197,56028,0,0,0,0,1,0,0,460,450,0,0
19484,197,56029,0,0,0,0,1,0,0,455,445,0,0
19485,197,56031,0,0,0,0,1,0,0,380,360,0,0
19486,197,56034,0,0,0,0,1,0,0,405,405,0,0
19487,197,56039,0,0,0,0,1,0,0,405,405,0,0
19488,197,56048,0,0,0,0,1,0,0,420,400,0,0
20150,197,59390,0,0,0,0,1,0,0,0,0,0,0
20192,197,59582,0,0,0,0,1,0,0,445,425,0,0
20193,197,59583,0,0,0,0,1,0,0,445,425,0,0
20194,197,59584,0,0,0,0,1,0,0,450,430,0,0
20195,197,59585,0,0,0,0,1,0,0,450,430,0,0
20196,197,59586,0,0,0,0,1,0,0,450,430,0,0
20197,197,59587,0,0,0,0,1,0,0,450,430,0,0
20198,197,59588,0,0,0,0,1,0,0,450,430,0,0
20199,197,59589,0,0,0,0,1,0,0,450,430,0,0
20391,197,60969,0,0,0,0,1,0,0,350,340,0,0
20392,197,60971,0,0,0,0,1,0,0,455,435,0,0
20397,197,60993,0,0,0,0,1,0,0,455,435,0,0
20398,197,60994,0,0,0,0,1,0,0,450,430,0,0
20399,197,60990,0,0,0,0,1,0,0,450,430,0,0
20877,197,63742,0,0,0,0,1,0,0,185,150,0,0
20886,197,63924,0,0,0,0,1,0,0,450,440,0,0
21010,197,63206,0,0,0,0,1,0,0,465,455,0,0
21011,197,63205,0,0,0,0,1,0,0,465,455,0,0
21012,197,63204,0,0,0,0,1,0,0,465,455,0,0
21013,197,63203,0,0,0,0,1,0,0,465,455,0,0
21018,197,64729,0,0,0,0,1,0,0,415,405,0,0
21019,197,64730,0,0,0,0,1,0,0,420,410,0,0
21225,197,67064,0,0,0,0,1,0,0,475,460,0,0
21226,197,67065,0,0,0,0,1,0,0,475,460,0,0
21227,197,67066,0,0,0,0,1,0,0,475,460,0,0
21228,197,67079,0,0,0,0,1,0,0,475,460,0,0
21229,197,67144,0,0,0,0,1,0,0,475,460,0,0
21230,197,67145,0,0,0,0,1,0,0,475,460,0,0
21231,197,67146,0,0,0,0,1,0,0,475,460,0,0
21232,197,67147,0,0,0,0,1,0,0,475,460,0,0
21363,197,70550,0,0,0,0,1,0,0,500,475,0,0
21364,197,70551,0,0,0,0,1,0,0,500,475,0,0
21365,197,70552,0,0,0,0,1,0,0,500,475,0,0
21366,197,70553,0,0,0,0,1,0,0,500,475,0,0
21729,197,75597,0,0,0,0,1,0,0,455,435,0,0
2410,202,4036,0,0,0,0,1,4037,0,0,0,0,0
2411,202,4037,0,0,0,0,1,4038,0,0,0,0,0
2412,202,4038,0,0,0,0,1,12656,0,0,0,0,0
2413,202,3918,0,0,0,0,1,0,1,40,20,0,0
2414,202,3919,0,0,0,0,1,0,1,60,30,0,0
2415,202,3920,0,0,0,0,1,0,1,60,30,0,0
2417,202,3922,0,0,0,0,1,0,0,60,45,0,0
2418,202,3923,0,0,0,0,1,0,0,90,60,0,0
2419,202,3924,0,0,0,0,1,0,0,110,80,0,0
2420,202,3925,0,0,0,0,1,0,0,110,80,0,0
2421,202,3977,0,0,0,0,1,0,0,120,90,0,0
2422,202,3973,0,0,0,0,1,0,0,140,110,0,0
2423,202,3926,0,0,0,0,1,0,0,125,95,0,0
2424,202,3928,0,0,0,0,1,0,0,135,105,0,0
2425,202,3929,0,0,0,0,1,0,0,95,85,0,0
2426,202,3930,0,0,0,0,1,0,0,95,85,0,0
2427,202,3931,0,0,0,0,1,0,0,105,90,0,0
2428,202,3932,0,0,0,0,1,0,0,145,115,0,0
2429,202,3933,0,0,0,0,1,0,0,160,130,0,0
2430,202,3934,0,0,0,0,1,0,0,160,130,0,0
2431,202,3936,0,0,0,0,1,0,0,155,130,0,0
2432,202,3937,0,0,0,0,1,0,0,155,105,0,0
2433,202,3938,0,0,0,0,1,0,0,155,105,0,0
2435,202,3978,0,0,0,0,1,0,0,160,135,0,0
2436,202,3939,0,0,0,0,1,0,0,170,145,0,0
2437,202,3940,0,0,0,0,1,0,0,170,145,0,0
2438,202,3941,0,0,0,0,1,0,0,170,120,0,0
2439,202,3942,0,0,0,0,1,0,0,175,125,0,0
2440,202,3944,0,0,0,0,1,0,0,175,125,0,0
2441,202,3945,0,0,0,0,1,0,0,145,125,0,0
2442,202,3946,0,0,0,0,1,0,0,145,125,0,0
2443,202,3947,0,0,0,0,1,0,0,145,125,0,0
2444,202,3949,0,0,0,0,1,0,0,180,155,0,0
2445,202,3950,0,0,0,0,1,0,0,190,140,0,0
2446,202,3952,0,0,0,0,1,0,0,190,165,0,0
2447,202,3953,0,0,0,0,1,0,0,195,145,0,0
2448,202,3954,0,0,0,0,1,0,0,195,170,0,0
2449,202,3955,0,0,0,0,1,0,0,200,175,0,0
2450,202,3956,0,0,0,0,1,0,0,200,175,0,0
2451,202,3957,0,0,0,0,1,0,0,195,175,0,0
2452,202,3958,0,0,0,0,1,0,0,180,160,0,0
2453,202,3959,0,0,0,0,1,0,0,200,180,0,0
2454,202,3960,0,0,0,0,1,0,0,205,185,0,0
2455,202,3961,0,0,0,0,1,0,0,210,170,0,0
2456,202,3962,0,0,0,0,1,0,0,215,175,0,0
2457,202,3963,0,0,0,0,1,0,0,215,175,0,0
2459,202,3979,0,0,0,0,1,0,0,220,200,0,0
2460,202,3965,0,0,0,0,1,0,0,225,185,0,0
2461,202,3966,0,0,0,0,1,0,0,225,205,0,0
2462,202,3967,0,0,0,0,1,0,0,230,190,0,0
2463,202,3968,0,0,0,0,1,0,0,235,215,0,0
2464,202,3969,0,0,0,0,1,0,0,240,220,0,0
2465,202,3971,0,0,0,0,1,0,0,240,220,0,0
2466,202,3972,0,0,0,0,1,0,0,240,200,0,0
3945,202,6458,0,0,0,0,1,0,0,185,160,0,0
4294,202,7430,0,0,0,0,1,0,0,90,70,0,0
4571,202,8243,0,0,0,0,1,0,0,225,185,0,0
4606,202,8334,0,0,0,0,1,0,0,130,115,0,0
4607,202,8339,0,0,0,0,1,0,0,130,115,0,0
4927,202,8895,0,0,0,0,1,0,0,265,245,0,0
5066,202,9269,0,0,0,0,1,0,0,175,150,0,0
5067,202,9271,0,0,0,0,1,0,0,170,150,0,0
5068,202,9273,0,0,0,0,1,0,0,200,160,0,0
6857,202,12584,0,0,0,0,1,0,0,190,150,0,0
6858,202,12585,0,0,0,0,1,0,0,195,175,0,0
6859,202,12586,0,0,0,0,1,0,0,195,175,0,0
6860,202,12587,0,0,0,0,1,0,0,215,195,0,0
6861,202,12590,0,0,0,0,1,0,0,215,175,0,0
6862,202,12589,0,0,0,0,1,0,0,235,195,0,0
6863,202,12591,0,0,0,0,1,0,0,240,200,0,0
6864,202,12594,0,0,0,0,1,0,0,245,225,0,0
6865,202,12595,0,0,0,0,1,0,0,245,225,0,0
6866,202,12596,0,0,0,0,1,0,0,250,210,0,0
6867,202,12597,0,0,0,0,1,0,0,250,230,0,0
6868,202,12599,0,0,0,0,1,0,0,255,215,0,0
6869,202,12603,0,0,0,0,1,0,0,255,215,0,0
6870,202,12607,0,0,0,0,1,0,0,260,240,0,0
6871,202,12614,0,0,0,0,1,0,0,260,240,0,0
6872,202,12615,0,0,0,0,1,0,0,265,245,0,0
6873,202,12616,0,0,0,0,1,0,0,265,245,0,0
6874,202,12617,0,0,0,0,1,0,0,270,250,0,0
6875,202,12618,0,0,0,0,1,0,0,270,250,0,0
6876,202,12619,0,0,0,0,1,0,0,275,235,0,0
6877,202,12620,0,0,0,0,1,0,0,280,260,0,0
6878,202,12621,0,0,0,0,1,0,0,285,245,0,0
6879,202,12622,0,0,0,0,1,0,0,285,265,0,0
6880,202,12624,0,0,0,0,1,0,0,290,270,0,0
6882,202,12656,0,0,0,0,1,30350,0,0,0,0,0
6938,202,12715,0,0,0,0,1,0,0,205,205,0,0
6939,202,12716,0,0,0,0,1,0,0,245,225,0,0
6940,202,12717,0,0,0,0,1,0,0,245,225,0,0
6943,202,12718,0,0,0,0,1,0,0,245,225,0,0
6944,202,12760,0,0,0,0,1,0,0,245,205,0,0
6946,202,12720,0,0,0,0,1,0,0,255,235,0,0
6947,202,12722,0,0,0,0,1,0,0,260,240,0,0
6948,202,12755,0,0,0,0,1,0,0,270,230,0,0
6949,202,12754,0,0,0,0,1,0,0,275,235,0,0
6950,202,12759,0,0,0,0,1,0,0,280,260,0,0
6951,202,12758,0,0,0,0,1,0,0,285,265,0,0
7063,202,12895,0,0,0,0,1,0,0,205,205,0,0
7064,202,12897,0,0,0,0,1,0,0,250,230,0,0
7065,202,12899,0,0,0,0,1,0,0,245,225,0,0
7066,202,12900,0,0,0,0,1,0,0,245,205,0,0
7067,202,12902,0,0,0,0,1,0,0,250,230,0,0
7068,202,12903,0,0,0,0,1,0,0,255,235,0,0
7069,202,12904,0,0,0,0,1,0,0,260,240,0,0
7070,202,12905,0,0,0,0,1,0,0,265,245,0,0
7071,202,12906,0,0,0,0,1,0,0,270,250,0,0
7072,202,12907,0,0,0,0,1,0,0,275,255,0,0
7073,202,12908,0,0,0,0,1,0,0,280,260,0,0
7296,202,13240,0,0,0,0,1,0,0,1,1,0,0
8196,202,15255,0,0,0,0,1,0,0,240,200,0,0
8464,202,15633,0,0,0,0,1,0,0,205,205,0,0
8465,202,15628,0,0,0,0,1,0,0,205,205,0,0
11031,202,19567,0,0,0,0,1,0,0,290,270,0,0
11228,202,19788,0,0,0,0,1,0,0,260,250,0,0
11229,202,19790,0,0,0,0,1,0,0,300,280,0,0
11230,202,19792,0,0,0,0,1,0,0,300,280,0,0
11231,202,19791,0,0,0,0,1,0,0,300,280,0,0
11232,202,19793,0,0,0,0,1,0,0,305,285,0,0
11233,202,19794,0,0,0,0,1,0,0,310,290,0,0
11234,202,19796,0,0,0,0,1,0,0,315,295,0,0
11235,202,19814,0,0,0,0,1,0,0,315,295,0,0
11236,202,19795,0,0,0,0,1,0,0,315,295,0,0
11237,202,19815,0,0,0,0,1,0,0,325,305,0,0
11238,202,19799,0,0,0,0,1,0,0,325,305,0,0
11239,202,19800,0,0,0,0,1,0,0,305,295,0,0
11240,202,19819,0,0,0,0,1,0,0,330,310,0,0
11241,202,19831,0,0,0,0,1,0,0,340,320,0,0
11242,202,19830,0,0,0,0,1,0,0,340,320,0,0
11243,202,19825,0,0,0,0,1,0,0,330,310,0,0
11244,202,19833,0,0,0,0,1,0,0,340,320,0,0
11491,202,20222,0,0,0,0,1,0,0,0,0,0,0
11492,202,20219,0,0,0,0,1,0,0,0,0,0,0
12139,202,21940,0,0,0,0,1,0,0,230,190,0,0
12296,202,22704,0,0,0,0,1,0,0,340,320,0,0
12319,202,22793,0,0,0,0,1,0,0,340,320,0,0
12320,202,22795,0,0,0,0,1,0,0,340,320,0,0
12321,202,22797,0,0,0,0,1,0,0,340,320,0,0
12416,202,4073,0,0,0,0,1,0,1,0,0,0,0
12417,202,12749,0,0,0,0,1,0,1,0,0,0,0
12419,202,19804,0,0,0,0,1,0,1,0,0,0,0
12420,202,23066,0,0,0,0,1,0,0,175,150,0,0
12421,202,23068,0,0,0,0,1,0,0,175,150,0,0
12422,202,23067,0,0,0,0,1,0,0,175,150,0,0
12423,202,23069,0,0,0,0,1,0,0,220,200,0,0
12424,202,23070,0,0,0,0,1,0,0,270,250,0,0
12425,202,23071,0,0,0,0,1,0,0,280,270,0,0
12426,202,23077,0,0,0,0,1,0,0,300,280,0,0
12427,202,23078,0,0,0,0,1,0,0,305,285,0,0
12428,202,23079,0,0,0,0,1,0,0,295,285,0,0
12429,202,23080,0,0,0,0,1,0,0,295,275,0,0
12430,202,23081,0,0,0,0,1,0,0,330,310,0,0
12431,202,23082,0,0,0,0,1,0,0,340,320,0,0
12432,202,23096,0,0,0,0,1,0,0,285,275,0,0
12451,202,23129,0,0,0,0,1,0,0,270,260,0,0
12452,202,13166,0,0,0,0,1,0,1,0,0,0,0
12453,202,13258,0,0,0,0,1,0,1,0,0,0,0
12617,202,23489,0,0,0,0,1,0,0,305,285,0,0
12618,202,23486,0,0,0,0,1,0,0,305,285,0,0
12636,202,23507,0,0,0,0,1,0,0,270,250,0,0
12890,202,24356,0,0,0,0,1,0,0,340,320,0,0
12891,202,24357,0,0,0,0,1,0,0,340,320,0,0
13381,202,26011,0,0,0,0,1,0,0,340,320,0,0
13424,202,26416,0,0,0,0,1,0,0,150,125,0,0
13425,202,26417,0,0,0,0,1,0,0,150,125,0,0
13426,202,26418,0,0,0,0,1,0,0,150,125,0,0
13427,202,26420,0,0,0,0,1,0,0,200,175,0,0
13428,202,26421,0,0,0,0,1,0,0,200,175,0,0
13429,202,26422,0,0,0,0,1,0,0,200,175,0,0
13430,202,26423,0,0,0,0,1,0,0,250,225,0,0
13431,202,26424,0,0,0,0,1,0,0,250,225,0,0
13432,202,26425,0,0,0,0,1,0,0,250,225,0,0
13433,202,26426,0,0,0,0,1,0,0,285,275,0,0
13434,202,26427,0,0,0,0,1,0,0,285,275,0,0
13435,202,26428,0,0,0,0,1,0,0,285,275,0,0
13436,202,26442,0,0,0,0,1,0,0,265,245,0,0
13437,202,26443,0,0,0,0,1,0,0,315,295,0,0
13930,202,28327,0,0,0,0,1,0,0,285,275,0,0
14347,202,30350,0,0,0,0,1,51306,0,0,0,0,0
14348,202,30310,0,0,0,0,1,0,0,340,320,0,0
14349,202,30311,0,0,0,0,1,0,0,355,335,0,0
14350,202,30312,0,0,0,0,1,0,0,350,330,0,0
14351,202,30313,0,0,0,0,1,0,0,380,360,0,0
14352,202,30314,0,0,0,0,1,0,0,390,370,0,0
14353,202,30315,0,0,0,0,1,0,0,405,385,0,0
14354,202,30316,0,0,0,0,1,0,0,370,350,0,0
14355,202,30317,0,0,0,0,1,0,0,370,350,0,0
14356,202,30318,0,0,0,0,1,0,0,380,360,0,0
14357,202,30325,0,0,0,0,1,0,0,390,370,0,0
14358,202,30329,0,0,0,0,1,0,0,365,345,0,0
14359,202,30332,0,0,0,0,1,0,0,390,370,0,0
14360,202,30334,0,0,0,0,1,0,0,405,385,0,0
14361,202,30337,0,0,0,0,1,0,0,355,335,0,0
14362,202,30341,0,0,0,0,1,0,0,355,335,0,0
14363,202,30342,0,0,0,0,1,0,0,355,335,0,0
14364,202,30343,0,0,0,0,1,0,0,355,335,0,0
14365,202,30344,0,0,0,0,1,0,0,355,335,0,0
14366,202,30346,0,0,0,0,1,0,0,330,310,0,0
14367,202,30347,0,0,0,0,1,0,0,355,335,0,0
14368,202,30348,0,0,0,0,1,0,0,345,325,0,0
14369,202,30349,0,0,0,0,1,0,0,440,425,0,0
14370,202,30303,0,0,0,0,1,0,0,320,300,0,0
14371,202,30304,0,0,0,0,1,0,0,320,300,0,0
14372,202,30305,0,0,0,0,1,0,0,310,300,0,0
14373,202,30306,0,0,0,0,1,0,0,335,325,0,0
14374,202,30307,0,0,0,0,1,0,0,370,350,0,0
14375,202,30308,0,0,0,0,1,0,0,370,350,0,0
14376,202,30309,0,0,0,0,1,0,0,370,350,0,0
14391,202,30547,0,0,0,0,1,0,0,360,350,0,0
14392,202,30548,0,0,0,0,1,0,0,325,305,0,0
14393,202,30549,0,0,0,0,1,0,0,345,325,0,0
14394,202,30551,0,0,0,0,1,0,0,350,330,0,0
14395,202,30552,0,0,0,0,1,0,0,365,345,0,0
14397,202,30556,0,0,0,0,1,0,0,385,365,0,0
14398,202,30558,0,0,0,0,1,0,0,345,325,0,0
14399,202,30560,0,0,0,0,1,0,0,360,340,0,0
14400,202,30561,0,0,0,0,1,0,0,335,325,0,0
14401,202,30563,0,0,0,0,1,0,0,380,360,0,0
14402,202,30565,0,0,0,0,1,0,0,395,375,0,0
14403,202,30566,0,0,0,0,1,0,0,395,375,0,0
14404,202,30568,0,0,0,0,1,0,0,355,335,0,0
14405,202,30569,0,0,0,0,1,0,0,380,360,0,0
14406,202,30570,0,0,0,0,1,0,0,380,360,0,0
14407,202,30573,0,0,0,0,1,0,0,335,325,0,0
14408,202,30574,0,0,0,0,1,0,0,395,375,0,0
14409,202,30575,0,0,0,0,1,0,0,395,375,0,0
14918,202,32814,0,0,0,0,1,0,0,355,335,0,0
15701,202,36954,0,0,0,0,1,0,0,370,350,0,0
15702,202,36955,0,0,0,0,1,0,0,370,350,0,0
15808,202,39895,0,0,0,0,1,0,0,285,275,0,0
15812,202,39971,0,0,0,0,1,0,0,345,335,0,0
15813,202,39973,0,0,0,0,1,0,0,365,345,0,0
15833,202,40274,0,35,0,0,1,0,0,390,370,0,0
15849,202,41307,0,0,0,0,1,0,0,410,375,0,0
15850,202,41311,0,2,0,0,1,0,0,390,370,0,0
15851,202,41312,0,35,0,0,1,0,0,390,370,0,0
15852,202,41314,0,68,0,0,1,0,0,390,370,0,0
15853,202,41315,0,64,0,0,1,0,0,390,370,0,0
15854,202,41316,0,64,0,0,1,0,0,390,370,0,0
15855,202,41317,0,1032,0,0,1,0,0,390,370,0,0
15856,202,41318,0,1024,0,0,1,0,0,390,370,0,0
15857,202,41319,0,1024,0,0,1,0,0,390,370,0,0
15858,202,41320,0,400,0,0,1,0,0,390,370,0,0
15859,202,41321,0,16,0,0,1,0,0,390,370,0,0
16002,202,43676,0,0,0,0,1,0,0,355,335,0,0
16017,202,44155,0,0,0,0,1,0,0,350,330,0,0
16018,202,44157,0,0,0,0,1,0,0,395,385,0,0
16034,202,44391,0,0,0,0,1,0,0,390,370,0,0
16248,202,46111,0,400,0,0,1,0,0,430,390,0,0
16249,202,46115,0,35,0,0,1,0,0,430,390,0,0
16250,202,46109,0,1024,0,0,1,0,0,430,390,0,0
16251,202,46107,0,2,0,0,1,0,0,430,390,0,0
16252,202,46112,0,64,0,0,1,0,0,430,390,0,0
16253,202,46114,0,35,0,0,1,0,0,430,390,0,0
16254,202,46108,0,16,0,0,1,0,0,430,390,0,0
16255,202,46110,0,64,0,0,1,0,0,430,390,0,0
16256,202,46116,0,1032,0,0,1,0,0,430,390,0,0
16257,202,46113,0,68,0,0,1,0,0,430,390,0,0
16258,202,46106,0,1024,0,0,1,0,0,430,390,0,0
16296,202,46697,0,0,0,0,1,0,0,385,365,0,0
17018,202,49383,0,0,0,0,1,0,1,0,0,0,0
17595,202,51306,0,0,0,0,1,0,0,0,0,0,0
18024,202,53281,0,0,0,0,1,0,0,385,366,0,0
18537,202,54353,0,0,0,0,1,0,0,415,405,0,0
19261,202,55252,0,0,0,0,1,0,0,420,415,0,0
19535,202,56273,0,0,0,0,1,0,0,0,0,0,0
19538,202,56349,0,0,0,0,1,0,0,380,360,0,0
19539,202,54736,0,0,0,0,1,0,0,395,390,0,0
19541,202,54998,0,0,0,0,1,0,0,405,400,0,0
19542,202,54999,0,0,0,0,1,0,0,405,400,0,0
19543,202,55002,0,0,0,0,1,0,0,385,380,0,0
19544,202,54793,0,0,0,0,1,0,0,385,380,0,0
19545,202,55016,0,0,0,0,1,0,0,410,400,0,0
19553,202,56460,0,0,0,0,1,0,0,390,375,0,0
19554,202,56459,0,0,0,0,1,0,0,390,380,0,0
19555,202,56461,0,0,0,0,1,0,0,390,380,0,0
19556,202,56464,0,0,0,0,1,0,0,390,380,0,0
19557,202,56463,0,0,0,0,1,0,0,395,385,0,0
19559,202,56465,0,400,0,0,1,0,0,440,425,0,0
19560,202,56471,0,0,0,0,1,0,0,405,395,0,0
19561,202,56466,0,0,0,0,1,0,0,445,435,0,0
19562,202,56467,0,0,0,0,1,0,0,445,435,0,0
19563,202,56468,0,0,0,0,1,0,0,420,410,0,0
19564,202,56470,0,0,0,0,1,0,0,435,430,0,0
19565,202,56472,0,0,0,0,1,0,0,435,430,0,0
19566,202,56514,0,0,0,0,1,0,0,435,425,0,0
19567,202,56473,0,0,0,0,1,0,0,440,430,0,0
19568,202,56474,0,0,0,0,1,0,0,420,405,0,0
19569,202,56475,0,0,0,0,1,0,0,425,410,0,0
19570,202,56462,0,0,0,0,1,0,0,450,440,0,0
19571,202,56476,0,0,0,0,1,0,0,425,415,0,0
19572,202,56477,0,0,0,0,1,0,0,430,420,0,0
19573,202,56469,0,0,0,0,1,0,0,440,430,0,0
19574,202,56478,0,0,0,0,1,0,0,455,435,0,0
19575,202,56479,0,0,0,0,1,0,0,465,455,0,0
19576,202,56480,0,35,0,0,1,0,0,460,450,0,0
19588,202,56481,0,1032,0,0,1,0,0,460,450,0,0
19589,202,56574,0,68,0,0,1,0,0,460,450,0,0
19590,202,56483,0,35,0,0,1,0,0,460,450,0,0
19591,202,56484,0,400,0,0,1,0,0,460,450,0,0
19592,202,56486,0,1024,0,0,1,0,0,460,450,0,0
19593,202,56487,0,64,0,0,1,0,0,460,450,0,0
20289,202,60867,3149,0,0,0,1,0,0,490,480,0,0
20290,202,60866,946,0,0,0,1,0,0,490,480,0,0
20291,202,60874,0,0,0,0,1,0,0,465,455,0,0
20650,202,61471,0,0,0,0,1,0,0,415,400,0,0
20653,202,61481,0,1032,0,0,1,0,0,440,425,0,0
20654,202,61482,0,68,0,0,1,0,0,440,425,0,0
20655,202,61483,0,35,0,0,1,0,0,440,425,0,0
20759,202,62271,0,2,0,0,1,0,0,460,450,0,0
20880,202,63750,0,0,0,0,1,0,0,290,270,0,0
20881,202,63765,0,0,0,0,1,0,0,385,380,0,0
20882,202,63770,0,0,0,0,1,0,0,405,400,0,0
21233,202,67326,0,0,0,0,1,0,0,425,415,0,0
21247,202,67790,0,0,0,0,1,0,0,445,435,0,0
21251,202,67920,0,0,0,0,1,0,0,460,450,0,0
21254,202,68067,0,0,0,0,1,0,0,490,480,0,0
21258,202,67839,0,0,0,0,1,0,0,420,410,0,0
21386,202,72952,0,0,0,0,1,0,0,460,440,0,0
21387,202,72953,0,0,0,0,1,0,0,460,440,0,0
9628,203,17219,0,0,0,0,1,0,2,0,0,0,0
9712,203,17253,0,0,0,0,1,17255,2,0,0,0,0
9713,203,17255,0,0,0,0,1,17256,2,0,0,0,0
9714,203,17256,0,0,0,0,1,17257,2,0,0,0,0
9715,203,17257,0,0,0,0,1,17258,2,0,0,0,0
9717,203,17258,0,0,0,0,1,17259,2,0,0,0,0
9720,203,17259,0,0,0,0,1,17260,2,0,0,0,0
9722,203,17260,0,0,0,0,1,17261,2,0,0,0,0
9725,203,17261,0,0,0,0,1,27050,2,0,0,0,0
13775,203,27050,0,0,0,0,1,52473,2,0,0,0,0
17428,203,4167,0,0,0,0,1,0,2,0,0,0,0
17856,203,52473,0,0,0,0,1,52474,2,0,0,0,0
17857,203,52474,0,0,0,0,1,0,2,0,0,0,0
20697,203,61684,0,0,0,0,1,0,0,0,0,0,0
4380,204,7812,0,0,0,0,1,19438,2,0,0,0,0
4381,204,3716,0,0,0,0,1,7809,2,0,0,0,0
4382,204,7809,0,0,0,0,1,7810,2,0,0,0,0
4383,204,7810,0,0,0,0,1,7811,2,0,0,0,0
4384,204,7811,0,0,0,0,1,11774,2,0,0,0,0
6206,204,11774,0,0,0,0,1,11775,2,0,0,0,0
6207,204,11775,0,0,0,0,1,27270,2,0,0,0,0
10020,204,17735,0,0,0,0,1,17750,2,0,0,0,0
10036,204,17750,0,0,0,0,1,17751,2,0,0,0,0
10037,204,17751,0,0,0,0,1,17752,2,0,0,0,0
10038,204,17752,0,0,0,0,1,27271,2,0,0,0,0
10056,204,17767,0,0,0,0,1,17850,2,0,0,0,0
10085,204,17850,0,0,0,0,1,17851,2,0,0,0,0
10086,204,17851,0,0,0,0,1,17852,2,0,0,0,0
10087,204,17852,0,0,0,0,1,17853,2,0,0,0,0
10088,204,17853,0,0,0,0,1,17854,2,0,0,0,0
10089,204,17854,0,0,0,0,1,27272,2,0,0,0,0
10535,204,18727,0,0,0,0,1,0,2,0,0,0,0
10560,204,18735,0,0,0,0,1,0,2,0,0,0,0
10561,204,18742,0,0,0,0,1,0,2,0,0,0,0
10958,204,19438,0,0,0,0,1,19440,2,0,0,0,0
10959,204,19440,0,0,0,0,1,19441,2,0,0,0,0
10960,204,19441,0,0,0,0,1,19442,2,0,0,0,0
10961,204,19442,0,0,0,0,1,19443,2,0,0,0,0
10962,204,19443,0,0,0,0,1,27273,2,0,0,0,0
13792,204,27272,0,0,0,0,1,47987,2,0,0,0,0
13793,204,27273,0,0,0,0,1,47985,2,0,0,0,0
13794,204,27271,0,0,0,0,1,33701,2,0,0,0,0
13795,204,27270,0,0,0,0,1,47984,2,0,0,0,0
15285,204,33701,0,0,0,0,1,47989,2,0,0,0,0
15331,204,34947,0,0,0,0,1,0,2,0,0,0,0
15332,204,34956,0,0,0,0,1,0,2,0,0,0,0
15333,204,34957,0,0,0,0,1,0,2,0,0,0,0
15334,204,34958,0,0,0,0,1,0,2,0,0,0,0
15586,204,35697,0,0,0,0,1,0,2,0,0,0,0
15587,204,35695,0,0,0,0,1,0,2,0,0,0,0
16498,204,47984,0,0,0,0,1,0,2,0,0,0,0
16499,204,47985,0,0,0,0,1,47986,2,0,0,0,0
16500,204,47986,0,0,0,0,1,0,2,0,0,0,0
16501,204,47987,0,0,0,0,1,47988,2,0,0,0,0
16502,204,47988,0,0,0,0,1,0,2,0,0,0,0
16503,204,47989,0,0,0,0,1,47990,2,0,0,0,0
16504,204,47990,0,0,0,0,1,0,2,0,0,0,0
18258,204,53646,0,0,0,0,1,0,2,0,0,0,0
19149,204,32233,0,0,0,0,1,0,2,0,0,0,0
20417,204,61013,0,0,0,0,1,0,0,0,0,0,0
3909,205,6360,0,0,0,0,1,7813,2,0,0,0,0
4385,205,7813,0,0,0,0,1,11784,2,0,0,0,0
4386,205,7814,0,0,0,0,1,7815,2,0,0,0,0
4387,205,7815,0,0,0,0,1,7816,2,0,0,0,0
4388,205,7816,0,0,0,0,1,11778,2,0,0,0,0
4405,205,6358,0,0,0,0,1,0,2,0,0,0,0
4406,205,7870,0,0,0,0,1,0,2,0,0,0,0
6208,205,11778,0,0,0,0,1,11779,2,0,0,0,0
6209,205,11779,0,0,0,0,1,11780,2,0,0,0,0
6210,205,11780,0,0,0,0,1,27274,2,0,0,0,0
6211,205,11784,0,0,0,0,1,11785,2,0,0,0,0
6212,205,11785,0,0,0,0,1,27275,2,0,0,0,0
10536,205,18729,0,0,0,0,1,0,2,0,0,0,0
10558,205,18736,0,0,0,0,1,0,2,0,0,0,0
10559,205,18741,0,0,0,0,1,0,2,0,0,0,0
13796,205,27274,0,0,0,0,1,47991,2,0,0,0,0
13797,205,27275,0,0,0,0,1,0,2,0,0,0,0
15323,205,34947,0,0,0,0,1,0,2,0,0,0,0
15324,205,34956,0,0,0,0,1,0,2,0,0,0,0
15325,205,34957,0,0,0,0,1,0,2,0,0,0,0
15326,205,34958,0,0,0,0,1,0,2,0,0,0,0
15584,205,35697,0,0,0,0,1,0,2,0,0,0,0
15585,205,35695,0,0,0,0,1,0,2,0,0,0,0
16505,205,47991,0,0,0,0,1,47992,2,0,0,0,0
16506,205,47992,0,0,0,0,1,0,2,0,0,0,0
18259,205,53646,0,0,0,0,1,0,2,0,0,0,0
19148,205,32233,0,0,0,0,1,0,2,0,0,0,0
20416,205,61013,0,0,0,0,1,0,2,0,0,0,0
18260,206,53646,0,0,0,0,1,0,2,0,0,0,0
18944,206,36186,0,0,0,0,1,0,2,0,0,0,0
18945,206,36188,0,0,0,0,1,0,2,0,0,0,0
18946,206,36189,0,0,0,0,1,0,2,0,0,0,0
18947,206,36190,0,0,0,0,1,0,2,0,0,0,0
20415,206,61013,0,0,0,0,1,0,2,0,0,0,0
21345,206,32233,0,0,0,0,1,0,2,0,0,0,0
15322,207,34947,0,0,0,0,1,0,2,0,0,0,0
15631,207,34956,0,0,0,0,1,0,2,0,0,0,0
15632,207,34957,0,0,0,0,1,0,2,0,0,0,0
15633,207,34958,0,0,0,0,1,0,2,0,0,0,0
20412,207,61013,0,0,0,0,1,0,2,0,0,0,0
21346,207,32233,0,0,0,0,1,0,2,0,0,0,0
21347,207,53646,0,0,0,0,1,0,2,0,0,0,0
9632,208,17223,0,0,0,0,1,0,2,0,0,0,0
9744,208,17253,0,0,0,0,1,17255,2,0,0,0,0
9745,208,17255,0,0,0,0,1,17256,2,0,0,0,0
9746,208,17256,0,0,0,0,1,17257,2,0,0,0,0
9747,208,17257,0,0,0,0,1,17258,2,0,0,0,0
9748,208,17258,0,0,0,0,1,17259,2,0,0,0,0
9749,208,17259,0,0,0,0,1,17260,2,0,0,0,0
9750,208,17260,0,0,0,0,1,17261,2,0,0,0,0
9751,208,17261,0,0,0,0,1,27050,2,0,0,0,0
13031,208,24604,0,0,0,0,1,64491,2,0,0,0,0
13779,208,27050,0,0,0,0,1,52473,2,0,0,0,0
17868,208,52473,0,0,0,0,1,52474,2,0,0,0,0
17869,208,52474,0,0,0,0,1,0,2,0,0,0,0
20702,208,61684,0,0,0,0,1,0,0,0,0,0,0
20703,208,61685,0,0,0,0,1,0,0,0,0,0,0
20997,208,64491,0,0,0,0,1,64492,2,0,0,0,0
20998,208,64492,0,0,0,0,1,64493,2,0,0,0,0
20999,208,64493,0,0,0,0,1,64494,2,0,0,0,0
21000,208,64494,0,0,0,0,1,64495,2,0,0,0,0
21001,208,64495,0,0,0,0,1,0,2,0,0,0,0
9619,209,17210,0,0,0,0,1,0,2,0,0,0,0
9768,209,16827,0,0,0,0,1,16828,2,0,0,0,0
9769,209,16828,0,0,0,0,1,16829,2,0,0,0,0
9770,209,16829,0,0,0,0,1,16830,2,0,0,0,0
9771,209,16830,0,0,0,0,1,16831,2,0,0,0,0
9773,209,16831,0,0,0,0,1,16832,2,0,0,0,0
9776,209,16832,0,0,0,0,1,3010,2,0,0,0,0
9778,209,3010,0,0,0,0,1,3009,2,0,0,0,0
9780,209,3009,0,0,0,0,1,27049,2,0,0,0,0
12916,209,24450,0,0,0,0,1,24452,2,0,0,0,0
12919,209,24452,0,0,0,0,1,24453,2,0,0,0,0
12920,209,24453,0,0,0,0,1,0,2,0,0,0,0
13763,209,27049,0,0,0,0,1,52471,2,0,0,0,0
17832,209,52471,0,0,0,0,1,52472,2,0,0,0,0
17833,209,52472,0,0,0,0,1,0,2,0,0,0,0
20220,209,59881,0,0,0,0,1,59882,2,0,0,0,0
20221,209,59882,0,0,0,0,1,59883,2,0,0,0,0
20222,209,59883,0,0,0,0,1,59884,2,0,0,0,0
20223,209,59884,0,0,0,0,1,59885,2,0,0,0,0
20224,209,59885,0,0,0,0,1,59886,2,0,0,0,0
20225,209,59886,0,0,0,0,1,0,2,0,0,0,0
20672,209,61685,0,0,0,0,1,0,0,0,0,0,0
20673,209,61684,0,0,0,0,1,0,0,0,0,0,0
9617,210,17208,0,0,0,0,1,0,2,0,0,0,0
9752,210,16827,0,0,0,0,1,16828,2,0,0,0,0
9753,210,16828,0,0,0,0,1,16829,2,0,0,0,0
9754,210,16829,0,0,0,0,1,16830,2,0,0,0,0
9755,210,16830,0,0,0,0,1,16831,2,0,0,0,0
9756,210,16831,0,0,0,0,1,16832,2,0,0,0,0
9757,210,16832,0,0,0,0,1,3010,2,0,0,0,0
9759,210,3010,0,0,0,0,1,3009,2,0,0,0,0
9760,210,3009,0,0,0,0,1,27049,2,0,0,0,0
13756,210,27049,0,0,0,0,1,52471,2,0,0,0,0
17424,210,50256,0,0,0,0,1,53526,2,0,0,0,0
17824,210,52471,0,0,0,0,1,52472,2,0,0,0,0
17825,210,52472,0,0,0,0,1,0,2,0,0,0,0
18177,210,53526,0,0,0,0,1,53528,2,0,0,0,0
18178,210,53528,0,0,0,0,1,53529,2,0,0,0,0
18179,210,53529,0,0,0,0,1,53532,2,0,0,0,0
18180,210,53532,0,0,0,0,1,53533,2,0,0,0,0
18181,210,53533,0,0,0,0,1,0,2,0,0,0,0
20670,210,61685,0,0,0,0,1,0,0,0,0,0,0
9596,211,7000,0,0,0,0,1,0,2,0,0,0,0
9649,211,17255,0,0,0,0,1,17256,2,0,0,0,0
9650,211,17253,0,0,0,0,1,17255,2,0,0,0,0
9651,211,17256,0,0,0,0,1,17257,2,0,0,0,0
9653,211,17257,0,0,0,0,1,17258,2,0,0,0,0
9655,211,17258,0,0,0,0,1,17259,2,0,0,0,0
9658,211,17259,0,0,0,0,1,17260,2,0,0,0,0
9660,211,17260,0,0,0,0,1,17261,2,0,0,0,0
9662,211,17261,0,0,0,0,1,27050,2,0,0,0,0
13757,211,27050,0,0,0,0,1,52473,2,0,0,0,0
15477,211,35290,0,0,0,0,1,35291,2,0,0,0,0
15478,211,35291,0,0,0,0,1,35292,2,0,0,0,0
15479,211,35292,0,0,0,0,1,35293,2,0,0,0,0
15480,211,35293,0,0,0,0,1,35294,2,0,0,0,0
15481,211,35294,0,0,0,0,1,35295,2,0,0,0,0
15482,211,35295,0,0,0,0,1,35296,2,0,0,0,0
17828,211,52473,0,0,0,0,1,52474,2,0,0,0,0
17829,211,52474,0,0,0,0,1,0,2,0,0,0,0
20671,211,61685,0,0,0,0,1,0,0,0,0,0,0
9621,212,17212,0,0,0,0,1,0,2,0,0,0,0
9681,212,17253,0,0,0,0,1,17255,2,0,0,0,0
9688,212,17255,0,0,0,0,1,17256,2,0,0,0,0
9690,212,17256,0,0,0,0,1,17257,2,0,0,0,0
9691,212,17257,0,0,0,0,1,17258,2,0,0,0,0
9692,212,17258,0,0,0,0,1,17259,2,0,0,0,0
9693,212,17259,0,0,0,0,1,17260,2,0,0,0,0
9694,212,17260,0,0,0,0,1,17261,2,0,0,0,0
9695,212,17261,0,0,0,0,1,27050,2,0,0,0,0
13765,212,27050,0,0,0,0,1,52473,2,0,0,0,0
17454,212,50433,0,0,0,0,1,52395,2,0,0,0,0
17811,212,52395,0,0,0,0,1,52396,2,0,0,0,0
17812,212,52396,0,0,0,0,1,52397,2,0,0,0,0
17813,212,52397,0,0,0,0,1,52398,2,0,0,0,0
17814,212,52398,0,0,0,0,1,52399,2,0,0,0,0
17815,212,52399,0,0,0,0,1,0,2,0,0,0,0
17836,212,52473,0,0,0,0,1,52474,2,0,0,0,0
17837,212,52474,0,0,0,0,1,0,2,0,0,0,0
20675,212,61685,0,0,0,0,1,0,0,0,0,0,0
9618,213,17209,0,0,0,0,1,0,2,0,0,0,0
9664,213,17253,0,0,0,0,1,17255,2,0,0,0,0
9666,213,17255,0,0,0,0,1,17256,2,0,0,0,0
9668,213,17256,0,0,0,0,1,17257,2,0,0,0,0
9670,213,17257,0,0,0,0,1,17258,2,0,0,0,0
9673,213,17258,0,0,0,0,1,17259,2,0,0,0,0
9674,213,17259,0,0,0,0,1,17260,2,0,0,0,0
9677,213,17260,0,0,0,0,1,17261,2,0,0,0,0
9679,213,17261,0,0,0,0,1,27050,2,0,0,0,0
12459,213,23145,0,0,0,0,1,0,0,0,0,0,0
12988,213,24423,0,0,0,0,1,24577,2,0,0,0,0
12989,213,24577,0,0,0,0,1,24578,2,0,0,0,0
12990,213,24578,0,0,0,0,1,24579,2,0,0,0,0
12991,213,24579,0,0,0,0,1,27051,2,0,0,0,0
13759,213,27050,0,0,0,0,1,52473,2,0,0,0,0
13761,213,27051,0,0,0,0,1,55487,2,0,0,0,0
17830,213,52473,0,0,0,0,1,52474,2,0,0,0,0
17831,213,52474,0,0,0,0,1,0,2,0,0,0,0
17904,213,52825,0,0,0,0,1,0,0,0,0,0,0
19339,213,55487,0,0,0,0,1,0,2,0,0,0,0
9620,214,17211,0,0,0,0,1,0,2,0,0,0,0
9772,214,16827,0,0,0,0,1,16828,2,0,0,0,0
9774,214,16828,0,0,0,0,1,16829,2,0,0,0,0
9777,214,16829,0,0,0,0,1,16830,2,0,0,0,0
9779,214,16830,0,0,0,0,1,16831,2,0,0,0,0
9781,214,16831,0,0,0,0,1,16832,2,0,0,0,0
9782,214,16832,0,0,0,0,1,3010,2,0,0,0,0
9783,214,3010,0,0,0,0,1,3009,2,0,0,0,0
9784,214,3009,0,0,0,0,1,27049,2,0,0,0,0
13764,214,27049,0,0,0,0,1,52471,2,0,0,0,0
17423,214,50245,0,0,0,0,1,53544,2,0,0,0,0
17834,214,52471,0,0,0,0,1,52472,2,0,0,0,0
17835,214,52472,0,0,0,0,1,0,2,0,0,0,0
18200,214,53544,0,0,0,0,1,53545,2,0,0,0,0
18201,214,53545,0,0,0,0,1,53546,2,0,0,0,0
18202,214,53546,0,0,0,0,1,53547,2,0,0,0,0
18203,214,53547,0,0,0,0,1,53548,2,0,0,0,0
18204,214,53548,0,0,0,0,1,0,2,0,0,0,0
20674,214,61685,0,0,0,0,1,0,0,0,0,0,0
9622,215,17214,0,0,0,0,1,0,2,0,0,0,0
13401,215,26090,0,0,0,0,1,26187,2,0,0,0,0
17241,215,49966,0,0,0,0,1,49967,2,0,0,0,0
17242,215,49967,0,0,0,0,1,49968,2,0,0,0,0
17243,215,49968,0,0,0,0,1,49969,2,0,0,0,0
17244,215,49969,0,0,0,0,1,49970,2,0,0,0,0
17245,215,49970,0,0,0,0,1,49971,2,0,0,0,0
17246,215,49971,0,0,0,0,1,49972,2,0,0,0,0
17247,215,49972,0,0,0,0,1,49973,2,0,0,0,0
17248,215,49973,0,0,0,0,1,49974,2,0,0,0,0
17249,215,49974,0,0,0,0,1,52475,2,0,0,0,0
17840,215,52475,0,0,0,0,1,52476,2,0,0,0,0
17841,215,52476,0,0,0,0,1,0,2,0,0,0,0
20689,215,61685,0,0,0,0,1,0,0,0,0,0,0
9625,217,17217,0,0,0,0,1,0,2,0,0,0,0
9789,217,16827,0,0,0,0,1,16828,2,0,0,0,0
9790,217,16828,0,0,0,0,1,16829,2,0,0,0,0
9792,217,16829,0,0,0,0,1,16830,2,0,0,0,0
9794,217,16830,0,0,0,0,1,16831,2,0,0,0,0
9795,217,16831,0,0,0,0,1,16832,2,0,0,0,0
9797,217,16832,0,0,0,0,1,3010,2,0,0,0,0
9798,217,3010,0,0,0,0,1,3009,2,0,0,0,0
9800,217,3009,0,0,0,0,1,27049,2,0,0,0,0
13772,217,27049,0,0,0,0,1,52471,2,0,0,0,0
17460,217,50498,0,0,0,0,1,53578,2,0,0,0,0
17548,217,50871,0,0,0,0,1,0,2,0,0,0,0
17848,217,52471,0,0,0,0,1,52472,2,0,0,0,0
17849,217,52472,0,0,0,0,1,0,2,0,0,0,0
18231,217,53578,0,0,0,0,1,53579,2,0,0,0,0
18232,217,53579,0,0,0,0,1,53580,2,0,0,0,0
18233,217,53580,0,0,0,0,1,53581,2,0,0,0,0
18234,217,53581,0,0,0,0,1,53582,2,0,0,0,0
18235,217,53582,0,0,0,0,1,0,2,0,0,0,0
20692,217,61684,0,0,0,0,1,0,0,0,0,0,0
20693,217,61685,0,0,0,0,1,0,0,0,0,0,0
9629,218,17220,0,0,0,0,1,0,2,0,0,0,0
17192,218,16827,0,0,0,0,1,16828,2,0,0,0,0
17193,218,16828,0,0,0,0,1,16829,2,0,0,0,0
17194,218,16829,0,0,0,0,1,16830,2,0,0,0,0
17195,218,16830,0,0,0,0,1,16831,2,0,0,0,0
17196,218,16831,0,0,0,0,1,16832,2,0,0,0,0
17197,218,16832,0,0,0,0,1,3010,2,0,0,0,0
17198,218,3010,0,0,0,0,1,3009,2,0,0,0,0
17199,218,3009,0,0,0,0,1,27049,2,0,0,0,0
17200,218,27049,0,0,0,0,1,52471,2,0,0,0,0
17427,218,50285,0,0,0,0,1,0,2,0,0,0,0
17860,218,52471,0,0,0,0,1,52472,2,0,0,0,0
17861,218,52472,0,0,0,0,1,0,2,0,0,0,0
20698,218,61684,0,0,0,0,1,0,0,0,0,0,0
20699,218,61685,0,0,0,0,1,0,0,0,0,0,0
4347,220,5227,16,0,0,0,1,0,2,0,0,0,0
4350,220,7744,16,0,0,0,1,0,2,0,0,0,0
11713,220,20577,16,0,0,0,1,0,2,0,0,0,0
11714,220,20579,16,0,0,0,1,0,2,0,0,0,0
2929,226,5011,0,13,0,0,1,0,2,0,0,0,0
15697,226,3018,0,9,0,0,1,0,1,0,0,0,0
2927,228,5009,0,400,0,0,1,0,2,0,0,0,0
2935,228,5019,0,400,0,0,1,0,2,0,0,0,0
2928,229,200,0,1063,0,0,1,0,2,0,0,0,0
9627,236,17218,0,0,0,0,1,0,2,0,0,0,0
9801,236,16827,0,0,0,0,1,16828,2,0,0,0,0
9802,236,16828,0,0,0,0,1,16829,2,0,0,0,0
9803,236,16829,0,0,0,0,1,16830,2,0,0,0,0
9804,236,16830,0,0,0,0,1,16831,2,0,0,0,0
9805,236,16831,0,0,0,0,1,16832,2,0,0,0,0
9806,236,16832,0,0,0,0,1,3010,2,0,0,0,0
9807,236,3010,0,0,0,0,1,3009,2,0,0,0,0
9808,236,3009,0,0,0,0,1,27049,2,0,0,0,0
12998,236,24583,0,0,0,0,1,24586,2,0,0,0,0
13010,236,24586,0,0,0,0,1,24587,2,0,0,0,0
13011,236,24587,0,0,0,0,1,27060,2,0,0,0,0
13041,236,24640,0,0,0,0,1,24583,2,0,0,0,0
13773,236,27049,0,0,0,0,1,52471,2,0,0,0,0
13774,236,27060,0,0,0,0,1,55728,2,0,0,0,0
17852,236,52471,0,0,0,0,1,52472,2,0,0,0,0
17853,236,52472,0,0,0,0,1,0,2,0,0,0,0
19388,236,55728,0,0,0,0,1,0,2,0,0,0,0
20695,236,61685,0,0,0,0,1,0,0,0,0,0,0
3248,237,5143,0,128,0,0,1,0,0,0,0,0,0
3249,237,5144,0,128,0,0,1,0,0,0,0,0,0
3250,237,5145,0,128,0,0,1,0,0,0,0,0,0
3255,237,1459,0,128,0,0,1,0,0,0,0,0,0
3256,237,1460,0,128,0,0,1,0,0,0,0,0,0
3257,237,1461,0,128,0,0,1,0,0,0,0,0,0
3258,237,2139,0,128,0,0,1,0,0,0,0,0,0
3267,237,475,0,128,0,0,1,0,0,0,0,0,0
3269,237,3565,3149,128,0,0,1,0,0,0,0,0,0
3270,237,3562,3149,128,0,0,1,0,0,0,0,0,0
3271,237,3567,946,128,0,0,1,0,0,0,0,0,0
3272,237,3561,3149,128,0,0,1,0,0,0,0,0,0
3273,237,3566,946,128,0,0,1,0,0,0,0,0,0
3274,237,3563,946,128,0,0,1,0,0,0,0,0,0
4674,237,8416,0,128,0,0,1,0,0,0,0,0,0
4675,237,8417,0,128,0,0,1,0,0,0,0,0,0
4686,237,1449,0,128,0,0,1,0,0,0,0,0,0
4687,237,8437,0,128,0,0,1,0,0,0,0,0,0
4688,237,8438,0,128,0,0,1,0,0,0,0,0,0
4689,237,8439,0,128,0,0,1,0,0,0,0,0,0
4696,237,604,0,128,0,0,1,0,0,0,0,0,0
4697,237,8450,0,128,0,0,1,0,0,0,0,0,0
4698,237,8451,0,128,0,0,1,0,0,0,0,0,0
4699,237,1008,0,128,0,0,1,0,0,0,0,0,0
4700,237,8455,0,128,0,0,1,0,0,0,0,0,0
4702,237,1463,0,128,0,0,1,0,0,0,0,0,0
4717,237,8494,0,128,0,0,1,0,0,0,0,0,0
4719,237,8495,0,128,0,0,1,0,0,0,0,0,0
5437,237,10156,0,128,0,0,1,0,0,0,0,0,0
5438,237,10157,0,128,0,0,1,0,0,0,0,0,0
5444,237,10169,0,128,0,0,1,0,0,0,0,0,0
5445,237,10170,0,128,0,0,1,0,0,0,0,0,0
5446,237,10173,0,128,0,0,1,0,0,0,0,0,0
5447,237,10174,0,128,0,0,1,0,0,0,0,0,0
5457,237,10191,0,128,0,0,1,0,0,0,0,0,0
5458,237,10192,0,128,0,0,1,0,0,0,0,0,0
5459,237,10193,0,128,0,0,1,0,0,0,0,0,0
5462,237,10201,0,128,0,0,1,0,0,0,0,0,0
5463,237,10202,0,128,0,0,1,0,0,0,0,0,0
5467,237,10211,0,128,0,0,1,0,0,0,0,0,0
5468,237,10212,0,128,0,0,1,0,0,0,0,0,0
5726,237,130,0,128,0,0,1,0,0,0,0,0,0
5989,237,11419,3149,128,0,0,1,0,0,0,0,0,0
5990,237,11416,3149,128,0,0,1,0,0,0,0,0,0
5991,237,11417,946,128,0,0,1,0,0,0,0,0,0
5992,237,10059,3149,128,0,0,1,0,0,0,0,0,0
5993,237,11420,946,128,0,0,1,0,0,0,0,0,0
5994,237,11418,946,128,0,0,1,0,0,0,0,0,0
6236,237,587,0,128,0,0,1,0,0,0,0,0,0
6237,237,597,0,128,0,0,1,0,0,0,0,0,0
6238,237,990,0,128,0,0,1,0,0,0,0,0,0
6239,237,6129,0,128,0,0,1,0,0,0,0,0,0
6240,237,10144,0,128,0,0,1,0,0,0,0,0,0
6241,237,10145,0,128,0,0,1,0,0,0,0,0,0
6242,237,759,0,128,0,0,1,0,0,0,0,0,0
6243,237,3552,0,128,0,0,1,0,0,0,0,0,0
6244,237,10053,0,128,0,0,1,0,0,0,0,0,0
6245,237,10054,0,128,0,0,1,0,0,0,0,0,0
6246,237,5504,0,128,0,0,1,0,0,0,0,0,0
6247,237,5505,0,128,0,0,1,0,0,0,0,0,0
6248,237,5506,0,128,0,0,1,0,0,0,0,0,0
6249,237,6127,0,128,0,0,1,0,0,0,0,0,0
6250,237,10138,0,128,0,0,1,0,0,0,0,0,0
6251,237,10139,0,128,0,0,1,0,0,0,0,0,0
6562,237,12042,0,0,0,0,1,0,0,0,0,0,0
6563,237,12043,0,0,0,0,1,0,0,0,0,0,0
6564,237,12051,0,0,0,0,1,0,0,0,0,0,0
6736,237,11237,0,0,0,0,1,0,0,0,0,0,0
6737,237,12463,0,0,0,0,1,0,0,0,0,0,0
6738,237,12464,0,0,0,0,1,0,0,0,0,0,0
6739,237,11242,0,0,0,0,1,0,0,0,0,0,0
6740,237,12467,0,0,0,0,1,0,0,0,0,0,0
6741,237,12469,0,0,0,0,1,0,0,0,0,0,0
6766,237,11232,0,0,0,0,1,0,0,0,0,0,0
6767,237,12500,0,0,0,0,1,0,0,0,0,0,0
6768,237,12501,0,0,0,0,1,0,0,0,0,0,0
6803,237,12536,0,0,0,0,1,0,0,0,0,0,0
6821,237,11213,0,0,0,0,1,0,0,0,0,0,0
6822,237,12574,0,0,0,0,1,0,0,0,0,0,0
6823,237,12575,0,0,0,0,1,0,0,0,0,0,0
6824,237,12576,0,0,0,0,1,0,0,0,0,0,0
6825,237,12577,0,0,0,0,1,0,0,0,0,0,0
6833,237,11210,0,128,0,0,1,0,0,0,0,0,0
6834,237,12592,0,128,0,0,1,0,0,0,0,0,0
6836,237,11222,0,0,0,0,1,0,0,0,0,0,0
6837,237,11255,0,0,0,0,1,0,0,0,0,0,0
6838,237,12598,0,0,0,0,1,0,0,0,0,0,0
6844,237,11247,0,0,0,0,1,0,0,0,0,0,0
6845,237,12606,0,0,0,0,1,0,0,0,0,0,0
6846,237,11252,0,0,0,0,1,0,0,0,0,0,0
6847,237,12605,0,0,0,0,1,0,0,0,0,0,0
6990,237,12824,0,128,0,0,1,0,0,0,0,0,0
6992,237,12826,0,128,0,0,1,0,0,0,0,0,0
7003,237,12839,0,0,0,0,1,0,0,0,0,0,0
7004,237,12840,0,0,0,0,1,0,0,0,0,0,0
7031,237,1953,0,128,0,0,1,0,0,0,0,0,0
7182,237,118,0,128,0,0,1,0,0,0,0,0,0
7184,237,12825,0,128,0,0,1,0,0,0,0,0,0
8099,237,15058,0,0,0,0,1,0,0,0,0,0,0
8100,237,15059,0,0,0,0,1,0,0,0,0,0,0
8101,237,15060,0,0,0,0,1,0,0,0,0,0,0
9339,237,16769,0,0,0,0,1,0,0,0,0,0,0
9340,237,16770,0,0,0,0,1,0,0,0,0,0,0
10447,237,18462,0,0,0,0,1,0,0,0,0,0,0
10448,237,18463,0,0,0,0,1,0,0,0,0,0,0
10449,237,18464,0,0,0,0,1,0,0,0,0,0,0
10452,237,12502,0,0,0,0,1,0,0,0,0,0,0
12316,237,6117,0,128,0,0,1,0,0,0,0,0,0
12317,237,22782,0,128,0,0,1,0,0,0,0,0,0
12318,237,22783,0,128,0,0,1,0,0,0,0,0,0
12330,237,10140,0,128,0,0,1,0,0,0,0,0,0
12397,237,23028,0,128,0,0,1,0,0,0,0,0,0
13246,237,25345,0,128,0,0,1,0,0,0,0,0,0
13652,237,27075,0,128,0,0,1,0,0,0,0,0,0
13653,237,27082,0,128,0,0,1,0,0,0,0,0,0
13654,237,27080,0,128,0,0,1,0,0,0,0,0,0
13655,237,27090,0,128,0,0,1,0,0,0,0,0,0
13657,237,27101,0,128,0,0,1,0,0,0,0,0,0
13658,237,27126,0,128,0,0,1,0,0,0,0,0,0
13659,237,27127,0,128,0,0,1,0,0,0,0,0,0
13661,237,27130,0,128,0,0,1,0,0,0,0,0,0
13662,237,27131,0,128,0,0,1,0,0,0,0,0,0
13663,237,27125,0,128,0,0,1,0,0,0,0,0,0
13926,237,28271,0,128,0,0,1,0,0,0,0,0,0
13927,237,28272,0,128,0,0,1,0,0,0,0,0,0
13928,237,12503,0,0,0,0,1,0,0,0,0,0,0
13953,237,28574,0,128,0,0,1,0,0,0,0,0,0
14006,237,28612,0,128,0,0,1,0,0,0,0,0,0
14130,237,29441,0,128,0,0,1,0,0,0,0,0,0
14131,237,29444,0,128,0,0,1,0,0,0,0,0,0
14135,237,29442,0,128,0,0,1,0,0,0,0,0,0
14384,237,30449,0,0,0,0,1,0,0,0,0,0,0
14385,237,66,0,0,0,0,1,0,0,0,0,0,0
14386,237,30451,0,128,0,0,1,0,0,0,0,0,0
14646,237,31589,0,128,0,0,1,0,0,0,0,0,0
14647,237,31584,0,128,0,0,1,0,0,0,0,0,0
14648,237,31585,0,128,0,0,1,0,0,0,0,0,0
14649,237,31586,0,128,0,0,1,0,0,0,0,0,0
14650,237,31587,0,128,0,0,1,0,0,0,0,0,0
14651,237,31588,0,128,0,0,1,0,0,0,0,0,0
14652,237,31579,0,128,0,0,1,0,0,0,0,0,0
14653,237,31582,0,128,0,0,1,0,0,0,0,0,0
14654,237,31583,0,128,0,0,1,0,0,0,0,0,0
14655,237,31574,0,128,0,0,1,0,0,0,0,0,0
14656,237,31575,0,128,0,0,1,0,0,0,0,0,0
14660,237,31571,0,128,0,0,1,0,0,0,0,0,0
14661,237,31572,0,128,0,0,1,0,0,0,0,0,0
14664,237,31569,0,128,0,0,1,0,0,0,0,0,0
14665,237,31570,0,128,0,0,1,0,0,0,0,0,0
14815,237,32271,3149,128,0,0,1,0,0,0,0,0,0
14816,237,32272,946,128,0,0,1,0,0,0,0,0,0
14817,237,32266,3149,128,0,0,1,0,0,0,0,0,0
14818,237,32267,946,128,0,0,1,0,0,0,0,0,0
15039,237,33717,0,128,0,0,1,0,0,0,0,0,0
15040,237,33690,3149,128,0,0,1,0,0,0,0,0,0
15041,237,33691,3149,128,0,0,1,0,0,0,0,0,0
15117,237,33944,0,128,0,0,1,0,0,0,0,0,0
15118,237,33946,0,128,0,0,1,0,0,0,0,0,0
15521,237,35578,0,128,0,0,1,0,0,0,0,0,0
15522,237,35581,0,128,0,0,1,0,0,0,0,0,0
15606,237,35715,946,128,0,0,1,0,0,0,0,0,0
15607,237,35717,946,128,0,0,1,0,0,0,0,0,0
15705,237,37420,0,128,0,0,1,0,0,0,0,0,0
15729,237,38699,0,128,0,0,1,0,0,0,0,0,0
15730,237,38704,0,128,0,0,1,0,0,0,0,0,0
15877,237,7268,0,0,0,0,1,0,0,0,0,0,0
15878,237,7269,0,0,0,0,1,0,0,0,0,0,0
15880,237,7270,0,0,0,0,1,0,0,0,0,0,0
15881,237,8419,0,0,0,0,1,0,0,0,0,0,0
15882,237,8418,0,0,0,0,1,0,0,0,0,0,0
15883,237,10273,0,0,0,0,1,0,0,0,0,0,0
15884,237,10274,0,0,0,0,1,0,0,0,0,0,0
15885,237,25346,0,0,0,0,1,0,0,0,0,0,0
15886,237,27076,0,0,0,0,1,0,0,0,0,0,0
15887,237,38700,0,0,0,0,1,0,0,0,0,0,0
15888,237,38703,0,0,0,0,1,0,0,0,0,0,0
15905,237,42843,0,128,0,0,1,0,0,0,0,0,0
15906,237,42846,0,128,0,0,1,0,0,0,0,0,0
15907,237,42844,0,0,0,0,1,0,0,0,0,0,0
15908,237,42845,0,0,0,0,1,0,0,0,0,0,0
15919,237,42894,0,128,0,0,1,0,0,0,0,0,0
15920,237,42896,0,128,0,0,1,0,0,0,0,0,0
15921,237,42897,0,128,0,0,1,0,0,0,0,0,0
15925,237,42920,0,128,0,0,1,0,0,0,0,0,0
15926,237,42921,0,128,0,0,1,0,0,0,0,0,0
15946,237,42955,0,128,0,0,1,0,0,0,0,0,0
15947,237,42956,0,128,0,0,1,0,0,0,0,0,0
15953,237,42985,0,128,0,0,1,0,0,0,0,0,0
15954,237,42995,0,128,0,0,1,0,0,0,0,0,0
15955,237,43002,0,128,0,0,1,0,0,0,0,0,0
15959,237,43015,0,128,0,0,1,0,0,0,0,0,0
15960,237,43017,0,128,0,0,1,0,0,0,0,0,0
15961,237,43023,0,128,0,0,1,0,0,0,0,0,0
15962,237,43024,0,128,0,0,1,0,0,0,0,0,0
15963,237,43019,0,128,0,0,1,0,0,0,0,0,0
15964,237,43020,0,128,0,0,1,0,0,0,0,0,0
16019,237,43987,0,128,0,0,1,0,0,0,0,0,0
16030,237,44378,0,128,0,0,1,0,0,0,0,0,0
16031,237,44379,0,128,0,0,1,0,0,0,0,0,0
16035,237,44394,0,128,0,0,1,0,0,0,0,0,0
16036,237,44395,0,128,0,0,1,0,0,0,0,0,0
16037,237,44396,0,128,0,0,1,0,0,0,0,0,0
16038,237,44397,0,128,0,0,1,0,0,0,0,0,0
16039,237,44398,0,128,0,0,1,0,0,0,0,0,0
16040,237,44399,0,128,0,0,1,0,0,0,0,0,0
16041,237,44400,0,128,0,0,1,0,0,0,0,0,0
16042,237,44402,0,128,0,0,1,0,0,0,0,0,0
16043,237,44403,0,128,0,0,1,0,0,0,0,0,0
16047,237,44413,0,128,0,0,1,0,0,0,0,0,0
16051,237,44425,0,128,0,0,1,0,0,0,0,0,0
16146,237,44780,0,128,0,0,1,0,0,0,0,0,0
16147,237,44781,0,128,0,0,1,0,0,0,0,0,0
16999,237,49359,3149,128,0,0,1,0,0,0,0,0,0
17000,237,49358,946,128,0,0,1,0,0,0,0,0,0
17003,237,49361,946,128,0,0,1,0,0,0,0,0,0
17004,237,49360,3149,128,0,0,1,0,0,0,0,0,0
18007,237,53140,0,128,0,0,1,0,0,0,0,0,0
18008,237,53142,0,128,0,0,1,0,0,0,0,0,0
18538,237,54354,0,128,0,0,1,0,0,0,0,0,0
18890,237,44404,0,128,0,0,1,0,0,0,0,0,0
18891,237,44401,0,128,0,0,1,0,0,0,0,0,0
18892,237,54486,0,128,0,0,1,0,0,0,0,0,0
18893,237,54488,0,128,0,0,1,0,0,0,0,0,0
18894,237,54489,0,128,0,0,1,0,0,0,0,0,0
18895,237,54490,0,128,0,0,1,0,0,0,0,0,0
19095,237,54646,0,128,0,0,1,0,0,0,0,0,0
19097,237,54648,0,128,0,0,1,0,0,0,0,0,0
19114,237,54658,0,128,0,0,1,0,0,0,0,0,0
19115,237,54659,0,128,0,0,1,0,0,0,0,0,0
19287,237,29447,0,128,0,0,1,0,0,0,0,0,0
19288,237,55339,0,128,0,0,1,0,0,0,0,0,0
19289,237,55340,0,128,0,0,1,0,0,0,0,0,0
20054,237,58659,0,128,0,0,1,0,0,0,0,0,0
20095,237,55342,0,128,0,0,1,0,0,0,0,0,0
20512,237,61025,0,0,0,0,1,0,0,0,0,0,0
20513,237,61024,0,0,0,0,1,0,0,0,0,0,0
20616,237,61305,0,0,0,0,1,0,0,0,0,0,0
20661,237,61316,0,0,0,0,1,0,0,0,0,0,0
20715,237,61721,0,128,0,0,1,0,0,0,0,0,0
20718,237,61780,0,0,0,0,1,0,0,0,0,0,0
20719,237,61780,0,0,0,0,1,0,0,0,0,0,0
9630,251,17221,0,0,0,0,1,0,2,0,0,0,0
9728,251,17253,0,0,0,0,1,17255,2,0,0,0,0
9729,251,17255,0,0,0,0,1,17256,2,0,0,0,0
9730,251,17256,0,0,0,0,1,17257,2,0,0,0,0
9731,251,17257,0,0,0,0,1,17258,2,0,0,0,0
9733,251,17258,0,0,0,0,1,17259,2,0,0,0,0
9735,251,17259,0,0,0,0,1,17260,2,0,0,0,0
9738,251,17260,0,0,0,0,1,17261,2,0,0,0,0
9740,251,17261,0,0,0,0,1,27050,2,0,0,0,0
13392,251,26064,0,0,0,0,1,0,2,0,0,0,0
13777,251,27050,0,0,0,0,1,52473,2,0,0,0,0
17862,251,52473,0,0,0,0,1,52474,2,0,0,0,0
17863,251,52474,0,0,0,0,1,0,2,0,0,0,0
20700,251,61685,0,0,0,0,1,0,0,0,0,0,0
4033,253,2098,0,8,0,0,1,6760,2,0,0,0,0
4037,253,1943,0,8,0,0,1,8639,0,0,0,0,0
4038,253,703,0,8,0,0,1,8631,0,0,0,0,0
4050,253,6760,0,8,0,0,1,6761,0,0,0,0,0
4051,253,6761,0,8,0,0,1,6762,0,0,0,0,0
4052,253,6762,0,8,0,0,1,8623,0,0,0,0,0
4770,253,8623,0,8,0,0,1,8624,0,0,0,0,0
4771,253,8624,0,8,0,0,1,11299,0,0,0,0,0
4772,253,8631,0,8,0,0,1,8632,0,0,0,0,0
4773,253,8632,0,8,0,0,1,8633,0,0,0,0,0
4774,253,8633,0,8,0,0,1,11289,0,0,0,0,0
4778,253,8639,0,8,0,0,1,8640,0,0,0,0,0
4779,253,8640,0,8,0,0,1,11273,0,0,0,0,0
4827,253,8676,0,8,0,0,1,8724,0,0,0,0,0
4828,253,8724,0,8,0,0,1,8725,0,0,0,0,0
4829,253,8725,0,8,0,0,1,11267,0,0,0,0,0
5939,253,11267,0,8,0,0,1,11268,0,0,0,0,0
5940,253,11268,0,8,0,0,1,11269,0,0,0,0,0
5941,253,11269,0,8,0,0,1,27441,0,0,0,0,0
5945,253,11299,0,8,0,0,1,11300,0,0,0,0,0
5946,253,11300,0,8,0,0,1,31016,0,0,0,0,0
5947,253,11289,0,8,0,0,1,11290,0,0,0,0,0
5948,253,11290,0,8,0,0,1,26839,0,0,0,0,0
5949,253,11273,0,8,0,0,1,11274,0,0,0,0,0
5950,253,11274,0,8,0,0,1,11275,0,0,0,0,0
5951,253,11275,0,8,0,0,1,26867,0,0,0,0,0
6386,253,5171,0,8,0,0,1,6774,0,0,0,0,0
6387,253,6774,0,8,0,0,1,0,0,0,0,0,0
6388,253,408,0,8,0,0,1,8643,0,0,0,0,0
6389,253,8643,0,8,0,0,1,0,0,0,0,0,0
6390,253,1833,0,8,0,0,1,0,0,0,0,0,0
7756,253,14113,0,0,0,0,1,0,0,0,0,0,0
7757,253,14114,0,0,0,0,1,0,0,0,0,0,0
7758,253,14115,0,0,0,0,1,0,0,0,0,0,0
7759,253,14116,0,0,0,0,1,0,0,0,0,0,0
7760,253,14117,0,0,0,0,1,0,0,0,0,0,0
7763,253,14162,0,0,0,0,1,0,0,0,0,0,0
7764,253,14163,0,0,0,0,1,0,0,0,0,0,0
7765,253,14164,0,0,0,0,1,0,0,0,0,0,0
7766,253,14168,0,0,0,0,1,0,0,0,0,0,0
7767,253,14169,0,0,0,0,1,0,0,0,0,0,0
7769,253,14174,0,0,0,0,1,0,0,0,0,0,0
7770,253,14175,0,0,0,0,1,0,0,0,0,0,0
7771,253,14176,0,0,0,0,1,0,0,0,0,0,0
7778,253,14128,0,0,0,0,1,0,0,0,0,0,0
7779,253,14132,0,0,0,0,1,0,0,0,0,0,0
7780,253,14135,0,0,0,0,1,0,0,0,0,0,0
7781,253,14136,0,0,0,0,1,0,0,0,0,0,0
7782,253,14137,0,0,0,0,1,0,0,0,0,0,0
7783,253,14138,0,0,0,0,1,0,0,0,0,0,0
7784,253,14139,0,0,0,0,1,0,0,0,0,0,0
7785,253,14140,0,0,0,0,1,0,0,0,0,0,0
7786,253,14141,0,0,0,0,1,0,0,0,0,0,0
7787,253,14142,0,0,0,0,1,0,0,0,0,0,0
7788,253,14158,0,0,0,0,1,0,0,0,0,0,0
7789,253,14159,0,0,0,0,1,0,0,0,0,0,0
7790,253,14144,0,0,0,0,1,0,0,0,0,0,0
7791,253,14148,0,0,0,0,1,0,0,0,0,0,0
7796,253,14156,0,0,0,0,1,0,0,0,0,0,0
7797,253,14160,0,0,0,0,1,0,0,0,0,0,0
7798,253,14161,0,0,0,0,1,0,0,0,0,0,0
7799,253,14177,0,0,0,0,1,0,0,0,0,0,0
7803,253,14186,0,0,0,0,1,0,0,0,0,0,0
7805,253,14190,0,0,0,0,1,0,0,0,0,0,0
7806,253,14193,0,0,0,0,1,0,0,0,0,0,0
7807,253,14194,0,0,0,0,1,0,0,0,0,0,0
7808,253,14195,0,0,0,0,1,0,0,0,0,0,0
8076,253,14983,0,0,0,0,1,0,0,0,0,0,0
9298,253,16513,0,0,0,0,1,0,0,0,0,0,0
9299,253,16514,0,0,0,0,1,0,0,0,0,0,0
9300,253,16515,0,0,0,0,1,0,0,0,0,0,0
13547,253,26679,0,8,0,0,1,48673,0,0,0,0,0
13711,253,26865,0,8,0,0,1,48667,0,0,0,0,0
13713,253,26867,0,8,0,0,1,48671,0,0,0,0,0
13714,253,26839,0,8,0,0,1,26884,0,0,0,0,0
13715,253,26884,0,8,0,0,1,48675,0,0,0,0,0
13716,253,27441,0,8,0,0,1,48689,0,0,0,0,0
14489,253,31016,0,8,0,0,1,26865,0,0,0,0,0
14589,253,31226,0,8,0,0,1,0,0,0,0,0,0
14590,253,31227,0,8,0,0,1,0,0,0,0,0,0
14597,253,31234,0,8,0,0,1,0,0,0,0,0,0
14598,253,31235,0,8,0,0,1,0,0,0,0,0,0
14599,253,31236,0,8,0,0,1,0,0,0,0,0,0
14607,253,31208,0,8,0,0,1,0,0,0,0,0,0
14608,253,31209,0,8,0,0,1,0,0,0,0,0,0
14614,253,31380,0,8,0,0,1,0,0,0,0,0,0
14615,253,31382,0,8,0,0,1,0,0,0,0,0,0
14616,253,31383,0,8,0,0,1,0,0,0,0,0,0
14734,253,8647,0,8,0,0,1,8649,0,0,0,0,0
14798,253,31244,0,8,0,0,1,0,0,0,0,0,0
14799,253,31245,0,8,0,0,1,0,0,0,0,0,0
14895,253,1329,0,8,0,0,1,34411,0,0,0,0,0
14908,253,32645,0,8,0,0,1,32684,0,0,0,0,0
14909,253,32684,0,8,0,0,1,57992,0,0,0,0,0
15168,253,34411,0,8,0,0,1,34412,0,0,0,0,0
15169,253,34412,0,8,0,0,1,34413,0,0,0,0,0
15170,253,34413,0,8,0,0,1,48663,0,0,0,0,0
16680,253,48663,0,8,0,0,1,48666,0,0,0,0,0
16681,253,48666,0,8,0,0,1,0,0,0,0,0,0
16682,253,48667,0,8,0,0,1,48668,0,0,0,0,0
16683,253,48668,0,8,0,0,1,0,0,0,0,0,0
16685,253,48671,0,8,0,0,1,48672,0,0,0,0,0
16686,253,48672,0,8,0,0,1,0,0,0,0,0,0
16687,253,48673,0,8,0,0,1,48674,0,0,0,0,0
16688,253,48674,0,8,0,0,1,0,0,0,0,0,0
16689,253,48675,0,8,0,0,1,48676,0,0,0,0,0
16690,253,48676,0,8,0,0,1,0,0,0,0,0,0
16691,253,48689,0,8,0,0,1,48690,0,0,0,0,0
16692,253,48690,0,8,0,0,1,48691,0,0,0,0,0
16693,253,48691,0,8,0,0,1,0,0,0,0,0,0
17694,253,51625,0,8,0,0,1,0,0,0,0,0,0
17695,253,51626,0,8,0,0,1,0,0,0,0,0,0
17696,253,51627,0,8,0,0,1,0,0,0,0,0,0
17697,253,51628,0,8,0,0,1,0,0,0,0,0,0
17698,253,51629,0,8,0,0,1,0,0,0,0,0,0
17701,253,51632,0,8,0,0,1,0,0,0,0,0,0
17702,253,51633,0,8,0,0,1,0,0,0,0,0,0
17703,253,51634,0,8,0,0,1,0,0,0,0,0,0
17704,253,51635,0,8,0,0,1,0,0,0,0,0,0
17705,253,51636,0,8,0,0,1,0,0,0,0,0,0
17706,253,51634,0,8,0,0,1,0,0,0,0,0,0
17707,253,51635,0,8,0,0,1,0,0,0,0,0,0
17708,253,51636,0,8,0,0,1,0,0,0,0,0,0
17709,253,51637,0,8,0,0,1,0,0,0,0,0,0
17710,253,51662,0,8,0,0,1,0,0,0,0,0,0
17711,253,51664,0,8,0,0,1,0,0,0,0,0,0
17712,253,51665,0,8,0,0,1,0,0,0,0,0,0
17713,253,51667,0,8,0,0,1,0,0,0,0,0,0
17714,253,51668,0,8,0,0,1,0,0,0,0,0,0
17715,253,51669,0,8,0,0,1,0,0,0,0,0,0
17749,253,51722,0,8,0,0,1,0,0,0,0,0,0
19966,253,57992,0,8,0,0,1,57993,0,0,0,0,0
19967,253,57993,0,8,0,0,1,0,0,0,0,0,0
19985,253,58410,0,8,0,0,1,0,0,0,0,0,0
19995,253,58426,0,8,0,0,1,0,0,0,0,0,0
19996,253,58427,0,8,0,0,1,0,0,0,0,0,0
19997,253,58428,0,8,0,0,1,0,0,0,0,0,0
21723,253,75460,4095,8,0,0,1,0,2,0,0,0,0
4724,256,1464,0,1,0,0,1,8820,0,0,0,0,0
4886,256,8820,0,1,0,0,1,11604,0,0,0,0,0
4888,256,1680,0,1,0,0,1,0,0,0,0,0,0
6079,256,2458,0,1,0,0,1,0,0,0,0,0,0
6080,256,7381,0,1,0,0,1,0,0,0,0,0,0
6081,256,845,0,1,0,0,1,7369,0,0,0,0,0
6082,256,7369,0,1,0,0,1,11608,0,0,0,0,0
6083,256,11608,0,1,0,0,1,11609,0,0,0,0,0
6084,256,11609,0,1,0,0,1,20569,0,0,0,0,0
6085,256,11604,0,1,0,0,1,11605,0,0,0,0,0
6086,256,11605,0,1,0,0,1,25241,0,0,0,0,0
6087,256,6673,0,1,0,0,1,5242,0,0,0,0,0
6088,256,5242,0,1,0,0,1,6192,0,0,0,0,0
6089,256,6192,0,1,0,0,1,11549,0,0,0,0,0
6090,256,11549,0,1,0,0,1,11550,0,0,0,0,0
6091,256,11550,0,1,0,0,1,11551,0,0,0,0,0
6093,256,1161,0,1,0,0,1,0,0,0,0,0,0
6094,256,1160,0,1,0,0,1,6190,0,0,0,0,0
6095,256,6190,0,1,0,0,1,11554,0,0,0,0,0
6096,256,11554,0,1,0,0,1,11555,0,0,0,0,0
6097,256,11555,0,1,0,0,1,11556,0,0,0,0,0
6098,256,11556,0,1,0,0,1,25202,0,0,0,0,0
6099,256,5246,0,1,0,0,1,0,0,0,0,0,0
6986,256,12323,0,0,0,0,1,0,0,0,0,0,0
6998,256,12321,0,0,0,0,1,0,0,0,0,0,0
6999,256,12835,0,0,0,0,1,0,0,0,0,0,0
7007,256,12320,0,0,0,0,1,0,0,0,0,0,0
7008,256,12852,0,0,0,0,1,0,0,0,0,0,0
7009,256,12853,0,0,0,0,1,0,0,0,0,0,0
7010,256,12855,0,0,0,0,1,0,0,0,0,0,0
7011,256,12856,0,0,0,0,1,0,0,0,0,0,0
7012,256,12318,0,0,0,0,1,0,0,0,0,0,0
7013,256,12857,0,0,0,0,1,0,0,0,0,0,0
7014,256,12858,0,0,0,0,1,0,0,0,0,0,0
7016,256,12860,0,0,0,0,1,0,0,0,0,0,0
7017,256,12861,0,0,0,0,1,0,0,0,0,0,0
7018,256,12862,0,0,0,0,1,0,0,0,0,0,0
7019,256,12330,0,0,0,0,1,0,0,0,0,0,0
7025,256,12324,0,0,0,0,1,0,0,0,0,0,0
7026,256,12876,0,0,0,0,1,0,0,0,0,0,0
7027,256,12877,0,0,0,0,1,0,0,0,0,0,0
7028,256,12878,0,0,0,0,1,0,0,0,0,0,0
7029,256,12879,0,0,0,0,1,0,0,0,0,0,0
7030,256,12327,0,0,0,0,1,0,0,0,0,0,0
7034,256,12886,0,0,0,0,1,0,0,0,0,0,0
7099,256,12329,0,0,0,0,1,0,0,0,0,0,0
7100,256,12950,0,0,0,0,1,0,0,0,0,0,0
7116,256,12964,0,0,0,0,1,0,0,0,0,0,0
7117,256,12322,0,0,0,0,1,0,0,0,0,0,0
7118,256,12319,0,0,0,0,1,0,0,0,0,0,0
7119,256,12966,0,0,0,0,1,0,0,0,0,0,0
7120,256,12971,0,0,0,0,1,0,0,0,0,0,0
7121,256,12967,0,0,0,0,1,0,0,0,0,0,0
7122,256,12972,0,0,0,0,1,0,0,0,0,0,0
7123,256,12968,0,0,0,0,1,0,0,0,0,0,0
7124,256,12973,0,0,0,0,1,0,0,0,0,0,0
7125,256,12969,0,0,0,0,1,0,0,0,0,0,0
7126,256,12974,0,0,0,0,1,0,0,0,0,0,0
7127,256,12970,0,0,0,0,1,0,0,0,0,0,0
7156,256,12999,0,0,0,0,1,0,0,0,0,0,0
7157,256,13000,0,0,0,0,1,0,0,0,0,0,0
7158,256,13001,0,0,0,0,1,0,0,0,0,0,0
7159,256,13002,0,0,0,0,1,0,0,0,0,0,0
7186,256,12317,0,0,0,0,1,0,0,0,0,0,0
7187,256,13045,0,0,0,0,1,0,0,0,0,0,0
7188,256,13046,0,0,0,0,1,0,0,0,0,0,0
7189,256,13047,0,0,0,0,1,0,0,0,0,0,0
7190,256,13048,0,0,0,0,1,0,0,0,0,0,0
9098,256,16487,0,0,0,0,1,0,0,0,0,0,0
9099,256,16489,0,0,0,0,1,0,0,0,0,0,0
9100,256,16492,0,0,0,0,1,0,0,0,0,0,0
10484,256,18499,0,1,0,0,1,0,0,0,0,0,0
11250,256,19870,0,0,0,0,1,0,0,0,0,0,0
11251,256,19871,0,0,0,0,1,0,0,0,0,0,0
11657,256,1719,0,1,0,0,1,0,0,0,0,0,0
11676,256,20496,0,0,0,0,1,0,0,0,0,0,0
11680,256,20500,0,0,0,0,1,0,0,0,0,0,0
11681,256,20501,0,0,0,0,1,0,0,0,0,0,0
11682,256,20502,0,0,0,0,1,0,0,0,0,0,0
11683,256,20503,0,0,0,0,1,0,0,0,0,0,0
11705,256,20569,0,1,0,0,1,25231,0,0,0,0,0
11736,256,20252,0,1,0,0,1,20616,0,0,0,0,0
11759,256,5308,0,1,0,0,1,20658,0,0,0,0,0
11760,256,20647,0,1,0,0,1,0,0,0,0,0,0
11776,256,20658,0,1,0,0,1,20660,0,0,0,0,0
11777,256,20660,0,1,0,0,1,20661,0,0,0,0,0
11778,256,20661,0,1,0,0,1,20662,0,0,0,0,0
11779,256,20662,0,1,0,0,1,25234,0,0,0,0,0
12116,256,6552,0,1,0,0,1,6554,0,0,0,0,0
12656,256,23584,0,1,0,0,1,0,0,0,0,0,0
12657,256,23585,0,1,0,0,1,0,0,0,0,0,0
12658,256,23586,0,1,0,0,1,0,0,0,0,0,0
12659,256,23587,0,1,0,0,1,0,0,0,0,0,0
12660,256,23588,0,1,0,0,1,0,0,0,0,0,0
12776,256,23881,0,1,0,0,1,23892,0,0,0,0,0
12777,256,23885,0,1,0,0,1,0,0,0,0,0,0
12778,256,23880,0,1,0,0,1,0,0,0,0,0,0
13149,256,469,0,1,0,0,1,47439,0,0,0,0,0
13161,256,25202,0,1,0,0,1,25203,0,0,0,0,0
13162,256,25203,0,1,0,0,1,47437,0,0,0,0,0
13168,256,25231,0,1,0,0,1,47519,0,0,0,0,0
13169,256,25234,0,1,0,0,1,25236,0,0,0,0,0
13170,256,25236,0,1,0,0,1,47470,0,0,0,0,0
13171,256,25241,0,1,0,0,1,25242,0,0,0,0,0
13172,256,25242,0,1,0,0,1,47474,0,0,0,0,0
14161,256,29590,0,1,0,0,1,0,0,0,0,0,0
14162,256,29591,0,1,0,0,1,0,0,0,0,0,0
14163,256,29592,0,1,0,0,1,0,0,0,0,0,0
14164,256,29721,0,1,0,0,1,0,0,0,0,0,0
14165,256,29776,0,1,0,0,1,0,0,0,0,0,0
14168,256,29759,0,1,0,0,1,0,0,0,0,0,0
14169,256,29760,0,1,0,0,1,0,0,0,0,0,0
14171,256,29761,0,1,0,0,1,0,0,0,0,0,0
14177,256,29801,0,1,0,0,1,30030,0,0,0,0,0
14291,256,30029,0,1,0,0,1,0,0,0,0,0,0
14801,256,11551,0,1,0,0,1,25289,0,0,0,0,0
14802,256,25289,0,1,0,0,1,2048,0,0,0,0,0
14803,256,2048,0,1,0,0,1,47436,0,0,0,0,0
15171,256,34428,0,1,0,0,1,0,0,0,0,0,0
15503,256,29762,0,1,0,0,1,0,0,0,0,0,0
15504,256,29763,0,1,0,0,1,0,0,0,0,0,0
16325,256,46908,0,1,0,0,1,0,0,0,0,0,0
16326,256,46909,0,1,0,0,1,0,0,0,0,0,0
16327,256,46910,0,1,0,0,1,0,0,0,0,0,0
16328,256,46911,0,1,0,0,1,0,0,0,0,0,0
16330,256,46913,0,1,0,0,1,0,0,0,0,0,0
16331,256,46914,0,1,0,0,1,0,0,0,0,0,0
16333,256,46915,0,1,0,0,1,0,0,0,0,0,0
16334,256,46916,0,1,0,0,1,0,0,0,0,0,0
16335,256,46917,0,1,0,0,1,0,0,0,0,0,0
16396,256,47436,0,1,0,0,1,0,0,0,0,0,0
16397,256,47437,0,1,0,0,1,0,0,0,0,0,0
16398,256,47439,0,1,0,0,1,47440,0,0,0,0,0
16399,256,47440,0,1,0,0,1,0,0,0,0,0,0
16404,256,47470,0,1,0,0,1,47471,0,0,0,0,0
16405,256,47471,0,1,0,0,1,0,0,0,0,0,0
16406,256,47474,0,1,0,0,1,47475,0,0,0,0,0
16407,256,47475,0,1,0,0,1,0,0,0,0,0,0
16425,256,47519,0,1,0,0,1,47520,0,0,0,0,0
16426,256,47520,0,1,0,0,1,0,0,0,0,0,0
16427,256,12292,0,1,0,0,1,0,0,0,0,0,0
19386,256,55694,0,1,0,0,1,0,0,0,0,0,0
19514,256,56112,0,1,0,0,1,0,0,0,0,0,0
19645,256,56924,0,1,0,0,1,0,0,0,0,0,0
19649,256,56927,0,1,0,0,1,0,0,0,0,0,0
19650,256,56929,0,1,0,0,1,0,0,0,0,0,0
19651,256,56930,0,1,0,0,1,0,0,0,0,0,0
19652,256,56931,0,1,0,0,1,0,0,0,0,0,0
19653,256,56932,0,1,0,0,1,0,0,0,0,0,0
20390,256,60970,0,1,0,0,1,0,0,0,0,0,0
20490,256,61216,0,1,0,0,1,0,0,0,0,0,0
20491,256,61221,0,1,0,0,1,0,0,0,0,0,0
20492,256,61222,0,1,0,0,1,0,0,0,0,0,0
21021,256,29888,0,1,0,0,1,0,0,0,0,0,0
21022,256,29889,0,1,0,0,1,0,0,0,0,0,0
3424,257,72,0,1,0,0,1,1671,0,0,0,0,0
3427,257,871,0,1,0,0,1,6184,0,0,0,0,0
4278,257,2565,0,1,0,0,1,0,0,0,0,0,0
6100,257,2687,0,1,0,0,1,0,0,0,0,0,0
6101,257,71,0,1,0,0,1,0,0,0,0,0,0
6102,257,7376,0,1,0,0,1,0,0,0,0,0,0
6103,257,676,0,1,0,0,1,0,0,0,0,0,0
6104,257,6572,0,1,0,0,1,6574,0,0,0,0,0
6105,257,6574,0,1,0,0,1,7379,0,0,0,0,0
6106,257,7379,0,1,0,0,1,11600,0,0,0,0,0
6107,257,11600,0,1,0,0,1,11601,0,0,0,0,0
6108,257,11601,0,1,0,0,1,25288,0,0,0,0,0
6109,257,7386,0,1,0,0,1,7405,0,0,0,0,0
6114,257,355,0,1,0,0,1,7390,0,0,0,0,0
6923,257,12298,0,0,0,0,1,0,0,0,0,0,0
6924,257,12724,0,0,0,0,1,0,0,0,0,0,0
6925,257,12725,0,0,0,0,1,0,0,0,0,0,0
6926,257,12726,0,0,0,0,1,0,0,0,0,0,0
6927,257,12727,0,0,0,0,1,0,0,0,0,0,0
6928,257,12750,0,0,0,0,1,0,0,0,0,0,0
6929,257,12297,0,0,0,0,1,0,0,0,0,0,0
6930,257,12751,0,0,0,0,1,0,0,0,0,0,0
6931,257,12752,0,0,0,0,1,0,0,0,0,0,0
6932,257,12753,0,0,0,0,1,0,0,0,0,0,0
6933,257,12299,0,0,0,0,1,0,0,0,0,0,0
6934,257,12761,0,0,0,0,1,0,0,0,0,0,0
6935,257,12762,0,0,0,0,1,0,0,0,0,0,0
6936,257,12763,0,0,0,0,1,0,0,0,0,0,0
6937,257,12764,0,0,0,0,1,0,0,0,0,0,0
6964,257,12797,0,0,0,0,1,0,0,0,0,0,0
6965,257,12798,0,0,0,0,1,0,0,0,0,0,0
6966,257,12799,0,0,0,0,1,0,0,0,0,0,0
6968,257,12313,0,0,0,0,1,0,0,0,0,0,0
6969,257,12312,0,0,0,0,1,0,0,0,0,0,0
6970,257,12804,0,0,0,0,1,0,0,0,0,0,0
6972,257,12803,0,0,0,0,1,0,0,0,0,0,0
6973,257,12809,0,0,0,0,1,0,0,0,0,0,0
6974,257,12308,0,1,0,0,1,0,0,0,0,0,0
6975,257,12810,0,1,0,0,1,0,0,0,0,0,0
6981,257,12301,0,0,0,0,1,0,0,0,0,0,0
6984,257,12818,0,0,0,0,1,0,0,0,0,0,0
7107,257,12311,0,0,0,0,1,0,0,0,0,0,0
7108,257,12958,0,0,0,0,1,0,0,0,0,0,0
7128,257,12975,0,0,0,0,1,0,0,0,0,0,0
7129,257,12976,0,0,0,0,1,0,0,0,0,0,0
9137,257,16538,0,0,0,0,1,0,0,0,0,0,0
9138,257,16539,0,0,0,0,1,0,0,0,0,0,0
9139,257,16540,0,0,0,0,1,0,0,0,0,0,0
9140,257,16541,0,0,0,0,1,0,0,0,0,0,0
9141,257,16542,0,0,0,0,1,0,0,0,0,0,0
12796,257,23922,0,1,0,0,1,23923,0,0,0,0,0
12797,257,23923,0,1,0,0,1,23924,0,0,0,0,0
12798,257,23924,0,1,0,0,1,23925,0,0,0,0,0
12799,257,23925,0,1,0,0,1,25258,0,0,0,0,0
13158,257,23920,0,1,0,0,1,0,0,0,0,0,0
13160,257,3411,0,1,0,0,1,0,0,0,0,0,0
13177,257,25258,0,1,0,0,1,30356,0,0,0,0,0
13181,257,25269,0,1,0,0,1,30357,0,0,0,0,0
13184,257,25288,0,1,0,0,1,25269,0,0,0,0,0
14142,257,29593,0,1,0,0,1,0,0,0,0,0,0
14143,257,29594,0,1,0,0,1,0,0,0,0,0,0
14147,257,29598,0,1,0,0,1,0,0,0,0,0,0
14148,257,29599,0,1,0,0,1,0,0,0,0,0,0
14151,257,29140,0,1,0,0,1,0,0,0,0,0,0
14152,257,29143,0,1,0,0,1,0,0,0,0,0,0
14153,257,29144,0,1,0,0,1,0,0,0,0,0,0
14159,257,18498,0,0,0,0,1,0,0,0,0,0,0
14173,257,29787,0,1,0,0,1,0,0,0,0,0,0
14174,257,29790,0,1,0,0,1,0,0,0,0,0,0
14175,257,29792,0,1,0,0,1,0,0,0,0,0,0
14271,257,20243,0,1,0,0,1,30016,0,0,0,0,0
14272,257,30016,0,1,0,0,1,30022,0,0,0,0,0
14273,257,30022,0,1,0,0,1,47497,0,0,0,0,0
14382,257,30357,0,1,0,0,1,57823,0,0,0,0,0
14383,257,30356,0,1,0,0,1,47487,0,0,0,0,0
15513,257,12678,0,1,0,0,1,0,0,0,0,0,0
16199,257,45471,0,1,0,0,1,0,2,0,0,0,0
16346,257,46945,0,1,0,0,1,0,0,0,0,0,0
16347,257,46949,0,1,0,0,1,0,0,0,0,0,0
16349,257,46946,0,1,0,0,1,0,0,0,0,0,0
16350,257,46947,0,1,0,0,1,0,0,0,0,0,0
16352,257,46951,0,1,0,0,1,0,0,0,0,0,0
16353,257,46952,0,1,0,0,1,0,0,0,0,0,0
16354,257,46953,0,1,0,0,1,0,0,0,0,0,0
16357,257,46968,0,1,0,0,1,0,0,0,0,0,0
16392,257,47294,0,1,0,0,1,0,0,0,0,0,0
16393,257,47295,0,1,0,0,1,0,0,0,0,0,0
16394,257,47296,0,1,0,0,1,0,0,0,0,0,0
16410,257,47487,0,1,0,0,1,47488,0,0,0,0,0
16411,257,47488,0,1,0,0,1,0,0,0,0,0,0
16418,257,47497,0,1,0,0,1,47498,0,0,0,0,0
16419,257,47498,0,1,0,0,1,0,0,0,0,0,0
17525,257,50685,0,1,0,0,1,0,0,0,0,0,0
17526,257,50686,0,1,0,0,1,0,0,0,0,0,0
17527,257,50687,0,1,0,0,1,0,0,0,0,0,0
17536,257,50720,0,1,0,0,1,0,0,0,0,0,0
19750,257,57499,0,1,0,0,1,0,0,0,0,0,0
19959,257,57823,0,1,0,0,1,0,0,0,0,0,0
20101,257,58872,0,1,0,0,1,0,0,0,0,0,0
20102,257,58874,0,1,0,0,1,0,0,0,0,0,0
20103,257,12811,0,1,0,0,1,0,0,0,0,0,0
20130,257,59088,0,1,0,0,1,0,0,0,0,0,0
20131,257,59089,0,1,0,0,1,0,0,0,0,0,0
20261,257,12287,0,1,0,0,1,0,0,0,0,0,0
20262,257,12665,0,1,0,0,1,0,0,0,0,0,0
20263,257,12666,0,1,0,0,1,0,0,0,0,0,0
3530,267,465,0,2,0,0,1,10290,0,0,0,0,0
3531,267,643,0,2,0,0,1,10291,0,0,0,0,0
3532,267,1032,0,2,0,0,1,10292,0,0,0,0,0
5522,267,10290,0,2,0,0,1,643,0,0,0,0,0
5523,267,10291,0,2,0,0,1,1032,0,0,0,0,0
5524,267,10292,0,2,0,0,1,10293,0,0,0,0,0
5525,267,10293,0,2,0,0,1,27149,0,0,0,0,0
6530,267,1022,0,2,0,0,1,0,0,0,0,0,0
6531,267,5599,0,2,0,0,1,0,0,0,0,0,0
6532,267,10278,0,2,0,0,1,0,0,0,0,0,0
6533,267,642,0,2,0,0,1,0,0,0,0,0,0
6535,267,1038,0,2,0,0,1,0,0,0,0,0,0
6536,267,6940,0,2,0,0,1,0,0,0,0,0,0
6537,267,498,0,2,0,0,1,0,0,0,0,0,0
10464,267,1044,0,2,0,0,1,0,0,0,0,0,0
11256,267,19876,0,2,0,0,1,19895,0,0,0,0,0
11257,267,19895,0,2,0,0,1,19896,0,0,0,0,0
11258,267,19896,0,2,0,0,1,27151,0,0,0,0,0
11259,267,19891,0,2,0,0,1,19899,0,0,0,0,0
11260,267,19899,0,2,0,0,1,19900,0,0,0,0,0
11261,267,19900,0,2,0,0,1,27153,0,0,0,0,0
11262,267,19888,0,2,0,0,1,19897,0,0,0,0,0
11263,267,19897,0,2,0,0,1,19898,0,0,0,0,0
11264,267,19898,0,2,0,0,1,27152,0,0,0,0,0
11436,267,20127,0,0,0,0,1,0,0,0,0,0,0
11437,267,20130,0,0,0,0,1,0,0,0,0,0,0
11438,267,20135,0,0,0,0,1,0,0,0,0,0,0
11441,267,20138,0,0,0,0,1,0,0,0,0,0,0
11442,267,20139,0,0,0,0,1,0,0,0,0,0,0
11443,267,20140,0,0,0,0,1,0,0,0,0,0,0
11446,267,20143,0,0,0,0,1,0,0,0,0,0,0
11447,267,20144,0,0,0,0,1,0,0,0,0,0,0
11448,267,20145,0,0,0,0,1,0,0,0,0,0,0
11449,267,20146,0,0,0,0,1,0,0,0,0,0,0
11450,267,20147,0,0,0,0,1,0,0,0,0,0,0
11456,267,20174,0,0,0,0,1,0,0,0,0,0,0
11457,267,20175,0,0,0,0,1,0,0,0,0,0,0
11459,267,20177,0,0,0,0,1,0,0,0,0,0,0
11460,267,20179,0,0,0,0,1,0,0,0,0,0,0
11461,267,20181,0,0,0,0,1,0,0,0,0,0,0
11462,267,20180,0,0,0,0,1,0,0,0,0,0,0
11463,267,20182,0,0,0,0,1,0,0,0,0,0,0
11475,267,20196,0,0,0,0,1,0,0,0,0,0,0
11476,267,20197,0,0,0,0,1,0,0,0,0,0,0
11477,267,20198,0,0,0,0,1,0,0,0,0,0,0
11545,267,20164,0,2,0,0,1,0,0,0,0,0,0
11546,267,20184,0,2,0,0,1,0,0,0,0,0,0
11636,267,20468,0,0,0,0,1,0,0,0,0,0,0
11637,267,20469,0,0,0,0,1,0,0,0,0,0,0
11638,267,20470,0,0,0,0,1,0,0,0,0,0,0
11658,267,20487,0,0,0,0,1,0,0,0,0,0,0
11659,267,20488,0,0,0,0,1,0,0,0,0,0,0
11882,267,20911,0,2,0,0,1,0,0,0,0,0,0
11893,267,20925,0,0,0,0,1,0,0,0,0,0,0
11894,267,20927,0,0,0,0,1,0,0,0,0,0,0
11895,267,20928,0,0,0,0,1,0,0,0,0,0,0
11916,267,19752,0,2,0,0,1,0,0,0,0,0,0
13345,267,25780,0,2,0,0,1,0,0,0,0,0,0
13356,267,20096,0,2,0,0,1,0,0,0,0,0,0
13357,267,20097,0,2,0,0,1,0,0,0,0,0,0
13358,267,20098,0,2,0,0,1,0,0,0,0,0,0
13359,267,20099,0,2,0,0,1,0,0,0,0,0,0
13360,267,20100,0,2,0,0,1,0,0,0,0,0,0
13364,267,25781,0,2,0,0,1,0,0,0,0,0,0
13368,267,25899,0,2,0,0,1,0,0,0,0,0,0
13448,267,853,0,2,0,0,1,0,0,0,0,0,0
13449,267,5588,0,2,0,0,1,0,0,0,0,0,0
13450,267,5589,0,2,0,0,1,0,0,0,0,0,0
13452,267,10308,0,2,0,0,1,0,0,0,0,0,0
13455,267,20217,0,2,0,0,1,0,0,0,0,0,0
13456,267,25898,0,2,0,0,1,0,0,0,0,0,0
13701,267,27149,0,2,0,0,1,48941,0,0,0,0,0
13703,267,27151,0,2,0,0,1,48943,0,0,0,0,0
13704,267,27152,0,2,0,0,1,48945,0,0,0,0,0
13705,267,27153,0,2,0,0,1,48947,0,0,0,0,0
13706,267,27179,0,2,0,0,1,0,0,0,0,0,0
14710,267,31785,0,2,0,0,1,33776,0,0,0,0,0
14711,267,31789,0,2,0,0,1,0,0,0,0,0,0
14741,267,31858,0,2,0,0,1,0,0,0,0,0,0
14742,267,31859,0,2,0,0,1,0,0,0,0,0,0
14743,267,31860,0,2,0,0,1,0,0,0,0,0,0
14749,267,31850,0,2,0,0,1,0,0,0,0,0,0
14750,267,31851,0,2,0,0,1,0,0,0,0,0,0
14751,267,31852,0,2,0,0,1,0,0,0,0,0,0
14754,267,31848,0,2,0,0,1,0,0,0,0,0,0
14755,267,31849,0,2,0,0,1,0,0,0,0,0,0
14758,267,31844,0,2,0,0,1,0,0,0,0,0,0
14759,267,31845,0,2,0,0,1,0,0,0,0,0,0
14780,267,31935,0,2,0,0,1,0,0,0,0,0,0
14910,267,32699,0,2,0,0,1,0,0,0,0,0,0
14911,267,32700,0,2,0,0,1,0,0,0,0,0,0
15052,267,33776,0,2,0,0,1,0,0,0,0,0,0
16763,267,48941,0,2,0,0,1,48942,0,0,0,0,0
16764,267,48942,0,2,0,0,1,0,0,0,0,0,0
16765,267,48943,0,2,0,0,1,48944,0,0,0,0,0
16767,267,48945,0,2,0,0,1,48946,0,0,0,0,0
16769,267,48947,0,2,0,0,1,0,0,0,0,0,0
16772,267,48951,0,2,0,0,1,0,0,0,0,0,0
16773,267,48952,0,2,0,0,1,0,0,0,0,0,0
17585,267,48826,0,2,0,0,1,0,0,0,0,0,0
17586,267,48827,0,2,0,0,1,0,0,0,0,0,0
18176,267,53519,0,2,0,0,1,0,0,0,0,0,0
18186,267,20262,0,2,0,0,1,0,0,0,0,0,0
18187,267,20263,0,2,0,0,1,0,0,0,0,0,0
18188,267,20264,0,2,0,0,1,0,0,0,0,0,0
18189,267,20265,0,2,0,0,1,0,0,0,0,0,0
18190,267,20266,0,2,0,0,1,0,0,0,0,0,0
18236,267,53583,0,2,0,0,1,0,0,0,0,0,0
18237,267,53585,0,2,0,0,1,0,0,0,0,0,0
18238,267,53590,0,2,0,0,1,0,0,0,0,0,0
18239,267,53591,0,2,0,0,1,0,0,0,0,0,0
18240,267,53592,0,2,0,0,1,0,0,0,0,0,0
18251,267,53595,0,2,0,0,1,0,0,0,0,0,0
18252,267,53600,0,2,0,0,1,0,0,0,0,0,0
18294,267,53695,0,2,0,0,1,0,0,0,0,0,0
18295,267,53696,0,2,0,0,1,0,0,0,0,0,0
18296,267,53709,0,2,0,0,1,0,0,0,0,0,0
18297,267,53710,0,2,0,0,1,0,0,0,0,0,0
18298,267,53711,0,2,0,0,1,0,0,0,0,0,0
20721,267,61411,0,2,0,0,1,0,0,0,0,0,0
20743,267,62124,0,2,0,0,1,0,0,0,0,0,0
20851,267,63646,0,2,0,0,1,0,0,0,0,0,0
20852,267,63647,0,2,0,0,1,0,0,0,0,0,0
20853,267,63648,0,2,0,0,1,0,0,0,0,0,0
20854,267,63649,0,2,0,0,1,0,0,0,0,0,0
20855,267,63650,0,2,0,0,1,0,0,0,0,0,0
20923,267,64205,0,2,0,0,1,0,0,0,0,0,0
21002,267,53527,0,2,0,0,1,0,0,0,0,0,0
21003,267,53530,0,2,0,0,1,0,0,0,0,0,0
12898,270,24394,0,0,0,0,1,0,0,0,0,0,0
12899,270,19577,0,0,0,0,1,0,0,0,0,0,0
13012,270,1742,0,0,0,0,1,1753,2,0,0,0,0
13018,270,2649,0,0,0,0,1,14916,2,0,0,0,0
13019,270,14916,0,0,0,0,1,14917,2,0,0,0,0
13020,270,14917,0,0,0,0,1,14918,2,0,0,0,0
13021,270,14918,0,0,0,0,1,14919,2,0,0,0,0
13022,270,14919,0,0,0,0,1,14920,2,0,0,0,0
13023,270,14920,0,0,0,0,1,14921,2,0,0,0,0
13024,270,14921,0,0,0,0,1,27047,2,0,0,0,0
13785,270,27047,0,0,0,0,1,61676,2,0,0,0,0
15241,270,34666,0,0,0,0,1,0,2,0,0,0,0
15242,270,34667,0,0,0,0,1,0,2,0,0,0,0
15245,270,34675,0,0,0,0,1,0,2,0,0,0,0
15274,270,20782,0,0,0,0,1,0,2,0,0,0,0
15275,270,8875,0,0,0,0,1,0,2,0,0,0,0
15276,270,19580,0,0,0,0,1,0,2,0,0,0,0
15277,270,19581,0,0,0,0,1,0,2,0,0,0,0
15278,270,19582,0,0,0,0,1,0,2,0,0,0,0
15279,270,19589,0,0,0,0,1,0,2,0,0,0,0
15280,270,19591,0,0,0,0,1,0,2,0,0,0,0
15281,270,20784,0,0,0,0,1,0,2,0,0,0,0
15286,270,34902,0,0,0,0,1,0,2,0,0,0,0
15287,270,34903,0,0,0,0,1,0,2,0,0,0,0
15288,270,34904,0,0,0,0,1,0,2,0,0,0,0
18009,270,53175,0,0,0,0,1,0,0,0,0,0,0
18010,270,53176,0,0,0,0,1,0,0,0,0,0,0
18011,270,53178,0,0,0,0,1,0,0,0,0,0,0
18012,270,53179,0,0,0,0,1,0,0,0,0,0,0
18013,270,53180,0,0,0,0,1,0,0,0,0,0,0
18014,270,53181,0,0,0,0,1,0,0,0,0,0,0
18015,270,53182,0,0,0,0,1,0,0,0,0,0,0
18016,270,53183,0,0,0,0,1,0,0,0,0,0,0
18017,270,53184,0,0,0,0,1,0,0,0,0,0,0
18018,270,53186,0,0,0,0,1,0,0,0,0,0,0
18019,270,53187,0,0,0,0,1,0,0,0,0,0,0
18020,270,53203,0,0,0,0,1,0,0,0,0,0,0
18021,270,53204,0,0,0,0,1,0,0,0,0,0,0
18022,270,53205,0,0,0,0,1,0,0,0,0,0,0
18110,270,53397,0,0,0,0,1,0,2,0,0,0,0
18111,270,53401,0,0,0,0,1,0,0,0,0,0,0
18114,270,53409,0,0,0,0,1,0,0,0,0,0,0
18115,270,53411,0,0,0,0,1,0,0,0,0,0,0
18117,270,53426,0,0,0,0,1,0,0,0,0,0,0
18118,270,53427,0,0,0,0,1,0,0,0,0,0,0
18119,270,53429,0,0,0,0,1,0,0,0,0,0,0
18120,270,53430,0,0,0,0,1,0,0,0,0,0,0
18128,270,19596,0,0,0,0,1,0,0,0,0,0,0
18129,270,53434,0,0,0,0,1,0,0,0,0,0,0
18131,270,53450,0,0,0,0,1,0,0,0,0,0,0
18132,270,53451,0,0,0,0,1,0,0,0,0,0,0
18136,270,52858,0,0,0,0,1,0,0,0,0,0,0
18139,270,53476,0,0,0,0,1,0,0,0,0,0,0
18140,270,53477,0,0,0,0,1,0,0,0,0,0,0
18141,270,53478,0,0,0,0,1,0,0,0,0,0,0
18142,270,53480,0,0,0,0,1,0,0,0,0,0,0
18143,270,53481,0,0,0,0,1,0,0,0,0,0,0
18144,270,53482,0,0,0,0,1,0,0,0,0,0,0
18148,270,53490,0,0,0,0,1,0,0,0,0,0,0
18155,270,52234,0,0,0,0,1,0,0,0,0,0,0
18156,270,53497,0,0,0,0,1,0,0,0,0,0,0
18163,270,53508,0,0,0,0,1,0,0,0,0,0,0
18164,270,53511,0,0,0,0,1,0,0,0,0,0,0
18165,270,53512,0,0,0,0,1,0,0,0,0,0,0
18173,270,53514,0,0,0,0,1,0,0,0,0,0,0
18174,270,53516,0,0,0,0,1,0,0,0,0,0,0
18175,270,53517,0,0,0,0,1,0,0,0,0,0,0
18511,270,54044,0,0,0,0,1,0,0,0,0,0,0
18512,270,53483,0,0,0,0,1,0,0,0,0,0,0
18513,270,53485,0,0,0,0,1,0,0,0,0,0,0
18514,270,53554,0,0,0,0,1,0,0,0,0,0,0
18515,270,53555,0,0,0,0,1,0,0,0,0,0,0
19367,270,55566,0,0,0,0,1,0,2,0,0,0,0
19387,270,55709,0,0,0,0,1,0,0,0,0,0,0
20420,270,61017,0,0,0,0,1,0,2,0,0,0,0
20666,270,61676,0,0,0,0,1,0,2,0,0,0,0
20685,270,61680,0,0,0,0,1,0,0,0,0,0,0
20686,270,61681,0,0,0,0,1,0,0,0,0,0,0
20687,270,61682,0,0,0,0,1,0,0,0,0,0,0
20688,270,61683,0,0,0,0,1,0,0,0,0,0,0
20704,270,61689,0,0,0,0,1,0,0,0,0,0,0
20705,270,61690,0,0,0,0,1,0,0,0,0,0,0
20707,270,61686,0,0,0,0,1,0,0,0,0,0,0
20708,270,61687,0,0,0,0,1,0,0,0,0,0,0
20709,270,61688,0,0,0,0,1,0,0,0,0,0,0
20786,270,62758,0,0,0,0,1,0,0,0,0,0,0
20787,270,62759,0,0,0,0,1,0,0,0,0,0,0
20788,270,62760,0,0,0,0,1,0,0,0,0,0,0
20790,270,62762,0,0,0,0,1,0,0,0,0,0,0
20792,270,62764,0,0,0,0,1,0,0,0,0,0,0
20793,270,62765,0,0,0,0,1,0,0,0,0,0,0
20885,270,63900,0,0,0,0,1,0,0,0,0,0,0
21344,270,65220,0,0,0,0,1,0,2,0,0,0,0
21725,270,75446,0,0,0,0,1,0,0,0,0,0,0
21726,270,75447,0,0,0,0,1,0,0,0,0,0,0
21727,270,75593,0,0,0,0,1,0,0,0,0,0,0
4141,293,750,0,35,0,0,1,0,2,0,0,0,0
4246,313,7340,64,0,0,0,1,0,2,0,0,0,0
4247,315,7341,128,0,0,0,1,0,2,0,0,0,0
4286,333,7411,0,0,0,0,1,7412,0,0,0,0,0
4287,333,7412,0,0,0,0,1,7413,0,0,0,0,0
4288,333,7413,0,0,0,0,1,13920,0,0,0,0,0
4289,333,7418,0,0,0,0,1,0,1,110,70,0,0
4290,333,7420,0,0,0,0,1,0,0,110,70,0,0
4291,333,7421,0,0,0,0,1,0,1,10,5,0,0
4292,333,7426,0,0,0,0,1,0,0,130,90,0,0
4293,333,7428,0,0,0,0,1,0,1,120,80,0,0
4297,333,7443,0,0,0,0,1,0,0,120,80,0,0
4300,333,7454,0,0,0,0,1,0,0,135,95,0,0
4301,333,7457,0,0,0,0,1,0,0,140,100,0,0
4352,333,7748,0,0,0,0,1,0,0,145,105,0,0
4360,333,7766,0,0,0,0,1,0,0,145,105,0,0
4362,333,7771,0,0,0,0,1,0,0,150,110,0,0
4363,333,7776,0,0,0,0,1,0,0,155,115,0,0
4364,333,7779,0,0,0,0,1,0,0,155,115,0,0
4365,333,7782,0,0,0,0,1,0,0,155,115,0,0
4366,333,7786,0,0,0,0,1,0,0,160,120,0,0
4367,333,7788,0,0,0,0,1,0,0,160,120,0,0
4368,333,7745,0,0,0,0,1,0,0,170,130,0,0
4369,333,7793,0,0,0,0,1,0,0,170,130,0,0
4370,333,7795,0,0,0,0,1,0,0,170,130,0,0
4399,333,7857,0,0,0,0,1,0,0,185,145,0,0
4400,333,7859,0,0,0,0,1,0,0,185,145,0,0
4401,333,7861,0,0,0,0,1,0,0,190,150,0,0
4402,333,7863,0,0,0,0,1,0,0,190,150,0,0
4404,333,7867,0,0,0,0,1,0,0,190,150,0,0
7316,333,13262,0,0,0,0,1,0,1,60,20,0,0
7356,333,13378,0,0,0,0,1,0,0,170,130,0,0
7357,333,13380,0,0,0,0,1,0,0,175,135,0,0
7376,333,13419,0,0,0,0,1,0,0,175,135,0,0
7377,333,13421,0,0,0,0,1,0,0,180,140,0,0
7416,333,13464,0,0,0,0,1,0,0,180,140,0,0
7422,333,13485,0,0,0,0,1,0,0,195,155,0,0
7425,333,13501,0,0,0,0,1,0,0,195,155,0,0
7426,333,13503,0,0,0,0,1,0,0,205,165,0,0
7436,333,13522,0,0,0,0,1,0,0,200,160,0,0
7437,333,13529,0,0,0,0,1,0,0,210,170,0,0
7456,333,13536,0,0,0,0,1,0,0,205,165,0,0
7457,333,13538,0,0,0,0,1,0,0,205,165,0,0
7496,333,13607,0,0,0,0,1,0,0,210,170,0,0
7497,333,13612,0,0,0,0,1,0,0,210,170,0,0
7498,333,13617,0,0,0,0,1,0,0,210,170,0,0
7499,333,13620,0,0,0,0,1,0,0,210,170,0,0
7500,333,13622,0,0,0,0,1,0,0,215,175,0,0
7501,333,13626,0,0,0,0,1,0,0,215,175,0,0
7502,333,13628,0,0,0,0,1,0,0,215,175,0,0
7503,333,13631,0,0,0,0,1,0,0,215,175,0,0
7504,333,13635,0,0,0,0,1,0,0,215,175,0,0
7505,333,13637,0,0,0,0,1,0,0,220,180,0,0
7506,333,13640,0,0,0,0,1,0,0,220,180,0,0
7507,333,13642,0,0,0,0,1,0,0,225,185,0,0
7508,333,13644,0,0,0,0,1,0,0,230,190,0,0
7509,333,13646,0,0,0,0,1,0,0,230,190,0,0
7510,333,13648,0,0,0,0,1,0,0,230,190,0,0
7511,333,13653,0,0,0,0,1,0,0,235,195,0,0
7512,333,13655,0,0,0,0,1,0,0,235,195,0,0
7513,333,13657,0,0,0,0,1,0,0,235,195,0,0
7521,333,13659,0,0,0,0,1,0,0,240,200,0,0
7522,333,13661,0,0,0,0,1,0,0,240,200,0,0
7523,333,13663,0,0,0,0,1,0,0,245,205,0,0
7524,333,13687,0,0,0,0,1,0,0,250,210,0,0
7528,333,13689,0,0,0,0,1,0,0,255,215,0,0
7529,333,13693,0,0,0,0,1,0,0,255,215,0,0
7530,333,13695,0,0,0,0,1,0,0,260,220,0,0
7531,333,13698,0,0,0,0,1,0,0,260,220,0,0
7532,333,13700,0,0,0,0,1,0,0,260,220,0,0
7533,333,13702,0,0,0,0,1,0,0,260,220,0,0
7656,333,13920,0,0,0,0,1,28029,0,0,0,0,0
7657,333,13746,0,0,0,0,1,0,0,265,225,0,0
7658,333,13794,0,0,0,0,1,0,0,265,225,0,0
7659,333,13815,0,0,0,0,1,0,0,270,230,0,0
7660,333,13817,0,0,0,0,1,0,0,270,230,0,0
7661,333,13822,0,0,0,0,1,0,0,270,230,0,0
7662,333,13836,0,0,0,0,1,0,0,275,235,0,0
7663,333,13841,0,0,0,0,1,0,0,275,235,0,0
7664,333,13846,0,0,0,0,1,0,0,280,240,0,0
7665,333,13858,0,0,0,0,1,0,0,280,240,0,0
7666,333,13868,0,0,0,0,1,0,0,285,245,0,0
7667,333,13882,0,0,0,0,1,0,0,285,245,0,0
7668,333,13887,0,0,0,0,1,0,0,285,245,0,0
7669,333,13890,0,0,0,0,1,0,0,285,245,0,0
7670,333,13898,0,0,0,0,1,0,0,325,285,0,0
7671,333,13905,0,0,0,0,1,0,0,290,250,0,0
7672,333,13915,0,0,0,0,1,0,0,290,250,0,0
7673,333,13917,0,0,0,0,1,0,0,290,250,0,0
7676,333,13931,0,0,0,0,1,0,0,295,255,0,0
7677,333,13933,0,0,0,0,1,0,0,295,255,0,0
7678,333,13935,0,0,0,0,1,0,0,295,255,0,0
7679,333,13937,0,0,0,0,1,0,0,300,260,0,0
7680,333,13939,0,0,0,0,1,0,0,300,260,0,0
7681,333,13941,0,0,0,0,1,0,0,305,265,0,0
7682,333,13943,0,0,0,0,1,0,0,305,265,0,0
7683,333,13945,0,0,0,0,1,0,0,305,265,0,0
7684,333,13947,0,0,0,0,1,0,0,310,270,0,0
7685,333,13948,0,0,0,0,1,0,0,310,270,0,0
7999,333,14293,0,0,0,0,1,0,0,115,75,0,0
8000,333,14807,0,0,0,0,1,0,0,150,110,0,0
8001,333,14809,0,0,0,0,1,0,0,215,175,0,0
8002,333,14810,0,0,0,0,1,0,0,235,195,0,0
8440,333,15596,0,0,0,0,1,0,0,325,285,0,0
9597,333,17181,0,0,0,0,1,0,0,260,250,0,0
9598,333,17180,0,0,0,0,1,0,0,260,250,0,0
11373,333,20008,0,0,0,0,1,0,0,315,275,0,0
11374,333,20020,0,0,0,0,1,0,0,320,280,0,0
11375,333,20014,0,0,0,0,1,0,0,325,285,0,0
11376,333,20017,0,0,0,0,1,0,0,325,285,0,0
11377,333,20009,0,0,0,0,1,0,0,330,290,0,0
11378,333,20012,0,0,0,0,1,0,0,330,290,0,0
11379,333,20024,0,0,0,0,1,0,0,335,295,0,0
11380,333,20026,0,0,0,0,1,0,0,335,295,0,0
11381,333,20016,0,0,0,0,1,0,0,340,300,0,0
11382,333,20029,0,0,0,0,1,0,0,335,300,0,0
11383,333,20015,0,0,0,0,1,0,0,335,300,0,0
11384,333,20028,0,0,0,0,1,0,0,340,305,0,0
11385,333,20051,0,0,0,0,1,0,0,340,305,0,0
11386,333,20013,0,0,0,0,1,0,0,340,310,0,0
11387,333,20023,0,0,0,0,1,0,0,340,310,0,0
11388,333,20010,0,0,0,0,1,0,0,340,310,0,0
11389,333,20030,0,0,0,0,1,0,0,340,310,0,0
11390,333,20033,0,0,0,0,1,0,0,340,310,0,0
11391,333,20036,0,0,0,0,1,0,0,340,310,0,0
11392,333,20031,0,0,0,0,1,0,0,340,310,0,0
11393,333,20011,0,0,0,0,1,0,0,340,310,0,0
11394,333,20034,0,0,0,0,1,0,0,340,310,0,0
11395,333,20025,0,0,0,0,1,0,0,340,310,0,0
11396,333,20032,0,0,0,0,1,0,0,340,310,0,0
11397,333,20035,0,0,0,0,1,0,0,340,310,0,0
12138,333,21931,0,0,0,0,1,0,0,250,210,0,0
12300,333,22749,0,0,0,0,1,0,0,340,310,0,0
12301,333,22750,0,0,0,0,1,0,0,340,310,0,0
12717,333,23799,0,0,0,0,1,0,0,340,305,0,0
12718,333,23800,0,0,0,0,1,0,0,340,305,0,0
12719,333,23801,0,0,0,0,1,0,0,340,305,0,0
12720,333,23802,0,0,0,0,1,0,0,340,310,0,0
12721,333,23803,0,0,0,0,1,0,0,340,310,0,0
12722,333,23804,0,0,0,0,1,0,0,340,310,0,0
13121,333,25072,0,0,0,0,1,0,0,340,310,0,0
13122,333,25073,0,0,0,0,1,0,0,340,310,0,0
13123,333,25074,0,0,0,0,1,0,0,340,310,0,0
13124,333,25078,0,0,0,0,1,0,0,340,310,0,0
13125,333,25079,0,0,0,0,1,0,0,340,310,0,0
13126,333,25080,0,0,0,0,1,0,0,340,310,0,0
13127,333,25081,0,0,0,0,1,0,0,340,310,0,0
13128,333,25082,0,0,0,0,1,0,0,340,310,0,0
13129,333,25083,0,0,0,0,1,0,0,340,310,0,0
13130,333,25084,0,0,0,0,1,0,0,340,310,0,0
13131,333,25086,0,0,0,0,1,0,0,340,310,0,0
13137,333,25124,0,0,0,0,1,0,0,75,55,0,0
13138,333,25125,0,0,0,0,1,0,0,180,160,0,0
13139,333,25126,0,0,0,0,1,0,0,230,210,0,0
13140,333,25127,0,0,0,0,1,0,0,280,260,0,0
13141,333,25128,0,0,0,0,1,0,0,305,285,0,0
13142,333,25129,0,0,0,0,1,0,0,330,310,0,0
13143,333,25130,0,0,0,0,1,0,0,330,310,0,0
13845,333,27837,0,0,0,0,1,0,0,340,305,0,0
13859,333,28029,0,0,0,0,1,51313,0,0,0,0,0
13860,333,27899,0,0,0,0,1,0,0,345,315,0,0
13861,333,27905,0,0,0,0,1,0,0,355,325,0,0
13862,333,27906,0,0,0,0,1,0,0,360,330,0,0
13863,333,27911,0,0,0,0,1,0,0,365,335,0,0
13864,333,27913,0,0,0,0,1,0,0,375,345,0,0
13865,333,27914,0,0,0,0,1,0,0,380,370,0,0
13866,333,27917,0,0,0,0,1,0,0,400,370,0,0
13867,333,27920,0,0,0,0,1,0,0,385,370,0,0
13868,333,27924,0,0,0,0,1,0,0,385,370,0,0
13869,333,27926,0,0,0,0,1,0,0,390,380,0,0
13870,333,27927,0,0,0,0,1,0,0,390,380,0,0
13871,333,27944,0,0,0,0,1,0,0,350,320,0,0
13872,333,27945,0,0,0,0,1,0,0,365,335,0,0
13873,333,27946,0,0,0,0,1,0,0,380,350,0,0
13874,333,27947,0,0,0,0,1,0,0,385,370,0,0
13875,333,27948,0,0,0,0,1,0,0,345,315,0,0
13876,333,27950,0,0,0,0,1,0,0,360,330,0,0
13877,333,27951,0,0,0,0,1,0,0,380,350,0,0
13878,333,27954,0,0,0,0,1,0,0,390,380,0,0
13879,333,27957,0,0,0,0,1,0,0,355,325,0,0
13880,333,27958,0,0,0,0,1,0,0,380,360,0,0
13881,333,27960,0,0,0,0,1,0,0,380,355,0,0
13882,333,27961,0,0,0,0,1,0,0,350,320,0,0
13883,333,27962,0,0,0,0,1,0,0,370,340,0,0
13884,333,27967,0,0,0,0,1,0,0,380,350,0,0
13885,333,27968,0,0,0,0,1,0,0,380,350,0,0
13886,333,27972,0,0,0,0,1,0,0,380,370,0,0
13887,333,27971,0,0,0,0,1,0,0,380,370,0,0
13888,333,27975,0,0,0,0,1,0,0,380,370,0,0
13889,333,27977,0,0,0,0,1,0,0,385,370,0,0
13890,333,28004,0,0,0,0,1,0,0,385,370,0,0
13891,333,28003,0,0,0,0,1,0,0,385,370,0,0
13892,333,27984,0,0,0,0,1,0,0,390,380,0,0
13893,333,27981,0,0,0,0,1,0,0,390,390,0,0
13894,333,27982,0,0,0,0,1,0,0,390,380,0,0
13895,333,28016,0,0,0,0,1,0,0,330,310,0,0
13896,333,28019,0,0,0,0,1,0,0,360,340,0,0
13897,333,28021,0,0,0,0,1,0,0,355,335,0,0
13898,333,28022,0,0,0,0,1,0,0,10,5,0,0
14904,333,32664,0,0,0,0,1,0,0,340,310,0,0
14905,333,32665,0,0,0,0,1,0,0,380,370,0,0
14906,333,32667,0,0,0,0,1,0,0,385,370,0,0
15122,333,33990,0,0,0,0,1,0,0,360,330,0,0
15123,333,33991,0,0,0,0,1,0,0,340,310,0,0
15124,333,33992,0,0,0,0,1,0,0,380,355,0,0
15125,333,33993,0,0,0,0,1,0,0,345,315,0,0
15126,333,33994,0,0,0,0,1,0,0,385,370,0,0
15127,333,33995,0,0,0,0,1,0,0,380,350,0,0
15128,333,33996,0,0,0,0,1,0,0,350,320,0,0
15129,333,33997,0,0,0,0,1,0,0,385,370,0,0
15130,333,33999,0,0,0,0,1,0,0,380,370,0,0
15131,333,34001,0,0,0,0,1,0,0,345,315,0,0
15132,333,34002,0,0,0,0,1,0,0,340,310,0,0
15133,333,34003,0,0,0,0,1,0,0,365,335,0,0
15134,333,34004,0,0,0,0,1,0,0,350,320,0,0
15135,333,34005,0,0,0,0,1,0,0,380,370,0,0
15136,333,34006,0,0,0,0,1,0,0,380,370,0,0
15137,333,34007,0,0,0,0,1,0,0,385,370,0,0
15138,333,34008,0,0,0,0,1,0,0,385,370,0,0
15139,333,34009,0,0,0,0,1,0,0,365,335,0,0
15140,333,34010,0,0,0,0,1,0,0,380,370,0,0
15155,333,28027,0,0,0,0,1,0,0,335,325,0,0
15156,333,28028,0,0,0,0,1,0,0,380,370,0,0
15897,333,42613,0,0,0,0,1,0,0,305,295,0,0
15898,333,42615,0,0,0,0,1,0,0,335,315,0,0
15899,333,42620,0,0,0,0,1,0,0,375,360,0,0
15950,333,42974,0,0,0,0,1,0,0,390,380,0,0
16033,333,44383,0,0,0,0,1,0,0,370,340,0,0
16085,333,44483,0,0,0,0,1,0,0,435,415,0,0
16086,333,44484,0,0,0,0,1,0,0,435,415,0,0
16088,333,44488,0,0,0,0,1,0,0,440,420,0,0
16089,333,44489,0,0,0,0,1,0,0,450,430,0,0
16090,333,44492,0,0,0,0,1,0,0,425,405,0,0
16091,333,44494,0,0,0,0,1,0,0,435,415,0,0
16094,333,44508,0,0,0,0,1,0,0,440,420,0,0
16095,333,44500,0,0,0,0,1,0,0,425,405,0,0
16096,333,44506,0,0,0,0,1,0,0,390,370,0,0
16097,333,44509,0,0,0,0,1,0,0,450,430,0,0
16098,333,44510,0,0,0,0,1,0,0,440,420,0,0
16099,333,44528,0,0,0,0,1,0,0,400,380,0,0
16102,333,44513,0,0,0,0,1,0,0,425,405,0,0
16103,333,44524,0,0,0,0,1,0,0,455,435,0,0
16104,333,44555,0,0,0,0,1,0,0,400,385,0,0
16105,333,44556,0,0,0,0,1,0,0,435,415,0,0
16106,333,44529,0,0,0,0,1,0,0,445,425,0,0
16107,333,44575,0,0,0,0,1,0,0,460,440,0,0
16109,333,44576,0,0,0,0,1,0,0,455,435,0,0
16110,333,44584,0,0,0,0,1,0,0,435,415,0,0
16111,333,44582,0,0,0,0,1,0,0,410,395,0,0
16113,333,44589,0,0,0,0,1,0,0,445,425,0,0
16114,333,44588,0,0,0,0,1,0,0,455,435,0,0
16115,333,44590,0,0,0,0,1,0,0,435,415,0,0
16116,333,44593,0,0,0,0,1,0,0,450,430,0,0
16117,333,44591,0,0,0,0,1,0,0,465,445,0,0
16118,333,44612,0,0,0,0,1,0,0,420,405,0,0
16119,333,44592,0,0,0,0,1,0,0,390,370,0,0
16120,333,44595,0,0,0,0,1,0,0,460,440,0,0
16121,333,44598,0,0,0,0,1,0,0,445,425,0,0
16122,333,44596,0,0,0,0,1,0,0,435,415,0,0
16125,333,44616,0,0,0,0,1,0,0,430,410,0,0
16126,333,44621,0,0,0,0,1,0,0,460,440,0,0
16127,333,44623,0,0,0,0,1,0,0,400,380,0,0
16128,333,44625,0,0,0,0,1,0,0,465,445,0,0
16129,333,44630,0,0,0,0,1,0,0,420,400,0,0
16130,333,44629,0,0,0,0,1,0,0,425,405,0,0
16131,333,44631,0,0,0,0,1,0,0,470,450,0,0
16132,333,44633,0,0,0,0,1,0,0,440,420,0,0
16135,333,44635,0,0,0,0,1,0,0,425,405,0,0
16136,333,44645,0,0,0,0,1,0,0,415,400,0,0
16138,333,44636,0,0,0,0,1,0,0,415,400,0,0
16240,333,45765,0,0,0,0,1,0,0,365,360,0,0
16287,333,46578,0,0,0,0,1,0,0,365,350,0,0
16288,333,46594,0,0,0,0,1,0,0,400,370,0,0
16362,333,47051,0,0,0,0,1,0,0,390,380,0,0
16429,333,47672,0,0,0,0,1,0,0,460,440,0,0
16490,333,47898,0,0,0,0,1,0,0,460,440,0,0
16491,333,47899,0,0,0,0,1,0,0,470,450,0,0
16492,333,47901,0,0,0,0,1,0,0,470,450,0,0
17594,333,51313,0,0,0,0,1,0,0,0,0,0,0
19404,333,47766,0,0,0,0,1,0,0,430,410,0,0
20425,333,60609,0,0,0,0,1,0,0,380,360,0,0
20426,333,60616,0,0,0,0,1,0,0,390,370,0,0
20427,333,60606,0,0,0,0,1,0,0,405,385,0,0
20429,333,60621,0,0,0,0,1,0,0,410,390,0,0
20430,333,60623,0,0,0,0,1,0,0,415,395,0,0
20431,333,60653,0,0,0,0,1,0,0,425,405,0,0
20432,333,59636,0,0,0,0,1,0,0,415,400,0,0
20433,333,60663,0,0,0,0,1,0,0,450,430,0,0
20434,333,47900,0,0,0,0,1,0,0,455,435,0,0
20435,333,60668,0,0,0,0,1,0,0,455,435,0,0
20436,333,60619,0,0,0,0,1,0,0,455,435,0,0
20437,333,60691,0,0,0,0,1,0,0,460,440,0,0
20438,333,60707,0,0,0,0,1,0,0,465,445,0,0
20439,333,60714,0,0,0,0,1,0,0,465,445,0,0
20440,333,60692,0,0,0,0,1,0,0,470,450,0,0
20441,333,60763,0,0,0,0,1,0,0,470,450,0,0
20442,333,59621,0,0,0,0,1,0,0,470,450,0,0
20443,333,59625,0,0,0,0,1,0,0,470,450,0,0
20444,333,59619,0,0,0,0,1,0,0,470,450,0,0
20445,333,60767,0,0,0,0,1,0,0,470,450,0,0
20755,333,62256,0,0,0,0,1,0,0,480,460,0,0
20756,333,62257,0,0,0,0,1,0,0,480,460,0,0
20807,333,62948,0,0,0,0,1,0,0,465,455,0,0
20808,333,62959,0,0,0,0,1,0,0,415,395,0,0
20879,333,63746,0,0,0,0,1,0,0,285,245,0,0
20996,333,64441,0,0,0,0,1,0,0,465,455,0,0
21004,333,64579,0,0,0,0,1,0,0,465,455,0,0
21320,333,69412,0,0,0,0,1,0,0,450,445,0,0
21373,333,71692,0,0,0,0,1,0,0,400,385,0,0
4326,354,1098,0,256,0,0,1,0,0,0,0,0,0
4327,354,706,0,256,0,0,1,0,0,0,0,0,0
4328,354,1086,0,256,0,0,1,0,0,0,0,0,0
4329,354,5697,0,256,0,0,1,0,0,0,0,0,0
4330,354,687,0,256,0,0,1,0,2,0,0,0,0
4331,354,696,0,256,0,0,1,0,0,0,0,0,0
4332,354,5500,0,256,0,0,1,0,0,0,0,0,0
6165,354,11733,0,256,0,0,1,0,0,0,0,0,0
6166,354,11734,0,256,0,0,1,0,0,0,0,0,0
6167,354,11735,0,256,0,0,1,0,0,0,0,0,0
6168,354,11725,0,256,0,0,1,0,0,0,0,0,0
6169,354,11726,0,256,0,0,1,0,0,0,0,0,0
6391,354,688,0,256,0,0,1,0,0,0,0,0,0
6392,354,5784,0,256,0,0,1,0,0,0,0,0,0
6393,354,712,0,256,0,0,1,0,0,0,0,0,0
6394,354,697,0,256,0,0,1,0,0,0,0,0,0
6395,354,693,0,256,0,0,1,0,0,0,0,0,0
6396,354,6201,0,256,0,0,1,0,0,0,0,0,0
6397,354,6202,0,256,0,0,1,0,0,0,0,0,0
6398,354,5699,0,256,0,0,1,0,0,0,0,0,0
6399,354,11729,0,256,0,0,1,0,0,0,0,0,0
6400,354,11730,0,256,0,0,1,0,0,0,0,0,0
6401,354,755,0,256,0,0,1,0,0,0,0,0,0
6402,354,3698,0,256,0,0,1,0,0,0,0,0,0
6403,354,3699,0,256,0,0,1,0,0,0,0,0,0
6404,354,3700,0,256,0,0,1,0,0,0,0,0,0
6405,354,11693,0,256,0,0,1,0,0,0,0,0,0
6406,354,11694,0,256,0,0,1,0,0,0,0,0,0
6407,354,11695,0,256,0,0,1,0,0,0,0,0,0
6460,354,6229,0,256,0,0,1,0,0,0,0,0,0
6461,354,11739,0,256,0,0,1,0,0,0,0,0,0
6462,354,11740,0,256,0,0,1,0,0,0,0,0,0
6464,354,132,0,256,0,0,1,0,0,0,0,0,0
6467,354,698,0,256,0,0,1,0,0,0,0,0,0
6468,354,126,0,256,0,0,1,0,0,0,0,0,0
9996,354,2362,0,256,0,0,1,0,0,0,0,0,0
10018,354,17727,0,256,0,0,1,0,0,0,0,0,0
10019,354,17728,0,256,0,0,1,0,0,0,0,0,0
10077,354,6366,0,256,0,0,1,0,0,0,0,0,0
10107,354,17951,0,256,0,0,1,0,0,0,0,0,0
10108,354,17952,0,256,0,0,1,0,0,0,0,0,0
10109,354,17953,0,256,0,0,1,0,0,0,0,0,0
10336,354,1122,0,256,0,0,1,0,0,0,0,0,0
10477,354,18540,0,256,0,0,1,0,0,0,0,0,0
10478,354,18541,0,256,0,0,1,0,0,0,0,0,0
10497,354,710,0,256,0,0,1,0,0,0,0,0,0
10498,354,18647,0,256,0,0,1,0,0,0,0,0,0
10517,354,18693,0,0,0,0,1,0,0,0,0,0,0
10518,354,18694,0,0,0,0,1,0,0,0,0,0,0
10519,354,18695,0,0,0,0,1,0,0,0,0,0,0
10520,354,18696,0,0,0,0,1,0,0,0,0,0,0
10521,354,18697,0,0,0,0,1,0,0,0,0,0,0
10522,354,18698,0,0,0,0,1,0,0,0,0,0,0
10523,354,18699,0,0,0,0,1,0,0,0,0,0,0
10526,354,18703,0,0,0,0,1,0,0,0,0,0,0
10527,354,18704,0,0,0,0,1,0,0,0,0,0,0
10528,354,18705,0,0,0,0,1,0,0,0,0,0,0
10529,354,18706,0,0,0,0,1,0,0,0,0,0,0
10530,354,18707,0,0,0,0,1,0,0,0,0,0,0
10531,354,18708,0,0,0,0,1,0,0,0,0,0,0
10532,354,18709,0,0,0,0,1,0,0,0,0,0,0
10533,354,18710,0,0,0,0,1,0,0,0,0,0,0
10569,354,18731,0,0,0,0,1,0,0,0,0,0,0
10570,354,18743,0,0,0,0,1,0,0,0,0,0,0
10571,354,18744,0,0,0,0,1,0,0,0,0,0,0
10574,354,18754,0,0,0,0,1,0,0,0,0,0,0
10575,354,18755,0,0,0,0,1,0,0,0,0,0,0
10576,354,18756,0,0,0,0,1,0,0,0,0,0,0
10577,354,18692,0,0,0,0,1,0,0,0,0,0,0
10597,354,18768,0,0,0,0,1,0,0,0,0,0,0
10598,354,18767,0,0,0,0,1,0,0,0,0,0,0
10599,354,18769,0,0,0,0,1,0,0,0,0,0,0
10600,354,18770,0,0,0,0,1,0,0,0,0,0,0
10601,354,18771,0,0,0,0,1,0,0,0,0,0,0
10602,354,18772,0,0,0,0,1,0,0,0,0,0,0
10603,354,18773,0,0,0,0,1,0,0,0,0,0,0
10622,354,18822,0,256,0,0,1,0,2,0,0,0,0
11032,354,691,0,256,0,0,1,0,0,0,0,0,0
11196,354,19028,0,0,0,0,1,0,0,0,0,0,0
11789,354,20752,0,256,0,0,1,0,0,0,0,0,0
11790,354,20755,0,256,0,0,1,0,0,0,0,0,0
11791,354,20756,0,256,0,0,1,0,0,0,0,0,0
11792,354,20757,0,256,0,0,1,0,0,0,0,0,0
12517,354,23161,0,256,0,0,1,0,0,0,0,0,0
12736,354,23762,0,256,0,0,1,0,0,0,0,0,0
12737,354,23837,0,256,0,0,1,0,0,0,0,0,0
12738,354,23838,0,256,0,0,1,0,0,0,0,0,0
12739,354,23839,0,256,0,0,1,0,0,0,0,0,0
12740,354,23840,0,256,0,0,1,0,0,0,0,0,0
12741,354,23759,0,256,0,0,1,0,0,0,0,0,0
12742,354,23826,0,256,0,0,1,0,0,0,0,0,0
12743,354,23827,0,256,0,0,1,0,0,0,0,0,0
12744,354,23828,0,256,0,0,1,0,0,0,0,0,0
12745,354,23829,0,256,0,0,1,0,0,0,0,0,0
12746,354,23761,0,256,0,0,1,0,0,0,0,0,0
12747,354,23833,0,256,0,0,1,0,0,0,0,0,0
12748,354,23834,0,256,0,0,1,0,0,0,0,0,0
12749,354,23835,0,256,0,0,1,0,0,0,0,0,0
12750,354,23836,0,256,0,0,1,0,0,0,0,0,0
12751,354,23760,0,256,0,0,1,0,0,0,0,0,0
12752,354,23841,0,256,0,0,1,0,0,0,0,0,0
12753,354,23842,0,256,0,0,1,0,0,0,0,0,0
12754,354,23843,0,256,0,0,1,0,0,0,0,0,0
12755,354,23844,0,256,0,0,1,0,0,0,0,0,0
12756,354,23785,0,256,0,0,1,0,0,0,0,0,0
12757,354,23822,0,256,0,0,1,0,0,0,0,0,0
12758,354,23823,0,256,0,0,1,0,0,0,0,0,0
12759,354,23824,0,256,0,0,1,0,0,0,0,0,0
12760,354,23825,0,256,0,0,1,0,0,0,0,0,0
13735,354,27259,0,256,0,0,1,0,0,0,0,0,0
13746,354,27230,0,256,0,0,1,0,0,0,0,0,0
13747,354,27238,0,256,0,0,1,0,0,0,0,0,0
13749,354,27250,0,256,0,0,1,0,0,0,0,0,0
13750,354,27260,0,256,0,0,1,0,0,0,0,0,0
13906,354,28172,0,256,0,0,1,0,0,0,0,0,0
13907,354,28176,0,256,0,0,1,0,0,0,0,0,0
13908,354,28189,0,256,0,0,1,0,0,0,0,0,0
14005,354,28610,0,256,0,0,1,0,0,0,0,0,0
14249,354,29858,0,256,0,0,1,0,0,0,0,0,0
14297,354,30143,0,256,0,0,1,0,0,0,0,0,0
14298,354,30144,0,256,0,0,1,0,0,0,0,0,0
14299,354,30145,0,256,0,0,1,0,0,0,0,0,0
14306,354,30146,0,256,0,0,1,0,0,0,0,0,0
14317,354,30242,0,256,0,0,1,0,0,0,0,0,0
14318,354,30245,0,256,0,0,1,0,0,0,0,0,0
14319,354,30246,0,256,0,0,1,0,0,0,0,0,0
14320,354,30247,0,256,0,0,1,0,0,0,0,0,0
14321,354,30248,0,256,0,0,1,0,0,0,0,0,0
14339,354,30319,0,256,0,0,1,0,0,0,0,0,0
14340,354,30320,0,256,0,0,1,0,0,0,0,0,0
14341,354,30321,0,256,0,0,1,0,0,0,0,0,0
14344,354,30326,0,256,0,0,1,0,0,0,0,0,0
14812,354,29893,0,256,0,0,1,0,0,0,0,0,0
14813,354,29886,0,256,0,0,1,0,0,0,0,0,0
15575,354,35691,0,256,0,0,1,0,0,0,0,0,0
15576,354,35692,0,256,0,0,1,0,0,0,0,0,0
15577,354,35693,0,256,0,0,1,0,0,0,0,0,0
15601,354,35702,0,256,0,0,1,0,0,0,0,0,0
15602,354,35703,0,256,0,0,1,0,0,0,0,0,0
15603,354,35704,0,256,0,0,1,0,0,0,0,0,0
15604,354,35705,0,256,0,0,1,0,0,0,0,0,0
15605,354,35706,0,256,0,0,1,0,0,0,0,0,0
16467,354,47856,0,256,0,0,1,0,0,0,0,0,0
16479,354,47871,0,256,0,0,1,0,0,0,0,0,0
16480,354,47878,0,256,0,0,1,0,0,0,0,0,0
16481,354,47884,0,256,0,0,1,0,0,0,0,0,0
16482,354,47886,0,256,0,0,1,0,0,0,0,0,0
16483,354,47888,0,256,0,0,1,0,0,0,0,0,0
16484,354,47793,0,256,0,0,1,0,0,0,0,0,0
16485,354,47889,0,256,0,0,1,0,0,0,0,0,0
16486,354,47890,0,256,0,0,1,0,0,0,0,0,0
16487,354,47891,0,256,0,0,1,0,0,0,0,0,0
16488,354,47892,0,256,0,0,1,0,0,0,0,0,0
16489,354,47893,0,256,0,0,1,0,0,0,0,0,0
16514,354,48018,0,256,0,0,1,0,0,0,0,0,0
16515,354,48020,0,256,0,0,1,0,0,0,0,0,0
16568,354,47241,0,0,0,0,1,0,0,0,0,0,0
17400,354,47230,0,0,0,0,1,0,0,0,0,0,0
17401,354,47231,0,0,0,0,1,0,0,0,0,0,0
17402,354,47193,0,0,0,0,1,0,0,0,0,0,0
17403,354,47236,0,0,0,0,1,0,0,0,0,0,0
17404,354,47237,0,0,0,0,1,0,0,0,0,0,0
17405,354,47238,0,0,0,0,1,0,0,0,0,0,0
17406,354,47239,0,0,0,0,1,0,0,0,0,0,0
17407,354,47240,0,0,0,0,1,0,0,0,0,0,0
17408,354,47220,0,0,0,0,1,0,0,0,0,0,0
17409,354,47221,0,0,0,0,1,0,0,0,0,0,0
17410,354,47223,0,0,0,0,1,0,0,0,0,0,0
18539,354,54347,0,0,0,0,1,0,0,0,0,0,0
18540,354,54348,0,0,0,0,1,0,0,0,0,0,0
18541,354,54349,0,0,0,0,1,0,0,0,0,0,0
18542,354,54352,0,0,0,0,1,0,0,0,0,0,0
20108,354,58889,0,256,0,0,1,0,0,0,0,0,0
20109,354,58887,0,256,0,0,1,0,0,0,0,0,0
20201,354,50581,0,0,0,0,1,0,0,0,0,0,0
20202,354,59671,0,0,0,0,1,0,0,0,0,0,0
20203,354,54785,0,0,0,0,1,0,0,0,0,0,0
20204,354,50589,0,0,0,0,1,0,0,0,0,0,0
20256,354,60219,0,0,0,0,1,0,0,0,0,0,0
20257,354,60220,0,0,0,0,1,0,0,0,0,0,0
20464,354,61191,0,256,0,0,1,0,0,0,0,0,0
20634,354,54817,0,0,0,0,1,0,0,0,0,0,0
20635,354,54879,0,0,0,0,1,0,0,0,0,0,0
20636,354,59672,0,0,0,0,1,0,0,0,0,0,0
20637,354,59673,0,0,0,0,1,0,0,0,0,0,0
20658,354,61610,0,256,0,0,1,0,0,0,0,0,0
20725,354,19483,0,0,0,0,1,0,0,0,0,0,0
20726,354,20153,0,0,0,0,1,0,0,0,0,0,0
20810,354,63117,0,0,0,0,1,0,0,0,0,0,0
20811,354,63121,0,0,0,0,1,0,0,0,0,0,0
20812,354,63123,0,0,0,0,1,0,0,0,0,0,0
20813,354,63156,0,256,0,0,1,0,0,0,0,0,0
20814,354,63158,0,256,0,0,1,0,0,0,0,0,0
4333,355,1490,0,256,0,0,1,0,0,0,0,0,0
4334,355,980,0,256,0,0,1,0,0,0,0,0,0
4336,355,6217,0,256,0,0,1,0,0,0,0,0,0
4340,355,702,0,256,0,0,1,0,0,0,0,0,0
4341,355,1108,0,256,0,0,1,0,0,0,0,0,0
4342,355,6205,0,256,0,0,1,0,0,0,0,0,0
4343,355,7646,0,256,0,0,1,0,0,0,0,0,0
4410,355,1714,0,256,0,0,1,0,0,0,0,0,0
6156,355,11707,0,256,0,0,1,0,0,0,0,0,0
6157,355,11708,0,256,0,0,1,0,0,0,0,0,0
6159,355,11711,0,256,0,0,1,0,0,0,0,0,0
6160,355,11712,0,256,0,0,1,0,0,0,0,0,0
6161,355,11713,0,256,0,0,1,0,0,0,0,0,0
6162,355,11721,0,256,0,0,1,0,0,0,0,0,0
6163,355,11722,0,256,0,0,1,0,0,0,0,0,0
6164,355,11719,0,256,0,0,1,0,0,0,0,0,0
6451,355,5782,0,256,0,0,1,0,0,0,0,0,0
6452,355,6213,0,256,0,0,1,0,0,0,0,0,0
6453,355,6215,0,256,0,0,1,0,0,0,0,0,0
6454,355,1454,0,256,0,0,1,0,0,0,0,0,0
10057,355,6789,0,256,0,0,1,0,0,0,0,0,0
10076,355,5484,0,256,0,0,1,0,0,0,0,0,0
10100,355,17928,0,256,0,0,1,0,0,0,0,0,0
10116,355,1010,0,256,0,0,1,0,0,0,0,0,0
10144,355,172,0,256,0,0,1,0,0,0,0,0,0
10145,355,6222,0,256,0,0,1,0,0,0,0,0,0
10146,355,6223,0,256,0,0,1,0,0,0,0,0,0
10147,355,7648,0,256,0,0,1,0,0,0,0,0,0
10148,355,11671,0,256,0,0,1,0,0,0,0,0,0
10149,355,11672,0,256,0,0,1,0,0,0,0,0,0
10150,355,689,0,256,0,0,1,0,0,0,0,0,0
10151,355,699,0,256,0,0,1,0,0,0,0,0,0
10152,355,709,0,256,0,0,1,0,0,0,0,0,0
10153,355,7651,0,256,0,0,1,0,0,0,0,0,0
10154,355,11699,0,256,0,0,1,0,0,0,0,0,0
10155,355,11700,0,256,0,0,1,0,0,0,0,0,0
10156,355,5138,0,256,0,0,1,0,0,0,0,0,0
10160,355,1120,0,256,0,0,1,0,0,0,0,0,0
10161,355,8288,0,256,0,0,1,0,0,0,0,0,0
10162,355,8289,0,256,0,0,1,0,0,0,0,0,0
10163,355,11675,0,256,0,0,1,0,0,0,0,0,0
10196,355,17783,0,0,0,0,1,0,0,0,0,0,0
10197,355,17784,0,0,0,0,1,0,0,0,0,0,0
10198,355,17785,0,0,0,0,1,0,0,0,0,0,0
10201,355,18094,0,0,0,0,1,0,0,0,0,0,0
10202,355,18095,0,0,0,0,1,0,0,0,0,0,0
10203,355,17925,0,256,0,0,1,0,0,0,0,0,0
10204,355,17926,0,256,0,0,1,0,0,0,0,0,0
10205,355,603,0,256,0,0,1,0,0,0,0,0,0
10208,355,17810,0,0,0,0,1,0,0,0,0,0,0
10209,355,17811,0,0,0,0,1,0,0,0,0,0,0
10210,355,17812,0,0,0,0,1,0,0,0,0,0,0
10211,355,17813,0,0,0,0,1,0,0,0,0,0,0
10212,355,17814,0,0,0,0,1,0,0,0,0,0,0
10213,355,17804,0,0,0,0,1,0,0,0,0,0,0
10214,355,17805,0,0,0,0,1,0,0,0,0,0,0
10218,355,18174,0,0,0,0,1,0,0,0,0,0,0
10219,355,18175,0,0,0,0,1,0,0,0,0,0,0
10220,355,18176,0,0,0,0,1,0,0,0,0,0,0
10223,355,18179,0,0,0,0,1,0,0,0,0,0,0
10224,355,18180,0,0,0,0,1,0,0,0,0,0,0
10226,355,18182,0,0,0,0,1,0,0,0,0,0,0
10227,355,18183,0,0,0,0,1,0,0,0,0,0,0
10236,355,18218,0,0,0,0,1,0,0,0,0,0,0
10237,355,18219,0,0,0,0,1,0,0,0,0,0,0
10238,355,18220,0,256,0,0,1,0,0,0,0,0,0
10255,355,18271,0,0,0,0,1,0,0,0,0,0,0
10256,355,18272,0,0,0,0,1,0,0,0,0,0,0
10257,355,18273,0,0,0,0,1,0,0,0,0,0,0
10258,355,18274,0,0,0,0,1,0,0,0,0,0,0
10259,355,18275,0,0,0,0,1,0,0,0,0,0,0
10277,355,18288,0,0,0,0,1,0,0,0,0,0,0
10296,355,18223,0,0,0,0,1,0,0,0,0,0,0
10356,355,18213,0,0,0,0,1,0,0,0,0,0,0
10357,355,18372,0,0,0,0,1,0,0,0,0,0,0
10628,355,1014,0,0,0,0,1,0,0,0,0,0,0
10629,355,18827,0,0,0,0,1,0,0,0,0,0,0
10630,355,18829,0,0,0,0,1,0,0,0,0,0,0
10679,355,18662,0,256,0,0,1,0,0,0,0,0,0
10683,355,18937,0,256,0,0,1,0,0,0,0,0,0
10684,355,18938,0,256,0,0,1,0,0,0,0,0,0
13249,355,25311,0,256,0,0,1,0,0,0,0,0,0
13557,355,27243,0,256,0,0,1,0,0,0,0,0,0
13725,355,27216,0,256,0,0,1,0,0,0,0,0,0
13734,355,27217,0,256,0,0,1,0,0,0,0,0,0
13736,355,27219,0,256,0,0,1,0,0,0,0,0,0
13737,355,27220,0,256,0,0,1,0,0,0,0,0,0
13739,355,27223,0,256,0,0,1,0,0,0,0,0,0
13741,355,27224,0,256,0,0,1,0,0,0,0,0,0
13742,355,27218,0,256,0,0,1,0,0,0,0,0,0
13744,355,27228,0,256,0,0,1,0,0,0,0,0,0
13752,355,27265,0,256,0,0,1,0,0,0,0,0,0
14284,355,30054,0,256,0,0,1,0,0,0,0,0,0
14285,355,30057,0,256,0,0,1,0,0,0,0,0,0
14286,355,30060,0,256,0,0,1,0,0,0,0,0,0
14287,355,30061,0,256,0,0,1,0,0,0,0,0,0
14288,355,30062,0,256,0,0,1,0,0,0,0,0,0
14289,355,30063,0,256,0,0,1,0,0,0,0,0,0
14290,355,30064,0,256,0,0,1,0,0,0,0,0,0
14296,355,30108,0,256,0,0,1,0,0,0,0,0,0
14809,355,27285,0,256,0,0,1,0,0,0,0,0,0
14825,355,32385,0,256,0,0,1,0,0,0,0,0,0
14826,355,32387,0,256,0,0,1,0,0,0,0,0,0
14827,355,32392,0,256,0,0,1,0,0,0,0,0,0
14829,355,32393,0,256,0,0,1,0,0,0,0,0,0
14830,355,32394,0,256,0,0,1,0,0,0,0,0,0
14831,355,32386,0,256,0,0,1,0,0,0,0,0,0
14832,355,32388,0,256,0,0,1,0,0,0,0,0,0
14833,355,32389,0,256,0,0,1,0,0,0,0,0,0
14834,355,32390,0,256,0,0,1,0,0,0,0,0,0
14835,355,32391,0,256,0,0,1,0,0,0,0,0,0
14836,355,32381,0,256,0,0,1,0,0,0,0,0,0
14837,355,32382,0,256,0,0,1,0,0,0,0,0,0
14838,355,32383,0,256,0,0,1,0,0,0,0,0,0
14840,355,30404,0,256,0,0,1,0,0,0,0,0,0
14841,355,30405,0,256,0,0,1,0,0,0,0,0,0
14842,355,31117,0,256,0,0,1,0,0,0,0,0,0
14846,355,32477,0,256,0,0,1,0,0,0,0,0,0
14847,355,32483,0,256,0,0,1,0,0,0,0,0,0
14848,355,32484,0,256,0,0,1,0,0,0,0,0,0
15520,355,30909,0,256,0,0,1,0,0,0,0,0,0
15648,355,30910,0,256,0,0,1,0,0,0,0,0,0
16367,355,1455,0,256,0,0,1,0,0,0,0,0,0
16368,355,1456,0,256,0,0,1,0,0,0,0,0,0
16388,355,11687,0,256,0,0,1,0,0,0,0,0,0
16389,355,11688,0,256,0,0,1,0,0,0,0,0,0
16390,355,11689,0,256,0,0,1,0,0,0,0,0,0
16391,355,27222,0,256,0,0,1,0,0,0,0,0,0
16440,355,47812,0,256,0,0,1,0,0,0,0,0,0
16441,355,47813,0,256,0,0,1,0,0,0,0,0,0
16456,355,47835,0,256,0,0,1,0,0,0,0,0,0
16457,355,47836,0,256,0,0,1,0,0,0,0,0,0
16458,355,47833,0,256,0,0,1,0,0,0,0,0,0
16459,355,47834,0,256,0,0,1,0,0,0,0,0,0
16462,355,47841,0,256,0,0,1,0,0,0,0,0,0
16463,355,47843,0,256,0,0,1,0,0,0,0,0,0
16466,355,47855,0,256,0,0,1,0,0,0,0,0,0
16468,355,47857,0,256,0,0,1,0,0,0,0,0,0
16470,355,47859,0,256,0,0,1,0,0,0,0,0,0
16471,355,47860,0,256,0,0,1,0,0,0,0,0,0
16474,355,47863,0,256,0,0,1,0,0,0,0,0,0
16475,355,47864,0,256,0,0,1,0,0,0,0,0,0
16476,355,47865,0,256,0,0,1,0,0,0,0,0,0
16478,355,47867,0,256,0,0,1,0,0,0,0,0,0
16567,355,47206,0,0,0,0,1,0,0,0,0,0,0
16604,355,48181,0,256,0,0,1,0,0,0,0,0,0
16613,355,47206,0,256,0,0,1,0,0,0,0,0,0
16851,355,47198,0,0,0,0,1,0,0,0,0,0,0
16852,355,47199,0,0,0,0,1,0,0,0,0,0,0
16853,355,47200,0,0,0,0,1,0,0,0,0,0,0
17388,355,47195,0,0,0,0,1,0,0,0,0,0,0
17389,355,47196,0,0,0,0,1,0,0,0,0,0,0
17390,355,47197,0,0,0,0,1,0,0,0,0,0,0
17392,355,47201,0,0,0,0,1,0,0,0,0,0,0
17393,355,47202,0,0,0,0,1,0,0,0,0,0,0
17394,355,47203,0,0,0,0,1,0,0,0,0,0,0
17395,355,47204,0,0,0,0,1,0,0,0,0,0,0
17396,355,47205,0,0,0,0,1,0,0,0,0,0,0
18317,355,53754,0,0,0,0,1,0,0,0,0,0,0
18318,355,53759,0,0,0,0,1,0,0,0,0,0,0
18319,355,53756,0,0,0,0,1,0,0,0,0,0,0
18320,355,50511,0,256,0,0,1,0,0,0,0,0,0
18884,355,54037,0,0,0,0,1,0,0,0,0,0,0
18885,355,54038,0,0,0,0,1,0,0,0,0,0,0
19964,355,57946,0,256,0,0,1,0,0,0,0,0,0
20002,355,58435,0,256,0,0,1,0,0,0,0,0,0
20135,355,59161,0,256,0,0,1,0,0,0,0,0,0
20136,355,59163,0,256,0,0,1,0,0,0,0,0,0
20137,355,59164,0,256,0,0,1,0,0,0,0,0,0
20138,355,59092,0,256,0,0,1,0,0,0,0,0,0
20809,355,63108,0,256,0,0,1,0,0,0,0,0,0
4344,356,7620,0,0,0,0,1,7731,0,0,0,0,0
4345,356,7731,0,0,0,0,1,7732,0,0,0,0,0
4346,356,7732,0,0,0,0,1,18248,0,0,0,0,0
4348,356,7738,0,0,0,0,1,0,1,0,0,0,0
10242,356,18248,0,0,0,0,1,33095,0,0,0,0,0
14943,356,33095,0,0,0,0,1,51294,0,0,0,0,0
16032,356,43308,0,0,0,0,1,0,0,0,0,0,0
17591,356,51294,0,0,0,0,1,0,0,0,0,0,0
20783,356,62734,0,0,0,0,1,0,0,0,0,0,0
4480,373,6495,0,64,0,0,1,0,0,0,0,0,0
4499,373,324,0,64,0,0,1,0,0,0,0,0,0
4500,373,325,0,64,0,0,1,0,0,0,0,0,0
4501,373,905,0,64,0,0,1,0,0,0,0,0,0
4502,373,945,0,64,0,0,1,0,0,0,0,0,0
4532,373,8134,0,64,0,0,1,0,0,0,0,0,0
4572,373,8232,0,64,0,0,1,0,0,0,0,0,0
4573,373,8235,0,64,0,0,1,0,0,0,0,0,0
4725,373,8512,0,64,0,0,1,0,0,0,0,0,0
5588,373,10431,0,64,0,0,1,0,0,0,0,0,0
5589,373,10432,0,64,0,0,1,0,0,0,0,0,0
5636,373,8177,0,64,0,0,1,0,0,0,0,0,0
5639,373,10595,0,64,0,0,1,0,0,0,0,0,0
5640,373,10600,0,64,0,0,1,0,0,0,0,0,0
5641,373,10601,0,64,0,0,1,0,0,0,0,0,0
8700,373,2645,0,64,0,0,1,0,0,0,0,0,0
8701,373,6196,0,64,0,0,1,0,0,0,0,0,0
8702,373,556,0,64,0,0,1,0,0,0,0,0,0
8747,373,8017,0,64,0,0,1,0,0,0,0,0,0
8748,373,8018,0,64,0,0,1,0,0,0,0,0,0
8749,373,8019,0,64,0,0,1,0,0,0,0,0,0
8750,373,10399,0,64,0,0,1,0,0,0,0,0,0
8756,373,8181,0,64,0,0,1,0,0,0,0,0,0
8757,373,10478,0,64,0,0,1,0,0,0,0,0,0
8758,373,10479,0,64,0,0,1,0,0,0,0,0,0
8759,373,8227,0,64,0,0,1,0,0,0,0,0,0
8760,373,8249,0,64,0,0,1,0,0,0,0,0,0
8761,373,8024,0,64,0,0,1,0,0,0,0,0,0
8762,373,8027,0,64,0,0,1,0,0,0,0,0,0
8763,373,8030,0,64,0,0,1,0,0,0,0,0,0
8764,373,8071,0,64,0,0,1,0,0,0,0,0,0
8765,373,8154,0,64,0,0,1,0,0,0,0,0,0
8766,373,8155,0,64,0,0,1,0,0,0,0,0,0
8767,373,10406,0,64,0,0,1,0,0,0,0,0,0
8769,373,10407,0,64,0,0,1,0,0,0,0,0,0
8770,373,10408,0,64,0,0,1,0,0,0,0,0,0
8771,373,8075,0,64,0,0,1,0,0,0,0,0,0
8772,373,8160,0,64,0,0,1,0,0,0,0,0,0
8773,373,8161,0,64,0,0,1,0,0,0,0,0,0
8774,373,10442,0,64,0,0,1,0,0,0,0,0,0
8775,373,8033,0,64,0,0,1,0,0,0,0,0,0
8776,373,8038,0,64,0,0,1,0,0,0,0,0,0
8777,373,10456,0,64,0,0,1,0,0,0,0,0,0
8778,373,8184,0,64,0,0,1,0,0,0,0,0,0
8779,373,10537,0,64,0,0,1,0,0,0,0,0,0
8780,373,10538,0,64,0,0,1,0,0,0,0,0,0
8781,373,131,0,64,0,0,1,0,0,0,0,0,0
8936,373,16254,0,0,0,0,1,0,0,0,0,0,0
8937,373,16271,0,0,0,0,1,0,0,0,0,0,0
8938,373,16272,0,0,0,0,1,0,0,0,0,0,0
8941,373,16256,0,0,0,0,1,0,0,0,0,0,0
8942,373,16281,0,0,0,0,1,0,0,0,0,0,0
8943,373,16282,0,0,0,0,1,0,0,0,0,0,0
8945,373,16283,0,0,0,0,1,0,0,0,0,0,0
8946,373,16284,0,0,0,0,1,0,0,0,0,0,0
8951,373,16262,0,0,0,0,1,0,0,0,0,0,0
8952,373,16287,0,0,0,0,1,0,0,0,0,0,0
8956,373,16261,0,0,0,0,1,0,0,0,0,0,0
8957,373,16290,0,0,0,0,1,0,0,0,0,0,0
8961,373,16258,0,0,0,0,1,0,0,0,0,0,0
8962,373,16293,0,0,0,0,1,0,0,0,0,0,0
8964,373,16259,0,0,0,0,1,0,0,0,0,0,0
8965,373,16295,0,0,0,0,1,0,0,0,0,0,0
8967,373,16266,0,64,0,0,1,0,0,0,0,0,0
8969,373,16253,0,0,0,0,1,0,0,0,0,0,0
8970,373,16298,0,0,0,0,1,0,0,0,0,0,0
8975,373,16268,0,64,0,0,1,0,0,0,0,0,0
8976,373,16255,0,0,0,0,1,0,0,0,0,0,0
8977,373,16302,0,0,0,0,1,0,0,0,0,0,0
8978,373,16303,0,0,0,0,1,0,0,0,0,0,0
8979,373,16304,0,0,0,0,1,0,0,0,0,0,0
8980,373,16305,0,0,0,0,1,0,0,0,0,0,0
8981,373,16252,0,0,0,0,1,0,0,0,0,0,0
8982,373,16306,0,0,0,0,1,0,0,0,0,0,0
8983,373,16307,0,0,0,0,1,0,0,0,0,0,0
8984,373,16308,0,0,0,0,1,0,0,0,0,0,0
8985,373,16309,0,0,0,0,1,0,0,0,0,0,0
8990,373,16339,0,64,0,0,1,0,0,0,0,0,0
8991,373,16341,0,64,0,0,1,0,0,0,0,0,0
8992,373,16342,0,64,0,0,1,0,0,0,0,0,0
8993,373,16355,0,64,0,0,1,0,0,0,0,0,0
8994,373,16356,0,64,0,0,1,0,0,0,0,0,0
8995,373,10486,0,64,0,0,1,0,0,0,0,0,0
8996,373,16362,0,64,0,0,1,0,0,0,0,0,0
9016,373,10526,0,64,0,0,1,0,0,0,0,0,0
9017,373,16387,0,64,0,0,1,0,0,0,0,0,0
9565,373,546,0,64,0,0,1,0,0,0,0,0,0
9860,373,17364,0,64,0,0,1,0,0,0,0,0,0
9916,373,17485,0,0,0,0,1,0,0,0,0,0,0
9917,373,17486,0,0,0,0,1,0,0,0,0,0,0
9918,373,17487,0,0,0,0,1,0,0,0,0,0,0
13151,373,2825,418,64,0,0,1,0,0,0,0,0,0
13193,373,3738,0,64,0,0,1,0,0,0,0,0,0
13227,373,25361,0,64,0,0,1,0,0,0,0,0,0
13284,373,25469,0,64,0,0,1,0,0,0,0,0,0
13285,373,25472,0,64,0,0,1,0,0,0,0,0,0
13289,373,25489,0,64,0,0,1,0,0,0,0,0,0
13294,373,25500,0,64,0,0,1,0,0,0,0,0,0
13295,373,25508,0,64,0,0,1,0,0,0,0,0,0
13297,373,25509,0,64,0,0,1,0,0,0,0,0,0
13299,373,25528,0,64,0,0,1,0,0,0,0,0,0
13309,373,25557,0,64,0,0,1,0,0,0,0,0,0
13311,373,25560,0,64,0,0,1,0,0,0,0,0,0
13312,373,25563,0,64,0,0,1,0,0,0,0,0,0
13315,373,25574,0,64,0,0,1,0,0,0,0,0,0
14078,373,29079,0,64,0,0,1,0,0,0,0,0,0
14079,373,29080,0,64,0,0,1,0,0,0,0,0,0
14080,373,29082,0,64,0,0,1,0,0,0,0,0,0
14081,373,29084,0,64,0,0,1,0,0,0,0,0,0
14082,373,29086,0,64,0,0,1,0,0,0,0,0,0
14104,373,29192,0,64,0,0,1,0,0,0,0,0,0
14105,373,29193,0,64,0,0,1,0,0,0,0,0,0
14118,373,26364,0,0,0,0,1,0,0,0,0,0,0
14119,373,26365,0,0,0,0,1,0,0,0,0,0,0
14120,373,26366,0,0,0,0,1,0,0,0,0,0,0
14121,373,26367,0,0,0,0,1,0,0,0,0,0,0
14122,373,26369,0,0,0,0,1,0,0,0,0,0,0
14123,373,26370,0,0,0,0,1,0,0,0,0,0,0
14124,373,26363,0,0,0,0,1,0,0,0,0,0,0
14125,373,26371,0,0,0,0,1,0,0,0,0,0,0
14126,373,26372,0,64,0,0,1,0,0,0,0,0,0
14436,373,30802,0,64,0,0,1,0,0,0,0,0,0
14437,373,30808,0,64,0,0,1,0,0,0,0,0,0
14438,373,30809,0,64,0,0,1,0,0,0,0,0,0
14439,373,30810,0,64,0,0,1,0,0,0,0,0,0
14440,373,30811,0,64,0,0,1,0,0,0,0,0,0
14441,373,30803,0,64,0,0,1,0,0,0,0,0,0
14442,373,30804,0,64,0,0,1,0,0,0,0,0,0
14443,373,30805,0,64,0,0,1,0,0,0,0,0,0
14444,373,30806,0,64,0,0,1,0,0,0,0,0,0
14445,373,30807,0,64,0,0,1,0,0,0,0,0,0
14446,373,30798,0,64,0,0,1,0,0,0,0,0,0
14447,373,30812,0,64,0,0,1,0,0,0,0,0,0
14448,373,30813,0,64,0,0,1,0,0,0,0,0,0
14449,373,30814,0,64,0,0,1,0,0,0,0,0,0
14450,373,30816,0,64,0,0,1,0,0,0,0,0,0
14451,373,30818,0,64,0,0,1,0,0,0,0,0,0
14452,373,30819,0,64,0,0,1,0,0,0,0,0,0
14455,373,30823,0,64,0,0,1,0,0,0,0,0,0
14456,373,30824,0,64,0,0,1,0,0,0,0,0,0
14793,373,32175,0,64,0,0,1,0,0,0,0,0,0
14794,373,32176,0,64,0,0,1,0,0,0,0,0,0
14795,373,32182,1024,64,0,0,1,0,0,0,0,0,0
15347,373,2062,0,64,0,0,1,0,0,0,0,0,0
15639,373,25505,0,64,0,0,1,0,0,0,0,0,0
15700,373,36591,0,64,0,0,1,0,0,0,0,0,0
15972,373,43338,0,64,0,0,1,0,0,0,0,0,0
15973,373,43339,0,64,0,0,1,0,0,0,0,0,0
16988,373,49280,0,64,0,0,1,0,0,0,0,0,0
16989,373,49278,0,64,0,0,1,0,0,0,0,0,0
16990,373,49281,0,64,0,0,1,0,0,0,0,0,0
16991,373,49279,0,64,0,0,1,0,0,0,0,0,0
17660,373,51521,0,0,0,0,1,0,0,0,0,0,0
17661,373,51522,0,0,0,0,1,0,0,0,0,0,0
17662,373,51525,0,0,0,0,1,0,0,0,0,0,0
17663,373,51526,0,0,0,0,1,0,0,0,0,0,0
17664,373,51527,0,0,0,0,1,0,0,0,0,0,0
17665,373,51523,0,0,0,0,1,0,0,0,0,0,0
17666,373,51524,0,0,0,0,1,0,0,0,0,0,0
17667,373,51528,0,0,0,0,1,0,0,0,0,0,0
17668,373,51529,0,0,0,0,1,0,0,0,0,0,0
17669,373,51530,0,0,0,0,1,0,0,0,0,0,0
17670,373,51531,0,0,0,0,1,0,0,0,0,0,0
17671,373,51532,0,0,0,0,1,0,0,0,0,0,0
17757,373,51883,0,0,0,0,1,0,0,0,0,0,0
17758,373,51884,0,0,0,0,1,0,0,0,0,0,0
17759,373,51885,0,0,0,0,1,0,0,0,0,0,0
17760,373,51881,0,0,0,0,1,0,0,0,0,0,0
17768,373,51533,0,0,0,0,1,0,0,0,0,0,0
17817,373,52456,0,0,0,0,1,0,0,0,0,0,0
17818,373,17488,0,0,0,0,1,0,0,0,0,0,0
17819,373,17489,0,0,0,0,1,0,0,0,0,0,0
17820,373,16043,0,0,0,0,1,0,0,0,0,0,0
17821,373,16130,0,0,0,0,1,0,0,0,0,0,0
19765,373,57622,0,64,0,0,1,0,0,0,0,0,0
20063,373,58737,0,64,0,0,1,0,0,0,0,0,0
20064,373,58739,0,64,0,0,1,0,0,0,0,0,0
20065,373,58649,0,64,0,0,1,0,0,0,0,0,0
20066,373,58652,0,64,0,0,1,0,0,0,0,0,0
20067,373,58656,0,64,0,0,1,0,0,0,0,0,0
20068,373,58741,0,64,0,0,1,0,0,0,0,0,0
20069,373,58745,0,64,0,0,1,0,0,0,0,0,0
20070,373,58751,0,64,0,0,1,0,0,0,0,0,0
20071,373,58753,0,0,0,0,1,0,0,0,0,0,0
20072,373,58643,0,64,0,0,1,0,0,0,0,0,0
20079,373,58801,0,64,0,0,1,0,0,0,0,0,0
20080,373,58803,0,64,0,0,1,0,0,0,0,0,0
20081,373,58804,0,64,0,0,1,0,0,0,0,0,0
20082,373,58785,0,64,0,0,1,0,0,0,0,0,0
20083,373,58789,0,0,0,0,1,0,0,0,0,0,0
20084,373,58790,0,64,0,0,1,0,0,0,0,0,0
20085,373,58794,0,64,0,0,1,0,0,0,0,0,0
20086,373,58795,0,64,0,0,1,0,0,0,0,0,0
20087,373,58796,0,64,0,0,1,0,0,0,0,0,0
20161,373,58746,0,0,0,0,1,0,0,0,0,0,0
20162,373,58749,0,0,0,0,1,0,0,0,0,0,0
20248,373,60103,0,64,0,0,1,0,0,0,0,0,0
20288,373,60348,0,64,0,0,1,0,2,0,0,0,0
20902,373,63373,0,0,0,0,1,0,0,0,0,0,0
20903,373,63374,0,0,0,0,1,0,0,0,0,0,0
4486,374,939,0,64,0,0,1,0,0,0,0,0,0
4487,374,959,0,64,0,0,1,0,0,0,0,0,0
4488,374,8005,0,64,0,0,1,0,0,0,0,0,0
4489,374,8004,0,64,0,0,1,0,0,0,0,0,0
4490,374,8008,0,64,0,0,1,0,0,0,0,0,0
4491,374,8010,0,64,0,0,1,0,0,0,0,0,0
4492,374,331,0,64,0,0,1,0,2,0,0,0,0
4493,374,332,0,64,0,0,1,0,0,0,0,0,0
4494,374,547,0,64,0,0,1,0,0,0,0,0,0
4495,374,913,0,64,0,0,1,0,0,0,0,0,0
4496,374,5394,0,64,0,0,1,0,0,0,0,0,0
4497,374,6375,0,64,0,0,1,0,0,0,0,0,0
4498,374,6377,0,64,0,0,1,0,0,0,0,0,0
4539,374,8170,0,64,0,0,1,0,0,0,0,0,0
4544,374,5675,0,64,0,0,1,0,0,0,0,0,0
5569,374,10395,0,64,0,0,1,0,0,0,0,0,0
5570,374,10396,0,64,0,0,1,0,0,0,0,0,0
5598,374,10462,0,64,0,0,1,0,0,0,0,0,0
5599,374,10463,0,64,0,0,1,0,0,0,0,0,0
5600,374,10466,0,64,0,0,1,0,0,0,0,0,0
5601,374,10467,0,64,0,0,1,0,0,0,0,0,0
5602,374,10468,0,64,0,0,1,0,0,0,0,0,0
5626,374,10495,0,64,0,0,1,0,0,0,0,0,0
5627,374,10496,0,64,0,0,1,0,0,0,0,0,0
5628,374,10497,0,64,0,0,1,0,0,0,0,0,0
5648,374,1064,0,64,0,0,1,0,0,0,0,0,0
5649,374,10622,0,64,0,0,1,0,0,0,0,0,0
5650,374,10623,0,64,0,0,1,0,0,0,0,0,0
8696,374,2008,0,64,0,0,1,0,0,0,0,0,0
8699,374,8143,0,64,0,0,1,0,0,0,0,0,0
8876,374,16176,0,64,0,0,1,0,0,0,0,0,0
8877,374,16235,0,64,0,0,1,0,0,0,0,0,0
8878,374,16240,0,64,0,0,1,0,0,0,0,0,0
8882,374,16180,0,0,0,0,1,0,0,0,0,0,0
8883,374,16196,0,0,0,0,1,0,0,0,0,0,0
8884,374,16198,0,0,0,0,1,0,0,0,0,0,0
8893,374,16181,0,0,0,0,1,0,0,0,0,0,0
8894,374,16182,0,0,0,0,1,0,0,0,0,0,0
8895,374,16226,0,0,0,0,1,0,0,0,0,0,0
8896,374,16227,0,0,0,0,1,0,0,0,0,0,0
8897,374,16228,0,0,0,0,1,0,0,0,0,0,0
8898,374,16229,0,0,0,0,1,0,0,0,0,0,0
8899,374,16230,0,0,0,0,1,0,0,0,0,0,0
8900,374,16232,0,0,0,0,1,0,0,0,0,0,0
8903,374,16187,0,0,0,0,1,0,0,0,0,0,0
8904,374,16205,0,0,0,0,1,0,0,0,0,0,0
8905,374,16206,0,0,0,0,1,0,0,0,0,0,0
8908,374,16184,0,0,0,0,1,0,0,0,0,0,0
8909,374,16209,0,0,0,0,1,0,0,0,0,0,0
8910,374,16190,0,64,0,0,1,0,0,0,0,0,0
8911,374,16188,0,0,0,0,1,0,0,0,0,0,0
8912,374,16178,0,0,0,0,1,0,0,0,0,0,0
8913,374,16210,0,0,0,0,1,0,0,0,0,0,0
8914,374,16211,0,0,0,0,1,0,0,0,0,0,0
8915,374,16212,0,0,0,0,1,0,0,0,0,0,0
8916,374,16213,0,0,0,0,1,0,0,0,0,0,0
8917,374,16179,0,0,0,0,1,0,0,0,0,0,0
8918,374,16214,0,0,0,0,1,0,0,0,0,0,0
8919,374,16215,0,0,0,0,1,0,0,0,0,0,0
8920,374,16216,0,0,0,0,1,0,0,0,0,0,0
8921,374,16217,0,0,0,0,1,0,0,0,0,0,0
8922,374,16194,0,0,0,0,1,0,0,0,0,0,0
8923,374,16218,0,0,0,0,1,0,0,0,0,0,0
8924,374,16219,0,0,0,0,1,0,0,0,0,0,0
8925,374,16220,0,0,0,0,1,0,0,0,0,0,0
8926,374,16221,0,0,0,0,1,0,0,0,0,0,0
8927,374,16173,0,0,0,0,1,0,0,0,0,0,0
8928,374,16222,0,0,0,0,1,0,0,0,0,0,0
8929,374,16223,0,0,0,0,1,0,0,0,0,0,0
8930,374,16224,0,0,0,0,1,0,0,0,0,0,0
8931,374,16225,0,0,0,0,1,0,0,0,0,0,0
11732,374,20608,0,64,0,0,1,0,0,0,0,0,0
11798,374,20609,0,64,0,0,1,0,0,0,0,0,0
11799,374,20610,0,64,0,0,1,0,0,0,0,0,0
11800,374,20776,0,64,0,0,1,0,0,0,0,0,0
11801,374,20777,0,64,0,0,1,0,0,0,0,0,0
11996,374,21169,0,64,0,0,1,0,0,0,0,0,0
13148,374,24398,0,64,0,0,1,0,0,0,0,0,0
13228,374,25357,0,64,0,0,1,0,0,0,0,0,0
13258,374,25391,0,64,0,0,1,0,0,0,0,0,0
13259,374,25396,0,64,0,0,1,0,0,0,0,0,0
13260,374,25420,0,64,0,0,1,0,0,0,0,0,0
13261,374,25422,0,64,0,0,1,0,0,0,0,0,0
13262,374,25423,0,64,0,0,1,0,0,0,0,0,0
13313,374,25567,0,64,0,0,1,0,0,0,0,0,0
13314,374,25570,0,64,0,0,1,0,0,0,0,0,0
14085,374,16177,0,64,0,0,1,0,0,0,0,0,0
14086,374,16236,0,64,0,0,1,0,0,0,0,0,0
14087,374,16237,0,64,0,0,1,0,0,0,0,0,0
14101,374,29187,0,64,0,0,1,0,0,0,0,0,0
14102,374,29189,0,64,0,0,1,0,0,0,0,0,0
14103,374,29191,0,64,0,0,1,0,0,0,0,0,0
14106,374,29206,0,64,0,0,1,0,0,0,0,0,0
14107,374,29205,0,64,0,0,1,0,0,0,0,0,0
14108,374,29202,0,64,0,0,1,0,0,0,0,0,0
14109,374,29203,0,64,0,0,1,0,0,0,0,0,0
14457,374,30874,0,64,0,0,1,0,0,0,0,0,0
14458,374,30872,0,64,0,0,1,0,0,0,0,0,0
14459,374,30873,0,64,0,0,1,0,0,0,0,0,0
14460,374,30867,0,64,0,0,1,0,0,0,0,0,0
14461,374,30868,0,64,0,0,1,0,0,0,0,0,0
14462,374,30869,0,64,0,0,1,0,0,0,0,0,0
14465,374,30864,0,64,0,0,1,0,0,0,0,0,0
14466,374,30865,0,64,0,0,1,0,0,0,0,0,0
14467,374,30866,0,64,0,0,1,0,0,0,0,0,0
14471,374,30881,0,64,0,0,1,0,0,0,0,0,0
14472,374,30883,0,64,0,0,1,0,0,0,0,0,0
14473,374,30884,0,64,0,0,1,0,0,0,0,0,0
14474,374,30885,0,64,0,0,1,0,0,0,0,0,0
14475,374,30886,0,64,0,0,1,0,0,0,0,0,0
14796,374,974,0,64,0,0,1,0,0,0,0,0,0
14797,374,379,0,64,0,0,1,0,0,0,0,0,0
14892,374,32593,0,64,0,0,1,0,0,0,0,0,0
14893,374,32594,0,64,0,0,1,0,0,0,0,0,0
15042,374,33736,0,64,0,0,1,0,0,0,0,0,0
15699,374,36936,0,64,0,0,1,0,0,0,0,0,0
16982,374,49272,0,64,0,0,1,0,0,0,0,0,0
16983,374,49273,0,64,0,0,1,0,0,0,0,0,0
16984,374,49275,0,64,0,0,1,0,0,0,0,0,0
16985,374,49276,0,64,0,0,1,0,0,0,0,0,0
16986,374,49277,0,64,0,0,1,0,0,0,0,0,0
16987,374,25590,0,64,0,0,1,0,0,0,0,0,0
16992,374,49283,0,64,0,0,1,0,0,0,0,0,0
16993,374,49284,0,64,0,0,1,0,0,0,0,0,0
17678,374,51554,0,0,0,0,1,0,0,0,0,0,0
17679,374,51555,0,0,0,0,1,0,0,0,0,0,0
17680,374,51556,0,0,0,0,1,0,0,0,0,0,0
17681,374,51557,0,0,0,0,1,0,0,0,0,0,0
17682,374,51558,0,0,0,0,1,0,0,0,0,0,0
17683,374,51560,0,0,0,0,1,0,0,0,0,0,0
17684,374,51561,0,0,0,0,1,0,0,0,0,0,0
17685,374,51562,0,0,0,0,1,0,0,0,0,0,0
17686,374,51563,0,0,0,0,1,0,0,0,0,0,0
17687,374,51564,0,0,0,0,1,0,0,0,0,0,0
17688,374,51565,0,0,0,0,1,0,0,0,0,0,0
17689,374,51566,0,0,0,0,1,0,0,0,0,0,0
17776,374,51730,0,0,0,0,1,0,0,0,0,0,0
17777,374,51988,0,0,0,0,1,0,0,0,0,0,0
17778,374,51991,0,0,0,0,1,0,0,0,0,0,0
17779,374,51992,0,0,0,0,1,0,0,0,0,0,0
17780,374,51993,0,0,0,0,1,0,0,0,0,0,0
17781,374,51994,0,0,0,0,1,0,0,0,0,0,0
17788,374,51886,0,64,0,0,1,0,0,0,0,0,0
17789,374,52138,0,0,0,0,1,0,0,0,0,0,0
17790,374,52136,0,0,0,0,1,0,0,0,0,0,0
17791,374,52134,0,0,0,0,1,0,0,0,0,0,0
17792,374,52131,0,0,0,0,1,0,0,0,0,0,0
17793,374,52129,0,0,0,0,1,0,0,0,0,0,0
17794,374,52127,0,0,0,0,1,0,0,0,0,0,0
19236,374,55166,0,0,0,0,1,0,0,0,0,0,0
19237,374,55198,0,0,0,0,1,0,0,0,0,0,0
19965,374,57960,0,64,0,0,1,0,0,0,0,0,0
20073,374,58755,0,64,0,0,1,0,0,0,0,0,0
20074,374,58756,0,64,0,0,1,0,0,0,0,0,0
20075,374,58757,0,64,0,0,1,0,0,0,0,0,0
20076,374,58771,0,64,0,0,1,0,0,0,0,0,0
20077,374,58773,0,64,0,0,1,0,0,0,0,0,0
20078,374,58774,0,64,0,0,1,0,0,0,0,0,0
20159,374,55458,0,64,0,0,1,0,0,0,0,0,0
20160,374,55459,0,64,0,0,1,0,0,0,0,0,0
20508,374,61295,0,0,0,0,1,0,0,0,0,0,0
20509,374,61299,0,0,0,0,1,0,0,0,0,0,0
20510,374,61300,0,0,0,0,1,0,0,0,0,0,0
20511,374,61301,0,0,0,0,1,0,0,0,0,0,0
21077,374,55533,0,0,0,0,1,0,0,0,0,0,0
21245,374,526,0,0,0,0,1,0,0,0,0,0,0
21613,374,70809,0,0,0,0,1,0,0,0,0,0,0
4456,375,5730,0,64,0,0,1,0,0,0,0,0,0
4457,375,6390,0,64,0,0,1,0,0,0,0,0,0
4458,375,6391,0,64,0,0,1,0,0,0,0,0,0
4459,375,6392,0,64,0,0,1,0,0,0,0,0,0
4468,375,8042,0,64,0,0,1,0,0,0,0,0,0
4469,375,8044,0,64,0,0,1,0,0,0,0,0,0
4470,375,8045,0,64,0,0,1,0,0,0,0,0,0
4471,375,8046,0,64,0,0,1,0,0,0,0,0,0
4481,375,2484,0,64,0,0,1,0,0,0,0,0,0
5576,375,10412,0,64,0,0,1,0,0,0,0,0,0
5577,375,10413,0,64,0,0,1,0,0,0,0,0,0
5578,375,10414,0,64,0,0,1,0,0,0,0,0,0
5590,375,10427,0,64,0,0,1,0,0,0,0,0,0
5591,375,10428,0,64,0,0,1,0,0,0,0,0,0
8703,375,370,0,64,0,0,1,0,0,0,0,0,0
8704,375,8012,0,64,0,0,1,0,0,0,0,0,0
8705,375,8050,0,64,0,0,1,0,0,0,0,0,0
8706,375,8052,0,64,0,0,1,0,0,0,0,0,0
8707,375,8053,0,64,0,0,1,0,0,0,0,0,0
8708,375,10447,0,64,0,0,1,0,0,0,0,0,0
8709,375,10448,0,64,0,0,1,0,0,0,0,0,0
8710,375,8056,0,64,0,0,1,0,0,0,0,0,0
8711,375,8058,0,64,0,0,1,0,0,0,0,0,0
8712,375,10472,0,64,0,0,1,0,0,0,0,0,0
8713,375,10473,0,64,0,0,1,0,0,0,0,0,0
8714,375,403,0,64,0,0,1,0,2,0,0,0,0
8715,375,15208,0,64,0,0,1,0,0,0,0,0,0
8716,375,529,0,64,0,0,1,0,0,0,0,0,0
8717,375,548,0,64,0,0,1,0,0,0,0,0,0
8718,375,943,0,64,0,0,1,0,0,0,0,0,0
8719,375,915,0,64,0,0,1,0,0,0,0,0,0
8720,375,6041,0,64,0,0,1,0,0,0,0,0,0
8721,375,10391,0,64,0,0,1,0,0,0,0,0,0
8722,375,10392,0,64,0,0,1,0,0,0,0,0,0
8723,375,15207,0,64,0,0,1,0,0,0,0,0,0
8724,375,421,0,64,0,0,1,0,0,0,0,0,0
8725,375,930,0,64,0,0,1,0,0,0,0,0,0
8726,375,2860,0,64,0,0,1,0,0,0,0,0,0
8727,375,10605,0,64,0,0,1,0,0,0,0,0,0
8728,375,3599,0,64,0,0,1,0,0,0,0,0,0
8729,375,6363,0,64,0,0,1,0,0,0,0,0,0
8730,375,6364,0,64,0,0,1,0,0,0,0,0,0
8731,375,6365,0,64,0,0,1,0,0,0,0,0,0
8732,375,10437,0,64,0,0,1,0,0,0,0,0,0
8733,375,10438,0,64,0,0,1,0,0,0,0,0,0
8734,375,1535,0,64,0,0,1,0,0,0,0,0,0
8735,375,8498,0,64,0,0,1,0,0,0,0,0,0
8736,375,8499,0,64,0,0,1,0,0,0,0,0,0
8737,375,11314,0,64,0,0,1,0,0,0,0,0,0
8738,375,11315,0,64,0,0,1,0,0,0,0,0,0
8743,375,8190,0,64,0,0,1,0,0,0,0,0,0
8744,375,10585,0,64,0,0,1,0,0,0,0,0,0
8745,375,10586,0,64,0,0,1,0,0,0,0,0,0
8746,375,10587,0,64,0,0,1,0,0,0,0,0,0
8816,375,16038,0,0,0,0,1,0,0,0,0,0,0
8817,375,16160,0,0,0,0,1,0,0,0,0,0,0
8818,375,16161,0,0,0,0,1,0,0,0,0,0,0
8821,375,16041,0,0,0,0,1,0,0,0,0,0,0
8826,375,16035,0,0,0,0,1,0,0,0,0,0,0
8827,375,16105,0,0,0,0,1,0,0,0,0,0,0
8828,375,16106,0,0,0,0,1,0,0,0,0,0,0
8829,375,16107,0,0,0,0,1,0,0,0,0,0,0
8830,375,16108,0,0,0,0,1,0,0,0,0,0,0
8831,375,16039,0,0,0,0,1,0,0,0,0,0,0
8832,375,16109,0,0,0,0,1,0,0,0,0,0,0
8833,375,16110,0,0,0,0,1,0,0,0,0,0,0
8834,375,16111,0,0,0,0,1,0,0,0,0,0,0
8835,375,16112,0,0,0,0,1,0,0,0,0,0,0
8836,375,16164,0,0,0,0,1,0,0,0,0,0,0
8837,375,16089,0,0,0,0,1,0,0,0,0,0,0
8838,375,16166,0,0,0,0,1,0,0,0,0,0,0
8858,375,16040,0,0,0,0,1,0,0,0,0,0,0
8859,375,16113,0,0,0,0,1,0,0,0,0,0,0
8860,375,16114,0,0,0,0,1,0,0,0,0,0,0
8861,375,16115,0,0,0,0,1,0,0,0,0,0,0
8862,375,16116,0,0,0,0,1,0,0,0,0,0,0
9142,375,16086,0,0,0,0,1,0,0,0,0,0,0
9143,375,16544,0,0,0,0,1,0,0,0,0,0,0
10316,375,16578,0,0,0,0,1,0,0,0,0,0,0
10317,375,16579,0,0,0,0,1,0,0,0,0,0,0
10318,375,16580,0,0,0,0,1,0,0,0,0,0,0
10319,375,16581,0,0,0,0,1,0,0,0,0,0,0
10320,375,16582,0,0,0,0,1,0,0,0,0,0,0
13155,375,2894,0,0,0,0,1,0,0,0,0,0,0
13270,375,25439,0,64,0,0,1,0,0,0,0,0,0
13271,375,25442,0,64,0,0,1,0,0,0,0,0,0
13273,375,25448,0,64,0,0,1,0,0,0,0,0,0
13274,375,25449,0,64,0,0,1,0,0,0,0,0,0
13276,375,25454,0,64,0,0,1,0,0,0,0,0,0
13278,375,25457,0,64,0,0,1,0,0,0,0,0,0
13281,375,25464,0,64,0,0,1,0,0,0,0,0,0
13298,375,25525,0,64,0,0,1,0,0,0,0,0,0
13302,375,25533,0,64,0,0,1,0,0,0,0,0,0
13304,375,25546,0,64,0,0,1,0,0,0,0,0,0
13305,375,25547,0,64,0,0,1,0,0,0,0,0,0
13306,375,25552,0,64,0,0,1,0,0,0,0,0,0
14050,375,28996,0,64,0,0,1,0,0,0,0,0,0
14051,375,28997,0,64,0,0,1,0,0,0,0,0,0
14052,375,28998,0,64,0,0,1,0,0,0,0,0,0
14053,375,28999,0,64,0,0,1,0,0,0,0,0,0
14054,375,29000,0,64,0,0,1,0,0,0,0,0,0
14055,375,29062,0,64,0,0,1,0,0,0,0,0,0
14056,375,29064,0,64,0,0,1,0,0,0,0,0,0
14057,375,29065,0,64,0,0,1,0,0,0,0,0,0
14096,375,29179,0,64,0,0,1,0,0,0,0,0,0
14097,375,29180,0,64,0,0,1,0,0,0,0,0,0
14099,375,29177,0,64,0,0,1,0,0,0,0,0,0
14100,375,29178,0,64,0,0,1,0,0,0,0,0,0
14110,375,29228,0,64,0,0,1,0,0,0,0,0,0
14307,375,30160,0,64,0,0,1,0,0,0,0,0,0
14308,375,30165,0,0,0,0,1,0,0,0,0,0,0
14410,375,30664,0,64,0,0,1,0,0,0,0,0,0
14411,375,30665,0,64,0,0,1,0,0,0,0,0,0
14412,375,30666,0,64,0,0,1,0,0,0,0,0,0
14415,375,30669,0,64,0,0,1,0,0,0,0,0,0
14416,375,30670,0,64,0,0,1,0,0,0,0,0,0
14417,375,30671,0,64,0,0,1,0,0,0,0,0,0
14423,375,30672,0,64,0,0,1,0,0,0,0,0,0
14424,375,30673,0,64,0,0,1,0,0,0,0,0,0
14425,375,30674,0,64,0,0,1,0,0,0,0,0,0
14426,375,30675,0,64,0,0,1,0,0,0,0,0,0
14427,375,30678,0,64,0,0,1,0,0,0,0,0,0
14428,375,30679,0,64,0,0,1,0,0,0,0,0,0
14431,375,30706,0,64,0,0,1,0,0,0,0,0,0
14432,375,30708,0,64,0,0,1,0,0,0,0,0,0
16169,375,45297,0,0,0,0,1,0,0,0,0,0,0
16170,375,45298,0,0,0,0,1,0,0,0,0,0,0
16171,375,45299,0,0,0,0,1,0,0,0,0,0,0
16172,375,45300,0,0,0,0,1,0,0,0,0,0,0
16173,375,45301,0,0,0,0,1,0,0,0,0,0,0
16174,375,45302,0,0,0,0,1,0,0,0,0,0,0
16175,375,45284,0,0,0,0,1,0,0,0,0,0,0
16176,375,45294,0,0,0,0,1,0,0,0,0,0,0
16177,375,45295,0,0,0,0,1,0,0,0,0,0,0
16178,375,45296,0,0,0,0,1,0,0,0,0,0,0
16179,375,45286,0,0,0,0,1,0,0,0,0,0,0
16180,375,45287,0,0,0,0,1,0,0,0,0,0,0
16181,375,45288,0,0,0,0,1,0,0,0,0,0,0
16182,375,45289,0,0,0,0,1,0,0,0,0,0,0
16183,375,45290,0,0,0,0,1,0,0,0,0,0,0
16184,375,45291,0,0,0,0,1,0,0,0,0,0,0
16185,375,45292,0,0,0,0,1,0,0,0,0,0,0
16186,375,45293,0,0,0,0,1,0,0,0,0,0,0
16962,375,49230,0,64,0,0,1,0,0,0,0,0,0
16963,375,49231,0,64,0,0,1,0,0,0,0,0,0
16964,375,49232,0,64,0,0,1,0,0,0,0,0,0
16965,375,49233,0,64,0,0,1,0,0,0,0,0,0
16966,375,49235,0,64,0,0,1,0,0,0,0,0,0
16967,375,49236,0,64,0,0,1,0,0,0,0,0,0
16968,375,49237,0,64,0,0,1,0,0,0,0,0,0
16969,375,49239,0,64,0,0,1,0,0,0,0,0,0
16970,375,49240,0,64,0,0,1,0,0,0,0,0,0
16971,375,49238,0,64,0,0,1,0,0,0,0,0,0
16978,375,49268,0,64,0,0,1,0,0,0,0,0,0
16979,375,49270,0,64,0,0,1,0,0,0,0,0,0
16980,375,49269,0,64,0,0,1,0,0,0,0,0,0
16981,375,49271,0,64,0,0,1,0,0,0,0,0,0
17644,375,51466,0,64,0,0,1,0,0,0,0,0,0
17645,375,51470,0,64,0,0,1,0,0,0,0,0,0
17646,375,51474,0,0,0,0,1,0,0,0,0,0,0
17647,375,51478,0,0,0,0,1,0,0,0,0,0,0
17648,375,51479,0,0,0,0,1,0,0,0,0,0,0
17649,375,51480,0,0,0,0,1,0,0,0,0,0,0
17650,375,51481,0,0,0,0,1,0,0,0,0,0,0
17651,375,51482,0,0,0,0,1,0,0,0,0,0,0
17652,375,51505,0,0,0,0,1,0,0,0,0,0,0
17653,375,51514,0,0,0,0,1,0,0,0,0,0,0
17654,375,51483,0,0,0,0,1,0,0,0,0,0,0
17655,375,51485,0,0,0,0,1,0,0,0,0,0,0
17656,375,51486,0,0,0,0,1,0,0,0,0,0,0
17659,375,51490,0,0,0,0,1,0,0,0,0,0,0
19790,375,57720,0,64,0,0,1,0,0,0,0,0,0
19791,375,57721,0,64,0,0,1,0,0,0,0,0,0
19792,375,57722,0,64,0,0,1,0,0,0,0,0,0
19968,375,57994,0,64,0,0,1,0,0,0,0,0,0
20055,375,58580,0,64,0,0,1,0,0,0,0,0,0
20056,375,58581,0,64,0,0,1,0,0,0,0,0,0
20057,375,58582,0,64,0,0,1,0,0,0,0,0,0
20058,375,58699,0,64,0,0,1,0,0,0,0,0,0
20059,375,58703,0,64,0,0,1,0,0,0,0,0,0
20060,375,58704,0,64,0,0,1,0,0,0,0,0,0
20061,375,58731,0,64,0,0,1,0,0,0,0,0,0
20062,375,58734,0,64,0,0,1,0,0,0,0,0,0
20132,375,59156,0,64,0,0,1,0,0,0,0,0,0
20133,375,59158,0,64,0,0,1,0,0,0,0,0,0
20134,375,59159,0,64,0,0,1,0,0,0,0,0,0
20235,375,60043,0,64,0,0,1,0,0,0,0,0,0
20251,375,60184,0,0,0,0,1,0,0,0,0,0,0
20252,375,60185,0,0,0,0,1,0,0,0,0,0,0
20253,375,60187,0,0,0,0,1,0,0,0,0,0,0
20254,375,60188,0,0,0,0,1,0,0,0,0,0,0
20663,375,61649,0,64,0,0,1,0,0,0,0,0,0
20664,375,61657,0,64,0,0,1,0,0,0,0,0,0
20763,375,62097,0,0,0,0,1,0,0,0,0,0,0
20764,375,62098,0,0,0,0,1,0,0,0,0,0,0
20765,375,62099,0,0,0,0,1,0,0,0,0,0,0
20766,375,62100,0,0,0,0,1,0,0,0,0,0,0
20767,375,62101,0,0,0,0,1,0,0,0,0,0,0
20837,375,63370,0,64,0,0,1,0,0,0,0,0,0
20838,375,63372,0,64,0,0,1,0,0,0,0,0,0
20907,375,63373,0,0,0,0,1,0,0,0,0,0,0
20908,375,63374,0,0,0,0,1,0,0,0,0,0,0
20909,375,63685,0,0,0,0,1,0,0,0,0,0,0
21190,375,66842,0,0,0,0,1,0,0,0,0,0,0
21191,375,66843,0,0,0,0,1,0,0,0,0,0,0
21192,375,66844,0,0,0,0,1,0,0,0,0,0,0
21515,375,8349,0,0,0,0,1,0,0,0,0,0,0
21516,375,8502,0,0,0,0,1,0,0,0,0,0,0
21517,375,8503,0,0,0,0,1,0,0,0,0,0,0
21518,375,11306,0,0,0,0,1,0,0,0,0,0,0
21519,375,11307,0,0,0,0,1,0,0,0,0,0,0
21520,375,25535,0,0,0,0,1,0,0,0,0,0,0
21521,375,25537,0,0,0,0,1,0,0,0,0,0,0
21522,375,61650,0,0,0,0,1,0,0,0,0,0,0
21523,375,61654,0,0,0,0,1,0,0,0,0,0,0
21724,375,75461,4095,64,0,0,1,0,2,0,0,0,0
4766,393,8613,0,0,0,0,1,8617,0,0,0,0,0
4767,393,8617,0,0,0,0,1,8618,0,0,0,0,0
4768,393,8618,0,0,0,0,1,10768,0,0,0,0,0
5746,393,10768,0,0,0,0,1,32678,0,0,0,0,0
14907,393,32678,0,0,0,0,1,50305,0,0,0,0,0
17444,393,50305,0,0,0,0,1,0,0,0,0,0,0
17993,393,53125,0,0,0,0,75,53662,1,0,0,0,0
18277,393,53662,0,0,0,0,150,53663,1,0,0,0,0
18278,393,53663,0,0,0,0,225,53664,1,0,0,0,0
18279,393,53664,0,0,0,0,300,53665,1,0,0,0,0
18280,393,53665,0,0,0,0,375,53666,1,0,0,0,0
18281,393,53666,0,0,0,0,450,0,1,0,0,0,0
4997,413,8737,0,103,0,0,1,0,2,0,0,0,0
4998,414,9077,0,1135,0,0,1,0,2,0,0,0,0
4999,415,9078,0,1535,0,0,1,0,2,0,0,0,0
5006,433,9116,0,67,0,0,1,0,2,0,0,0,0
8438,473,15590,0,1101,0,0,1,0,2,0,0,0,0
5786,533,10861,0,0,0,0,1,0,0,0,0,0,0
5806,553,10907,0,0,0,0,1,0,1,0,0,0,0
5807,554,10906,0,0,0,0,1,0,0,0,0,0,0
6261,573,5185,0,1024,0,0,1,0,2,0,0,0,0
6262,573,5186,0,1024,0,0,1,0,0,0,0,0,0
6263,573,5187,0,1024,0,0,1,0,0,0,0,0,0
6264,573,5188,0,1024,0,0,1,0,0,0,0,0,0
6265,573,5189,0,1024,0,0,1,0,0,0,0,0,0
6266,573,6778,0,1024,0,0,1,0,0,0,0,0,0
6267,573,8903,0,1024,0,0,1,0,0,0,0,0,0
6268,573,9758,0,1024,0,0,1,0,0,0,0,0,0
6269,573,9888,0,1024,0,0,1,0,0,0,0,0,0
6270,573,9889,0,1024,0,0,1,0,0,0,0,0,0
6271,573,1126,0,1024,0,0,1,0,0,0,0,0,0
6272,573,5232,0,1024,0,0,1,0,0,0,0,0,0
6273,573,6756,0,1024,0,0,1,0,0,0,0,0,0
6274,573,5234,0,1024,0,0,1,0,0,0,0,0,0
6275,573,8907,0,1024,0,0,1,0,0,0,0,0,0
6276,573,9884,0,1024,0,0,1,0,0,0,0,0,0
6277,573,9885,0,1024,0,0,1,0,0,0,0,0,0
6278,573,774,0,1024,0,0,1,0,0,0,0,0,0
6279,573,1058,0,1024,0,0,1,0,0,0,0,0,0
6280,573,1430,0,1024,0,0,1,0,0,0,0,0,0
6281,573,2090,0,1024,0,0,1,0,0,0,0,0,0
6282,573,2091,0,1024,0,0,1,0,0,0,0,0,0
6283,573,3627,0,1024,0,0,1,0,0,0,0,0,0
6284,573,8910,0,1024,0,0,1,0,0,0,0,0,0
6285,573,9839,0,1024,0,0,1,0,0,0,0,0,0
6286,573,9840,0,1024,0,0,1,0,0,0,0,0,0
6287,573,9841,0,1024,0,0,1,0,0,0,0,0,0
6296,573,8936,0,1024,0,0,1,0,0,0,0,0,0
6297,573,8938,0,1024,0,0,1,0,0,0,0,0,0
6298,573,8939,0,1024,0,0,1,0,0,0,0,0,0
6299,573,8940,0,1024,0,0,1,0,0,0,0,0,0
6300,573,8941,0,1024,0,0,1,0,0,0,0,0,0
6301,573,9750,0,1024,0,0,1,0,0,0,0,0,0
6302,573,9856,0,1024,0,0,1,0,0,0,0,0,0
6303,573,9857,0,1024,0,0,1,0,0,0,0,0,0
6304,573,9858,0,1024,0,0,1,0,0,0,0,0,0
6305,573,740,0,1024,0,0,1,0,0,0,0,0,0
6306,573,8918,0,1024,0,0,1,0,0,0,0,0,0
6307,573,9862,0,1024,0,0,1,0,0,0,0,0,0
6308,573,9863,0,1024,0,0,1,0,0,0,0,0,0
6349,573,2893,0,1024,0,0,1,0,0,0,0,0,0
6350,573,3137,0,1024,0,0,1,0,0,0,0,0,0
6351,573,8946,0,1024,0,0,1,0,0,0,0,0,0
6352,573,2782,0,1024,0,0,1,0,0,0,0,0,0
9513,573,17056,0,0,0,0,1,0,0,0,0,0,0
9514,573,17058,0,0,0,0,1,0,0,0,0,0,0
9515,573,17059,0,0,0,0,1,0,0,0,0,0,0
9516,573,17060,0,0,0,0,1,0,0,0,0,0,0
9517,573,17061,0,0,0,0,1,0,0,0,0,0,0
9518,573,17050,0,0,0,0,1,0,0,0,0,0,0
9519,573,17051,0,0,0,0,1,0,0,0,0,0,0
9523,573,17063,0,0,0,0,1,0,0,0,0,0,0
9524,573,17065,0,0,0,0,1,0,0,0,0,0,0
9525,573,17066,0,0,0,0,1,0,0,0,0,0,0
9528,573,17069,0,0,0,0,1,0,0,0,0,0,0
9529,573,17070,0,0,0,0,1,0,0,0,0,0,0
9530,573,17071,0,0,0,0,1,0,0,0,0,0,0
9531,573,17072,0,0,0,0,1,0,0,0,0,0,0
9532,573,17073,0,0,0,0,1,0,0,0,0,0,0
9533,573,17074,0,0,0,0,1,0,0,0,0,0,0
9534,573,17075,0,0,0,0,1,0,0,0,0,0,0
9535,573,17076,0,0,0,0,1,0,0,0,0,0,0
9536,573,17077,0,0,0,0,1,0,0,0,0,0,0
9537,573,17078,0,0,0,0,1,0,0,0,0,0,0
9545,573,17104,0,1024,0,0,1,0,0,0,0,0,0
9546,573,17106,0,0,0,0,1,0,0,0,0,0,0
9547,573,17107,0,0,0,0,1,0,0,0,0,0,0
9548,573,17108,0,0,0,0,1,0,0,0,0,0,0
9551,573,17111,0,0,0,0,1,0,0,0,0,0,0
9552,573,17112,0,0,0,0,1,0,0,0,0,0,0
9553,573,17113,0,0,0,0,1,0,0,0,0,0,0
9556,573,17116,0,0,0,0,1,0,0,0,0,0,0
9557,573,17118,0,0,0,0,1,0,0,0,0,0,0
9558,573,17119,0,0,0,0,1,0,0,0,0,0,0
9559,573,17120,0,0,0,0,1,0,0,0,0,0,0
9562,573,17123,0,0,0,0,1,0,0,0,0,0,0
9563,573,17124,0,0,0,0,1,0,0,0,0,0,0
10486,573,18562,0,0,0,0,1,0,0,0,0,0,0
11656,573,20484,0,1024,0,0,1,0,0,0,0,0,0
11785,573,20739,0,1024,0,0,1,0,0,0,0,0,0
11786,573,20742,0,1024,0,0,1,0,0,0,0,0,0
11787,573,20747,0,1024,0,0,1,0,0,0,0,0,0
11788,573,20748,0,1024,0,0,1,0,0,0,0,0,0
12096,573,21849,0,1024,0,0,1,0,0,0,0,0,0
12097,573,21850,0,1024,0,0,1,0,0,0,0,0,0
13088,573,24943,0,1024,0,0,1,0,0,0,0,0,0
13089,573,24944,0,1024,0,0,1,0,0,0,0,0,0
13090,573,24945,0,1024,0,0,1,0,0,0,0,0,0
13091,573,24946,0,1024,0,0,1,0,0,0,0,0,0
13094,573,24968,0,1024,0,0,1,0,0,0,0,0,0
13095,573,24969,0,1024,0,0,1,0,0,0,0,0,0
13096,573,24970,0,1024,0,0,1,0,0,0,0,0,0
13097,573,24971,0,1024,0,0,1,0,0,0,0,0,0
13098,573,24972,0,1024,0,0,1,0,0,0,0,0,0
13236,573,25299,0,1024,0,0,1,0,0,0,0,0,0
13237,573,25297,0,1024,0,0,1,0,0,0,0,0,0
13559,573,26978,0,1024,0,0,1,0,0,0,0,0,0
13560,573,26979,0,1024,0,0,1,0,0,0,0,0,0
13561,573,26980,0,1024,0,0,1,0,0,0,0,0,0
13562,573,26981,0,1024,0,0,1,0,0,0,0,0,0
13563,573,26982,0,1024,0,0,1,0,0,0,0,0,0
13564,573,26983,0,1024,0,0,1,0,0,0,0,0,0
13574,573,26990,0,1024,0,0,1,0,0,0,0,0,0
13575,573,26991,0,1024,0,0,1,0,0,0,0,0,0
13579,573,26994,0,1024,0,0,1,0,0,0,0,0,0
15049,573,33763,0,1024,0,0,1,0,0,0,0,0,0
15077,573,33879,0,1024,0,0,1,0,0,0,0,0,0
15078,573,33880,0,1024,0,0,1,0,0,0,0,0,0
15079,573,33886,0,1024,0,0,1,0,0,0,0,0,0
15080,573,33887,0,1024,0,0,1,0,0,0,0,0,0
15081,573,33888,0,1024,0,0,1,0,0,0,0,0,0
15082,573,33889,0,1024,0,0,1,0,0,0,0,0,0
15083,573,33890,0,1024,0,0,1,0,0,0,0,0,0
15084,573,33881,0,1024,0,0,1,0,0,0,0,0,0
15085,573,33882,0,1024,0,0,1,0,0,0,0,0,0
15086,573,33883,0,1024,0,0,1,0,0,0,0,0,0
15089,573,33891,0,1024,0,0,1,0,0,0,0,0,0
15152,573,34151,0,1024,0,0,1,0,0,0,0,0,0
15153,573,34152,0,1024,0,0,1,0,0,0,0,0,0
15154,573,34153,0,1024,0,0,1,0,0,0,0,0,0
15413,573,16864,0,1024,0,0,1,0,0,0,0,0,0
15414,573,16833,0,1024,0,0,1,0,0,0,0,0,0
15415,573,16834,0,1024,0,0,1,0,0,0,0,0,0
15416,573,16835,0,1024,0,0,1,0,0,0,0,0,0
16614,573,48377,0,1024,0,0,1,0,0,0,0,0,0
16615,573,48378,0,1024,0,0,1,0,0,0,0,0,0
16619,573,48435,0,0,0,0,1,0,0,0,0,0,0
16620,573,48436,0,0,0,0,1,0,0,0,0,0,0
16621,573,48437,0,0,0,0,1,0,0,0,0,0,0
16622,573,48440,0,1024,0,0,1,0,0,0,0,0,0
16623,573,48441,0,1024,0,0,1,0,0,0,0,0,0
16624,573,48442,0,1024,0,0,1,0,0,0,0,0,0
16625,573,48443,0,1024,0,0,1,0,0,0,0,0,0
16626,573,48450,0,1024,0,0,1,0,0,0,0,0,0
16627,573,48451,0,1024,0,0,1,0,0,0,0,0,0
16641,573,48469,0,1024,0,0,1,0,0,0,0,0,0
16642,573,48470,0,1024,0,0,1,0,0,0,0,0,0
16645,573,48477,0,1024,0,0,1,0,0,0,0,0,0
17355,573,48539,0,0,0,0,1,0,0,0,0,0,0
17356,573,48544,0,0,0,0,1,0,0,0,0,0,0
17357,573,48545,0,0,0,0,1,0,0,0,0,0,0
17358,573,48535,0,0,0,0,1,0,0,0,0,0,0
17359,573,48536,0,0,0,0,1,0,0,0,0,0,0
17360,573,48537,0,0,0,0,1,0,0,0,0,0,0
17361,573,48496,0,0,0,0,1,0,0,0,0,0,0
17362,573,48499,0,0,0,0,1,0,0,0,0,0,0
17363,573,48500,0,0,0,0,1,0,0,0,0,0,0
17366,573,48438,0,1024,0,0,1,0,0,0,0,0,0
17455,573,50464,0,1024,0,0,1,0,0,0,0,0,0
17528,573,50769,0,0,0,0,1,0,0,0,0,0,0
17529,573,50768,0,0,0,0,1,0,0,0,0,0,0
17530,573,50767,0,0,0,0,1,0,0,0,0,0,0
17531,573,50766,0,0,0,0,1,0,0,0,0,0,0
17532,573,50765,0,0,0,0,1,0,0,0,0,0,0
17533,573,50764,0,0,0,0,1,0,0,0,0,0,0
17534,573,50763,0,0,0,0,1,0,0,0,0,0,0
17961,573,51179,0,0,0,0,1,0,0,0,0,0,0
17962,573,51180,0,0,0,0,1,0,0,0,0,0,0
17963,573,51181,0,0,0,0,1,0,0,0,0,0,0
17964,573,51182,0,0,0,0,1,0,0,0,0,0,0
17965,573,51183,0,0,0,0,1,0,0,0,0,0,0
18166,573,53248,0,1024,0,0,1,0,0,0,0,0,0
18167,573,53249,0,1024,0,0,1,0,0,0,0,0,0
18168,573,53251,0,1024,0,0,1,0,0,0,0,0,0
19960,573,48446,0,1024,0,0,1,0,0,0,0,0,0
19961,573,48447,0,1024,0,0,1,0,0,0,0,0,0
20839,573,63410,0,0,0,0,1,0,0,0,0,0,0
20840,573,63411,0,0,0,0,1,0,0,0,0,0,0
21039,573,5420,0,0,0,0,1,0,0,0,0,0,0
21049,573,65139,0,1024,0,0,1,0,0,0,0,0,0
21075,573,54755,0,0,0,0,1,0,0,0,0,0,0
21079,573,64801,0,0,0,0,1,0,0,0,0,0,0
21102,573,66530,0,1024,0,0,1,0,2,0,0,0,0
21269,573,44203,0,0,0,0,1,0,0,0,0,0,0
21270,573,44205,0,0,0,0,1,0,0,0,0,0,0
21271,573,44206,0,0,0,0,1,0,0,0,0,0,0
21272,573,44207,0,0,0,0,1,0,0,0,0,0,0
21273,573,44208,0,0,0,0,1,0,0,0,0,0,0
21274,573,48444,0,0,0,0,1,0,0,0,0,0,0
21275,573,48445,0,0,0,0,1,0,0,0,0,0,0
6309,574,467,0,1024,0,0,1,0,0,0,0,0,0
6310,574,782,0,1024,0,0,1,0,0,0,0,0,0
6311,574,1075,0,1024,0,0,1,0,0,0,0,0,0
6312,574,8914,0,1024,0,0,1,0,0,0,0,0,0
6313,574,9756,0,1024,0,0,1,0,0,0,0,0,0
6314,574,9910,0,1024,0,0,1,0,0,0,0,0,0
6315,574,770,0,1024,0,0,1,0,0,0,0,0,0
6319,574,5176,0,1024,0,0,1,0,2,0,0,0,0
6320,574,5177,0,1024,0,0,1,0,0,0,0,0,0
6321,574,5178,0,1024,0,0,1,0,0,0,0,0,0
6322,574,5179,0,1024,0,0,1,0,0,0,0,0,0
6323,574,5180,0,1024,0,0,1,0,0,0,0,0,0
6324,574,6780,0,1024,0,0,1,0,0,0,0,0,0
6325,574,8905,0,1024,0,0,1,0,0,0,0,0,0
6326,574,9912,0,1024,0,0,1,0,0,0,0,0,0
6327,574,2912,0,1024,0,0,1,0,0,0,0,0,0
6328,574,8949,0,1024,0,0,1,0,0,0,0,0,0
6329,574,8950,0,1024,0,0,1,0,0,0,0,0,0
6330,574,8951,0,1024,0,0,1,0,0,0,0,0,0
6331,574,9875,0,1024,0,0,1,0,0,0,0,0,0
6332,574,9876,0,1024,0,0,1,0,0,0,0,0,0
6333,574,8921,0,1024,0,0,1,0,0,0,0,0,0
6334,574,8924,0,1024,0,0,1,0,0,0,0,0,0
6335,574,8925,0,1024,0,0,1,0,0,0,0,0,0
6336,574,8926,0,1024,0,0,1,0,0,0,0,0,0
6337,574,8927,0,1024,0,0,1,0,0,0,0,0,0
6338,574,8928,0,1024,0,0,1,0,0,0,0,0,0
6339,574,8929,0,1024,0,0,1,0,0,0,0,0,0
6340,574,9833,0,1024,0,0,1,0,0,0,0,0,0
6341,574,9834,0,1024,0,0,1,0,0,0,0,0,0
6342,574,9835,0,1024,0,0,1,0,0,0,0,0,0
6343,574,339,0,1024,0,0,1,0,0,0,0,0,0
6344,574,1062,0,1024,0,0,1,0,0,0,0,0,0
6345,574,5195,0,1024,0,0,1,0,0,0,0,0,0
6346,574,5196,0,1024,0,0,1,0,0,0,0,0,0
6347,574,9852,0,1024,0,0,1,0,0,0,0,0,0
6348,574,9853,0,1024,0,0,1,0,0,0,0,0,0
6353,574,2908,0,1024,0,0,1,0,0,0,0,0,0
6354,574,8955,0,1024,0,0,1,0,0,0,0,0,0
6355,574,9901,0,1024,0,0,1,0,0,0,0,0,0
9356,574,16914,0,1024,0,0,1,0,0,0,0,0,0
9364,574,16821,0,0,0,0,1,0,0,0,0,0,0
9365,574,16822,0,0,0,0,1,0,0,0,0,0,0
9369,574,16850,0,0,0,0,1,0,0,0,0,0,0
9374,574,16836,0,0,0,0,1,0,0,0,0,0,0
9375,574,16839,0,0,0,0,1,0,0,0,0,0,0
9376,574,16840,0,0,0,0,1,0,0,0,0,0,0
9379,574,16814,0,0,0,0,1,0,0,0,0,0,0
9380,574,16815,0,0,0,0,1,0,0,0,0,0,0
9381,574,16816,0,0,0,0,1,0,0,0,0,0,0
9382,574,16817,0,0,0,0,1,0,0,0,0,0,0
9383,574,16818,0,0,0,0,1,0,0,0,0,0,0
9384,574,16896,0,0,0,0,1,0,0,0,0,0,0
9385,574,16897,0,0,0,0,1,0,0,0,0,0,0
9386,574,16899,0,0,0,0,1,0,0,0,0,0,0
9389,574,16845,0,0,0,0,1,0,0,0,0,0,0
9390,574,16846,0,0,0,0,1,0,0,0,0,0,0
9391,574,16847,0,0,0,0,1,0,0,0,0,0,0
9394,574,16880,0,0,0,0,1,0,0,0,0,0,0
9395,574,16689,0,1024,0,0,1,16810,0,0,0,0,0
9400,574,16819,0,0,0,0,1,0,0,0,0,0,0
9401,574,16820,0,0,0,0,1,0,0,0,0,0,0
9407,574,16909,0,0,0,0,1,0,0,0,0,0,0
9408,574,16910,0,0,0,0,1,0,0,0,0,0,0
9409,574,16911,0,0,0,0,1,0,0,0,0,0,0
9411,574,16912,0,0,0,0,1,0,0,0,0,0,0
9412,574,16913,0,0,0,0,1,0,0,0,0,0,0
9420,574,16923,0,0,0,0,1,0,0,0,0,0,0
9421,574,16924,0,0,0,0,1,0,0,0,0,0,0
9876,574,16810,0,1024,0,0,1,0,0,0,0,0,0
9877,574,16811,0,1024,0,0,1,0,0,0,0,0,0
9878,574,16812,0,1024,0,0,1,0,0,0,0,0,0
9879,574,16813,0,1024,0,0,1,0,0,0,0,0,0
9891,574,17329,0,1024,0,0,1,0,0,0,0,0,0
9892,574,17401,0,1024,0,0,1,0,0,0,0,0,0
9893,574,17402,0,1024,0,0,1,0,0,0,0,0,0
10499,574,2637,0,1024,0,0,1,0,0,0,0,0,0
10500,574,18657,0,1024,0,0,1,0,0,0,0,0,0
10501,574,18658,0,1024,0,0,1,0,0,0,0,0,0
10737,574,18960,0,1024,0,0,1,0,0,0,0,0,0
12324,574,22812,0,1024,0,0,1,0,0,0,0,0,0
13083,574,24858,0,1024,0,0,1,0,0,0,0,0,0
13084,574,24905,0,1024,0,0,1,0,0,0,0,0,0
13086,574,24907,0,1024,0,0,1,0,0,0,0,0,0
13235,574,25298,0,1024,0,0,1,0,0,0,0,0,0
13565,574,26984,0,1024,0,0,1,0,0,0,0,0,0
13566,574,26988,0,1024,0,0,1,0,0,0,0,0,0
13567,574,26987,0,1024,0,0,1,0,0,0,0,0,0
13568,574,26989,0,1024,0,0,1,0,0,0,0,0,0
13569,574,27009,0,1024,0,0,1,0,0,0,0,0,0
13570,574,26986,0,1024,0,0,1,0,0,0,0,0,0
13571,574,27012,0,1024,0,0,1,0,0,0,0,0,0
13576,574,26992,0,1024,0,0,1,0,0,0,0,0,0
13580,574,26995,0,1024,0,0,1,0,0,0,0,0,0
15057,574,33786,0,1024,0,0,1,0,0,0,0,0,0
15059,574,33831,0,1024,0,0,1,0,0,0,0,0,0
15060,574,33589,0,1024,0,0,1,0,0,0,0,0,0
15061,574,33590,0,1024,0,0,1,0,0,0,0,0,0
15062,574,33591,0,1024,0,0,1,0,0,0,0,0,0
15063,574,33592,0,1024,0,0,1,0,0,0,0,0,0
15064,574,33596,0,1024,0,0,1,0,0,0,0,0,0
15065,574,33597,0,1024,0,0,1,0,0,0,0,0,0
15066,574,33599,0,1024,0,0,1,0,0,0,0,0,0
15068,574,33600,0,1024,0,0,1,0,0,0,0,0,0
15069,574,33601,0,1024,0,0,1,0,0,0,0,0,0
15070,574,33602,0,1024,0,0,1,0,0,0,0,0,0
15071,574,33603,0,1024,0,0,1,0,0,0,0,0,0
15072,574,33604,0,1024,0,0,1,0,0,0,0,0,0
15073,574,33605,0,1024,0,0,1,0,0,0,0,0,0
15074,574,33606,0,1024,0,0,1,0,0,0,0,0,0
15075,574,33607,0,1024,0,0,1,0,0,0,0,0,0
15120,574,33956,0,1024,0,0,1,0,0,0,0,0,0
15158,574,29166,0,1024,0,0,1,0,0,0,0,0,0
15406,574,5570,0,1024,0,0,1,0,0,0,0,0,0
15407,574,24974,0,1024,0,0,1,0,0,0,0,0,0
15408,574,24975,0,1024,0,0,1,0,0,0,0,0,0
15409,574,24976,0,1024,0,0,1,0,0,0,0,0,0
15411,574,24977,0,1024,0,0,1,0,0,0,0,0,0
15412,574,27013,0,1024,0,0,1,0,0,0,0,0,0
15417,574,35363,0,1024,0,0,1,0,0,0,0,0,0
15418,574,35364,0,1024,0,0,1,0,0,0,0,0,0
15611,574,26985,0,1024,0,0,1,0,0,0,0,0,0
15974,574,42231,0,1024,0,0,1,0,0,0,0,0,0
15978,574,42232,0,1024,0,0,1,0,0,0,0,0,0
15979,574,42233,0,1024,0,0,1,0,0,0,0,0,0
15980,574,42230,0,1024,0,0,1,0,0,0,0,0,0
16632,574,48459,0,1024,0,0,1,0,0,0,0,0,0
16633,574,48461,0,1024,0,0,1,0,0,0,0,0,0
16634,574,48462,0,1024,0,0,1,0,0,0,0,0,0
16635,574,48463,0,1024,0,0,1,0,0,0,0,0,0
16636,574,48464,0,1024,0,0,1,0,0,0,0,0,0
16637,574,48465,0,1024,0,0,1,0,0,0,0,0,0
16638,574,48466,0,1024,0,0,1,0,0,0,0,0,0
16639,574,48467,0,0,0,0,1,0,0,0,0,0,0
16640,574,48468,0,1024,0,0,1,0,0,0,0,0,0
17321,574,48488,0,0,0,0,1,0,0,0,0,0,0
17322,574,48514,0,0,0,0,1,0,0,0,0,0,0
17324,574,48516,0,0,0,0,1,0,0,0,0,0,0
17325,574,48521,0,0,0,0,1,0,0,0,0,0,0
17326,574,48525,0,0,0,0,1,0,0,0,0,0,0
17327,574,48506,0,0,0,0,1,0,0,0,0,0,0
17328,574,48510,0,0,0,0,1,0,0,0,0,0,0
17329,574,48511,0,0,0,0,1,0,0,0,0,0,0
17332,574,48505,0,0,0,0,1,0,0,0,0,0,0
17333,574,48389,0,0,0,0,1,0,0,0,0,0,0
17334,574,48392,0,0,0,0,1,0,0,0,0,0,0
17335,574,48393,0,0,0,0,1,0,0,0,0,0,0
17336,574,48384,0,0,0,0,1,0,0,0,0,0,0
17337,574,48395,0,0,0,0,1,0,0,0,0,0,0
17338,574,48396,0,0,0,0,1,0,0,0,0,0,0
17467,574,50516,0,1024,0,0,1,0,0,0,0,0,0
18025,574,53307,0,1024,0,0,1,0,0,0,0,0,0
18026,574,53312,0,1024,0,0,1,0,0,0,0,0,0
18027,574,53308,0,1024,0,0,1,0,0,0,0,0,0
18169,574,53223,0,1024,0,0,1,0,0,0,0,0,0
18170,574,53225,0,1024,0,0,1,0,0,0,0,0,0
18171,574,53226,0,1024,0,0,1,0,0,0,0,0,0
20105,574,53199,0,0,0,0,1,0,0,0,0,0,0
20106,574,53200,0,0,0,0,1,0,0,0,0,0,0
20107,574,53201,0,0,0,0,1,0,0,0,0,0,0
20446,574,57810,0,0,0,0,1,0,0,0,0,0,0
20447,574,57811,0,0,0,0,1,0,0,0,0,0,0
20448,574,57812,0,0,0,0,1,0,0,0,0,0,0
20449,574,57813,0,0,0,0,1,0,0,0,0,0,0
20450,574,57814,0,0,0,0,1,0,0,0,0,0,0
20451,574,57865,0,0,0,0,1,0,0,0,0,0,0
20455,574,57849,0,0,0,0,1,0,0,0,0,0,0
20456,574,57850,0,0,0,0,1,0,0,0,0,0,0
20457,574,57851,0,0,0,0,1,0,0,0,0,0,0
20625,574,61345,0,0,0,0,1,0,0,0,0,0,0
20626,574,61346,0,0,0,0,1,0,0,0,0,0,0
20662,574,61384,0,1024,0,0,1,0,0,0,0,0,0
20710,574,61391,0,1024,0,0,1,0,0,0,0,0,0
20711,574,61390,0,1024,0,0,1,0,0,0,0,0,0
20712,574,61388,0,1024,0,0,1,0,0,0,0,0,0
20713,574,61387,0,1024,0,0,1,0,0,0,0,0,0
20729,574,53227,0,1024,0,0,1,0,0,0,0,0,0
6408,593,686,0,256,0,0,1,0,2,0,0,0,0
6409,593,695,0,256,0,0,1,0,0,0,0,0,0
6410,593,705,0,256,0,0,1,0,0,0,0,0,0
6411,593,1088,0,256,0,0,1,0,0,0,0,0,0
6412,593,1106,0,256,0,0,1,0,0,0,0,0,0
6413,593,7641,0,256,0,0,1,0,0,0,0,0,0
6414,593,11659,0,256,0,0,1,0,0,0,0,0,0
6415,593,11660,0,256,0,0,1,0,0,0,0,0,0
6416,593,11661,0,256,0,0,1,0,0,0,0,0,0
6417,593,348,0,256,0,0,1,0,0,0,0,0,0
6418,593,707,0,256,0,0,1,0,0,0,0,0,0
6419,593,1094,0,256,0,0,1,0,0,0,0,0,0
6420,593,2941,0,256,0,0,1,0,0,0,0,0,0
6421,593,11665,0,256,0,0,1,0,0,0,0,0,0
6422,593,11667,0,256,0,0,1,0,0,0,0,0,0
6423,593,11668,0,256,0,0,1,0,0,0,0,0,0
6430,593,5740,0,256,0,0,1,0,0,0,0,0,0
6431,593,6219,0,256,0,0,1,0,0,0,0,0,0
6432,593,11677,0,256,0,0,1,0,0,0,0,0,0
6433,593,11678,0,256,0,0,1,0,0,0,0,0,0
6434,593,1949,0,256,0,0,1,0,0,0,0,0,0
6435,593,11683,0,256,0,0,1,0,0,0,0,0,0
6436,593,11684,0,256,0,0,1,0,0,0,0,0,0
6437,593,5857,0,256,0,0,1,0,0,0,0,0,0
6438,593,11681,0,256,0,0,1,0,0,0,0,0,0
6439,593,11682,0,256,0,0,1,0,0,0,0,0,0
10039,593,5676,0,256,0,0,1,0,0,0,0,0,0
10040,593,6353,0,256,0,0,1,0,0,0,0,0,0
10041,593,17778,0,0,0,0,1,0,0,0,0,0,0
10042,593,17779,0,0,0,0,1,0,0,0,0,0,0
10051,593,17788,0,0,0,0,1,0,0,0,0,0,0
10052,593,17789,0,0,0,0,1,0,0,0,0,0,0
10053,593,17790,0,0,0,0,1,0,0,0,0,0,0
10054,593,17791,0,0,0,0,1,0,0,0,0,0,0
10055,593,17792,0,0,0,0,1,0,0,0,0,0,0
10058,593,17780,0,0,0,0,1,0,0,0,0,0,0
10059,593,17793,0,0,0,0,1,0,0,0,0,0,0
10060,593,17796,0,0,0,0,1,0,0,0,0,0,0
10061,593,17801,0,0,0,0,1,0,0,0,0,0,0
10063,593,17802,0,0,0,0,1,0,0,0,0,0,0
10064,593,17803,0,0,0,0,1,0,0,0,0,0,0
10078,593,11668,0,0,0,0,1,0,0,0,0,0,0
10079,593,17833,0,0,0,0,1,0,0,0,0,0,0
10081,593,17834,0,0,0,0,1,0,0,0,0,0,0
10082,593,17815,0,0,0,0,1,0,0,0,0,0,0
10091,593,17877,0,256,0,0,1,0,0,0,0,0,0
10092,593,17917,0,0,0,0,1,0,0,0,0,0,0
10093,593,17918,0,0,0,0,1,0,0,0,0,0,0
10094,593,17919,0,256,0,0,1,0,0,0,0,0,0
10095,593,17920,0,256,0,0,1,0,0,0,0,0,0
10096,593,17921,0,256,0,0,1,0,0,0,0,0,0
10097,593,17922,0,256,0,0,1,0,0,0,0,0,0
10098,593,17923,0,256,0,0,1,0,0,0,0,0,0
10099,593,17924,0,256,0,0,1,0,0,0,0,0,0
10101,593,17927,0,0,0,0,1,0,0,0,0,0,0
10102,593,17929,0,0,0,0,1,0,0,0,0,0,0
10103,593,17930,0,0,0,0,1,0,0,0,0,0,0
10110,593,17954,0,0,0,0,1,0,0,0,0,0,0
10111,593,17955,0,0,0,0,1,0,0,0,0,0,0
10112,593,17956,0,0,0,0,1,0,0,0,0,0,0
10113,593,17957,0,0,0,0,1,0,0,0,0,0,0
10114,593,17958,0,0,0,0,1,0,0,0,0,0,0
10115,593,17959,0,0,0,0,1,0,0,0,0,0,0
10117,593,17962,0,256,0,0,1,0,0,0,0,0,0
10143,593,18093,0,0,0,0,1,0,0,0,0,0,0
10164,593,18119,0,0,0,0,1,0,0,0,0,0,0
10165,593,18120,0,0,0,0,1,0,0,0,0,0,0
10169,593,18126,0,0,0,0,1,0,0,0,0,0,0
10170,593,18127,0,0,0,0,1,0,0,0,0,0,0
10173,593,18130,0,0,0,0,1,0,0,0,0,0,0
10178,593,18135,0,0,0,0,1,0,0,0,0,0,0
10179,593,18136,0,0,0,0,1,0,0,0,0,0,0
10376,593,18096,0,0,0,0,1,0,0,0,0,0,0
10377,593,18073,0,0,0,0,1,0,0,0,0,0,0
10656,593,18867,0,256,0,0,1,0,0,0,0,0,0
10657,593,18868,0,256,0,0,1,0,0,0,0,0,0
10658,593,18869,0,256,0,0,1,0,0,0,0,0,0
10659,593,18870,0,256,0,0,1,0,0,0,0,0,0
10660,593,18871,0,256,0,0,1,0,0,0,0,0,0
13247,593,25307,0,256,0,0,1,0,0,0,0,0,0
13248,593,25309,0,256,0,0,1,0,0,0,0,0,0
13723,593,27209,0,256,0,0,1,0,0,0,0,0,0
13724,593,27215,0,256,0,0,1,0,0,0,0,0,0
13726,593,27210,0,256,0,0,1,0,0,0,0,0,0
13727,593,27212,0,256,0,0,1,0,0,0,0,0,0
13728,593,27213,0,256,0,0,1,0,0,0,0,0,0
13729,593,27214,0,256,0,0,1,0,0,0,0,0,0
13730,593,27211,0,256,0,0,1,0,0,0,0,0,0
13731,593,27263,0,256,0,0,1,0,0,0,0,0,0
14160,593,29722,0,256,0,0,1,0,0,0,0,0,0
14326,593,30283,0,256,0,0,1,0,0,0,0,0,0
14327,593,30288,0,256,0,0,1,0,0,0,0,0,0
14328,593,30289,0,256,0,0,1,0,0,0,0,0,0
14329,593,30290,0,256,0,0,1,0,0,0,0,0,0
14330,593,30291,0,256,0,0,1,0,0,0,0,0,0
14331,593,30292,0,256,0,0,1,0,0,0,0,0,0
14332,593,30295,0,256,0,0,1,0,0,0,0,0,0
14333,593,30293,0,256,0,0,1,0,0,0,0,0,0
14334,593,30296,0,256,0,0,1,0,0,0,0,0,0
14335,593,30299,0,256,0,0,1,0,0,0,0,0,0
14336,593,30301,0,256,0,0,1,0,0,0,0,0,0
14337,593,30302,0,256,0,0,1,0,0,0,0,0,0
14810,593,32231,0,256,0,0,1,0,0,0,0,0,0
14844,593,30413,0,256,0,0,1,0,0,0,0,0,0
14845,593,30414,0,256,0,0,1,0,0,0,0,0,0
15311,593,34935,0,256,0,0,1,0,0,0,0,0,0
15312,593,34938,0,256,0,0,1,0,0,0,0,0,0
15313,593,34939,0,256,0,0,1,0,0,0,0,0,0
15314,593,34936,0,256,0,0,1,0,0,0,0,0,0
15352,593,30459,0,256,0,0,1,0,0,0,0,0,0
15608,593,30545,0,256,0,0,1,0,0,0,0,0,0
15650,593,30546,0,256,0,0,1,0,0,0,0,0,0
15992,593,42223,0,256,0,0,1,0,0,0,0,0,0
15993,593,42224,0,256,0,0,1,0,0,0,0,0,0
15994,593,42225,0,256,0,0,1,0,0,0,0,0,0
15995,593,42226,0,256,0,0,1,0,0,0,0,0,0
15996,593,42218,0,256,0,0,1,0,0,0,0,0,0
16436,593,47808,0,256,0,0,1,0,0,0,0,0,0
16437,593,47809,0,256,0,0,1,0,0,0,0,0,0
16438,593,47810,0,256,0,0,1,0,0,0,0,0,0
16439,593,47811,0,256,0,0,1,0,0,0,0,0,0
16442,593,47814,0,256,0,0,1,0,0,0,0,0,0
16443,593,47815,0,256,0,0,1,0,0,0,0,0,0
16444,593,47819,0,256,0,0,1,0,0,0,0,0,0
16445,593,47820,0,256,0,0,1,0,0,0,0,0,0
16446,593,47817,0,256,0,0,1,0,0,0,0,0,0
16447,593,47818,0,256,0,0,1,0,0,0,0,0,0
16448,593,47823,0,256,0,0,1,0,0,0,0,0,0
16449,593,47822,0,256,0,0,1,0,0,0,0,0,0
16450,593,47824,0,256,0,0,1,0,0,0,0,0,0
16451,593,47825,0,256,0,0,1,0,0,0,0,0,0
16452,593,47826,0,256,0,0,1,0,0,0,0,0,0
16453,593,47827,0,256,0,0,1,0,0,0,0,0,0
16460,593,47837,0,256,0,0,1,0,0,0,0,0,0
16461,593,47838,0,256,0,0,1,0,0,0,0,0,0
16464,593,47846,0,256,0,0,1,0,0,0,0,0,0
16465,593,47847,0,256,0,0,1,0,0,0,0,0,0
16513,593,47897,0,256,0,0,1,0,0,0,0,0,0
16860,593,47245,0,0,0,0,1,0,0,0,0,0,0
16861,593,47246,0,0,0,0,1,0,0,0,0,0,0
16862,593,47247,0,0,0,0,1,0,0,0,0,0,0
16863,593,47258,0,0,0,0,1,0,0,0,0,0,0
16864,593,47259,0,0,0,0,1,0,0,0,0,0,0
16865,593,47260,0,0,0,0,1,0,0,0,0,0,0
16866,593,47261,0,0,0,0,1,0,0,0,0,0,0
16867,593,47262,0,0,0,0,1,0,0,0,0,0,0
16868,593,47263,0,0,0,0,1,0,0,0,0,0,0
16869,593,47264,0,0,0,0,1,0,0,0,0,0,0
16870,593,47265,0,0,0,0,1,0,0,0,0,0,0
16871,593,47266,0,0,0,0,1,0,0,0,0,0,0
16872,593,47267,0,0,0,0,1,0,0,0,0,0,0
16873,593,47268,0,0,0,0,1,0,0,0,0,0,0
16874,593,47269,0,0,0,0,1,0,0,0,0,0,0
16875,593,47270,0,0,0,0,1,0,0,0,0,0,0
17537,593,50796,0,256,0,0,1,0,0,0,0,0,0
18949,593,54117,0,0,0,0,1,0,0,0,0,0,0
18950,593,54118,0,0,0,0,1,0,0,0,0,0,0
19982,593,58284,0,256,0,0,1,0,2,0,0,0,0
20139,593,59170,0,256,0,0,1,0,0,0,0,0,0
20140,593,59171,0,256,0,0,1,0,0,0,0,0,0
20141,593,59172,0,256,0,0,1,0,0,0,0,0,0
20507,593,61290,0,256,0,0,1,0,0,0,0,0,0
20618,593,59738,0,0,0,0,1,0,0,0,0,0,0
20619,593,59739,0,0,0,0,1,0,0,0,0,0,0
20620,593,59740,0,0,0,0,1,0,0,0,0,0,0
20621,593,59741,0,0,0,0,1,0,0,0,0,0,0
20890,593,63245,0,0,0,0,1,0,0,0,0,0,0
20891,593,63349,0,0,0,0,1,0,0,0,0,0,0
20892,593,63350,0,0,0,0,1,0,0,0,0,0,0
20893,593,63351,0,0,0,0,1,0,0,0,0,0,0
21722,593,75445,0,256,0,0,1,0,2,0,0,0,0
6501,594,635,0,2,0,0,1,0,2,0,0,0,0
6502,594,639,0,2,0,0,1,0,0,0,0,0,0
6503,594,647,0,2,0,0,1,0,0,0,0,0,0
6504,594,1026,0,2,0,0,1,0,0,0,0,0,0
6506,594,3472,0,2,0,0,1,0,0,0,0,0,0
6507,594,10328,0,2,0,0,1,0,0,0,0,0,0
6508,594,10329,0,2,0,0,1,0,0,0,0,0,0
6509,594,633,0,2,0,0,1,2800,0,0,0,0,0
6510,594,2800,0,2,0,0,1,10310,0,0,0,0,0
6511,594,10310,0,2,0,0,1,27154,0,0,0,0,0
6512,594,879,0,2,0,0,1,0,0,0,0,0,0
6513,594,5614,0,2,0,0,1,0,0,0,0,0,0
6514,594,5615,0,2,0,0,1,0,0,0,0,0,0
6515,594,10312,0,2,0,0,1,0,0,0,0,0,0
6516,594,10313,0,2,0,0,1,0,0,0,0,0,0
6517,594,10314,0,2,0,0,1,0,0,0,0,0,0
6518,594,2812,0,2,0,0,1,0,0,0,0,0,0
6519,594,10318,0,2,0,0,1,0,0,0,0,0,0
6521,594,7328,0,2,0,0,1,0,0,0,0,0,0
6526,594,10326,0,2,0,0,1,0,0,0,0,0,0
6527,594,5502,0,2,0,0,1,0,0,0,0,0,0
6528,594,4987,0,2,0,0,1,0,0,0,0,0,0
6529,594,1152,0,2,0,0,1,0,0,0,0,0,0
7594,594,13819,1029,2,0,0,1,0,0,0,0,0,0
11245,594,19742,0,2,0,0,1,0,0,0,0,0,0
11246,594,19850,0,2,0,0,1,0,0,0,0,0,0
11247,594,19852,0,2,0,0,1,0,0,0,0,0,0
11248,594,19853,0,2,0,0,1,0,0,0,0,0,0
11249,594,19854,0,2,0,0,1,0,0,0,0,0,0
11276,594,19750,0,2,0,0,1,0,0,0,0,0,0
11277,594,19939,0,2,0,0,1,0,0,0,0,0,0
11278,594,19940,0,2,0,0,1,0,0,0,0,0,0
11279,594,19941,0,2,0,0,1,0,0,0,0,0,0
11280,594,19942,0,2,0,0,1,0,0,0,0,0,0
11281,594,19943,0,2,0,0,1,0,0,0,0,0,0
11483,594,20205,0,0,0,0,1,0,0,0,0,0,0
11484,594,20206,0,0,0,0,1,0,0,0,0,0,0
11485,594,20207,0,0,0,0,1,0,0,0,0,0,0
11486,594,20209,0,0,0,0,1,0,0,0,0,0,0
11487,594,20208,0,0,0,0,1,0,0,0,0,0,0
11488,594,20216,0,0,0,0,1,0,0,0,0,0,0
11498,594,20234,0,0,0,0,1,0,0,0,0,0,0
11499,594,20235,0,0,0,0,1,0,0,0,0,0,0
11500,594,1042,0,0,0,0,1,0,0,0,0,0,0
11501,594,20237,0,0,0,0,1,0,0,0,0,0,0
11502,594,20238,0,0,0,0,1,0,0,0,0,0,0
11503,594,20239,0,0,0,0,1,0,0,0,0,0,0
11506,594,20244,0,0,0,0,1,0,0,0,0,0,0
11507,594,20245,0,0,0,0,1,0,0,0,0,0,0
11511,594,20249,0,0,0,0,1,0,0,0,0,0,0
11512,594,20250,0,0,0,0,1,0,0,0,0,0,0
11513,594,20251,0,0,0,0,1,0,0,0,0,0,0
11517,594,20257,0,0,0,0,1,0,0,0,0,0,0
11518,594,20258,0,0,0,0,1,0,0,0,0,0,0
11519,594,20259,0,0,0,0,1,0,0,0,0,0,0
11520,594,20260,0,0,0,0,1,0,0,0,0,0,0
11521,594,20261,0,0,0,0,1,0,0,0,0,0,0
11536,594,20154,0,2,0,0,1,21084,2,0,0,0,0
11537,594,20187,0,2,0,0,1,0,0,0,0,0,0
11538,594,20165,0,2,0,0,1,0,0,0,0,0,0
11539,594,20185,0,2,0,0,1,0,0,0,0,0,0
11540,594,20166,0,2,0,0,1,0,0,0,0,0,0
11541,594,20186,0,2,0,0,1,0,0,0,0,0,0
11556,594,20210,0,0,0,0,1,0,0,0,0,0,0
11557,594,20212,0,0,0,0,1,0,0,0,0,0,0
11558,594,20213,0,0,0,0,1,0,0,0,0,0,0
11559,594,20214,0,0,0,0,1,0,0,0,0,0,0
11560,594,20215,0,0,0,0,1,0,0,0,0,0,0
11586,594,20224,0,0,0,0,1,0,0,0,0,0,0
11587,594,20225,0,0,0,0,1,0,0,0,0,0,0
11588,594,20330,0,0,0,0,1,0,0,0,0,0,0
11589,594,20331,0,0,0,0,1,0,0,0,0,0,0
11590,594,20332,0,0,0,0,1,0,0,0,0,0,0
11605,594,20359,0,2,0,0,1,0,0,0,0,0,0
11606,594,20360,0,2,0,0,1,0,0,0,0,0,0
11607,594,20361,0,2,0,0,1,0,0,0,0,0,0
11641,594,20473,0,2,0,0,1,0,0,0,0,0,0
11794,594,10322,0,2,0,0,1,0,0,0,0,0,0
11795,594,10324,0,2,0,0,1,0,0,0,0,0,0
11796,594,20772,0,2,0,0,1,0,0,0,0,0,0
11797,594,20773,0,2,0,0,1,0,0,0,0,0,0
11896,594,20929,0,2,0,0,1,0,0,0,0,0,0
11897,594,20930,0,2,0,0,1,0,0,0,0,0,0
11957,594,21084,0,2,0,0,1,0,2,0,0,0,0
12518,594,23214,1029,2,0,0,1,0,0,0,0,0,0
13229,594,25292,0,2,0,0,1,0,0,0,0,0,0
13230,594,25290,0,2,0,0,1,0,0,0,0,0,0
13349,594,5923,0,2,0,0,1,0,0,0,0,0,0
13350,594,5924,0,2,0,0,1,0,0,0,0,0,0
13351,594,5925,0,2,0,0,1,0,0,0,0,0,0
13354,594,9453,0,2,0,0,1,0,0,0,0,0,0
13355,594,25836,0,2,0,0,1,0,0,0,0,0,0
13366,594,25894,0,2,0,0,1,0,0,0,0,0,0
13394,594,5926,0,2,0,0,1,0,0,0,0,0,0
13395,594,25829,0,2,0,0,1,0,0,0,0,0,0
13421,594,25918,0,2,0,0,1,0,0,0,0,0,0
13444,594,20116,0,2,0,0,1,0,0,0,0,0,0
13445,594,20922,0,2,0,0,1,0,0,0,0,0,0
13446,594,20923,0,2,0,0,1,0,0,0,0,0,0
13447,594,20924,0,2,0,0,1,0,0,0,0,0,0
13453,594,26573,0,2,0,0,1,0,0,0,0,0,0
13664,594,27135,0,2,0,0,1,0,0,0,0,0,0
13665,594,27136,0,2,0,0,1,0,0,0,0,0,0
13666,594,27137,0,2,0,0,1,0,0,0,0,0,0
13667,594,27154,0,2,0,0,1,48788,0,0,0,0,0
13668,594,27138,0,2,0,0,1,0,0,0,0,0,0
13670,594,27139,0,2,0,0,1,0,0,0,0,0,0
13671,594,27173,0,2,0,0,1,0,0,0,0,0,0
13672,594,27174,0,2,0,0,1,0,0,0,0,0,0
13676,594,27176,0,2,0,0,1,0,0,0,0,0,0
13680,594,27175,0,2,0,0,1,0,0,0,0,0,0
13693,594,27142,0,2,0,0,1,0,0,0,0,0,0
13694,594,27143,0,2,0,0,1,0,0,0,0,0,0
13935,594,25912,0,2,0,0,1,0,0,0,0,0,0
13936,594,25911,0,2,0,0,1,0,0,0,0,0,0
13937,594,25902,0,2,0,0,1,0,0,0,0,0,0
13938,594,25914,0,2,0,0,1,0,0,0,0,0,0
13939,594,25913,0,2,0,0,1,0,0,0,0,0,0
13940,594,25903,0,2,0,0,1,0,0,0,0,0,0
14713,594,31842,0,2,0,0,1,0,0,0,0,0,0
14714,594,31837,0,2,0,0,1,0,0,0,0,0,0
14715,594,31838,0,2,0,0,1,0,0,0,0,0,0
14716,594,31839,0,2,0,0,1,0,0,0,0,0,0
14717,594,31840,0,2,0,0,1,0,0,0,0,0,0
14718,594,31841,0,2,0,0,1,0,0,0,0,0,0
14719,594,31833,0,2,0,0,1,0,0,0,0,0,0
14720,594,31835,0,2,0,0,1,0,0,0,0,0,0
14721,594,31836,0,2,0,0,1,0,0,0,0,0,0
14722,594,31834,0,2,0,0,1,0,0,0,0,0,0
14723,594,31828,0,2,0,0,1,0,0,0,0,0,0
14724,594,31829,0,2,0,0,1,0,0,0,0,0,0
14725,594,31830,0,2,0,0,1,0,0,0,0,0,0
14728,594,31825,0,2,0,0,1,0,0,0,0,0,0
14729,594,31826,0,2,0,0,1,0,0,0,0,0,0
14730,594,31822,0,2,0,0,1,0,0,0,0,0,0
14731,594,31823,0,2,0,0,1,0,0,0,0,0,0
14733,594,31821,0,2,0,0,1,0,0,0,0,0,0
14923,594,32841,0,16,0,0,1,0,0,0,0,0,0
14940,594,33072,0,2,0,0,1,0,0,0,0,0,0
14941,594,33073,0,2,0,0,1,0,0,0,0,0,0
14942,594,33074,0,2,0,0,1,0,0,0,0,0,0
15252,594,34767,512,2,0,0,1,0,0,0,0,0,0
15253,594,34769,512,2,0,0,1,0,0,0,0,0,0
16699,594,48781,0,2,0,0,1,0,0,0,0,0,0
16700,594,48782,0,2,0,0,1,0,0,0,0,0,0
16701,594,48784,0,2,0,0,1,0,0,0,0,0,0
16702,594,48785,0,2,0,0,1,0,0,0,0,0,0
16703,594,48788,0,2,0,0,1,0,0,0,0,0,0
16705,594,48800,0,2,0,0,1,0,0,0,0,0,0
16706,594,48801,0,2,0,0,1,0,0,0,0,0,0
16710,594,48816,0,2,0,0,1,0,0,0,0,0,0
16711,594,48817,0,2,0,0,1,0,0,0,0,0,0
16712,594,48818,0,2,0,0,1,0,0,0,0,0,0
16713,594,48819,0,2,0,0,1,0,0,0,0,0,0
16714,594,48824,0,2,0,0,1,0,0,0,0,0,0
16715,594,48825,0,2,0,0,1,0,0,0,0,0,0
16716,594,48822,0,2,0,0,1,0,0,0,0,0,0
16717,594,48823,0,2,0,0,1,0,0,0,0,0,0
16718,594,48820,0,2,0,0,1,0,0,0,0,0,0
16719,594,48821,0,2,0,0,1,0,0,0,0,0,0
16757,594,48935,0,2,0,0,1,0,0,0,0,0,0
16758,594,48936,0,2,0,0,1,0,0,0,0,0,0
16759,594,48937,0,2,0,0,1,0,0,0,0,0,0
16760,594,48938,0,2,0,0,1,0,0,0,0,0,0
16770,594,48949,0,2,0,0,1,0,0,0,0,0,0
16771,594,48950,0,2,0,0,1,0,0,0,0,0,0
18191,594,19746,0,2,0,0,1,0,0,0,0,0,0
18192,594,20254,0,2,0,0,1,0,0,0,0,0,0
18193,594,20255,0,2,0,0,1,0,0,0,0,0,0
18194,594,20256,0,2,0,0,1,0,0,0,0,0,0
18207,594,53551,0,2,0,0,1,0,0,0,0,0,0
18208,594,53552,0,2,0,0,1,0,0,0,0,0,0
18210,594,53556,0,2,0,0,1,0,0,0,0,0,0
18211,594,53557,0,2,0,0,1,0,0,0,0,0,0
18217,594,53563,0,2,0,0,1,0,0,0,0,0,0
18228,594,53569,0,2,0,0,1,0,0,0,0,0,0
18229,594,53576,0,2,0,0,1,0,0,0,0,0,0
18253,594,53601,0,2,0,0,1,0,0,0,0,0,0
18266,594,53651,0,2,0,0,1,0,0,0,0,0,0
18267,594,53652,0,2,0,0,1,0,0,0,0,0,0
18268,594,53653,0,2,0,0,1,0,0,0,0,0,0
18269,594,53654,0,2,0,0,1,0,0,0,0,0,0
18270,594,53655,0,2,0,0,1,0,0,0,0,0,0
18271,594,53656,0,2,0,0,1,0,0,0,0,0,0
18272,594,53657,0,2,0,0,1,0,0,0,0,0,0
18273,594,53659,0,2,0,0,1,0,0,0,0,0,0
18274,594,53553,0,2,0,0,1,0,0,0,0,0,0
18275,594,53660,0,2,0,0,1,0,0,0,0,0,0
18276,594,53661,0,2,0,0,1,0,0,0,0,0,0
18282,594,53671,0,2,0,0,1,0,0,0,0,0,0
18283,594,53673,0,2,0,0,1,0,0,0,0,0,0
18287,594,53672,0,2,0,0,1,0,0,0,0,0,0
18523,594,54149,0,2,0,0,1,0,0,0,0,0,0
18525,594,54151,0,2,0,0,1,0,0,0,0,0,0
18526,594,54154,0,2,0,0,1,0,0,0,0,0,0
18527,594,54155,0,2,0,0,1,0,0,0,0,0,0
18528,594,54152,0,2,0,0,1,0,0,0,0,0,0
18529,594,54153,0,2,0,0,1,0,0,0,0,0,0
18887,594,54428,0,2,0,0,1,0,0,0,0,0,0
21076,594,54968,0,0,0,0,1,0,0,0,0,0,0
21078,594,64891,0,0,0,0,1,0,0,0,0,0,0
21314,594,66922,0,0,0,0,1,0,0,0,0,0,0
7919,613,9484,0,16,0,0,1,0,0,0,0,0,0
7920,613,9485,0,16,0,0,1,0,0,0,0,0,0
7921,613,10955,0,16,0,0,1,0,0,0,0,0,0
7922,613,588,0,16,0,0,1,0,0,0,0,0,0
7923,613,7128,0,16,0,0,1,0,0,0,0,0,0
7924,613,602,0,16,0,0,1,0,0,0,0,0,0
7925,613,1006,0,16,0,0,1,0,0,0,0,0,0
7926,613,10951,0,16,0,0,1,0,0,0,0,0,0
7927,613,10952,0,16,0,0,1,0,0,0,0,0,0
7928,613,17,0,16,0,0,1,0,0,0,0,0,0
7929,613,10901,0,16,0,0,1,0,0,0,0,0,0
7930,613,592,0,16,0,0,1,0,0,0,0,0,0
7931,613,600,0,16,0,0,1,0,0,0,0,0,0
7932,613,3747,0,16,0,0,1,0,0,0,0,0,0
7933,613,6065,0,16,0,0,1,0,0,0,0,0,0
7934,613,6066,0,16,0,0,1,0,0,0,0,0,0
7935,613,10898,0,16,0,0,1,0,0,0,0,0,0
7936,613,10899,0,16,0,0,1,0,0,0,0,0,0
7937,613,10900,0,16,0,0,1,0,0,0,0,0,0
7938,613,1243,0,16,0,0,1,0,0,0,0,0,0
7939,613,1244,0,16,0,0,1,0,0,0,0,0,0
7940,613,1245,0,16,0,0,1,0,0,0,0,0,0
7941,613,2791,0,16,0,0,1,0,0,0,0,0,0
7942,613,10937,0,16,0,0,1,0,0,0,0,0,0
7943,613,10938,0,16,0,0,1,0,0,0,0,0,0
7944,613,8129,0,16,0,0,1,0,0,0,0,0,0
7950,613,527,0,16,0,0,1,0,0,0,0,0,0
7951,613,988,0,16,0,0,1,0,0,0,0,0,0
7956,613,14752,0,16,0,0,1,0,0,0,0,0,0
7958,613,14749,0,0,0,0,1,0,0,0,0,0,0
7960,613,14767,0,0,0,0,1,0,0,0,0,0,0
7961,613,14748,0,0,0,0,1,0,0,0,0,0,0
7962,613,14768,0,0,0,0,1,0,0,0,0,0,0
7963,613,14769,0,0,0,0,1,0,0,0,0,0,0
7964,613,14747,0,0,0,0,1,0,0,0,0,0,0
7965,613,14770,0,0,0,0,1,0,0,0,0,0,0
7966,613,14771,0,0,0,0,1,0,0,0,0,0,0
7967,613,14750,0,0,0,0,1,0,0,0,0,0,0
7968,613,14772,0,0,0,0,1,0,0,0,0,0,0
7971,613,14751,0,0,0,0,1,0,0,0,0,0,0
7972,613,14531,0,16,0,0,1,0,0,0,0,0,0
7973,613,14774,0,16,0,0,1,0,0,0,0,0,0
7974,613,14521,0,0,0,0,1,0,0,0,0,0,0
7975,613,14776,0,0,0,0,1,0,0,0,0,0,0
7976,613,14777,0,0,0,0,1,0,0,0,0,0,0
7979,613,14520,0,0,0,0,1,0,0,0,0,0,0
7980,613,14780,0,0,0,0,1,0,0,0,0,0,0
7981,613,14781,0,0,0,0,1,0,0,0,0,0,0
7984,613,14523,0,0,0,0,1,0,0,0,0,0,0
7985,613,14784,0,0,0,0,1,0,0,0,0,0,0
7986,613,14785,0,0,0,0,1,0,0,0,0,0,0
7989,613,14522,0,0,0,0,1,0,0,0,0,0,0
7990,613,14788,0,0,0,0,1,0,0,0,0,0,0
7991,613,14789,0,0,0,0,1,0,0,0,0,0,0
7992,613,14790,0,0,0,0,1,0,0,0,0,0,0
7993,613,14791,0,0,0,0,1,0,0,0,0,0,0
8003,613,14818,0,16,0,0,1,0,0,0,0,0,0
8004,613,14819,0,16,0,0,1,0,0,0,0,0,0
9580,613,1706,0,16,0,0,1,0,0,0,0,0,0
10479,613,18551,0,0,0,0,1,0,0,0,0,0,0
10480,613,18552,0,0,0,0,1,0,0,0,0,0,0
10481,613,18553,0,0,0,0,1,0,0,0,0,0,0
10482,613,18554,0,0,0,0,1,0,0,0,0,0,0
10483,613,18555,0,0,0,0,1,0,0,0,0,0,0
12042,613,21562,0,16,0,0,1,0,0,0,0,0,0
12043,613,21564,0,16,0,0,1,0,0,0,0,0,0
13187,613,25217,0,16,0,0,1,0,0,0,0,0,0
13188,613,25218,0,16,0,0,1,0,0,0,0,0,0
13195,613,25312,0,16,0,0,1,0,0,0,0,0,0
13255,613,25389,0,16,0,0,1,0,0,0,0,0,0
13256,613,25392,0,16,0,0,1,0,0,0,0,0,0
13264,613,25431,0,16,0,0,1,0,0,0,0,0,0
13809,613,27681,0,16,0,0,1,0,0,0,0,0,0
13831,613,10060,0,16,0,0,1,0,0,0,0,0,0
13840,613,14743,0,16,0,0,1,0,0,0,0,0,0
13841,613,27828,0,16,0,0,1,0,0,0,0,0,0
13848,613,27841,0,16,0,0,1,0,0,0,0,0,0
14823,613,32375,0,16,0,0,1,0,0,0,0,0,0
14939,613,32999,0,16,0,0,1,0,0,0,0,0,0
14959,613,33206,0,16,0,0,1,0,0,0,0,0,0
14975,613,33186,0,16,0,0,1,0,0,0,0,0,0
14976,613,33190,0,16,0,0,1,0,0,0,0,0,0
14979,613,33167,0,16,0,0,1,0,0,0,0,0,0
14980,613,33171,0,16,0,0,1,0,0,0,0,0,0
14981,613,33172,0,16,0,0,1,0,0,0,0,0,0
15289,613,34908,0,16,0,0,1,0,0,0,0,0,0
15290,613,34909,0,16,0,0,1,0,0,0,0,0,0
15291,613,34910,0,16,0,0,1,0,0,0,0,0,0
16049,613,44416,0,16,0,0,1,0,0,0,0,0,0
16161,613,6346,0,16,0,0,1,0,0,0,0,0,0
16163,613,45234,0,16,0,0,1,0,0,0,0,0,0
16164,613,45243,0,16,0,0,1,0,0,0,0,0,0
16165,613,45244,0,16,0,0,1,0,0,0,0,0,0
16166,613,45237,0,16,0,0,1,0,0,0,0,0,0
16167,613,45241,0,16,0,0,1,0,0,0,0,0,0
16168,613,45242,0,16,0,0,1,0,0,0,0,0,0
16521,613,48065,0,16,0,0,1,0,0,0,0,0,0
16522,613,48066,0,16,0,0,1,0,0,0,0,0,0
16528,613,48073,0,16,0,0,1,0,0,0,0,0,0
16529,613,48074,0,16,0,0,1,0,0,0,0,0,0
16562,613,47540,0,0,0,0,1,0,0,0,0,0,0
16563,613,48040,0,16,0,0,1,0,0,0,0,0,0
16577,613,48161,0,16,0,0,1,0,0,0,0,0,0
16578,613,48162,0,16,0,0,1,0,0,0,0,0,0
16581,613,48168,0,16,0,0,1,0,0,0,0,0,0
16903,613,47586,0,0,0,0,1,0,0,0,0,0,0
16904,613,47587,0,0,0,0,1,0,0,0,0,0,0
16905,613,47588,0,0,0,0,1,0,0,0,0,0,0
16906,613,47507,0,0,0,0,1,0,0,0,0,0,0
16907,613,47508,0,0,0,0,1,0,0,0,0,0,0
16908,613,47509,0,0,0,0,1,0,0,0,0,0,0
16909,613,47511,0,0,0,0,1,0,0,0,0,0,0
16910,613,47515,0,0,0,0,1,0,0,0,0,0,0
16911,613,47516,0,0,0,0,1,0,0,0,0,0,0
16912,613,47517,0,0,0,0,1,0,0,0,0,0,0
16914,613,47535,0,0,0,0,1,0,0,0,0,0,0
16915,613,47536,0,0,0,0,1,0,0,0,0,0,0
16916,613,47537,0,0,0,0,1,0,0,0,0,0,0
17039,613,48040,0,0,0,0,1,0,0,0,0,0,0
17040,613,48168,0,0,0,0,1,0,0,0,0,0,0
17941,613,52795,0,0,0,0,1,0,0,0,0,0,0
17942,613,52797,0,0,0,0,1,0,0,0,0,0,0
17943,613,52798,0,0,0,0,1,0,0,0,0,0,0
17944,613,52799,0,0,0,0,1,0,0,0,0,0,0
17945,613,52800,0,0,0,0,1,0,0,0,0,0,0
17970,613,53005,0,0,0,0,1,0,0,0,0,0,0
17971,613,53006,0,0,0,0,1,0,0,0,0,0,0
17972,613,53007,0,0,0,0,1,0,0,0,0,0,0
17973,613,47666,0,0,0,0,1,0,0,0,0,0,0
17977,613,53000,0,0,0,0,1,0,0,0,0,0,0
17978,613,52999,0,0,0,0,1,0,0,0,0,0,0
17979,613,52998,0,0,0,0,1,0,0,0,0,0,0
17980,613,47750,0,0,0,0,1,0,0,0,0,0,0
17981,613,52983,0,0,0,0,1,0,0,0,0,0,0
17982,613,52984,0,0,0,0,1,0,0,0,0,0,0
17983,613,52985,0,0,0,0,1,0,0,0,0,0,0
18005,613,52802,0,0,0,0,1,0,0,0,0,0,0
18006,613,52803,0,0,0,0,1,0,0,0,0,0,0
19748,613,57470,0,0,0,0,1,0,0,0,0,0,0
19749,613,57472,0,0,0,0,1,0,0,0,0,0,0
20862,613,33201,0,0,0,0,1,0,0,0,0,0,0
20863,613,33202,0,0,0,0,1,0,0,0,0,0,0
20864,613,33619,0,0,0,0,1,0,0,0,0,0,0
20865,613,63574,0,0,0,0,1,0,0,0,0,0,0
20896,613,63504,0,0,0,0,1,0,0,0,0,0,0
20897,613,63505,0,0,0,0,1,0,0,0,0,0,0
20898,613,63506,0,0,0,0,1,0,0,0,0,0,0
21073,613,56131,0,0,0,0,1,0,0,0,0,0,0
21074,613,56160,0,0,0,0,1,0,0,0,0,0,0
21261,613,47758,0,0,0,0,1,0,0,0,0,0,0
21262,613,53001,0,0,0,0,1,0,0,0,0,0,0
21263,613,53002,0,0,0,0,1,0,0,0,0,0,0
21264,613,53003,0,0,0,0,1,0,0,0,0,0,0
21265,613,47757,0,0,0,0,1,0,0,0,0,0,0
21266,613,52986,0,0,0,0,1,0,0,0,0,0,0
21267,613,52987,0,0,0,0,1,0,0,0,0,0,0
21268,613,52988,0,0,0,0,1,0,0,0,0,0,0
8439,633,1804,0,8,0,0,1,0,0,0,0,0,0
9616,653,17206,0,0,0,0,1,0,2,0,0,0,0
9640,653,17253,0,0,0,0,1,17255,2,0,0,0,0
9641,653,17255,0,0,0,0,1,17256,2,0,0,0,0
9642,653,17256,0,0,0,0,1,17257,2,0,0,0,0
9643,653,17257,0,0,0,0,1,17258,2,0,0,0,0
9644,653,17258,0,0,0,0,1,17259,2,0,0,0,0
9645,653,17259,0,0,0,0,1,17260,2,0,0,0,0
9646,653,17260,0,0,0,0,1,17261,2,0,0,0,0
9647,653,17261,0,0,0,0,1,27050,2,0,0,0,0
12456,653,23145,0,0,0,0,1,0,0,0,0,0,0
13753,653,27050,0,0,0,0,1,52473,2,0,0,0,0
17469,653,50519,0,0,0,0,1,53564,2,0,0,0,0
17822,653,52473,0,0,0,0,1,52474,2,0,0,0,0
17823,653,52474,0,0,0,0,1,0,2,0,0,0,0
18218,653,53564,0,0,0,0,1,53565,2,0,0,0,0
18219,653,53565,0,0,0,0,1,53566,2,0,0,0,0
18220,653,53566,0,0,0,0,1,53567,2,0,0,0,0
18221,653,53567,0,0,0,0,1,53568,2,0,0,0,0
18222,653,53568,0,0,0,0,1,0,2,0,0,0,0
9623,654,17215,0,0,0,0,1,0,2,0,0,0,0
9696,654,17253,0,0,0,0,1,17255,2,0,0,0,0
9697,654,17255,0,0,0,0,1,17256,2,0,0,0,0
9698,654,17256,0,0,0,0,1,17257,2,0,0,0,0
9700,654,17257,0,0,0,0,1,17258,2,0,0,0,0
9702,654,17258,0,0,0,0,1,17259,2,0,0,0,0
9705,654,17259,0,0,0,0,1,17260,2,0,0,0,0
9707,654,17260,0,0,0,0,1,17261,2,0,0,0,0
9709,654,17261,0,0,0,0,1,27050,2,0,0,0,0
13768,654,27050,0,0,0,0,1,52473,2,0,0,0,0
17425,654,50271,0,0,0,0,1,53571,2,0,0,0,0
17842,654,52473,0,0,0,0,1,52474,2,0,0,0,0
17843,654,52474,0,0,0,0,1,0,2,0,0,0,0
18223,654,53571,0,0,0,0,1,53572,2,0,0,0,0
18224,654,53572,0,0,0,0,1,53573,2,0,0,0,0
18225,654,53573,0,0,0,0,1,53574,2,0,0,0,0
18226,654,53574,0,0,0,0,1,53575,2,0,0,0,0
18227,654,53575,0,0,0,0,1,0,2,0,0,0,0
20690,654,61685,0,0,0,0,1,0,0,0,0,0,0
20691,654,61684,0,0,0,0,1,0,0,0,0,0,0
9624,655,17216,0,0,0,0,1,0,2,0,0,0,0
9785,655,16827,0,0,0,0,1,16828,2,0,0,0,0
9786,655,16828,0,0,0,0,1,16829,2,0,0,0,0
9787,655,16829,0,0,0,0,1,16830,2,0,0,0,0
9788,655,16830,0,0,0,0,1,16831,2,0,0,0,0
9791,655,16831,0,0,0,0,1,16832,2,0,0,0,0
9793,655,16832,0,0,0,0,1,3010,2,0,0,0,0
9796,655,3010,0,0,0,0,1,3009,2,0,0,0,0
9799,655,3009,0,0,0,0,1,27049,2,0,0,0,0
12462,655,23145,0,0,0,0,1,0,0,0,0,0,0
13769,655,27049,0,0,0,0,1,52471,2,0,0,0,0
17485,655,50541,0,0,0,0,1,53537,2,0,0,0,0
17826,655,52471,0,0,0,0,1,52472,2,0,0,0,0
17827,655,52472,0,0,0,0,1,0,2,0,0,0,0
18195,655,53537,0,0,0,0,1,53538,2,0,0,0,0
18196,655,53538,0,0,0,0,1,53540,2,0,0,0,0
18197,655,53540,0,0,0,0,1,53542,2,0,0,0,0
18198,655,53542,0,0,0,0,1,53543,2,0,0,0,0
18199,655,53543,0,0,0,0,1,0,2,0,0,0,0
9631,656,17222,0,0,0,0,1,0,2,0,0,0,0
9732,656,17253,0,0,0,0,1,17255,2,0,0,0,0
9734,656,17255,0,0,0,0,1,17256,2,0,0,0,0
9736,656,17256,0,0,0,0,1,17257,2,0,0,0,0
9737,656,17257,0,0,0,0,1,17258,2,0,0,0,0
9739,656,17258,0,0,0,0,1,17259,2,0,0,0,0
9741,656,17259,0,0,0,0,1,17260,2,0,0,0,0
9742,656,17260,0,0,0,0,1,17261,2,0,0,0,0
9743,656,17261,0,0,0,0,1,27050,2,0,0,0,0
12465,656,23145,0,0,0,0,1,0,0,0,0,0,0
13060,656,24844,0,0,0,0,1,25008,2,0,0,0,0
13110,656,25008,0,0,0,0,1,25009,2,0,0,0,0
13111,656,25009,0,0,0,0,1,25010,2,0,0,0,0
13112,656,25010,0,0,0,0,1,25011,2,0,0,0,0
13113,656,25011,0,0,0,0,1,25012,2,0,0,0,0
13114,656,25012,0,0,0,0,1,0,2,0,0,0,0
13778,656,27050,0,0,0,0,1,52473,2,0,0,0,0
17866,656,52473,0,0,0,0,1,52474,2,0,0,0,0
17867,656,52474,0,0,0,0,1,0,2,0,0,0,0
10021,673,17737,16,0,0,0,1,0,2,0,0,0,0
10716,713,18995,0,0,0,0,1,0,1,0,0,0,0
11701,733,20555,128,0,0,0,1,0,2,0,0,0,0
11703,733,20557,128,0,0,0,1,0,2,0,0,0,0
11704,733,20558,128,0,0,0,1,0,2,0,0,0,0
13418,733,26290,128,0,0,0,1,0,2,0,0,0,0
13419,733,26297,128,0,0,0,1,0,2,0,0,0,0
20111,733,58943,128,0,0,0,1,0,2,0,0,0,0
11720,753,20589,64,0,0,0,1,0,2,0,0,0,0
11721,753,20591,64,0,0,0,1,0,2,0,0,0,0
11722,753,20593,64,0,0,0,1,0,2,0,0,0,0
11723,753,20592,64,0,0,0,1,0,2,0,0,0,0
11728,754,20599,1,0,0,0,1,0,2,0,0,0,0
11730,754,20597,1,0,0,0,1,0,2,0,0,0,0
11731,754,20598,1,0,0,0,1,0,2,0,0,0,0
11861,754,20864,1,0,0,0,1,0,2,0,0,0,0
20114,754,58985,1,0,0,0,1,0,2,0,0,0,0
20205,754,59752,1,0,0,0,1,0,2,0,0,0,0
13166,755,25229,0,0,0,0,1,25230,0,0,0,0,0
13167,755,25230,0,0,0,0,1,28894,0,0,0,0,0
13196,755,25278,0,0,0,0,1,0,0,90,70,0,0
13198,755,25255,0,0,0,0,1,0,1,50,20,0,0
13199,755,25280,0,0,0,0,1,0,0,110,80,0,0
13200,755,25283,0,0,0,0,1,0,0,90,60,0,0
13201,755,25284,0,0,0,0,1,0,0,120,90,0,0
13203,755,25287,0,0,0,0,1,0,0,130,100,0,0
13205,755,25305,0,0,0,0,1,0,0,150,120,0,0
13206,755,25317,0,0,0,0,1,0,0,140,110,0,0
13207,755,25318,0,0,0,0,1,0,0,160,130,0,0
13209,755,25339,0,0,0,0,1,0,0,170,140,0,0
13210,755,25320,0,0,0,0,1,0,0,210,180,0,0
13211,755,25321,0,0,0,0,1,0,0,180,150,0,0
13212,755,25323,0,0,0,0,1,0,0,185,155,0,0
13290,755,25493,0,0,0,0,1,0,1,60,30,0,0
13291,755,25490,0,0,0,0,1,0,0,110,80,0,0
13292,755,25498,0,0,0,0,1,0,0,170,140,0,0
13323,755,25610,0,0,0,0,1,0,0,180,150,0,0
13325,755,25612,0,0,0,0,1,0,0,185,155,0,0
13326,755,25613,0,0,0,0,1,0,0,195,165,0,0
13327,755,25614,0,0,0,0,1,0,0,205,175,0,0
13328,755,25615,0,0,0,0,1,0,0,190,170,0,0
13330,755,25617,0,0,0,0,1,0,0,210,180,0,0
13331,755,25618,0,0,0,0,1,0,0,220,190,0,0
13332,755,25619,0,0,0,0,1,0,0,230,200,0,0
13333,755,25620,0,0,0,0,1,0,0,230,200,0,0
13334,755,25621,0,0,0,0,1,0,0,240,210,0,0
13335,755,25622,0,0,0,0,1,0,0,250,220,0,0
13503,755,26872,0,0,0,0,1,0,0,255,225,0,0
13504,755,26873,0,0,0,0,1,0,0,255,225,0,0
13505,755,26874,0,0,0,0,1,0,0,265,235,0,0
13506,755,26875,0,0,0,0,1,0,0,270,240,0,0
13507,755,26876,0,0,0,0,1,0,0,275,245,0,0
13509,755,26878,0,0,0,0,1,0,0,280,250,0,0
13510,755,26880,0,0,0,0,1,0,0,255,235,0,0
13511,755,26881,0,0,0,0,1,0,0,280,250,0,0
13512,755,26882,0,0,0,0,1,0,0,290,260,0,0
13513,755,26883,0,0,0,0,1,0,0,290,260,0,0
13514,755,26885,0,0,0,0,1,0,0,295,265,0,0
13515,755,26887,0,0,0,0,1,0,0,300,270,0,0
13516,755,26896,0,0,0,0,1,0,0,305,275,0,0
13519,755,26897,0,0,0,0,1,0,0,305,275,0,0
13520,755,26900,0,0,0,0,1,0,0,300,280,0,0
13521,755,26902,0,0,0,0,1,0,0,300,280,0,0
13522,755,26903,0,0,0,0,1,0,0,305,285,0,0
13525,755,26906,0,0,0,0,1,0,0,305,285,0,0
13526,755,26907,0,0,0,0,1,0,0,310,290,0,0
13527,755,26908,0,0,0,0,1,0,0,310,290,0,0
13528,755,26909,0,0,0,0,1,0,0,315,295,0,0
13529,755,26910,0,0,0,0,1,0,0,315,295,0,0
13530,755,26911,0,0,0,0,1,0,0,320,300,0,0
13531,755,26912,0,0,0,0,1,0,0,330,310,0,0
13532,755,26914,0,0,0,0,1,0,0,330,310,0,0
13533,755,26915,0,0,0,0,1,0,0,335,315,0,0
13534,755,26916,0,0,0,0,1,0,0,340,320,0,0
13535,755,26918,0,0,0,0,1,0,0,345,325,0,0
13536,755,26920,0,0,0,0,1,0,0,355,335,0,0
13537,755,26925,0,0,0,0,1,0,1,60,30,0,0
13538,755,26926,0,0,0,0,1,0,0,65,35,0,0
13539,755,26927,0,0,0,0,1,0,0,110,80,0,0
13540,755,26928,0,0,0,0,1,0,0,90,60,0,0
14016,755,28894,0,0,0,0,1,28895,0,0,0,0,0
14017,755,28895,0,0,0,0,1,28897,0,0,0,0,0
14018,755,28897,0,0,0,0,1,51311,0,0,0,0,0
14026,755,28903,0,0,0,0,1,0,0,340,300,0,0
14027,755,28905,0,0,0,0,1,0,0,345,305,0,0
14028,755,28906,0,0,0,0,1,0,0,355,315,0,0
14029,755,28907,0,0,0,0,1,0,0,355,325,0,0
14030,755,28910,0,0,0,0,1,0,0,340,300,0,0
14031,755,28912,0,0,0,0,1,0,0,345,305,0,0
14032,755,28914,0,0,0,0,1,0,0,355,315,0,0
14033,755,28915,0,0,0,0,1,0,0,355,325,0,0
14034,755,28916,0,0,0,0,1,0,0,340,300,0,0
14035,755,28917,0,0,0,0,1,0,0,345,305,0,0
14036,755,28918,0,0,0,0,1,0,0,355,315,0,0
14037,755,28924,0,0,0,0,1,0,0,355,325,0,0
14038,755,28925,0,0,0,0,1,0,0,340,300,0,0
14039,755,28927,0,0,0,0,1,0,0,345,305,0,0
14040,755,28933,0,0,0,0,1,0,0,355,315,0,0
14041,755,28936,0,0,0,0,1,0,0,355,325,0,0
14042,755,28938,0,0,0,0,1,0,0,340,300,0,0
14043,755,28944,0,0,0,0,1,0,0,345,305,0,0
14044,755,28947,0,0,0,0,1,0,0,355,315,0,0
14045,755,28948,0,0,0,0,1,0,0,355,325,0,0
14046,755,28950,0,0,0,0,1,0,0,340,300,0,0
14047,755,28953,0,0,0,0,1,0,0,345,305,0,0
14048,755,28955,0,0,0,0,1,0,0,355,315,0,0
14049,755,28957,0,0,0,0,1,0,0,355,325,0,0
14512,755,31089,0,0,0,0,1,0,0,380,350,0,0
14513,755,31096,0,0,0,0,1,0,0,380,350,0,0
14514,755,31112,0,0,0,0,1,0,0,380,350,0,0
14515,755,31085,0,0,0,0,1,0,0,380,350,0,0
14516,755,31110,0,0,0,0,1,0,0,380,350,0,0
14517,755,31106,0,0,0,0,1,0,0,380,350,0,0
14518,755,31091,0,0,0,0,1,0,0,380,350,0,0
14519,755,31099,0,0,0,0,1,0,0,380,350,0,0
14520,755,31109,0,0,0,0,1,0,0,380,350,0,0
14521,755,31104,0,0,0,0,1,0,0,380,350,0,0
14522,755,31113,0,0,0,0,1,0,0,380,350,0,0
14524,755,31108,0,0,0,0,1,0,0,380,350,0,0
14525,755,31094,0,0,0,0,1,0,0,380,350,0,0
14526,755,31101,0,0,0,0,1,0,0,380,350,0,0
14527,755,31107,0,0,0,0,1,0,0,380,350,0,0
14528,755,31111,0,0,0,0,1,0,0,380,350,0,0
14529,755,31098,0,0,0,0,1,0,0,380,350,0,0
14530,755,31105,0,0,0,0,1,0,0,380,350,0,0
14531,755,31088,0,0,0,0,1,0,0,380,350,0,0
14532,755,31103,0,0,0,0,1,0,0,380,350,0,0
14533,755,31097,0,0,0,0,1,0,0,380,350,0,0
14534,755,31102,0,0,0,0,1,0,0,380,350,0,0
14535,755,31092,0,0,0,0,1,0,0,380,350,0,0
14536,755,31149,0,0,0,0,1,0,0,380,350,0,0
14537,755,31095,0,0,0,0,1,0,0,380,350,0,0
14538,755,31090,0,0,0,0,1,0,0,380,350,0,0
14539,755,31087,0,0,0,0,1,0,0,380,350,0,0
14540,755,31100,0,0,0,0,1,0,0,380,350,0,0
14541,755,31084,0,0,0,0,1,0,0,380,350,0,0
14542,755,31048,0,0,0,0,1,0,0,340,320,0,0
14543,755,31049,0,0,0,0,1,0,0,350,320,0,0
14544,755,31050,0,0,0,0,1,0,0,350,330,0,0
14545,755,31051,0,0,0,0,1,0,0,365,345,0,0
14546,755,31052,0,0,0,0,1,0,0,365,345,0,0
14547,755,31053,0,0,0,0,1,0,0,380,360,0,0
14548,755,31054,0,0,0,0,1,0,0,380,365,0,0
14549,755,31055,0,0,0,0,1,0,0,380,365,0,0
14550,755,31056,0,0,0,0,1,0,0,380,370,0,0
14551,755,31057,0,0,0,0,1,0,0,380,370,0,0
14552,755,31058,0,0,0,0,1,0,0,375,355,0,0
14553,755,31060,0,0,0,0,1,0,0,385,365,0,0
14554,755,31061,0,0,0,0,1,0,0,380,375,0,0
14555,755,31062,0,0,0,0,1,0,0,380,370,0,0
14556,755,31063,0,0,0,0,1,0,0,380,370,0,0
14557,755,31064,0,0,0,0,1,0,0,380,370,0,0
14558,755,31065,0,0,0,0,1,0,0,380,370,0,0
14559,755,31066,0,0,0,0,1,0,0,380,370,0,0
14560,755,31067,0,0,0,0,1,0,0,385,365,0,0
14561,755,31068,0,0,0,0,1,0,0,385,365,0,0
14562,755,31070,0,0,0,0,1,0,0,385,370,0,0
14563,755,31071,0,0,0,0,1,0,0,380,370,0,0
14564,755,31072,0,0,0,0,1,0,0,385,375,0,0
14565,755,31076,0,0,0,0,1,0,0,385,375,0,0
14566,755,31077,0,0,0,0,1,0,0,385,375,0,0
14567,755,31078,0,0,0,0,1,0,0,385,375,0,0
14568,755,31079,0,0,0,0,1,0,0,385,375,0,0
14569,755,31080,0,0,0,0,1,0,0,385,375,0,0
14570,755,31081,0,0,0,0,1,0,0,385,375,0,0
14571,755,31082,0,0,0,0,1,0,0,385,375,0,0
14572,755,31083,0,0,0,0,1,0,0,385,375,0,0
14606,755,31252,0,0,0,0,1,0,0,0,0,0,0
14791,755,32178,0,0,0,0,1,0,0,80,50,0,0
14792,755,32179,0,0,0,0,1,0,0,80,50,0,0
14814,755,32259,0,0,0,0,1,0,1,50,30,0,0
14917,755,32801,0,0,0,0,1,0,0,90,70,0,0
14919,755,32807,0,0,0,0,1,0,0,140,120,0,0
14920,755,32808,0,0,0,0,1,0,0,195,175,0,0
14921,755,32809,0,0,0,0,1,0,0,245,225,0,0
14922,755,32810,0,0,0,0,1,0,0,320,300,0,0
14926,755,32867,0,0,0,0,1,0,0,380,375,0,0
14927,755,32869,0,0,0,0,1,0,0,380,375,0,0
14928,755,32870,0,0,0,0,1,0,0,380,375,0,0
14929,755,32866,0,0,0,0,1,0,0,380,375,0,0
14930,755,32868,0,0,0,0,1,0,0,380,375,0,0
14931,755,32871,0,0,0,0,1,0,0,380,375,0,0
14932,755,32874,0,0,0,0,1,0,0,380,375,0,0
14933,755,32872,0,0,0,0,1,0,0,380,375,0,0
14934,755,32873,0,0,0,0,1,0,0,380,375,0,0
15146,755,34069,0,0,0,0,1,0,0,355,325,0,0
15238,755,34590,0,0,0,0,1,0,0,345,305,0,0
15343,755,34960,0,0,0,0,1,0,0,310,290,0,0
15344,755,34961,0,0,0,0,1,0,0,320,300,0,0
15345,755,34955,0,0,0,0,1,0,0,210,190,0,0
15346,755,34959,0,0,0,0,1,0,0,230,210,0,0
15683,755,36523,0,0,0,0,1,0,0,135,105,0,0
15684,755,36524,0,0,0,0,1,0,0,165,135,0,0
15685,755,36525,0,0,0,0,1,0,0,285,255,0,0
15686,755,36526,0,0,0,0,1,0,0,305,285,0,0
15706,755,37818,0,0,0,0,1,0,0,125,95,0,0
15708,755,37855,0,0,0,0,1,0,0,380,370,0,0
15713,755,38068,0,0,0,0,1,0,0,345,325,0,0
15715,755,38175,0,0,0,0,1,0,0,140,110,0,0
15727,755,38503,0,0,0,0,1,0,0,385,375,0,0
15728,755,38504,0,0,0,0,1,0,0,385,375,0,0
15758,755,39451,0,0,0,0,1,0,0,355,325,0,0
15759,755,39452,0,0,0,0,1,0,0,380,350,0,0
15760,755,39455,0,0,0,0,1,0,0,355,325,0,0
15761,755,39458,0,0,0,0,1,0,0,355,325,0,0
15762,755,39463,0,0,0,0,1,0,0,380,350,0,0
15763,755,39462,0,0,0,0,1,0,0,380,350,0,0
15764,755,39466,0,0,0,0,1,0,0,355,325,0,0
15765,755,39467,0,0,0,0,1,0,0,355,325,0,0
15766,755,39470,0,0,0,0,1,0,0,380,350,0,0
15767,755,39471,0,0,0,0,1,0,0,380,350,0,0
15772,755,39705,0,0,0,0,1,0,0,385,375,0,0
15773,755,39712,0,0,0,0,1,0,0,385,375,0,0
15774,755,39706,0,0,0,0,1,0,0,385,375,0,0
15775,755,39714,0,0,0,0,1,0,0,385,375,0,0
15776,755,39711,0,0,0,0,1,0,0,385,375,0,0
15777,755,39713,0,0,0,0,1,0,0,385,375,0,0
15778,755,39710,0,0,0,0,1,0,0,385,375,0,0
15779,755,39717,0,0,0,0,1,0,0,385,375,0,0
15780,755,39715,0,0,0,0,1,0,0,385,375,0,0
15781,755,39716,0,0,0,0,1,0,0,385,375,0,0
15782,755,39718,0,0,0,0,1,0,0,385,375,0,0
15783,755,39719,0,0,0,0,1,0,0,385,375,0,0
15784,755,39722,0,0,0,0,1,0,0,385,375,0,0
15785,755,39725,0,0,0,0,1,0,0,385,375,0,0
15786,755,39724,0,0,0,0,1,0,0,385,375,0,0
15787,755,39721,0,0,0,0,1,0,0,385,375,0,0
15788,755,39720,0,0,0,0,1,0,0,385,375,0,0
15789,755,39723,0,0,0,0,1,0,0,385,375,0,0
15790,755,39729,0,0,0,0,1,0,0,385,375,0,0
15791,755,39731,0,0,0,0,1,0,0,385,375,0,0
15792,755,39730,0,0,0,0,1,0,0,385,375,0,0
15793,755,39732,0,0,0,0,1,0,0,385,375,0,0
15794,755,39728,0,0,0,0,1,0,0,385,375,0,0
15795,755,39727,0,0,0,0,1,0,0,385,375,0,0
15796,755,39736,0,0,0,0,1,0,0,385,375,0,0
15797,755,39733,0,0,0,0,1,0,0,385,375,0,0
15798,755,39735,0,0,0,0,1,0,0,385,375,0,0
15799,755,39734,0,0,0,0,1,0,0,385,375,0,0
15800,755,39737,0,0,0,0,1,0,0,385,375,0,0
15801,755,39738,0,0,0,0,1,0,0,385,375,0,0
15802,755,39741,0,0,0,0,1,0,0,385,375,0,0
15803,755,39739,0,0,0,0,1,0,0,385,375,0,0
15804,755,39742,0,0,0,0,1,0,0,385,375,0,0
15805,755,39740,0,0,0,0,1,0,0,385,375,0,0
15809,755,39963,0,0,0,0,1,0,0,380,375,0,0
15810,755,39961,0,0,0,0,1,0,0,380,375,0,0
15834,755,40514,0,0,0,0,1,0,0,370,340,0,0
15860,755,41418,0,0,0,0,1,0,0,385,375,0,0
15861,755,41414,0,0,0,0,1,0,0,355,335,0,0
15862,755,41415,0,0,0,0,1,0,0,360,340,0,0
15872,755,41420,0,0,0,0,1,0,0,340,325,0,0
15873,755,41429,0,0,0,0,1,0,0,380,350,0,0
15890,755,42558,0,0,0,0,1,0,0,375,365,0,0
15891,755,42588,0,0,0,0,1,0,0,375,365,0,0
15892,755,42589,0,0,0,0,1,0,0,375,365,0,0
15893,755,42590,0,0,0,0,1,0,0,375,365,0,0
15894,755,42593,0,0,0,0,1,0,0,375,365,0,0
15895,755,42591,0,0,0,0,1,0,0,375,365,0,0
15896,755,42592,0,0,0,0,1,0,0,375,365,0,0
15997,755,43493,0,0,0,0,1,0,0,380,350,0,0
16148,755,44794,0,0,0,0,1,0,0,380,375,0,0
16263,755,46126,0,0,0,0,1,0,0,385,375,0,0
16264,755,46124,0,0,0,0,1,0,0,385,375,0,0
16265,755,46127,0,0,0,0,1,0,0,385,375,0,0
16266,755,46122,0,0,0,0,1,0,0,385,375,0,0
16267,755,46125,0,0,0,0,1,0,0,385,375,0,0
16269,755,46123,0,0,0,0,1,0,0,385,375,0,0
16284,755,46403,0,0,0,0,1,0,0,380,350,0,0
16285,755,46404,0,0,0,0,1,0,0,380,350,0,0
16286,755,46405,0,0,0,0,1,0,0,380,350,0,0
16289,755,46597,0,0,0,0,1,0,0,380,375,0,0
16290,755,46601,0,0,0,0,1,0,0,380,375,0,0
16302,755,46775,0,0,0,0,1,0,0,385,375,0,0
16303,755,46776,0,0,0,0,1,0,0,385,375,0,0
16304,755,46777,0,0,0,0,1,0,0,385,375,0,0
16305,755,46778,0,0,0,0,1,0,0,385,375,0,0
16306,755,46779,0,0,0,0,1,0,0,385,375,0,0
16307,755,46803,0,0,0,0,1,0,0,380,350,0,0
16363,755,47053,0,0,0,0,1,0,0,385,375,0,0
16364,755,47054,0,0,0,0,1,0,0,385,375,0,0
16365,755,47055,0,0,0,0,1,0,0,385,375,0,0
16366,755,47056,0,0,0,0,1,0,0,385,375,0,0
16387,755,47280,0,0,0,0,1,0,0,380,350,0,0
16704,755,48789,0,0,0,0,1,0,0,385,375,0,0
17596,755,51311,0,0,0,0,1,0,0,0,0,0,0
18362,755,53831,0,0,0,0,1,0,0,415,375,0,0
18363,755,53832,0,0,0,0,1,0,0,415,375,0,0
18364,755,53834,0,0,0,0,1,0,0,415,375,0,0
18365,755,53835,0,0,0,0,1,0,0,415,375,0,0
18366,755,53843,0,0,0,0,1,0,0,415,375,0,0
18367,755,53844,0,0,0,0,1,0,0,415,375,0,0
18368,755,53845,0,0,0,0,1,0,0,415,375,0,0
18369,755,54017,0,0,0,0,1,0,0,415,375,0,0
18370,755,53934,0,0,0,0,1,0,0,415,375,0,0
18371,755,53940,0,0,0,0,1,0,0,415,375,0,0
18372,755,53941,0,0,0,0,1,0,0,415,375,0,0
18373,755,53943,0,0,0,0,1,0,0,415,375,0,0
18374,755,53852,0,0,0,0,1,0,0,415,375,0,0
18375,755,53853,0,0,0,0,1,0,0,415,375,0,0
18376,755,53854,0,0,0,0,1,0,0,415,375,0,0
18377,755,53855,0,0,0,0,1,0,0,415,375,0,0
18378,755,53857,0,0,0,0,1,0,0,415,375,0,0
18379,755,53856,0,0,0,0,1,0,0,415,375,0,0
18380,755,53859,0,0,0,0,1,0,0,415,375,0,0
18381,755,53860,0,0,0,0,1,0,0,415,375,0,0
18382,755,53861,0,0,0,0,1,0,0,415,375,0,0
18383,755,53862,0,0,0,0,1,0,0,415,375,0,0
18384,755,53863,0,0,0,0,1,0,0,415,375,0,0
18385,755,53864,0,0,0,0,1,0,0,415,375,0,0
18386,755,53865,0,0,0,0,1,0,0,415,375,0,0
18387,755,53866,0,0,0,0,1,0,0,415,375,0,0
18388,755,53867,0,0,0,0,1,0,0,415,375,0,0
18389,755,53868,0,0,0,0,1,0,0,415,375,0,0
18390,755,53869,0,0,0,0,1,0,0,415,375,0,0
18391,755,53870,0,0,0,0,1,0,0,415,375,0,0
18392,755,53871,0,0,0,0,1,0,0,415,375,0,0
18393,755,53872,0,0,0,0,1,0,0,415,375,0,0
18394,755,53873,0,0,0,0,1,0,0,415,375,0,0
18395,755,53874,0,0,0,0,1,0,0,415,375,0,0
18396,755,53875,0,0,0,0,1,0,0,415,375,0,0
18397,755,53876,0,0,0,0,1,0,0,415,375,0,0
18398,755,53877,0,0,0,0,1,0,0,415,375,0,0
18399,755,53878,0,0,0,0,1,0,0,415,375,0,0
18400,755,53879,0,0,0,0,1,0,0,415,375,0,0
18401,755,53880,0,0,0,0,1,0,0,415,375,0,0
18402,755,53881,0,0,0,0,1,0,0,415,375,0,0
18403,755,53882,0,0,0,0,1,0,0,415,375,0,0
18404,755,53883,0,0,0,0,1,0,0,415,375,0,0
18405,755,53884,0,0,0,0,1,0,0,415,375,0,0
18406,755,53885,0,0,0,0,1,0,0,415,375,0,0
18407,755,53886,0,0,0,0,1,0,0,415,375,0,0
18408,755,53887,0,0,0,0,1,0,0,415,375,0,0
18409,755,53888,0,0,0,0,1,0,0,415,375,0,0
18410,755,53889,0,0,0,0,1,0,0,415,375,0,0
18411,755,53890,0,0,0,0,1,0,0,415,375,0,0
18412,755,53891,0,0,0,0,1,0,0,415,375,0,0
18413,755,53892,0,0,0,0,1,0,0,415,375,0,0
18414,755,53893,0,0,0,0,1,0,0,415,375,0,0
18415,755,53894,0,0,0,0,1,0,0,415,375,0,0
18416,755,53916,0,0,0,0,1,0,0,415,375,0,0
18417,755,53917,0,0,0,0,1,0,0,415,375,0,0
18418,755,53918,0,0,0,0,1,0,0,415,375,0,0
18419,755,53919,0,0,0,0,1,0,0,415,375,0,0
18420,755,53920,0,0,0,0,1,0,0,415,375,0,0
18421,755,53921,0,0,0,0,1,0,0,415,375,0,0
18422,755,53922,0,0,0,0,1,0,0,415,375,0,0
18423,755,53923,0,0,0,0,1,0,0,415,375,0,0
18424,755,53924,0,0,0,0,1,0,0,415,375,0,0
18425,755,53925,0,0,0,0,1,0,0,415,375,0,0
18426,755,53926,0,0,0,0,1,0,0,415,375,0,0
18427,755,53927,0,0,0,0,1,0,0,415,375,0,0
18428,755,53928,0,0,0,0,1,0,0,415,375,0,0
18429,755,53929,0,0,0,0,1,0,0,415,375,0,0
18430,755,53930,0,0,0,0,1,0,0,415,375,0,0
18431,755,53931,0,0,0,0,1,0,0,415,375,0,0
18432,755,53932,0,0,0,0,1,0,0,415,375,0,0
18433,755,53933,0,0,0,0,1,0,0,415,375,0,0
18434,755,53830,0,0,0,0,1,0,0,440,410,0,0
18435,755,53945,0,0,0,0,1,0,0,440,410,0,0
18436,755,53946,0,0,0,0,1,0,0,440,410,0,0
18437,755,53947,0,0,0,0,1,0,0,440,410,0,0
18438,755,53948,0,0,0,0,1,0,0,440,410,0,0
18439,755,53949,0,0,0,0,1,0,0,440,410,0,0
18440,755,53950,0,0,0,0,1,0,0,440,410,0,0
18441,755,53951,0,0,0,0,1,0,0,440,410,0,0
18442,755,53952,0,0,0,0,1,0,0,440,410,0,0
18443,755,53953,0,0,0,0,1,0,0,440,410,0,0
18444,755,53954,0,0,0,0,1,0,0,440,410,0,0
18445,755,53955,0,0,0,0,1,0,0,440,410,0,0
18446,755,53956,0,0,0,0,1,0,0,440,410,0,0
18447,755,53957,0,0,0,0,1,0,0,440,410,0,0
18448,755,53958,0,0,0,0,1,0,0,440,410,0,0
18449,755,53959,0,0,0,0,1,0,0,440,410,0,0
18450,755,53960,0,0,0,0,1,0,0,440,410,0,0
18451,755,53961,0,0,0,0,1,0,0,440,410,0,0
18452,755,53962,0,0,0,0,1,0,0,440,410,0,0
18453,755,53963,0,0,0,0,1,0,0,440,410,0,0
18454,755,53964,0,0,0,0,1,0,0,440,410,0,0
18455,755,53965,0,0,0,0,1,0,0,440,410,0,0
18456,755,53966,0,0,0,0,1,0,0,440,410,0,0
18457,755,53967,0,0,0,0,1,0,0,440,410,0,0
18458,755,53968,0,0,0,0,1,0,0,440,410,0,0
18459,755,53969,0,0,0,0,1,0,0,440,410,0,0
18460,755,53970,0,0,0,0,1,0,0,440,410,0,0
18461,755,53971,0,0,0,0,1,0,0,440,410,0,0
18462,755,53972,0,0,0,0,1,0,0,440,410,0,0
18463,755,53973,0,0,0,0,1,0,0,440,410,0,0
18464,755,53974,0,0,0,0,1,0,0,440,410,0,0
18465,755,53975,0,0,0,0,1,0,0,440,410,0,0
18466,755,53976,0,0,0,0,1,0,0,440,410,0,0
18467,755,53977,0,0,0,0,1,0,0,440,410,0,0
18468,755,53978,0,0,0,0,1,0,0,440,410,0,0
18470,755,53979,0,0,0,0,1,0,0,440,410,0,0
18471,755,53980,0,0,0,0,1,0,0,440,410,0,0
18472,755,53981,0,0,0,0,1,0,0,440,410,0,0
18473,755,53982,0,0,0,0,1,0,0,440,410,0,0
18474,755,53983,0,0,0,0,1,0,0,440,410,0,0
18475,755,53984,0,0,0,0,1,0,0,440,410,0,0
18476,755,53985,0,0,0,0,1,0,0,440,410,0,0
18477,755,53986,0,0,0,0,1,0,0,440,410,0,0
18478,755,53987,0,0,0,0,1,0,0,440,410,0,0
18479,755,53988,0,0,0,0,1,0,0,440,410,0,0
18480,755,53989,0,0,0,0,1,0,0,440,410,0,0
18481,755,53990,0,0,0,0,1,0,0,440,410,0,0
18482,755,53991,0,0,0,0,1,0,0,440,410,0,0
18483,755,53992,0,0,0,0,1,0,0,440,410,0,0
18484,755,53993,0,0,0,0,1,0,0,440,410,0,0
18485,755,53994,0,0,0,0,1,0,0,440,410,0,0
18489,755,54019,0,0,0,0,1,0,0,440,410,0,0
18490,755,54023,0,0,0,0,1,0,0,440,410,0,0
18491,755,54010,0,0,0,0,1,0,0,440,410,0,0
18492,755,54011,0,0,0,0,1,0,0,440,410,0,0
18493,755,54012,0,0,0,0,1,0,0,440,410,0,0
18494,755,54013,0,0,0,0,1,0,0,440,410,0,0
18495,755,54014,0,0,0,0,1,0,0,440,410,0,0
18496,755,53995,0,0,0,0,1,0,0,440,410,0,0
18497,755,53996,0,0,0,0,1,0,0,440,410,0,0
18498,755,53997,0,0,0,0,1,0,0,440,410,0,0
18499,755,53998,0,0,0,0,1,0,0,440,410,0,0
18500,755,54000,0,0,0,0,1,0,0,440,410,0,0
18501,755,54001,0,0,0,0,1,0,0,440,410,0,0
18502,755,54002,0,0,0,0,1,0,0,440,410,0,0
18503,755,54003,0,0,0,0,1,0,0,440,410,0,0
18504,755,54004,0,0,0,0,1,0,0,440,410,0,0
18505,755,54005,0,0,0,0,1,0,0,440,410,0,0
18506,755,54006,0,0,0,0,1,0,0,440,410,0,0
18507,755,54007,0,0,0,0,1,0,0,440,410,0,0
18508,755,54008,0,0,0,0,1,0,0,440,410,0,0
18509,755,54009,0,0,0,0,1,0,0,440,410,0,0
19308,755,55384,0,0,0,0,1,0,0,460,440,0,0
19309,755,55386,0,0,0,0,1,0,0,460,440,0,0
19310,755,55387,0,0,0,0,1,0,0,460,440,0,0
19311,755,55388,0,0,0,0,1,0,0,460,440,0,0
19313,755,55390,0,0,0,0,1,0,0,460,440,0,0
19314,755,55392,0,0,0,0,1,0,0,460,440,0,0
19315,755,55393,0,0,0,0,1,0,0,460,440,0,0
19316,755,55394,0,0,0,0,1,0,0,460,440,0,0
19317,755,55395,0,0,0,0,1,0,0,460,440,0,0
19318,755,55407,0,0,0,0,1,0,0,460,440,0,0
19319,755,55396,0,0,0,0,1,0,0,460,440,0,0
19320,755,55397,0,0,0,0,1,0,0,460,440,0,0
19321,755,55398,0,0,0,0,1,0,0,460,440,0,0
19322,755,55399,0,0,0,0,1,0,0,460,440,0,0
19323,755,55400,0,0,0,0,1,0,0,460,440,0,0
19324,755,55401,0,0,0,0,1,0,0,460,440,0,0
19325,755,55402,0,0,0,0,1,0,0,460,440,0,0
19326,755,55403,0,0,0,0,1,0,0,460,440,0,0
19327,755,55404,0,0,0,0,1,0,0,460,440,0,0
19328,755,55405,0,0,0,0,1,0,0,460,440,0,0
19361,755,55389,0,0,0,0,1,0,0,460,440,0,0
19364,755,55534,0,0,0,0,1,0,0,0,0,0,0
19495,755,56049,0,0,0,0,1,0,0,440,390,0,0
19496,755,56052,0,0,0,0,1,0,0,440,390,0,0
19497,755,56053,0,0,0,0,1,0,0,440,390,0,0
19498,755,56054,0,0,0,0,1,0,0,440,390,0,0
19500,755,56055,0,0,0,0,1,0,0,440,390,0,0
19501,755,56056,0,0,0,0,1,0,0,440,390,0,0
19502,755,56074,0,0,0,0,1,0,0,440,390,0,0
19503,755,56076,0,0,0,0,1,0,0,440,390,0,0
19504,755,56077,0,0,0,0,1,0,0,440,390,0,0
19505,755,56079,0,0,0,0,1,0,0,440,390,0,0
19506,755,56081,0,0,0,0,1,0,0,440,390,0,0
19507,755,56083,0,0,0,0,1,0,0,440,390,0,0
19508,755,56084,0,0,0,0,1,0,0,440,390,0,0
19509,755,56085,0,0,0,0,1,0,0,440,390,0,0
19510,755,56087,0,0,0,0,1,0,0,440,390,0,0
19511,755,56088,0,0,0,0,1,0,0,440,390,0,0
19512,755,56089,0,0,0,0,1,0,0,440,390,0,0
19513,755,56086,0,0,0,0,1,0,0,440,390,0,0
19515,755,56193,0,0,0,0,1,0,0,420,380,0,0
19516,755,56194,0,0,0,0,1,0,0,420,380,0,0
19517,755,56195,0,0,0,0,1,0,0,420,400,0,0
19518,755,56196,0,0,0,0,1,0,0,420,400,0,0
19519,755,56197,0,0,0,0,1,0,0,460,440,0,0
19520,755,56199,0,0,0,0,1,0,0,450,430,0,0
19521,755,56201,0,0,0,0,1,0,0,450,430,0,0
19522,755,56202,0,0,0,0,1,0,0,450,430,0,0
19523,755,56203,0,0,0,0,1,0,0,450,430,0,0
19524,755,56205,0,0,0,0,1,0,0,380,360,0,0
19525,755,56206,0,0,0,0,1,0,0,390,370,0,0
19526,755,56208,0,0,0,0,1,0,0,400,380,0,0
19547,755,56496,0,0,0,0,1,0,0,460,450,0,0
19548,755,56497,0,0,0,0,1,0,0,460,450,0,0
19549,755,56498,0,0,0,0,1,0,0,460,450,0,0
19550,755,56499,0,0,0,0,1,0,0,460,450,0,0
19551,755,56500,0,0,0,0,1,0,0,460,450,0,0
19552,755,56501,0,0,0,0,1,0,0,460,450,0,0
19578,755,56530,0,0,0,0,1,0,0,420,380,0,0
19579,755,56531,0,0,0,0,1,0,0,440,410,0,0
19970,755,58141,0,0,0,0,1,0,0,420,380,0,0
19971,755,58142,0,0,0,0,1,0,0,420,380,0,0
19972,755,58143,0,0,0,0,1,0,0,420,390,0,0
19973,755,58144,0,0,0,0,1,0,0,420,390,0,0
19974,755,58145,0,0,0,0,1,0,0,430,410,0,0
19975,755,58146,0,0,0,0,1,0,0,430,410,0,0
19976,755,58147,0,0,0,0,1,0,0,460,440,0,0
19977,755,58148,0,0,0,0,1,0,0,460,440,0,0
19978,755,58149,0,0,0,0,1,0,0,460,440,0,0
19979,755,58150,0,0,0,0,1,0,0,460,440,0,0
20098,755,58507,0,0,0,0,1,0,0,460,440,0,0
20099,755,58492,0,0,0,0,1,0,0,460,440,0,0
20112,755,58954,0,0,0,0,1,0,0,460,440,0,0
20206,755,59759,0,0,0,0,1,0,0,450,430,0,0
20754,755,62242,0,0,0,0,1,0,0,470,445,0,0
20806,755,62941,0,0,0,0,1,0,0,320,310,0,0
20878,755,63743,0,0,0,0,1,0,0,230,210,0,0
21014,755,64725,0,0,0,0,1,0,0,460,440,0,0
21015,755,64726,0,0,0,0,1,0,0,460,440,0,0
21016,755,64727,0,0,0,0,1,0,0,460,440,0,0
21017,755,64728,0,0,0,0,1,0,0,460,440,0,0
21103,755,66428,0,0,0,0,1,0,0,465,440,0,0
21104,755,66429,0,0,0,0,1,0,0,465,440,0,0
21105,755,66430,0,0,0,0,1,0,0,465,440,0,0
21106,755,66431,0,0,0,0,1,0,0,465,440,0,0
21107,755,66432,0,0,0,0,1,0,0,465,440,0,0
21108,755,66433,0,0,0,0,1,0,0,465,440,0,0
21109,755,66434,0,0,0,0,1,0,0,465,440,0,0
21110,755,66435,0,0,0,0,1,0,0,465,440,0,0
21111,755,66436,0,0,0,0,1,0,0,465,440,0,0
21112,755,66437,0,0,0,0,1,0,0,465,440,0,0
21113,755,66438,0,0,0,0,1,0,0,465,440,0,0
21114,755,66439,0,0,0,0,1,0,0,465,440,0,0
21115,755,66440,0,0,0,0,1,0,0,465,440,0,0
21116,755,66441,0,0,0,0,1,0,0,465,440,0,0
21117,755,66442,0,0,0,0,1,0,0,465,440,0,0
21118,755,66443,0,0,0,0,1,0,0,465,440,0,0
21119,755,66444,0,0,0,0,1,0,0,465,440,0,0
21120,755,66445,0,0,0,0,1,0,0,465,440,0,0
21121,755,66446,0,0,0,0,1,0,0,465,440,0,0
21122,755,66447,0,0,0,0,1,0,0,465,440,0,0
21123,755,66448,0,0,0,0,1,0,0,465,440,0,0
21124,755,66449,0,0,0,0,1,0,0,465,440,0,0
21125,755,66450,0,0,0,0,1,0,0,465,440,0,0
21126,755,66451,0,0,0,0,1,0,0,465,440,0,0
21127,755,66452,0,0,0,0,1,0,0,465,440,0,0
21128,755,66453,0,0,0,0,1,0,0,465,440,0,0
21129,755,66497,0,0,0,0,1,0,0,465,440,0,0
21130,755,66498,0,0,0,0,1,0,0,465,440,0,0
21131,755,66499,0,0,0,0,1,0,0,465,440,0,0
21132,755,66500,0,0,0,0,1,0,0,465,440,0,0
21133,755,66501,0,0,0,0,1,0,0,465,440,0,0
21134,755,66502,0,0,0,0,1,0,0,465,440,0,0
21135,755,66503,0,0,0,0,1,0,0,465,440,0,0
21136,755,66504,0,0,0,0,1,0,0,465,440,0,0
21137,755,66505,0,0,0,0,1,0,0,465,440,0,0
21138,755,66506,0,0,0,0,1,0,0,465,440,0,0
21139,755,66553,0,0,0,0,1,0,0,465,440,0,0
21140,755,66554,0,0,0,0,1,0,0,465,440,0,0
21141,755,66555,0,0,0,0,1,0,0,465,440,0,0
21142,755,66556,0,0,0,0,1,0,0,465,440,0,0
21143,755,66557,0,0,0,0,1,0,0,465,440,0,0
21144,755,66558,0,0,0,0,1,0,0,465,440,0,0
21145,755,66559,0,0,0,0,1,0,0,465,440,0,0
21146,755,66560,0,0,0,0,1,0,0,465,440,0,0
21147,755,66561,0,0,0,0,1,0,0,465,440,0,0
21148,755,66562,0,0,0,0,1,0,0,465,440,0,0
21149,755,66563,0,0,0,0,1,0,0,465,440,0,0
21150,755,66564,0,0,0,0,1,0,0,465,440,0,0
21151,755,66565,0,0,0,0,1,0,0,465,440,0,0
21152,755,66566,0,0,0,0,1,0,0,465,440,0,0
21153,755,66567,0,0,0,0,1,0,0,465,440,0,0
21154,755,66568,0,0,0,0,1,0,0,465,440,0,0
21155,755,66569,0,0,0,0,1,0,0,465,440,0,0
21156,755,66570,0,0,0,0,1,0,0,465,440,0,0
21157,755,66571,0,0,0,0,1,0,0,465,440,0,0
21158,755,66572,0,0,0,0,1,0,0,465,440,0,0
21159,755,66573,0,0,0,0,1,0,0,465,440,0,0
21160,755,66574,0,0,0,0,1,0,0,465,440,0,0
21161,755,66575,0,0,0,0,1,0,0,465,440,0,0
21162,755,66576,0,0,0,0,1,0,0,465,440,0,0
21163,755,66577,0,0,0,0,1,0,0,465,440,0,0
21164,755,66578,0,0,0,0,1,0,0,465,440,0,0
21165,755,66579,0,0,0,0,1,0,0,465,440,0,0
21166,755,66580,0,0,0,0,1,0,0,465,440,0,0
21167,755,66581,0,0,0,0,1,0,0,465,440,0,0
21168,755,66582,0,0,0,0,1,0,0,465,440,0,0
21169,755,66583,0,0,0,0,1,0,0,465,440,0,0
21170,755,66584,0,0,0,0,1,0,0,465,440,0,0
21171,755,66585,0,0,0,0,1,0,0,465,440,0,0
21172,755,66586,0,0,0,0,1,0,0,465,440,0,0
21173,755,66587,0,0,0,0,1,0,0,465,440,0,0
21175,755,66338,0,0,0,0,1,0,0,465,440,0,0
21259,755,68253,0,0,0,0,1,0,0,465,440,0,0
13338,756,25046,512,8,0,0,1,0,2,0,0,0,0
14013,756,28730,0,406,0,0,1,0,2,0,0,0,0
14019,756,822,0,0,0,0,1,0,2,0,0,0,0
14020,756,28877,0,0,0,0,1,0,2,0,0,0,0
17510,756,50613,0,32,0,0,1,0,2,0,0,0,0
13816,758,25027,0,0,0,0,1,0,0,0,0,0,0
13817,758,25026,0,0,0,0,1,0,0,0,0,0,0
14260,759,29932,1024,0,0,0,1,0,2,0,0,0,0
14022,760,6562,1024,39,0,0,1,0,2,0,0,0,0
14023,760,28878,1024,208,0,0,1,0,2,0,0,0,0
14024,760,28880,1024,1,0,0,1,0,2,0,0,0,0
14025,760,28875,0,0,0,0,1,0,2,0,0,0,0
20142,760,59221,1024,1,0,0,1,0,2,0,0,0,0
20171,760,59539,0,32,0,0,1,0,2,0,0,0,0
20172,760,59536,1024,4,0,0,1,0,2,0,0,0,0
20173,760,59541,1024,128,0,0,1,0,2,0,0,0,0
20174,760,59535,1024,2,0,0,1,0,2,0,0,0,0
20175,760,59538,1024,16,0,0,1,0,2,0,0,0,0
20176,760,59540,1024,64,0,0,1,0,2,0,0,0,0
20177,760,59545,1024,32,0,0,1,0,2,0,0,0,0
20178,760,59543,1024,4,0,0,1,0,2,0,0,0,0
20179,760,59548,1024,128,0,0,1,0,2,0,0,0,0
20180,760,59542,1024,2,0,0,1,0,2,0,0,0,0
20181,760,59544,1024,16,0,0,1,0,2,0,0,0,0
20182,760,59547,1024,64,0,0,1,0,2,0,0,0,0
14300,761,30147,0,0,0,0,1,0,2,0,0,0,0
14301,761,30148,0,0,0,0,1,0,2,0,0,0,0
14302,761,30149,0,0,0,0,1,0,2,0,0,0,0
14304,761,30151,0,0,0,0,1,30194,2,0,0,0,0
14305,761,30153,0,0,0,0,1,0,0,0,0,0,0
14309,761,30194,0,0,0,0,1,30198,2,0,0,0,0
14310,761,30198,0,0,0,0,1,47996,2,0,0,0,0
14312,761,30195,0,0,0,0,1,0,0,0,0,0,0
14313,761,30197,0,0,0,0,1,0,0,0,0,0,0
14314,761,30213,0,0,0,0,1,30219,2,0,0,0,0
14315,761,30219,0,0,0,0,1,30223,2,0,0,0,0
14316,761,30223,0,0,0,0,1,47994,2,0,0,0,0
14811,761,32233,0,0,0,0,1,0,2,0,0,0,0
14924,761,32850,0,0,0,0,1,0,2,0,0,0,0
14925,761,32851,0,0,0,0,1,0,0,0,0,0,0
15036,761,33698,0,0,0,0,1,33699,2,0,0,0,0
15037,761,33699,0,0,0,0,1,33700,2,0,0,0,0
15038,761,33700,0,0,0,0,1,47993,2,0,0,0,0
15339,761,34947,0,0,0,0,1,0,2,0,0,0,0
15340,761,34956,0,0,0,0,1,0,2,0,0,0,0
15341,761,34957,0,0,0,0,1,0,2,0,0,0,0
15342,761,34958,0,0,0,0,1,0,2,0,0,0,0
15578,761,35697,0,0,0,0,1,0,2,0,0,0,0
15579,761,35695,0,0,0,0,1,0,2,0,0,0,0
16507,761,47993,0,0,0,0,1,0,2,0,0,0,0
16508,761,47994,0,0,0,0,1,0,2,0,0,0,0
16509,761,47996,0,0,0,0,1,0,2,0,0,0,0
16510,761,47995,0,0,0,0,1,0,0,0,0,0,0
18263,761,53646,0,0,0,0,1,0,2,0,0,0,0
20413,761,61013,0,0,0,0,1,0,2,0,0,0,0
15030,762,33391,0,1503,0,0,1,34090,0,0,0,0,0
15149,762,34090,0,0,0,0,1,34091,0,0,0,0,0
15150,762,34091,0,0,0,0,1,0,0,0,0,0,0
17539,762,33388,0,0,0,0,1,33391,0,0,0,0,0
19184,762,33391,0,32,0,0,1,34090,2,0,0,0,0
20104,762,54197,0,0,0,0,1,0,0,0,0,0,0
15282,763,34887,0,0,0,0,1,0,2,0,0,0,0
15283,763,34889,0,0,0,0,1,35323,2,0,0,0,0
15403,763,35323,0,0,0,0,1,55482,2,0,0,0,0
15426,763,17253,0,0,0,0,1,17255,2,0,0,0,0
15427,763,17255,0,0,0,0,1,17256,2,0,0,0,0
15428,763,17256,0,0,0,0,1,17257,2,0,0,0,0
15429,763,17257,0,0,0,0,1,17258,2,0,0,0,0
15430,763,17258,0,0,0,0,1,17259,2,0,0,0,0
15431,763,17259,0,0,0,0,1,17260,2,0,0,0,0
15432,763,17260,0,0,0,0,1,17261,2,0,0,0,0
15433,763,17261,0,0,0,0,1,27050,2,0,0,0,0
15434,763,27050,0,0,0,0,1,52473,2,0,0,0,0
15435,763,23145,0,0,0,0,1,0,0,0,0,0,0
17838,763,52473,0,0,0,0,1,52474,2,0,0,0,0
17839,763,52474,0,0,0,0,1,0,2,0,0,0,0
19335,763,55482,0,0,0,0,1,55483,2,0,0,0,0
19336,763,55483,0,0,0,0,1,55484,2,0,0,0,0
19337,763,55484,0,0,0,0,1,55485,2,0,0,0,0
19338,763,55485,0,0,0,0,1,0,2,0,0,0,0
15366,764,35253,0,0,0,0,1,0,2,0,0,0,0
15438,764,17253,0,0,0,0,1,17255,2,0,0,0,0
15439,764,17255,0,0,0,0,1,17256,2,0,0,0,0
15440,764,17256,0,0,0,0,1,17257,2,0,0,0,0
15441,764,17257,0,0,0,0,1,17258,2,0,0,0,0
15442,764,17258,0,0,0,0,1,17259,2,0,0,0,0
15443,764,17259,0,0,0,0,1,17260,2,0,0,0,0
15444,764,17260,0,0,0,0,1,17261,2,0,0,0,0
15445,764,17261,0,0,0,0,1,27050,2,0,0,0,0
15446,764,27050,0,0,0,0,1,52473,2,0,0,0,0
15447,764,23145,0,0,0,0,1,0,0,0,0,0,0
17459,764,50479,0,0,0,0,1,53584,2,0,0,0,0
17846,764,52473,0,0,0,0,1,52474,2,0,0,0,0
17847,764,52474,0,0,0,0,1,0,2,0,0,0,0
18241,764,53584,0,0,0,0,1,53586,2,0,0,0,0
18242,764,53586,0,0,0,0,1,53587,2,0,0,0,0
18243,764,53587,0,0,0,0,1,53588,2,0,0,0,0
18244,764,53588,0,0,0,0,1,53589,2,0,0,0,0
18245,764,53589,0,0,0,0,1,0,2,0,0,0,0
15367,765,35258,0,0,0,0,1,0,2,0,0,0,0
17222,765,23145,0,0,0,0,1,0,0,0,0,0,0
17232,765,49966,0,0,0,0,1,49967,2,0,0,0,0
17233,765,49967,0,0,0,0,1,49968,2,0,0,0,0
17234,765,49968,0,0,0,0,1,49969,2,0,0,0,0
17235,765,49969,0,0,0,0,1,49970,2,0,0,0,0
17236,765,49970,0,0,0,0,1,49971,2,0,0,0,0
17237,765,49971,0,0,0,0,1,49972,2,0,0,0,0
17238,765,49972,0,0,0,0,1,49973,2,0,0,0,0
17239,765,49973,0,0,0,0,1,49974,2,0,0,0,0
17240,765,49974,0,0,0,0,1,52475,2,0,0,0,0
17426,765,50274,0,0,0,0,1,53593,2,0,0,0,0
17858,765,52475,0,0,0,0,1,52476,2,0,0,0,0
17859,765,52476,0,0,0,0,1,0,2,0,0,0,0
18246,765,53593,0,0,0,0,1,53594,2,0,0,0,0
18247,765,53594,0,0,0,0,1,53596,2,0,0,0,0
18248,765,53596,0,0,0,0,1,53597,2,0,0,0,0
18249,765,53597,0,0,0,0,1,53598,2,0,0,0,0
18250,765,53598,0,0,0,0,1,0,2,0,0,0,0
15368,766,35254,0,0,0,0,1,0,2,0,0,0,0
15405,766,35346,0,0,0,0,1,0,2,0,0,0,0
15459,766,17253,0,0,0,0,1,17255,2,0,0,0,0
15460,766,17255,0,0,0,0,1,17256,2,0,0,0,0
15461,766,17256,0,0,0,0,1,17257,2,0,0,0,0
15462,766,17257,0,0,0,0,1,17258,2,0,0,0,0
15463,766,17258,0,0,0,0,1,17259,2,0,0,0,0
15464,766,17259,0,0,0,0,1,17260,2,0,0,0,0
15465,766,17260,0,0,0,0,1,17261,2,0,0,0,0
15466,766,17261,0,0,0,0,1,27050,2,0,0,0,0
15467,766,27050,0,0,0,0,1,52473,2,0,0,0,0
17864,766,52473,0,0,0,0,1,52474,2,0,0,0,0
17865,766,52474,0,0,0,0,1,0,2,0,0,0,0
20701,766,61684,0,0,0,0,1,0,0,0,0,0,0
20722,766,61685,0,0,0,0,1,0,0,0,0,0,0
15369,767,35257,0,0,0,0,1,0,2,0,0,0,0
15450,767,17253,0,0,0,0,1,17255,2,0,0,0,0
15451,767,17255,0,0,0,0,1,17256,2,0,0,0,0
15452,767,17256,0,0,0,0,1,17257,2,0,0,0,0
15453,767,17257,0,0,0,0,1,17258,2,0,0,0,0
15454,767,17258,0,0,0,0,1,17259,2,0,0,0,0
15455,767,17259,0,0,0,0,1,17260,2,0,0,0,0
15456,767,17260,0,0,0,0,1,17261,2,0,0,0,0
15457,767,17261,0,0,0,0,1,27050,2,0,0,0,0
15458,767,27050,0,0,0,0,1,52473,2,0,0,0,0
17468,767,50518,0,0,0,0,1,53558,2,0,0,0,0
17850,767,52473,0,0,0,0,1,52474,2,0,0,0,0
17851,767,52474,0,0,0,0,1,0,2,0,0,0,0
18212,767,53558,0,0,0,0,1,53559,2,0,0,0,0
18213,767,53559,0,0,0,0,1,53560,2,0,0,0,0
18214,767,53560,0,0,0,0,1,53561,2,0,0,0,0
18215,767,53561,0,0,0,0,1,53562,2,0,0,0,0
18216,767,53562,0,0,0,0,1,0,2,0,0,0,0
20694,767,61684,0,0,0,0,1,0,0,0,0,0,0
15486,768,35386,0,0,0,0,1,0,2,0,0,0,0
15490,768,35387,0,0,0,0,1,35389,2,0,0,0,0
15491,768,35389,0,0,0,0,1,35392,2,0,0,0,0
15492,768,35392,0,0,0,0,1,55555,2,0,0,0,0
15592,768,17253,0,0,0,0,1,17255,2,0,0,0,0
15593,768,17255,0,0,0,0,1,17256,2,0,0,0,0
15594,768,17256,0,0,0,0,1,17257,2,0,0,0,0
15595,768,17257,0,0,0,0,1,17258,2,0,0,0,0
15596,768,17258,0,0,0,0,1,17259,2,0,0,0,0
15597,768,17259,0,0,0,0,1,17260,2,0,0,0,0
15598,768,17260,0,0,0,0,1,17261,2,0,0,0,0
15599,768,17261,0,0,0,0,1,27050,2,0,0,0,0
15600,768,27050,0,0,0,0,1,52473,2,0,0,0,0
17854,768,52473,0,0,0,0,1,52474,2,0,0,0,0
17855,768,52474,0,0,0,0,1,0,2,0,0,0,0
19365,768,55555,0,0,0,0,1,55556,2,0,0,0,0
20169,768,55556,0,0,0,0,1,55557,2,0,0,0,0
20170,768,55557,0,0,0,0,1,0,2,0,0,0,0
20696,768,61684,0,0,0,0,1,0,0,0,0,0,0
15657,769,36356,0,0,0,0,1,0,0,0,0,0,0
15658,769,23789,0,0,0,0,1,0,0,0,0,0,0
15661,769,6560,0,0,0,0,1,33153,0,0,0,0,0
15662,769,33153,0,0,0,0,1,0,0,0,0,0,0
15665,769,35912,0,0,0,0,1,0,0,0,0,0,0
15666,769,1908,0,0,0,0,1,0,0,0,0,0,0
15667,769,35886,0,0,0,0,1,0,0,0,0,0,0
15668,769,35182,0,0,0,0,1,0,0,0,0,0,0
15669,769,5,0,0,0,0,1,0,0,0,0,0,0
15670,769,265,0,0,0,0,1,0,0,0,0,0,0
15716,769,25565,0,0,0,0,1,0,0,0,0,0,0
15717,769,26368,0,0,0,0,1,0,0,0,0,0,0
15718,769,18209,0,0,0,0,1,0,0,0,0,0,0
15719,769,18210,0,0,0,0,1,0,0,0,0,0,0
15726,769,38505,0,0,0,0,1,0,0,0,0,0,0
15733,769,38734,0,0,0,0,1,0,0,0,0,0,0
15756,769,39258,0,0,0,0,1,0,0,0,0,0,0
16369,769,45650,0,0,0,0,1,0,0,0,0,0,0
16370,769,45646,0,0,0,0,1,0,0,0,0,0,0
16371,769,45645,0,0,0,0,1,0,0,0,0,0,0
16372,769,45648,0,0,0,0,1,0,0,0,0,0,0
16373,769,45813,0,0,0,0,1,0,0,0,0,0,0
16374,769,45647,0,0,0,0,1,0,0,0,0,0,0
16375,769,45659,0,0,0,0,1,0,0,0,0,0,0
16376,769,45649,0,0,0,0,1,0,0,0,0,0,0
16377,769,7482,0,0,0,0,1,0,0,0,0,0,0
16378,769,8295,0,0,0,0,1,0,0,0,0,0,0
16379,769,10073,0,0,0,0,1,0,0,0,0,0,0
16380,769,11821,0,0,0,0,1,0,0,0,0,0,0
16381,769,18389,0,0,0,0,1,0,0,0,0,0,0
16382,769,27261,0,0,0,0,1,0,0,0,0,0,0
16383,769,27258,0,0,0,0,1,0,0,0,0,0,0
16384,769,27255,0,0,0,0,1,0,0,0,0,0,0
16385,769,27254,0,0,0,0,1,0,0,0,0,0,0
16386,769,19901,0,0,0,0,1,0,0,0,0,0,0
19180,769,6560,0,0,0,0,1,0,0,0,0,0,0
16229,770,45529,0,32,0,0,1,0,0,0,0,0,0
16430,770,47476,0,32,0,0,1,49913,0,0,0,0,0
16616,770,45902,0,32,0,0,1,49926,2,0,0,0,0
16695,770,48721,0,32,0,0,1,49939,0,0,0,0,0
16696,770,48743,0,32,0,0,1,49934,0,0,0,0,0
16779,770,48977,0,0,0,0,1,0,0,0,0,0,0
16780,770,48978,0,0,0,0,1,0,0,0,0,0,0
16781,770,48979,0,0,0,0,1,0,0,0,0,0,0
16782,770,48982,0,0,0,0,1,0,0,0,0,0,0
16784,770,48985,0,0,0,0,1,0,0,0,0,0,0
16795,770,49005,0,0,0,0,1,0,0,0,0,0,0
16796,770,48987,0,0,0,0,1,0,0,0,0,0,0
16797,770,48988,0,0,0,0,1,0,0,0,0,0,0
16799,770,49004,0,0,0,0,1,0,0,0,0,0,0
16800,770,48997,0,0,0,0,1,0,0,0,0,0,0
16802,770,49006,0,0,0,0,1,0,0,0,0,0,0
16809,770,49016,0,0,0,0,1,0,0,0,0,0,0
16810,770,49018,0,0,0,0,1,0,0,0,0,0,0
16813,770,49023,0,0,0,0,1,0,0,0,0,0,0
16815,770,49027,0,0,0,0,1,0,0,0,0,0,0
16816,770,49028,0,0,0,0,1,0,0,0,0,0,0
17008,770,49394,0,0,0,0,1,0,0,0,0,0,0
17009,770,49395,0,0,0,0,1,0,0,0,0,0,0
17012,770,49390,0,0,0,0,1,0,0,0,0,0,0
17013,770,49391,0,0,0,0,1,0,0,0,0,0,0
17014,770,49392,0,0,0,0,1,0,0,0,0,0,0
17015,770,49393,0,0,0,0,1,0,0,0,0,0,0
17016,770,48266,0,32,0,0,1,0,2,0,0,0,0
17035,770,49410,0,0,0,0,1,0,2,0,0,0,0
17036,770,49145,0,0,0,0,1,0,0,0,0,0,0
17037,770,49182,0,0,0,0,1,0,0,0,0,0,0
17044,770,49477,0,0,0,0,1,0,0,0,0,0,0
17045,770,49478,0,0,0,0,1,0,0,0,0,0,0
17046,770,49479,0,0,0,0,1,0,0,0,0,0,0
17047,770,49480,0,0,0,0,1,0,0,0,0,0,0
17048,770,49483,0,0,0,0,1,0,0,0,0,0,0
17052,770,49488,0,0,0,0,1,0,0,0,0,0,0
17053,770,49489,0,0,0,0,1,0,0,0,0,0,0
17054,770,49490,0,0,0,0,1,0,0,0,0,0,0
17055,770,49491,0,0,0,0,1,0,0,0,0,0,0
17056,770,49500,0,0,0,0,1,0,0,0,0,0,0
17057,770,49501,0,0,0,0,1,0,0,0,0,0,0
17058,770,49495,0,0,0,0,1,0,0,0,0,0,0
17059,770,49497,0,0,0,0,1,0,0,0,0,0,0
17062,770,49503,0,0,0,0,1,0,0,0,0,0,0
17063,770,49504,0,0,0,0,1,0,0,0,0,0,0
17066,770,49508,0,0,0,0,1,0,0,0,0,0,0
17067,770,49509,0,0,0,0,1,0,0,0,0,0,0
17070,770,49526,0,0,0,0,1,0,0,0,0,0,0
17075,770,49529,0,0,0,0,1,0,0,0,0,0,0
17076,770,49530,0,0,0,0,1,0,0,0,0,0,0
17079,770,49533,0,0,0,0,1,0,0,0,0,0,0
17080,770,49534,0,0,0,0,1,0,0,0,0,0,0
17083,770,49542,0,0,0,0,1,0,0,0,0,0,0
17084,770,49543,0,0,0,0,1,0,0,0,0,0,0
17272,770,49926,0,0,0,0,1,49927,0,0,0,0,0
17273,770,49927,0,0,0,0,1,49928,0,0,0,0,0
17274,770,49928,0,0,0,0,1,49929,0,0,0,0,0
17275,770,49929,0,0,0,0,1,49930,0,0,0,0,0
17276,770,49930,0,0,0,0,1,0,0,0,0,0,0
17282,770,49939,0,32,0,0,1,49940,0,0,0,0,0
17283,770,49940,0,32,0,0,1,49941,0,0,0,0,0
17284,770,49941,0,32,0,0,1,0,0,0,0,0,0
17382,770,49189,0,0,0,0,1,0,0,0,0,0,0
17383,770,50149,0,0,0,0,1,0,0,0,0,0,0
17384,770,50150,0,0,0,0,1,0,0,0,0,0,0
17479,770,50029,0,0,0,0,1,0,0,0,0,0,0
17480,770,49015,0,0,0,0,1,0,0,0,0,0,0
17481,770,50154,0,0,0,0,1,0,0,0,0,0,0
17545,770,50842,0,32,0,0,1,51426,0,0,0,0,0
17801,770,52284,0,0,0,0,1,0,0,0,0,0,0
17802,770,52285,0,0,0,0,1,0,0,0,0,0,0
17803,770,52286,0,0,0,0,1,0,0,0,0,0,0
17807,770,52374,0,0,0,0,1,0,0,0,0,0,0
18003,770,53137,0,0,0,0,1,0,0,0,0,0,0
18004,770,53138,0,0,0,0,1,0,0,0,0,0,0
18028,770,53323,0,0,0,0,1,0,0,0,0,0,0
18033,770,53331,0,0,0,0,1,0,0,0,0,0,0
18094,770,49467,0,0,0,0,1,0,0,0,0,0,0
18095,770,50033,0,0,0,0,1,0,0,0,0,0,0
18096,770,50034,0,0,0,0,1,0,0,0,0,0,0
19182,770,55050,0,0,0,0,1,55258,0,0,0,0,0
19203,770,55107,0,0,0,0,1,0,0,0,0,0,0
19204,770,55108,0,0,0,0,1,0,0,0,0,0,0
19210,770,55136,0,0,0,0,1,0,0,0,0,0,0
19247,770,55225,0,0,0,0,1,0,0,0,0,0,0
19248,770,55226,0,0,0,0,1,0,0,0,0,0,0
19262,770,55258,0,0,0,0,1,55259,0,0,0,0,0
19263,770,55259,0,0,0,0,1,55260,0,0,0,0,0
19264,770,55260,0,0,0,0,1,55261,0,0,0,0,0
19265,770,55261,0,0,0,0,1,55262,0,0,0,0,0
19266,770,55262,0,0,0,0,1,0,0,0,0,0,0
19330,770,55233,0,0,0,0,1,0,0,0,0,0,0
19527,770,50365,0,0,0,0,1,0,0,0,0,0,0
19528,770,50371,0,0,0,0,1,0,0,0,0,0,0
19655,770,56222,0,0,0,0,1,0,0,0,0,0,0
20151,770,50447,0,32,0,0,1,0,0,0,0,0,0
20152,770,50448,0,32,0,0,1,0,0,0,0,0,0
20153,770,50449,0,32,0,0,1,0,0,0,0,0,0
20458,770,61154,0,0,0,0,1,0,0,0,0,0,0
20459,770,61155,0,0,0,0,1,0,0,0,0,0,0
20460,770,61156,0,0,0,0,1,0,0,0,0,0,0
20461,770,61157,0,0,0,0,1,0,0,0,0,0,0
20462,770,61158,0,0,0,0,1,0,0,0,0,0,0
20496,770,50096,0,0,0,0,1,50108,0,0,0,0,0
20497,770,61274,0,0,0,0,1,61275,0,0,0,0,0
20498,770,50108,0,0,0,0,1,50109,0,0,0,0,0
20499,770,61275,0,0,0,0,1,61276,0,0,0,0,0
20500,770,50109,0,0,0,0,1,50110,0,0,0,0,0
20501,770,61276,0,0,0,0,1,61277,0,0,0,0,0
20502,770,50110,0,0,0,0,1,50111,0,0,0,0,0
20503,770,61277,0,0,0,0,1,61278,0,0,0,0,0
20504,770,50111,0,0,0,0,1,0,0,0,0,0,0
20505,770,61278,0,0,0,0,1,0,0,0,0,0,0
20795,770,62905,0,0,0,0,1,0,0,0,0,0,0
20796,770,62908,0,0,0,0,1,0,0,0,0,0,0
20798,770,62900,0,0,0,0,1,0,0,0,0,0,0
20799,770,62901,0,0,0,0,1,0,0,0,0,0,0
20800,770,62902,0,0,0,0,1,0,0,0,0,0,0
20801,770,62903,0,0,0,0,1,0,0,0,0,0,0
20802,770,62904,0,0,0,0,1,0,0,0,0,0,0
21098,770,66215,0,0,0,0,1,0,0,0,0,0,0
16230,771,45524,0,32,0,0,1,0,0,0,0,0,0
16231,771,45477,0,32,0,0,1,49896,2,0,0,0,0
16431,771,47568,0,32,0,0,1,0,0,0,0,0,0
16432,771,47528,0,32,0,0,1,49910,0,0,0,0,0
16611,771,48263,0,32,0,0,1,0,0,0,0,0,0
16707,771,48792,0,32,0,0,1,0,0,0,0,0,0
16820,771,49042,0,0,0,0,1,0,0,0,0,0,0
16926,771,49140,0,0,0,0,1,0,0,0,0,0,0
16927,771,49149,0,0,0,0,1,0,0,0,0,0,0
16928,771,49143,0,0,0,0,1,51416,0,0,0,0,0
16929,771,49142,0,0,0,0,1,51389,0,0,0,0,0
16940,771,49188,0,0,0,0,1,0,0,0,0,0,0
16941,771,49186,0,0,0,0,1,0,0,0,0,0,0
16947,771,49202,0,0,0,0,1,0,0,0,0,0,0
16948,771,49203,0,0,0,0,1,0,0,0,0,0,0
17038,771,49455,0,0,0,0,1,0,0,0,0,0,0
17041,771,49226,0,0,0,0,1,0,0,0,0,0,0
17149,771,49661,0,0,0,0,1,0,0,0,0,0,0
17150,771,49662,0,0,0,0,1,0,0,0,0,0,0
17151,771,49663,0,0,0,0,1,0,0,0,0,0,0
17152,771,49664,0,0,0,0,1,0,0,0,0,0,0
17159,771,49471,0,0,0,0,1,0,0,0,0,0,0
17168,771,49786,0,0,0,0,1,0,0,0,0,0,0
17169,771,49787,0,0,0,0,1,0,0,0,0,0,0
17170,771,49788,0,0,0,0,1,0,0,0,0,0,0
17171,771,49789,0,0,0,0,1,0,0,0,0,0,0
17172,771,49790,0,0,0,0,1,0,0,0,0,0,0
17254,771,49896,0,32,0,0,1,49903,0,0,0,0,0
17255,771,49903,0,32,0,0,1,49904,0,0,0,0,0
17256,771,49904,0,32,0,0,1,49909,0,0,0,0,0
17257,771,49909,0,32,0,0,1,0,0,0,0,0,0
17304,771,50115,0,0,0,0,1,0,0,0,0,0,0
17367,771,50147,0,0,0,0,1,0,0,0,0,0,0
17369,771,50137,0,0,0,0,1,0,0,0,0,0,0
17370,771,50138,0,0,0,0,1,0,0,0,0,0,0
17375,771,50127,0,0,0,0,1,0,0,0,0,0,0
17376,771,50128,0,0,0,0,1,0,0,0,0,0,0
17377,771,50129,0,0,0,0,1,0,0,0,0,0,0
17378,771,50130,0,0,0,0,1,0,0,0,0,0,0
17379,771,50151,0,0,0,0,1,0,0,0,0,0,0
17380,771,49200,0,0,0,0,1,0,0,0,0,0,0
17381,771,50152,0,0,0,0,1,0,0,0,0,0,0
17385,771,49024,0,0,0,0,1,0,0,0,0,0,0
17386,771,49538,0,0,0,0,1,0,0,0,0,0,0
17415,771,50187,0,0,0,0,1,0,0,0,0,0,0
17416,771,50190,0,0,0,0,1,0,0,0,0,0,0
17417,771,50191,0,0,0,0,1,0,0,0,0,0,0
17475,771,49175,0,0,0,0,1,0,0,0,0,0,0
17476,771,50031,0,0,0,0,1,0,0,0,0,0,0
17546,771,49796,0,32,0,0,1,0,0,0,0,0,0
17550,771,50880,0,0,0,0,1,0,0,0,0,0,0
17551,771,50884,0,0,0,0,1,0,0,0,0,0,0
17552,771,50885,0,0,0,0,1,0,0,0,0,0,0
17553,771,50886,0,0,0,0,1,0,0,0,0,0,0
17554,771,50887,0,0,0,0,1,0,0,0,0,0,0
17555,771,49020,0,32,0,0,1,51423,0,0,0,0,0
17564,771,51108,0,0,0,0,1,0,0,0,0,0,0
17565,771,51109,0,0,0,0,1,0,0,0,0,0,0
17566,771,51123,0,0,0,0,1,0,0,0,0,0,0
17567,771,51127,0,0,0,0,1,0,0,0,0,0,0
17568,771,51128,0,0,0,0,1,0,0,0,0,0,0
17569,771,51129,0,0,0,0,1,0,0,0,0,0,0
17570,771,51130,0,0,0,0,1,0,0,0,0,0,0
17620,771,51416,0,0,0,0,1,51417,0,0,0,0,0
17621,771,51417,0,0,0,0,1,51418,0,0,0,0,0
17622,771,51418,0,0,0,0,1,51419,0,0,0,0,0
17623,771,51419,0,0,0,0,1,55268,0,0,0,0,0
17624,771,51423,0,0,0,0,1,51424,0,0,0,0,0
17625,771,51424,0,0,0,0,1,51425,0,0,0,0,0
17626,771,51425,0,0,0,0,1,0,0,0,0,0,0
17633,771,51456,0,0,0,0,1,0,0,0,0,0,0
17641,771,51468,0,0,0,0,1,0,0,0,0,0,0
17642,771,51472,0,0,0,0,1,0,0,0,0,0,0
17643,771,51473,0,0,0,0,1,0,0,0,0,0,0
17808,771,52372,0,0,0,0,1,0,0,0,0,0,0
18034,771,53341,0,32,0,0,1,0,0,0,0,0,0
18108,771,53343,0,32,0,0,1,0,0,0,0,0,0
18957,771,54639,0,0,0,0,1,0,0,0,0,0,0
18958,771,54638,0,0,0,0,1,0,0,0,0,0,0
18959,771,54637,0,0,0,0,1,0,0,0,0,0,0
19183,771,49039,0,0,0,0,1,0,0,0,0,0,0
19189,771,55061,0,0,0,0,1,0,0,0,0,0,0
19190,771,55062,0,0,0,0,1,0,0,0,0,0,0
19194,771,49137,0,0,0,0,1,0,0,0,0,0,0
19195,771,49657,0,0,0,0,1,0,0,0,0,0,0
19267,771,55268,0,0,0,0,1,0,0,0,0,0,0
19329,771,51271,0,0,0,0,1,0,0,0,0,0,0
19370,771,55610,0,0,0,0,1,0,0,0,0,0,0
19531,771,50384,0,0,0,0,1,0,0,0,0,0,0
19532,771,50385,0,0,0,0,1,0,0,0,0,0,0
19534,771,3714,0,0,0,0,1,0,0,0,0,0,0
19640,771,56815,0,0,0,0,1,0,0,0,0,0,0
19641,771,56816,0,0,0,0,1,0,2,0,0,0,0
19642,771,56822,0,0,0,0,1,0,0,0,0,0,0
19674,771,57330,0,0,0,0,1,0,0,0,0,0,0
19766,771,57623,0,0,0,0,1,0,0,0,0,0,0
20123,771,59057,0,0,0,0,1,0,0,0,0,0,0
20226,771,59921,0,32,0,0,1,0,2,0,0,0,0
20255,771,57532,0,0,0,0,1,0,0,0,0,0,0
20646,771,61455,0,32,0,0,1,0,2,0,0,0,0
20797,771,49791,0,0,0,0,1,0,0,0,0,0,0
20803,771,50040,0,0,0,0,1,0,0,0,0,0,0
20804,771,50041,0,0,0,0,1,0,0,0,0,0,0
20805,771,50043,0,0,0,0,1,0,0,0,0,0,0
20919,771,61433,0,0,0,0,1,0,0,0,0,0,0
20920,771,61434,0,0,0,0,1,0,0,0,0,0,0
21031,771,49184,0,0,0,0,1,0,0,0,0,0,0
21032,771,51409,0,0,0,0,1,0,0,0,0,0,0
21033,771,51410,0,0,0,0,1,0,0,0,0,0,0
21034,771,51411,0,0,0,0,1,0,0,0,0,0,0
21060,771,65661,0,0,0,0,1,0,0,0,0,0,0
21089,771,65661,0,0,0,0,1,0,0,0,0,0,0
21090,771,66191,0,0,0,0,1,0,0,0,0,0,0
21091,771,66192,0,0,0,0,1,0,0,0,0,0,0
21093,771,66188,0,0,0,0,1,0,0,0,0,0,0
21094,771,66196,0,0,0,0,1,0,0,0,0,0,0
21095,771,66198,0,0,0,0,1,0,0,0,0,0,0
21097,771,66217,0,0,0,0,1,0,0,0,0,0,0
16232,772,42650,0,32,0,0,1,0,0,0,0,0,0
16233,772,42651,0,32,0,0,1,0,0,0,0,0,0
16237,772,43265,0,32,0,0,1,49936,0,0,0,0,0
16238,772,45462,0,32,0,0,1,49917,2,0,0,0,0
16291,772,46584,0,32,0,0,1,0,0,0,0,0,0
16433,772,47541,0,32,0,0,1,49892,2,0,0,0,0
16434,772,47632,0,32,0,0,1,0,0,0,0,0,0
16435,772,47633,0,32,0,0,1,0,0,0,0,0,0
16612,772,48265,0,32,0,0,1,0,0,0,0,0,0
16694,772,48707,0,32,0,0,1,0,0,0,0,0,0
16698,772,48778,0,32,0,0,1,0,0,0,0,0,0
16774,772,48963,0,0,0,0,1,0,0,0,0,0,0
16775,772,48962,0,0,0,0,1,0,0,0,0,0,0
16817,772,49032,0,0,0,0,1,0,0,0,0,0,0
16818,772,49036,0,0,0,0,1,0,0,0,0,0,0
16922,772,49158,0,0,0,0,1,51325,0,0,0,0,0
16939,772,49194,0,32,0,0,1,51376,0,0,0,0,0
16949,772,49206,0,0,0,0,1,0,0,0,0,0,0
16950,772,49208,0,0,0,0,1,0,0,0,0,0,0
16951,772,49217,0,0,0,0,1,0,0,0,0,0,0
16952,772,49220,0,0,0,0,1,0,0,0,0,0,0
16954,772,49222,0,0,0,0,1,0,0,0,0,0,0
16956,772,49013,0,0,0,0,1,0,0,0,0,0,0
16957,772,49224,0,0,0,0,1,0,0,0,0,0,0
16959,772,49223,0,0,0,0,1,0,0,0,0,0,0
17089,772,49562,0,0,0,0,1,0,0,0,0,0,0
17091,772,49564,0,0,0,0,1,0,0,0,0,0,0
17092,772,49565,0,0,0,0,1,0,0,0,0,0,0
17093,772,49567,0,0,0,0,1,0,0,0,0,0,0
17094,772,49568,0,0,0,0,1,0,0,0,0,0,0
17101,772,49576,0,32,0,0,1,0,2,0,0,0,0
17102,772,49560,0,0,0,0,1,0,0,0,0,0,0
17103,772,49575,0,32,0,0,1,0,0,0,0,0,0
17104,772,49588,0,0,0,0,1,0,0,0,0,0,0
17105,772,49589,0,0,0,0,1,0,0,0,0,0,0
17108,772,49599,0,0,0,0,1,0,0,0,0,0,0
17122,772,49610,0,0,0,0,1,0,0,0,0,0,0
17123,772,49611,0,0,0,0,1,0,0,0,0,0,0
17127,772,49627,0,0,0,0,1,0,0,0,0,0,0
17128,772,49628,0,0,0,0,1,0,0,0,0,0,0
17131,772,49219,0,0,0,0,1,0,0,0,0,0,0
17132,772,49631,0,0,0,0,1,0,0,0,0,0,0
17133,772,49632,0,0,0,0,1,0,0,0,0,0,0
17134,772,49633,0,0,0,0,1,0,0,0,0,0,0
17135,772,49635,0,0,0,0,1,0,0,0,0,0,0
17136,772,49636,0,0,0,0,1,0,0,0,0,0,0
17137,772,49638,0,0,0,0,1,0,0,0,0,0,0
17143,772,49654,0,0,0,0,1,0,0,0,0,0,0
17144,772,49655,0,0,0,0,1,0,0,0,0,0,0
17250,772,49892,0,32,0,0,1,49893,0,0,0,0,0
17251,772,49893,0,32,0,0,1,49894,0,0,0,0,0
17252,772,49894,0,32,0,0,1,49895,0,0,0,0,0
17253,772,49895,0,32,0,0,1,0,0,0,0,0,0
17265,772,49917,0,32,0,0,1,49918,0,0,0,0,0
17266,772,49918,0,32,0,0,1,49919,0,0,0,0,0
17267,772,49919,0,32,0,0,1,49920,0,0,0,0,0
17268,772,49920,0,32,0,0,1,49921,0,0,0,0,0
17269,772,49921,0,32,0,0,1,0,0,0,0,0,0
17279,772,49936,0,32,0,0,1,49937,0,0,0,0,0
17280,772,49937,0,32,0,0,1,49938,0,0,0,0,0
17281,772,49938,0,32,0,0,1,0,0,0,0,0,0
17306,772,50117,0,0,0,0,1,0,0,0,0,0,0
17307,772,50118,0,0,0,0,1,0,0,0,0,0,0
17308,772,50119,0,0,0,0,1,0,0,0,0,0,0
17309,772,50120,0,0,0,0,1,0,0,0,0,0,0
17310,772,50121,0,0,0,0,1,0,0,0,0,0,0
17559,772,50977,0,0,0,0,1,0,0,0,0,0,0
17562,772,51052,0,32,0,0,1,0,0,0,0,0,0
17563,772,51099,0,0,0,0,1,0,0,0,0,0,0
17575,772,51160,0,0,0,0,1,0,0,0,0,0,0
17576,772,51161,0,0,0,0,1,0,0,0,0,0,0
17599,772,51325,0,0,0,0,1,51326,0,0,0,0,0
17600,772,51326,0,0,0,0,1,51327,0,0,0,0,0
17601,772,51327,0,0,0,0,1,51328,0,0,0,0,0
17602,772,51328,0,0,0,0,1,0,0,0,0,0,0
17603,772,50444,0,0,0,0,1,0,0,0,0,0,0
17604,772,50536,0,0,0,0,1,0,0,0,0,0,0
17636,772,51459,0,0,0,0,1,0,0,0,0,0,0
17637,772,51462,0,0,0,0,1,0,0,0,0,0,0
17638,772,51463,0,0,0,0,1,0,0,0,0,0,0
17639,772,51464,0,0,0,0,1,0,0,0,0,0,0
17640,772,51465,0,0,0,0,1,0,0,0,0,0,0
17752,772,51745,0,0,0,0,1,0,0,0,0,0,0
17753,772,51746,0,0,0,0,1,0,0,0,0,0,0
17761,772,49998,0,32,0,0,1,49999,0,0,0,0,0
17762,772,49999,0,32,0,0,1,45463,0,0,0,0,0
17763,772,45463,0,32,0,0,1,49923,0,0,0,0,0
17764,772,49923,0,32,0,0,1,49924,0,0,0,0,0
17765,772,49924,0,32,0,0,1,0,0,0,0,0,0
17766,772,45470,0,0,0,0,1,0,0,0,0,0,0
17767,772,45469,0,0,0,0,1,0,0,0,0,0,0
17782,772,49146,0,0,0,0,1,0,0,0,0,0,0
17783,772,51267,0,0,0,0,1,0,0,0,0,0,0
17784,772,51983,0,0,0,0,1,0,0,0,0,0,0
17785,772,51969,0,0,0,0,1,0,0,0,0,0,0
17786,772,51986,0,0,0,0,1,0,0,0,0,0,0
17787,772,51970,0,0,0,0,1,0,0,0,0,0,0
17795,772,52143,0,0,0,0,1,0,0,0,0,0,0
17809,772,52375,0,0,0,0,1,0,0,0,0,0,0
17810,772,52373,0,0,0,0,1,0,0,0,0,0,0
19202,772,55090,0,0,0,0,1,55265,0,0,0,0,0
19205,772,55129,0,0,0,0,1,0,0,0,0,0,0
19206,772,55130,0,0,0,0,1,0,0,0,0,0,0
19207,772,55131,0,0,0,0,1,0,0,0,0,0,0
19208,772,55132,0,0,0,0,1,0,0,0,0,0,0
19209,772,55133,0,0,0,0,1,0,0,0,0,0,0
19252,772,55236,0,0,0,0,1,0,0,0,0,0,0
19253,772,55237,0,0,0,0,1,0,0,0,0,0,0
19268,772,55265,0,0,0,0,1,55270,0,0,0,0,0
19269,772,55270,0,0,0,0,1,55271,0,0,0,0,0
19270,772,55271,0,0,0,0,1,55272,0,0,0,0,0
19374,772,55620,0,0,0,0,1,0,0,0,0,0,0
19375,772,55623,0,0,0,0,1,0,0,0,0,0,0
19381,772,55666,0,0,0,0,1,0,0,0,0,0,0
19382,772,55667,0,0,0,0,1,0,0,0,0,0,0
19492,772,48965,0,0,0,0,1,0,0,0,0,0,0
19493,772,49571,0,0,0,0,1,0,0,0,0,0,0
19529,772,50391,0,0,0,0,1,0,0,0,0,0,0
19530,772,50392,0,0,0,0,1,0,0,0,0,0,0
19643,772,56835,0,0,0,0,1,0,0,0,0,0,0
19644,772,56834,0,0,0,0,1,0,0,0,0,0,0
20227,772,59879,0,0,0,0,1,0,2,0,0,0,0
20733,772,61999,0,0,0,0,1,0,0,0,0,0,0
20841,772,63560,0,0,0,0,1,0,0,0,0,0,0
20918,772,49572,0,0,0,0,1,0,0,0,0,0,0
21099,772,66216,0,0,0,0,1,0,0,0,0,0,0
21182,772,66799,0,0,0,0,1,0,0,0,0,0,0
21183,772,66814,0,0,0,0,1,0,0,0,0,0,0
21184,772,66815,0,0,0,0,1,0,0,0,0,0,0
21185,772,66816,0,0,0,0,1,0,0,0,0,0,0
21186,772,66817,0,0,0,0,1,0,0,0,0,0,0
16187,773,45357,0,0,0,0,1,45358,0,0,0,0,0
16188,773,45358,0,0,0,0,1,45359,0,0,0,0,0
16189,773,45359,0,0,0,0,1,45360,0,0,0,0,0
16190,773,45360,0,0,0,0,1,45361,0,0,0,0,0
16191,773,45361,0,0,0,0,1,45363,0,0,0,0,0
16192,773,45363,0,0,0,0,1,0,0,0,0,0,0
16195,773,45382,0,0,0,0,1,0,1,45,35,0,0
16542,773,48114,0,0,0,0,1,0,1,45,35,0,0
16543,773,48116,0,0,0,0,1,0,1,45,35,0,0
16602,773,48247,0,0,0,0,1,0,0,150,125,0,0
17486,773,50612,0,0,0,0,1,0,0,85,75,0,0
17487,773,50614,0,0,0,0,1,0,0,170,160,0,0
17488,773,50616,0,0,0,0,1,0,0,220,210,0,0
17489,773,50617,0,0,0,0,1,0,0,265,255,0,0
17490,773,50618,0,0,0,0,1,0,0,310,300,0,0
17491,773,50619,0,0,0,0,1,0,0,365,355,0,0
17492,773,50620,0,0,0,0,1,0,0,415,405,0,0
17493,773,50598,0,0,0,0,1,0,0,85,75,0,0
17494,773,50599,0,0,0,0,1,0,0,180,170,0,0
17495,773,50600,0,0,0,0,1,0,0,230,220,0,0
17496,773,50601,0,0,0,0,1,0,0,275,265,0,0
17497,773,50602,0,0,0,0,1,0,0,320,310,0,0
17498,773,50603,0,0,0,0,1,0,0,375,365,0,0
17499,773,50604,0,0,0,0,1,0,0,425,415,0,0
17500,773,50605,0,0,0,0,1,0,0,85,75,0,0
17501,773,50606,0,0,0,0,1,0,0,175,165,0,0
17502,773,50607,0,0,0,0,1,0,0,225,215,0,0
17503,773,50608,0,0,0,0,1,0,0,270,260,0,0
17504,773,50609,0,0,0,0,1,0,0,315,305,0,0
17505,773,50610,0,0,0,0,1,0,0,370,360,0,0
17506,773,50611,0,0,0,0,1,0,0,420,410,0,0
17561,773,51005,0,0,0,0,1,0,1,0,0,0,0
17796,773,52175,0,0,0,0,1,0,0,0,0,0,0
17895,773,52738,0,0,0,0,1,0,1,30,15,0,0
17896,773,52739,0,0,0,0,1,0,0,100,75,0,0
17957,773,48248,0,0,0,0,1,0,0,75,60,0,0
17958,773,52840,0,0,0,0,1,0,0,125,100,0,0
17960,773,52843,0,0,0,0,1,0,0,75,45,0,0
18133,773,53462,0,0,0,0,1,0,0,80,75,0,0
19675,773,57207,0,0,0,0,1,0,0,405,390,0,0
19676,773,57208,0,0,0,0,1,0,0,405,390,0,0
19677,773,57209,0,0,0,0,1,0,0,340,330,0,0
19678,773,57210,0,0,0,0,1,0,0,280,270,0,0
19679,773,57211,0,0,0,0,1,0,0,405,390,0,0
19680,773,57212,0,0,0,0,1,0,0,405,390,0,0
19681,773,57213,0,0,0,0,1,0,0,300,290,0,0
19682,773,57214,0,0,0,0,1,0,0,405,390,0,0
19683,773,57215,0,0,0,0,1,0,0,315,305,0,0
19684,773,57216,0,0,0,0,1,0,0,285,275,0,0
19685,773,57217,0,0,0,0,1,0,0,340,330,0,0
19686,773,57218,0,0,0,0,1,0,0,405,390,0,0
19687,773,57219,0,0,0,0,1,0,0,295,285,0,0
19688,773,57220,0,0,0,0,1,0,0,405,390,0,0
19689,773,57221,0,0,0,0,1,0,0,315,305,0,0
19690,773,57222,0,0,0,0,1,0,0,365,355,0,0
19691,773,57223,0,0,0,0,1,0,0,405,390,0,0
19692,773,57224,0,0,0,0,1,0,0,345,335,0,0
19693,773,57225,0,0,0,0,1,0,0,390,380,0,0
19694,773,57226,0,0,0,0,1,0,0,320,310,0,0
19695,773,57227,0,0,0,0,1,0,0,360,350,0,0
19696,773,57228,0,0,0,0,1,0,0,315,305,0,0
19697,773,57229,0,0,0,0,1,0,0,315,305,0,0
19698,773,57230,0,0,0,0,1,0,0,315,305,0,0
19699,773,57231,0,0,0,0,1,0,0,0,0,0,0
19777,773,57703,0,0,0,0,1,0,0,95,85,0,0
19778,773,57704,0,0,0,0,1,0,0,105,95,0,0
19779,773,57706,0,0,0,0,1,0,0,135,125,0,0
19780,773,57707,0,0,0,0,1,0,0,155,145,0,0
19781,773,57708,0,0,0,0,1,0,0,180,170,0,0
19782,773,57709,0,0,0,0,1,0,0,205,195,0,0
19783,773,57710,0,0,0,0,1,0,0,230,220,0,0
19784,773,57711,0,0,0,0,1,0,0,255,245,0,0
19785,773,57712,0,0,0,0,1,0,0,300,290,0,0
19786,773,57713,0,0,0,0,1,0,0,305,295,0,0
19787,773,57714,0,0,0,0,1,0,0,330,320,0,0
19788,773,57715,0,0,0,0,1,0,0,355,345,0,0
19789,773,57716,0,0,0,0,1,0,0,380,370,0,0
19794,773,56955,0,0,0,0,1,0,0,110,90,0,0
19795,773,56963,0,0,0,0,1,0,0,115,95,0,0
19796,773,56961,0,0,0,0,1,0,0,120,100,0,0
19797,773,48121,0,0,0,0,1,0,0,115,105,0,0
19798,773,56945,0,0,0,0,1,0,0,130,120,0,0
19799,773,56951,0,0,0,0,1,0,0,145,135,0,0
19800,773,56948,0,0,0,0,1,0,0,165,155,0,0
19801,773,56953,0,0,0,0,1,0,0,185,175,0,0
19802,773,56956,0,0,0,0,1,0,0,215,205,0,0
19803,773,56959,0,0,0,0,1,0,0,235,225,0,0
19804,773,56957,0,0,0,0,1,0,0,275,265,0,0
19805,773,56952,0,0,0,0,1,0,0,325,315,0,0
19806,773,56943,0,0,0,0,1,0,0,365,355,0,0
19807,773,56946,0,0,0,0,1,0,0,405,390,0,0
19808,773,56947,0,0,0,0,1,0,0,405,390,0,0
19809,773,56960,0,0,0,0,1,0,0,405,390,0,0
19810,773,56950,0,0,0,0,1,0,0,405,390,0,0
19811,773,56944,0,0,0,0,1,0,0,405,390,0,0
19812,773,56954,0,0,0,0,1,0,0,405,390,0,0
19813,773,56958,0,0,0,0,1,0,0,405,390,0,0
19814,773,56949,0,0,0,0,1,0,0,405,390,0,0
19815,773,57004,0,0,0,0,1,0,0,110,90,0,0
19816,773,57009,0,0,0,0,1,0,0,120,100,0,0
19817,773,56995,0,0,0,0,1,0,0,115,105,0,0
19818,773,56997,0,0,0,0,1,0,0,130,120,0,0
19819,773,57005,0,0,0,0,1,0,0,145,135,0,0
19820,773,57007,0,0,0,0,1,0,0,165,155,0,0
19821,773,56994,0,0,0,0,1,0,0,190,180,0,0
19822,773,57000,0,0,0,0,1,0,0,215,205,0,0
19823,773,57001,0,0,0,0,1,0,0,240,230,0,0
19824,773,57002,0,0,0,0,1,0,0,275,265,0,0
19825,773,57008,0,0,0,0,1,0,0,330,320,0,0
19826,773,57003,0,0,0,0,1,0,0,365,355,0,0
19827,773,56996,0,0,0,0,1,0,0,405,390,0,0
19828,773,56999,0,0,0,0,1,0,0,405,390,0,0
19829,773,57012,0,0,0,0,1,0,0,405,390,0,0
19830,773,57013,0,0,0,0,1,0,0,405,390,0,0
19831,773,57006,0,0,0,0,1,0,0,390,380,0,0
19832,773,57011,0,0,0,0,1,0,0,405,390,0,0
19833,773,56998,0,0,0,0,1,0,0,405,390,0,0
19834,773,57010,0,0,0,0,1,0,0,405,390,0,0
19835,773,56976,0,0,0,0,1,0,0,110,90,0,0
19836,773,56978,0,0,0,0,1,0,0,120,100,0,0
19837,773,56968,0,0,0,0,1,0,0,115,105,0,0
19838,773,56971,0,0,0,0,1,0,0,130,120,0,0
19839,773,56973,0,0,0,0,1,0,0,145,135,0,0
19840,773,56974,0,0,0,0,1,0,0,170,160,0,0
19841,773,56981,0,0,0,0,1,0,0,190,180,0,0
19842,773,56982,0,0,0,0,1,0,0,220,210,0,0
19843,773,56979,0,0,0,0,1,0,0,240,230,0,0
19844,773,56985,0,0,0,0,1,0,0,295,285,0,0
19845,773,56984,0,0,0,0,1,0,0,340,330,0,0
19846,773,56972,0,0,0,0,1,0,0,350,340,0,0
19847,773,56989,0,0,0,0,1,0,0,405,390,0,0
19848,773,56986,0,0,0,0,1,0,0,405,390,0,0
19849,773,56980,0,0,0,0,1,0,0,390,380,0,0
19850,773,56983,0,0,0,0,1,0,0,405,390,0,0
19851,773,57719,0,0,0,0,1,0,0,405,390,0,0
19852,773,56975,0,0,0,0,1,0,0,405,390,0,0
19853,773,56977,0,0,0,0,1,0,0,405,390,0,0
19854,773,56987,0,0,0,0,1,0,0,405,390,0,0
19855,773,56988,0,0,0,0,1,0,0,405,390,0,0
19856,773,57022,0,0,0,0,1,0,0,110,90,0,0
19857,773,57027,0,0,0,0,1,0,0,120,100,0,0
19858,773,57029,0,0,0,0,1,0,0,120,110,0,0
19859,773,57030,0,0,0,0,1,0,0,135,125,0,0
19860,773,57031,0,0,0,0,1,0,0,150,140,0,0
19861,773,57032,0,0,0,0,1,0,0,170,160,0,0
19862,773,57020,0,0,0,0,1,0,0,195,185,0,0
19863,773,57023,0,0,0,0,1,0,0,220,210,0,0
19864,773,57024,0,0,0,0,1,0,0,245,235,0,0
19865,773,57025,0,0,0,0,1,0,0,280,270,0,0
19866,773,57026,0,0,0,0,1,0,0,315,305,0,0
19867,773,57033,0,0,0,0,1,0,0,350,340,0,0
19868,773,57036,0,0,0,0,1,0,0,390,380,0,0
19869,773,57034,0,0,0,0,1,0,0,405,390,0,0
19870,773,57035,0,0,0,0,1,0,0,405,390,0,0
19871,773,57021,0,0,0,0,1,0,0,405,390,0,0
19872,773,57028,0,0,0,0,1,0,0,405,390,0,0
19873,773,57019,0,0,0,0,1,0,0,405,390,0,0
19874,773,57194,0,0,0,0,1,0,0,110,90,0,0
19875,773,57196,0,0,0,0,1,0,0,125,105,0,0
19876,773,57184,0,0,0,0,1,0,0,120,110,0,0
19877,773,57186,0,0,0,0,1,0,0,135,125,0,0
19878,773,57188,0,0,0,0,1,0,0,150,140,0,0
19879,773,57197,0,0,0,0,1,0,0,175,165,0,0
19880,773,57200,0,0,0,0,1,0,0,195,185,0,0
19881,773,57201,0,0,0,0,1,0,0,225,215,0,0
19882,773,57183,0,0,0,0,1,0,0,245,235,0,0
19883,773,57185,0,0,0,0,1,0,0,285,275,0,0
19884,773,57187,0,0,0,0,1,0,0,330,320,0,0
19885,773,57192,0,0,0,0,1,0,0,365,355,0,0
19886,773,57193,0,0,0,0,1,0,0,405,390,0,0
19887,773,57198,0,0,0,0,1,0,0,390,380,0,0
19888,773,57191,0,0,0,0,1,0,0,405,390,0,0
19889,773,57195,0,0,0,0,1,0,0,405,390,0,0
19890,773,57202,0,0,0,0,1,0,0,405,390,0,0
19891,773,57189,0,0,0,0,1,0,0,405,390,0,0
19892,773,57181,0,0,0,0,1,0,0,405,390,0,0
19893,773,57199,0,0,0,0,1,0,0,405,390,0,0
19894,773,57190,0,0,0,0,1,0,0,405,390,0,0
19895,773,57114,0,0,0,0,1,0,0,110,90,0,0
19896,773,57119,0,0,0,0,1,0,0,125,105,0,0
19897,773,57120,0,0,0,0,1,0,0,120,110,0,0
19898,773,57121,0,0,0,0,1,0,0,135,125,0,0
19899,773,57123,0,0,0,0,1,0,0,150,140,0,0
19900,773,57125,0,0,0,0,1,0,0,175,165,0,0
19901,773,57129,0,0,0,0,1,0,0,200,190,0,0
19902,773,57131,0,0,0,0,1,0,0,225,215,0,0
19903,773,57132,0,0,0,0,1,0,0,250,240,0,0
19904,773,57133,0,0,0,0,1,0,0,300,290,0,0
19905,773,57122,0,0,0,0,1,0,0,320,310,0,0
19906,773,57113,0,0,0,0,1,0,0,355,345,0,0
19907,773,57116,0,0,0,0,1,0,0,405,390,0,0
19908,773,57124,0,0,0,0,1,0,0,405,390,0,0
19909,773,57128,0,0,0,0,1,0,0,405,390,0,0
19910,773,57115,0,0,0,0,1,0,0,405,390,0,0
19911,773,57126,0,0,0,0,1,0,0,405,390,0,0
19912,773,57127,0,0,0,0,1,0,0,405,390,0,0
19913,773,57112,0,0,0,0,1,0,0,405,390,0,0
19914,773,57117,0,0,0,0,1,0,0,405,390,0,0
19915,773,57130,0,0,0,0,1,0,0,405,390,0,0
19916,773,57239,0,0,0,0,1,0,0,115,95,0,0
19917,773,57246,0,0,0,0,1,0,0,125,105,0,0
19918,773,57238,0,0,0,0,1,0,0,125,115,0,0
19919,773,57240,0,0,0,0,1,0,0,140,130,0,0
19920,773,57245,0,0,0,0,1,0,0,155,145,0,0
19921,773,57249,0,0,0,0,1,0,0,180,170,0,0
19922,773,57241,0,0,0,0,1,0,0,200,190,0,0
19923,773,57242,0,0,0,0,1,0,0,230,220,0,0
19924,773,57244,0,0,0,0,1,0,0,250,240,0,0
19925,773,57251,0,0,0,0,1,0,0,290,280,0,0
19926,773,57236,0,0,0,0,1,0,0,315,305,0,0
19927,773,57252,0,0,0,0,1,0,0,345,335,0,0
19928,773,57233,0,0,0,0,1,0,0,405,390,0,0
19929,773,57232,0,0,0,0,1,0,0,405,390,0,0
19930,773,57247,0,0,0,0,1,0,0,405,390,0,0
19931,773,57248,0,0,0,0,1,0,0,390,380,0,0
19932,773,57235,0,0,0,0,1,0,0,405,390,0,0
19933,773,57243,0,0,0,0,1,0,0,405,390,0,0
19934,773,57250,0,0,0,0,1,0,0,405,390,0,0
19935,773,57234,0,0,0,0,1,0,0,400,390,0,0
19936,773,57237,0,0,0,0,1,0,0,405,390,0,0
19937,773,57259,0,0,0,0,1,0,0,115,95,0,0
19938,773,57266,0,0,0,0,1,0,0,125,105,0,0
19939,773,57265,0,0,0,0,1,0,0,125,115,0,0
19940,773,57262,0,0,0,0,1,0,0,140,130,0,0
19941,773,57269,0,0,0,0,1,0,0,155,145,0,0
19942,773,57271,0,0,0,0,1,0,0,180,170,0,0
19943,773,57277,0,0,0,0,1,0,0,205,195,0,0
19944,773,57270,0,0,0,0,1,0,0,230,220,0,0
19945,773,57274,0,0,0,0,1,0,0,255,245,0,0
19946,773,57272,0,0,0,0,1,0,0,290,280,0,0
19947,773,57275,0,0,0,0,1,0,0,340,330,0,0
19948,773,57257,0,0,0,0,1,0,0,365,355,0,0
19949,773,57264,0,0,0,0,1,0,0,405,390,0,0
19950,773,57273,0,0,0,0,1,0,0,405,390,0,0
19951,773,57258,0,0,0,0,1,0,0,405,390,0,0
19952,773,57267,0,0,0,0,1,0,0,405,390,0,0
19953,773,57260,0,0,0,0,1,0,0,405,390,0,0
19954,773,57268,0,0,0,0,1,0,0,405,390,0,0
19955,773,57261,0,0,0,0,1,0,0,405,390,0,0
19956,773,57263,0,0,0,0,1,0,0,405,390,0,0
19957,773,57276,0,0,0,0,1,0,0,405,390,0,0
20005,773,58484,0,0,0,0,1,0,0,45,35,0,0
20006,773,58485,0,0,0,0,1,0,0,90,80,0,0
20007,773,58486,0,0,0,0,1,0,0,185,175,0,0
20008,773,58487,0,0,0,0,1,0,0,235,225,0,0
20009,773,58488,0,0,0,0,1,0,0,280,270,0,0
20010,773,58489,0,0,0,0,1,0,0,325,315,0,0
20011,773,58490,0,0,0,0,1,0,0,380,370,0,0
20012,773,58491,0,0,0,0,1,0,0,430,420,0,0
20013,773,58472,0,0,0,0,1,0,0,45,35,0,0
20014,773,58473,0,0,0,0,1,0,0,95,85,0,0
20015,773,58476,0,0,0,0,1,0,0,190,180,0,0
20016,773,58478,0,0,0,0,1,0,0,240,230,0,0
20017,773,58480,0,0,0,0,1,0,0,285,275,0,0
20018,773,58481,0,0,0,0,1,0,0,330,320,0,0
20019,773,58482,0,0,0,0,1,0,0,385,375,0,0
20020,773,58483,0,0,0,0,1,0,0,435,425,0,0
20027,773,58565,0,0,0,0,1,0,0,150,125,0,0
20240,773,59480,0,0,0,0,1,0,0,175,150,0,0
20241,773,59487,0,0,0,0,1,0,0,210,200,0,0
20242,773,59491,0,0,0,0,1,0,0,250,240,0,0
20267,773,59502,0,0,0,0,1,0,0,300,290,0,0
20268,773,59503,0,0,0,0,1,0,0,380,350,0,0
20269,773,59504,0,0,0,0,1,0,0,475,450,0,0
20421,773,61117,0,0,0,0,1,0,0,405,395,0,0
20422,773,61119,0,0,0,0,1,0,0,405,395,0,0
20423,773,61120,0,0,0,0,1,0,0,405,395,0,0
20424,773,61118,0,0,0,0,1,0,0,405,395,0,0
20463,773,61177,0,0,0,0,1,0,0,450,425,0,0
20506,773,61288,0,0,0,0,1,0,0,150,125,0,0
20514,773,58296,0,0,0,0,1,0,0,90,80,0,0
20515,773,58289,0,0,0,0,1,0,0,90,80,0,0
20516,773,58299,0,0,0,0,1,0,0,90,80,0,0
20517,773,58301,0,0,0,0,1,0,0,90,80,0,0
20518,773,58298,0,0,0,0,1,0,0,90,80,0,0
20519,773,58300,0,0,0,0,1,0,0,90,80,0,0
20520,773,58303,0,0,0,0,1,0,0,90,80,0,0
20521,773,58306,0,0,0,0,1,0,0,90,80,0,0
20523,773,58310,0,0,0,0,1,0,0,90,80,0,0
20524,773,58308,0,0,0,0,1,0,0,90,80,0,0
20525,773,58314,0,0,0,0,1,0,0,90,80,0,0
20526,773,58313,0,0,0,0,1,0,0,90,80,0,0
20527,773,58312,0,0,0,0,1,0,0,90,80,0,0
20528,773,58318,0,0,0,0,1,0,0,90,80,0,0
20529,773,58317,0,0,0,0,1,0,0,90,80,0,0
20530,773,58326,0,0,0,0,1,0,0,90,80,0,0
20531,773,58323,0,0,0,0,1,0,0,90,80,0,0
20532,773,58337,0,0,0,0,1,0,0,90,80,0,0
20533,773,58342,0,0,0,0,1,0,0,90,80,0,0
20534,773,58344,0,0,0,0,1,0,0,90,80,0,0
20535,773,58346,0,0,0,0,1,0,0,90,80,0,0
20536,773,58343,0,0,0,0,1,0,0,90,80,0,0
20537,773,58286,0,0,0,0,1,0,0,115,105,0,0
20538,773,58288,0,0,0,0,1,0,0,115,105,0,0
20539,773,58305,0,0,0,0,1,0,0,115,105,0,0
20540,773,58311,0,0,0,0,1,0,0,115,105,0,0
20541,773,58315,0,0,0,0,1,0,0,115,105,0,0
20542,773,58320,0,0,0,0,1,0,0,115,105,0,0
20543,773,58325,0,0,0,0,1,0,0,115,105,0,0
20544,773,58332,0,0,0,0,1,0,0,115,105,0,0
20545,773,59326,0,0,0,0,1,0,0,115,105,0,0
20546,773,58336,0,0,0,0,1,0,0,115,105,0,0
20547,773,58345,0,0,0,0,1,0,0,115,105,0,0
20548,773,58307,0,0,0,0,1,0,0,140,130,0,0
20549,773,58324,0,0,0,0,1,0,0,140,130,0,0
20550,773,58328,0,0,0,0,1,0,0,140,130,0,0
20551,773,58331,0,0,0,0,1,0,0,140,130,0,0
20552,773,58340,0,0,0,0,1,0,0,140,130,0,0
20553,773,59315,0,0,0,0,1,0,0,165,155,0,0
20554,773,58287,0,0,0,0,1,0,0,165,155,0,0
20555,773,58302,0,0,0,0,1,0,0,165,155,0,0
20556,773,58316,0,0,0,0,1,0,0,165,155,0,0
20557,773,58321,0,0,0,0,1,0,0,165,155,0,0
20558,773,58333,0,0,0,0,1,0,0,165,155,0,0
20559,773,58329,0,0,0,0,1,0,0,165,155,0,0
20560,773,58330,0,0,0,0,1,0,0,165,155,0,0
20561,773,58338,0,0,0,0,1,0,0,165,155,0,0
20562,773,58339,0,0,0,0,1,0,0,165,155,0,0
20563,773,58319,0,0,0,0,1,0,0,190,180,0,0
20564,773,58297,0,0,0,0,1,0,0,215,205,0,0
20565,773,58327,0,0,0,0,1,0,0,215,205,0,0
20566,773,58347,0,0,0,0,1,0,0,340,330,0,0
20567,773,58322,0,0,0,0,1,0,0,365,355,0,0
20568,773,58341,0,0,0,0,1,0,0,365,355,0,0
20569,773,57162,0,0,0,0,1,0,0,115,95,0,0
20570,773,57158,0,0,0,0,1,0,0,125,105,0,0
20571,773,59475,0,0,0,0,1,0,0,175,150,0,0
20572,773,59478,0,0,0,0,1,0,0,175,150,0,0
20573,773,57163,0,0,0,0,1,0,0,125,115,0,0
20574,773,57157,0,0,0,0,1,0,0,140,130,0,0
20575,773,57167,0,0,0,0,1,0,0,155,145,0,0
20576,773,59484,0,0,0,0,1,0,0,210,200,0,0
20577,773,59486,0,0,0,0,1,0,0,210,200,0,0
20578,773,57161,0,0,0,0,1,0,0,185,175,0,0
20579,773,57165,0,0,0,0,1,0,0,205,195,0,0
20580,773,59499,0,0,0,0,1,0,0,220,210,0,0
20581,773,59387,0,0,0,0,1,0,0,215,205,0,0
20582,773,60336,0,0,0,0,1,0,0,225,215,0,0
20583,773,59489,0,0,0,0,1,0,0,250,240,0,0
20584,773,59490,0,0,0,0,1,0,0,250,240,0,0
20585,773,59488,0,0,0,0,1,0,0,260,250,0,0
20586,773,57151,0,0,0,0,1,0,0,235,225,0,0
20587,773,57154,0,0,0,0,1,0,0,255,245,0,0
20588,773,59493,0,0,0,0,1,0,0,300,290,0,0
20589,773,59494,0,0,0,0,1,0,0,300,290,0,0
20590,773,57156,0,0,0,0,1,0,0,300,290,0,0
20591,773,59495,0,0,0,0,1,0,0,350,340,0,0
20592,773,59496,0,0,0,0,1,0,0,350,340,0,0
20593,773,59338,0,0,0,0,1,0,0,325,315,0,0
20594,773,57168,0,0,0,0,1,0,0,335,325,0,0
20595,773,59339,0,0,0,0,1,0,0,335,325,0,0
20596,773,59340,0,0,0,0,1,0,0,355,345,0,0
20597,773,57172,0,0,0,0,1,0,0,360,350,0,0
20598,773,60337,0,0,0,0,1,0,0,355,345,0,0
20599,773,59497,0,0,0,0,1,0,0,450,425,0,0
20600,773,59498,0,0,0,0,1,0,0,450,425,0,0
20601,773,59500,0,0,0,0,1,0,0,385,355,0,0
20602,773,59501,0,0,0,0,1,0,0,415,405,0,0
20603,773,57159,0,0,0,0,1,0,0,405,390,0,0
20604,773,57170,0,0,0,0,1,0,0,405,390,0,0
20605,773,57152,0,0,0,0,1,0,0,405,390,0,0
20606,773,57169,0,0,0,0,1,0,0,405,390,0,0
20607,773,57160,0,0,0,0,1,0,0,405,390,0,0
20608,773,57166,0,0,0,0,1,0,0,405,390,0,0
20609,773,59559,0,0,0,0,1,0,0,405,390,0,0
20610,773,57155,0,0,0,0,1,0,0,405,390,0,0
20611,773,59561,0,0,0,0,1,0,0,405,390,0,0
20612,773,57153,0,0,0,0,1,0,0,405,390,0,0
20614,773,57164,0,0,0,0,1,0,0,405,390,0,0
20615,773,59560,0,0,0,0,1,0,0,405,390,0,0
20660,773,57014,0,0,0,0,1,0,0,405,390,0,0
20669,773,61677,0,0,0,0,1,0,0,405,390,0,0
20744,773,56990,0,0,0,0,1,0,0,365,355,0,0
20745,773,57253,0,0,0,0,1,0,0,365,355,0,0
20746,773,56965,0,0,0,0,1,0,0,365,355,0,0
20749,773,62162,0,0,0,0,1,0,0,390,380,0,0
20761,773,56991,0,0,0,0,1,0,0,330,320,0,0
20911,773,64051,0,0,0,0,1,0,0,400,375,0,0
20912,773,64053,0,0,0,0,1,0,0,400,375,0,0
20924,773,64248,0,0,0,0,1,0,0,440,430,0,0
20925,773,64246,0,0,0,0,1,0,0,440,430,0,0
20926,773,64247,0,0,0,0,1,0,0,440,430,0,0
20927,773,64249,0,0,0,0,1,0,0,440,430,0,0
20928,773,64250,0,0,0,0,1,0,0,440,430,0,0
20929,773,64251,0,0,0,0,1,0,0,440,430,0,0
20930,773,64252,0,0,0,0,1,0,0,440,430,0,0
20931,773,64253,0,0,0,0,1,0,0,440,430,0,0
20932,773,64254,0,0,0,0,1,0,0,440,430,0,0
20933,773,64255,0,0,0,0,1,0,0,440,430,0,0
20934,773,64256,0,0,0,0,1,0,0,440,430,0,0
20935,773,64257,0,0,0,0,1,0,0,440,430,0,0
20936,773,64261,0,0,0,0,1,0,0,270,255,0,0
20937,773,64258,0,0,0,0,1,0,0,270,255,0,0
20938,773,64260,0,0,0,0,1,0,0,270,255,0,0
20939,773,64259,0,0,0,0,1,0,0,270,255,0,0
20940,773,64262,0,0,0,0,1,0,0,270,255,0,0
20941,773,64266,0,0,0,0,1,0,0,295,280,0,0
20942,773,64267,0,0,0,0,1,0,0,295,285,0,0
20943,773,64276,0,0,0,0,1,0,0,440,430,0,0
20944,773,64277,0,0,0,0,1,0,0,440,430,0,0
20945,773,64268,0,0,0,0,1,0,0,440,430,0,0
20946,773,64295,0,0,0,0,1,0,0,440,430,0,0
20947,773,64294,0,0,0,0,1,0,0,440,430,0,0
20948,773,64271,0,0,0,0,1,0,0,440,430,0,0
20949,773,64297,0,0,0,0,1,0,0,440,430,0,0
20950,773,64274,0,0,0,0,1,0,0,440,430,0,0
20951,773,64280,0,0,0,0,1,0,0,440,430,0,0
20952,773,64279,0,0,0,0,1,0,0,440,430,0,0
20953,773,64273,0,0,0,0,1,0,0,440,430,0,0
20954,773,64288,0,0,0,0,1,0,0,440,430,0,0
20955,773,64281,0,0,0,0,1,0,0,440,430,0,0
20956,773,64278,0,0,0,0,1,0,0,440,430,0,0
20957,773,64291,0,0,0,0,1,0,0,440,430,0,0
20958,773,64300,0,0,0,0,1,0,0,440,430,0,0
20959,773,64284,0,0,0,0,1,0,0,440,430,0,0
20960,773,64298,0,0,0,0,1,0,0,440,430,0,0
20961,773,64283,0,0,0,0,1,0,0,440,430,0,0
20962,773,64285,0,0,0,0,1,0,0,440,430,0,0
20963,773,64275,0,0,0,0,1,0,0,440,430,0,0
20964,773,64318,0,0,0,0,1,0,0,440,430,0,0
20965,773,64282,0,0,0,0,1,0,0,440,430,0,0
20966,773,64289,0,0,0,0,1,0,0,440,430,0,0
20967,773,64286,0,0,0,0,1,0,0,440,430,0,0
20968,773,64296,0,0,0,0,1,0,0,440,430,0,0
20969,773,64287,0,0,0,0,1,0,0,440,430,0,0
20970,773,64299,0,0,0,0,1,0,0,440,430,0,0
20971,773,64270,0,0,0,0,1,0,0,440,430,0,0
20973,773,64302,0,0,0,0,1,0,0,440,430,0,0
20974,773,64303,0,0,0,0,1,0,0,440,430,0,0
20975,773,64305,0,0,0,0,1,0,0,440,430,0,0
20976,773,64304,0,0,0,0,1,0,0,440,430,0,0
20977,773,64312,0,0,0,0,1,0,0,440,430,0,0
20978,773,64309,0,0,0,0,1,0,0,440,430,0,0
20979,773,64307,0,0,0,0,1,0,0,440,430,0,0
20980,773,64311,0,0,0,0,1,0,0,440,430,0,0
20981,773,64308,0,0,0,0,1,0,0,440,430,0,0
20982,773,64310,0,0,0,0,1,0,0,440,430,0,0
20983,773,64317,0,0,0,0,1,0,0,440,430,0,0
20984,773,64315,0,0,0,0,1,0,0,440,430,0,0
20985,773,64316,0,0,0,0,1,0,0,440,430,0,0
20986,773,64314,0,0,0,0,1,0,0,440,430,0,0
20987,773,64313,0,0,0,0,1,0,0,440,430,0,0
21043,773,65245,0,0,0,0,1,0,0,440,430,0,0
21246,773,67600,0,0,0,0,1,0,0,115,105,0,0
21255,773,68166,0,0,0,0,1,0,0,365,355,0,0
21317,773,69385,0,0,0,0,1,0,0,460,425,0,0
21377,773,71101,0,0,0,0,1,0,0,265,255,0,0
21378,773,71102,0,0,0,0,1,0,0,385,380,0,0
21379,773,71015,0,0,0,0,1,0,0,385,380,0,0
17430,775,49966,0,0,0,0,1,49967,2,0,0,0,0
17431,775,49967,0,0,0,0,1,49968,2,0,0,0,0
17432,775,49968,0,0,0,0,1,49969,2,0,0,0,0
17433,775,49969,0,0,0,0,1,49970,2,0,0,0,0
17434,775,49970,0,0,0,0,1,49971,2,0,0,0,0
17435,775,49971,0,0,0,0,1,49972,2,0,0,0,0
17436,775,49972,0,0,0,0,1,49973,2,0,0,0,0
17437,775,49973,0,0,0,0,1,49974,2,0,0,0,0
17438,775,49974,0,0,0,0,1,52475,2,0,0,0,0
17439,775,23145,0,0,0,0,1,0,0,0,0,0,0
17442,775,50297,0,0,0,0,1,0,2,0,0,0,0
17447,775,50318,0,0,0,0,1,52012,2,0,0,0,0
17769,775,52012,0,0,0,0,1,52013,2,0,0,0,0
17770,775,52013,0,0,0,0,1,52014,2,0,0,0,0
17771,775,52014,0,0,0,0,1,52015,2,0,0,0,0
17772,775,52015,0,0,0,0,1,52016,2,0,0,0,0
17773,775,52016,0,0,0,0,1,52017,2,0,0,0,0
17844,775,52476,0,0,0,0,1,0,2,0,0,0,0
17845,775,52475,0,0,0,0,1,52476,2,0,0,0,0
17946,775,52825,0,0,0,0,1,0,0,0,0,0,0
18121,776,53323,0,32,0,0,1,0,0,510,500,0,0
18122,776,53331,0,32,0,0,1,0,0,510,500,0,0
18123,776,53341,0,32,0,0,1,0,1,510,500,0,0
18124,776,53343,0,32,0,0,1,0,1,510,500,0,0
18125,776,53342,0,32,0,0,1,0,0,510,500,0,0
18126,776,53344,0,32,0,0,1,0,0,510,500,0,0
18127,776,53428,0,32,0,0,1,0,0,0,0,0,0
18888,776,54447,0,32,0,0,1,0,0,510,500,0,0
18889,776,54446,0,32,0,0,1,0,0,510,500,0,0
20748,776,62158,0,32,0,0,1,0,0,510,500,0,0
21341,776,70164,0,32,0,0,1,0,0,510,500,0,0
18576,777,51412,0,0,0,0,1,0,0,0,0,0,0
18689,777,43688,0,0,0,0,1,0,0,0,0,0,0
18690,777,40192,0,0,0,0,1,0,0,0,0,0,0
18691,777,51412,0,0,0,0,1,0,0,0,0,0,0
18692,777,22719,0,0,0,0,1,0,0,0,0,0,0
18693,777,35022,0,0,0,0,1,0,0,0,0,0,0
18696,777,22718,0,0,0,0,1,0,0,0,0,0,0
18697,777,22720,0,0,0,0,1,0,0,0,0,0,0
18698,777,22717,0,0,0,0,1,0,0,0,0,0,0
18699,777,578,0,0,0,0,1,0,0,0,0,0,0
18701,777,459,0,0,0,0,1,0,0,0,0,0,0
18702,777,579,0,0,0,0,1,0,0,0,0,0,0
18703,777,581,0,0,0,0,1,0,0,0,0,0,0
18704,777,580,0,0,0,0,1,0,0,0,0,0,0
18705,777,6654,0,0,0,0,1,0,0,0,0,0,0
18706,777,6653,0,0,0,0,1,0,0,0,0,0,0
18707,777,23250,0,0,0,0,1,0,0,0,0,0,0
18708,777,23509,0,0,0,0,1,0,0,0,0,0,0
18709,777,23252,0,0,0,0,1,0,0,0,0,0,0
18710,777,23251,0,0,0,0,1,0,0,0,0,0,0
18711,777,22724,0,0,0,0,1,0,0,0,0,0,0
18712,777,34795,0,0,0,0,1,0,0,0,0,0,0
18713,777,35018,0,0,0,0,1,0,0,0,0,0,0
18714,777,35020,0,0,0,0,1,0,0,0,0,0,0
18715,777,33660,0,0,0,0,1,0,0,0,0,0,0
18716,777,35027,0,0,0,0,1,0,0,0,0,0,0
18717,777,35025,0,0,0,0,1,0,0,0,0,0,0
18718,777,46628,0,0,0,0,1,0,0,0,0,0,0
18719,777,35028,0,0,0,0,1,0,0,0,0,0,0
18720,777,15780,0,0,0,0,1,0,0,0,0,0,0
18721,777,15781,0,0,0,0,1,0,0,0,0,0,0
18722,777,10969,0,0,0,0,1,0,0,0,0,0,0
18723,777,33630,0,0,0,0,1,0,0,0,0,0,0
18724,777,17458,0,0,0,0,1,0,0,0,0,0,0
18725,777,17453,0,0,0,0,1,0,0,0,0,0,0
18726,777,17455,0,0,0,0,1,0,0,0,0,0,0
18727,777,17456,0,0,0,0,1,0,0,0,0,0,0
18728,777,10873,0,0,0,0,1,0,0,0,0,0,0
18729,777,17454,0,0,0,0,1,0,0,0,0,0,0
18730,777,23225,0,0,0,0,1,0,0,0,0,0,0
18731,777,23223,0,0,0,0,1,0,0,0,0,0,0
18732,777,23222,0,0,0,0,1,0,0,0,0,0,0
18733,777,17459,0,0,0,0,1,0,0,0,0,0,0
18734,777,15779,0,0,0,0,1,0,0,0,0,0,0
18735,777,22719,0,0,0,0,1,0,0,0,0,0,0
18740,777,25953,0,0,0,0,1,0,0,0,0,0,0
18741,777,26056,0,0,0,0,1,0,0,0,0,0,0
18742,777,26054,0,0,0,0,1,0,0,0,0,0,0
18743,777,26055,0,0,0,0,1,0,0,0,0,0,0
18744,777,39801,0,0,0,0,1,0,0,0,0,0,0
18747,777,39800,0,0,0,0,1,0,0,0,0,0,0
18749,777,8980,0,0,0,0,1,0,0,0,0,0,0
18750,777,17464,0,0,0,0,1,0,0,0,0,0,0
18751,777,17462,0,0,0,0,1,0,0,0,0,0,0
18752,777,32243,0,0,0,0,1,0,0,0,0,0,0
18753,777,32244,0,0,0,0,1,0,0,0,0,0,0
18754,777,32245,0,0,0,0,1,0,0,0,0,0,0
18755,777,32246,0,0,0,0,1,0,0,0,0,0,0
18756,777,32295,0,0,0,0,1,0,0,0,0,0,0
18757,777,32297,0,0,0,0,1,0,0,0,0,0,0
18758,777,32296,0,0,0,0,1,0,0,0,0,0,0
18759,777,49378,0,0,0,0,1,0,0,0,0,0,0
18760,777,50869,0,0,0,0,1,0,0,0,0,0,0
18761,777,49379,0,0,0,0,1,0,0,0,0,0,0
18762,777,43899,0,0,0,0,1,0,0,0,0,0,0
18763,777,50870,0,0,0,0,1,0,0,0,0,0,0
18764,777,43900,0,0,0,0,1,0,0,0,0,0,0
18765,777,47037,0,0,0,0,1,0,0,0,0,0,0
18766,777,34406,0,0,0,0,1,0,0,0,0,0,0
18767,777,35710,0,0,0,0,1,0,0,0,0,0,0
18768,777,35711,0,0,0,0,1,0,0,0,0,0,0
18769,777,34407,0,0,0,0,1,0,0,0,0,0,0
18770,777,35712,0,0,0,0,1,0,0,0,0,0,0
18771,777,35713,0,0,0,0,1,0,0,0,0,0,0
18772,777,35714,0,0,0,0,1,0,0,0,0,0,0
18773,777,470,0,0,0,0,1,0,0,0,0,0,0
18774,777,471,0,0,0,0,1,0,0,0,0,0,0
18776,777,458,0,0,0,0,1,0,0,0,0,0,0
18777,777,6648,0,0,0,0,1,0,0,0,0,0,0
18778,777,472,0,0,0,0,1,0,0,0,0,0,0
18779,777,23229,0,0,0,0,1,0,0,0,0,0,0
18780,777,23227,0,0,0,0,1,0,0,0,0,0,0
18781,777,23228,0,0,0,0,1,0,0,0,0,0,0
18782,777,22717,0,0,0,0,1,0,0,0,0,0,0
18783,777,18990,0,0,0,0,1,0,0,0,0,0,0
18784,777,18989,0,0,0,0,1,0,0,0,0,0,0
18785,777,23249,0,0,0,0,1,0,0,0,0,0,0
18786,777,23248,0,0,0,0,1,0,0,0,0,0,0
18787,777,23247,0,0,0,0,1,0,0,0,0,0,0
18788,777,22718,0,0,0,0,1,0,0,0,0,0,0
18789,777,6896,0,0,0,0,1,0,0,0,0,0,0
18790,777,6897,0,0,0,0,1,0,0,0,0,0,0
18791,777,6899,0,0,0,0,1,0,0,0,0,0,0
18792,777,6777,0,0,0,0,1,0,0,0,0,0,0
18793,777,6898,0,0,0,0,1,0,0,0,0,0,0
18795,777,17463,0,0,0,0,1,0,0,0,0,0,0
18796,777,43927,0,0,0,0,1,0,0,0,0,0,0
18797,777,48778,0,0,0,0,1,0,0,0,0,0,0
18798,777,17481,0,0,0,0,1,0,0,0,0,0,0
18799,777,32239,0,0,0,0,1,0,0,0,0,0,0
18800,777,32240,0,0,0,0,1,0,0,0,0,0,0
18801,777,32235,0,0,0,0,1,0,0,0,0,0,0
18802,777,32242,0,0,0,0,1,0,0,0,0,0,0
18803,777,32292,0,0,0,0,1,0,0,0,0,0,0
18804,777,32290,0,0,0,0,1,0,0,0,0,0,0
18805,777,32289,0,0,0,0,1,0,0,0,0,0,0
18806,777,36702,0,0,0,0,1,0,0,0,0,0,0
18812,777,44153,0,0,0,0,1,0,0,0,0,0,0
18813,777,44151,0,0,0,0,1,0,0,0,0,0,0
18816,777,44317,0,0,0,0,1,0,0,0,0,0,0
18817,777,37015,0,0,0,0,1,0,0,0,0,0,0
18818,777,44744,0,0,0,0,1,0,0,0,0,0,0
18819,777,28828,0,0,0,0,1,0,0,0,0,0,0
18820,777,49193,0,0,0,0,1,0,0,0,0,0,0
18821,777,10795,0,0,0,0,1,0,0,0,0,0,0
18822,777,10798,0,0,0,0,1,0,0,0,0,0,0
18823,777,8395,0,0,0,0,1,0,0,0,0,0,0
18824,777,10796,0,0,0,0,1,0,0,0,0,0,0
18825,777,10799,0,0,0,0,1,0,0,0,0,0,0
18826,777,23241,0,0,0,0,1,0,0,0,0,0,0
18827,777,23242,0,0,0,0,1,0,0,0,0,0,0
18828,777,23243,0,0,0,0,1,0,0,0,0,0,0
18829,777,24242,0,0,0,0,1,0,0,0,0,0,0
18830,777,22721,0,0,0,0,1,0,0,0,0,0,0
18831,777,32345,0,0,0,0,1,0,0,0,0,0,0
18835,777,39802,0,0,0,0,1,0,0,0,0,0,0
18836,777,39803,0,0,0,0,1,0,0,0,0,0,0
18837,777,39798,0,0,0,0,1,0,0,0,0,0,0
18838,777,41513,0,0,0,0,1,0,0,0,0,0,0
18839,777,41516,0,0,0,0,1,0,0,0,0,0,0
18840,777,41518,0,0,0,0,1,0,0,0,0,0,0
18841,777,41517,0,0,0,0,1,0,0,0,0,0,0
18842,777,41515,0,0,0,0,1,0,0,0,0,0,0
18843,777,41514,0,0,0,0,1,0,0,0,0,0,0
18844,777,39315,0,0,0,0,1,0,0,0,0,0,0
18845,777,34896,0,0,0,0,1,0,0,0,0,0,0
18847,777,39316,0,0,0,0,1,0,0,0,0,0,0
18848,777,39317,0,0,0,0,1,0,0,0,0,0,0
18849,777,34898,0,0,0,0,1,0,0,0,0,0,0
18850,777,39318,0,0,0,0,1,0,0,0,0,0,0
18851,777,34899,0,0,0,0,1,0,0,0,0,0,0
18852,777,39319,0,0,0,0,1,0,0,0,0,0,0
18853,777,34897,0,0,0,0,1,0,0,0,0,0,0
18854,777,16060,0,0,0,0,1,0,0,0,0,0,0
18855,777,8394,0,0,0,0,1,0,0,0,0,0,0
18856,777,16059,0,0,0,0,1,0,0,0,0,0,0
18857,777,23220,0,0,0,0,1,0,0,0,0,0,0
18858,777,23221,0,0,0,0,1,0,0,0,0,0,0
18860,777,23219,0,0,0,0,1,0,0,0,0,0,0
18861,777,23338,0,0,0,0,1,0,0,0,0,0,0
18862,777,17229,0,0,0,0,1,0,0,0,0,0,0
18863,777,16058,0,0,0,0,1,0,0,0,0,0,0
18864,777,41252,0,0,0,0,1,0,0,0,0,0,0
18868,777,34790,0,0,0,0,1,0,0,0,0,0,0
18871,777,30174,0,0,0,0,1,0,0,0,0,0,0
18872,777,29059,0,0,0,0,1,0,0,0,0,0,0
18873,777,49322,0,0,0,0,1,0,0,0,0,0,0
18874,777,48954,0,0,0,0,1,0,0,0,0,0,0
18875,777,46197,0,0,0,0,1,0,0,0,0,0,0
18876,777,46199,0,0,0,0,1,0,0,0,0,0,0
18906,777,17465,0,0,0,0,1,0,0,0,0,0,0
18907,777,10789,0,0,0,0,1,0,0,0,0,0,0
18908,777,16055,0,0,0,0,1,0,0,0,0,0,0
18909,777,10793,0,0,0,0,1,0,0,0,0,0,0
18910,777,16080,0,0,0,0,1,0,0,0,0,0,0
18911,777,16083,0,0,0,0,1,0,0,0,0,0,0
18912,777,468,0,0,0,0,1,0,0,0,0,0,0
18913,777,16082,0,0,0,0,1,0,0,0,0,0,0
18914,777,17450,0,0,0,0,1,0,0,0,0,0,0
18915,777,17460,0,0,0,0,1,0,0,0,0,0,0
18916,777,16081,0,0,0,0,1,0,0,0,0,0,0
18917,777,18991,0,0,0,0,1,0,0,0,0,0,0
18919,777,18992,0,0,0,0,1,0,0,0,0,0,0
18922,777,23240,0,0,0,0,1,0,0,0,0,0,0
18923,777,23239,0,0,0,0,1,0,0,0,0,0,0
18924,777,23238,0,0,0,0,1,0,0,0,0,0,0
18925,777,16084,0,0,0,0,1,0,0,0,0,0,0
18926,777,17461,0,0,0,0,1,0,0,0,0,0,0
18927,777,23246,0,0,0,0,1,0,0,0,0,0,0
18928,777,24252,0,0,0,0,1,0,0,0,0,0,0
18929,777,23510,0,0,0,0,1,0,0,0,0,0,0
18930,777,22722,0,0,0,0,1,0,0,0,0,0,0
18932,777,42781,0,0,0,0,1,0,0,0,0,0,0
18933,777,42776,0,0,0,0,1,0,0,0,0,0,0
18934,777,42777,0,0,0,0,1,0,0,0,0,0,0
18935,777,48027,0,0,0,0,1,0,0,0,0,0,0
18937,777,22723,0,0,0,0,1,0,0,0,0,0,0
18938,777,3363,0,0,0,0,1,0,0,0,0,0,0
18939,777,18363,0,0,0,0,1,0,0,0,0,0,0
18941,777,48025,0,0,0,0,1,0,0,0,0,0,0
18942,777,43810,0,0,0,0,1,0,0,0,0,0,0
18943,777,51960,0,0,0,0,1,0,0,0,0,0,0
19141,777,54753,0,0,0,0,1,0,0,0,0,0,0
19255,777,26656,0,0,0,0,1,0,0,0,0,0,0
19259,777,16056,0,0,0,0,1,0,0,0,0,0,0
19414,777,54729,0,0,0,0,1,0,0,0,0,0,0
20089,777,23214,1029,2,0,0,1,0,0,0,0,0,0
20090,777,34767,512,2,0,0,1,0,0,0,0,0,0
20091,777,13819,1029,2,0,0,1,0,0,0,0,0,0
20092,777,34769,512,2,0,0,1,0,0,0,0,0,0
20093,777,5784,0,0,0,0,1,0,0,0,0,0,0
20094,777,23161,0,0,0,0,1,0,0,0,0,0,0
20110,777,55531,946,0,0,0,1,0,0,0,0,0,0
20116,777,58983,0,0,0,0,1,0,0,0,0,0,0
20183,777,59567,0,0,0,0,1,0,0,0,0,0,0
20184,777,59568,0,0,0,0,1,0,0,0,0,0,0
20185,777,59569,0,0,0,0,1,0,0,0,0,0,0
20186,777,59570,0,0,0,0,1,0,0,0,0,0,0
20187,777,59571,0,0,0,0,1,0,0,0,0,0,0
20189,777,59573,0,0,0,0,1,0,0,0,0,0,0
20190,777,59572,0,0,0,0,1,0,0,0,0,0,0
20200,777,59650,0,0,0,0,1,0,0,0,0,0,0
20208,777,59785,0,0,0,0,1,0,0,0,0,0,0
20209,777,59788,0,0,0,0,1,0,0,0,0,0,0
20210,777,59791,0,0,0,0,1,0,0,0,0,0,0
20211,777,59793,0,0,0,0,1,0,0,0,0,0,0
20212,777,59797,0,0,0,0,1,0,0,0,0,0,0
20213,777,59799,0,0,0,0,1,0,0,0,0,0,0
20218,777,59804,0,0,0,0,1,0,0,0,0,0,0
20219,777,59802,0,0,0,0,1,0,0,0,0,0,0
20228,777,59961,0,0,0,0,1,0,0,0,0,0,0
20229,777,59976,0,0,0,0,1,0,0,0,0,0,0
20230,777,59996,0,0,0,0,1,0,0,0,0,0,0
20231,777,60002,0,0,0,0,1,0,0,0,0,0,0
20232,777,60021,0,0,0,0,1,0,0,0,0,0,0
20233,777,60024,0,0,0,0,1,0,0,0,0,0,0
20234,777,60025,0,0,0,0,1,0,0,0,0,0,0
20244,777,60114,0,0,0,0,1,0,0,0,0,0,0
20245,777,60116,0,0,0,0,1,0,0,0,0,0,0
20246,777,60118,0,0,0,0,1,0,0,0,0,0,0
20247,777,60119,0,0,0,0,1,0,0,0,0,0,0
20270,777,60136,0,0,0,0,1,0,0,0,0,0,0
20271,777,60140,0,0,0,0,1,0,0,0,0,0,0
20283,777,60424,3149,0,0,0,1,0,0,0,0,0,0
20396,777,58615,0,0,0,0,1,0,0,0,0,0,0
20494,777,61230,0,0,0,0,1,0,0,0,0,0,0
20495,777,61229,0,0,0,0,1,0,0,0,0,0,0
20617,777,61309,0,0,0,0,1,0,0,0,0,0,0
20631,777,61294,0,0,0,0,1,0,0,0,0,0,0
20638,777,61425,0,0,0,0,1,0,0,0,0,0,0
20641,777,61442,0,0,0,0,1,0,0,0,0,0,0
20642,777,61444,0,0,0,0,1,0,0,0,0,0,0
20643,777,61446,0,0,0,0,1,0,0,0,0,0,0
20644,777,61447,0,0,0,0,1,0,0,0,0,0,0
20645,777,61451,0,0,0,0,1,0,0,0,0,0,0
20648,777,61467,0,0,0,0,1,0,0,0,0,0,0
20649,777,61465,0,0,0,0,1,0,0,0,0,0,0
20651,777,61470,0,0,0,0,1,0,0,0,0,0,0
20652,777,61469,0,0,0,0,1,0,0,0,0,0,0
20731,777,61996,0,0,0,0,1,0,0,0,0,0,0
20732,777,61997,0,0,0,0,1,0,0,0,0,0,0
20736,777,62048,0,0,0,0,1,0,0,0,0,0,0
20747,777,62140,0,0,0,0,1,0,0,0,0,0,0
20835,777,63232,0,0,0,0,1,0,0,0,0,0,0
20842,777,63639,0,0,0,0,1,0,0,0,0,0,0
20843,777,63637,0,0,0,0,1,0,0,0,0,0,0
20844,777,63642,0,0,0,0,1,0,0,0,0,0,0
20845,777,63641,0,0,0,0,1,0,0,0,0,0,0
20846,777,63638,0,0,0,0,1,0,0,0,0,0,0
20847,777,63636,0,0,0,0,1,0,0,0,0,0,0
20848,777,63635,0,0,0,0,1,0,0,0,0,0,0
20849,777,63643,0,0,0,0,1,0,0,0,0,0,0
20850,777,63640,0,0,0,0,1,0,0,0,0,0,0
20883,777,63796,0,0,0,0,1,0,0,0,0,0,0
20884,777,63844,0,0,0,0,1,0,0,0,0,0,0
20887,777,63956,0,0,0,0,1,0,0,0,0,0,0
20889,777,63963,0,0,0,0,1,0,0,0,0,0,0
21005,777,64656,0,0,0,0,1,0,0,0,0,0,0
21006,777,64657,0,0,0,0,1,0,0,0,0,0,0
21007,777,64658,0,0,0,0,1,0,0,0,0,0,0
21008,777,64659,0,0,0,0,1,0,0,0,0,0,0
21020,777,64731,0,0,0,0,1,0,0,0,0,0,0
21026,777,64927,0,0,0,0,1,0,0,0,0,0,0
21038,777,64977,0,0,0,0,1,0,0,0,0,0,0
21050,777,65637,0,0,0,0,1,0,0,0,0,0,0
21051,777,65638,0,0,0,0,1,0,0,0,0,0,0
21052,777,65639,0,0,0,0,1,0,0,0,0,0,0
21053,777,65640,0,0,0,0,1,0,0,0,0,0,0
21054,777,65641,0,0,0,0,1,0,0,0,0,0,0
21055,777,65642,0,0,0,0,1,0,0,0,0,0,0
21056,777,65643,0,0,0,0,1,0,0,0,0,0,0
21057,777,65644,0,0,0,0,1,0,0,0,0,0,0
21058,777,65645,0,0,0,0,1,0,0,0,0,0,0
21059,777,65646,0,0,0,0,1,0,0,0,0,0,0
21064,777,65917,0,0,0,0,1,0,0,0,0,0,0
21080,777,66087,0,0,0,0,1,0,0,0,0,0,0
21081,777,66088,0,0,0,0,1,0,0,0,0,0,0
21082,777,66091,0,0,0,0,1,0,0,0,0,0,0
21083,777,66090,0,0,0,0,1,0,0,0,0,0,0
21085,777,66122,0,0,0,0,1,0,0,0,0,0,0
21086,777,66123,0,0,0,0,1,0,0,0,0,0,0
21087,777,66124,0,0,0,0,1,0,0,0,0,0,0
21187,777,66846,0,0,0,0,1,0,0,0,0,0,0
21188,777,66847,0,0,0,0,1,0,0,0,0,0,0
21193,777,66907,0,0,0,0,1,0,0,0,0,0,0
21194,777,66906,0,0,0,0,1,0,0,0,0,0,0
21242,777,67466,0,0,0,0,1,0,0,0,0,0,0
21249,777,65439,0,0,0,0,1,0,0,0,0,0,0
21250,777,67336,0,0,0,0,1,0,0,0,0,0,0
21252,777,68057,0,0,0,0,1,0,0,0,0,0,0
21253,777,68056,0,0,0,0,1,0,0,0,0,0,0
21256,777,68188,0,0,0,0,1,0,0,0,0,0,0
21257,777,68187,0,0,0,0,1,0,0,0,0,0,0
21318,777,69395,0,0,0,0,1,0,0,0,0,0,0
21375,777,71810,0,0,0,0,1,0,0,0,0,0,0
21380,777,72286,0,0,0,0,1,0,0,0,0,0,0
21381,777,71342,0,0,0,0,1,0,0,0,0,0,0
21384,777,72808,0,0,0,0,1,0,0,0,0,0,0
21385,777,72807,0,0,0,0,1,0,0,0,0,0,0
21436,777,73313,0,0,0,0,1,0,0,0,0,0,0
21637,777,74856,0,0,0,0,1,0,0,0,0,0,0
21640,777,74918,0,0,0,0,1,0,0,0,0,0,0
21728,777,75596,0,0,0,0,1,0,0,0,0,0,0
21730,777,75614,0,0,0,0,1,0,0,0,0,0,0
21734,777,75973,0,0,0,0,1,0,0,0,0,0,0
18951,778,24985,0,0,0,0,1,0,0,0,0,0,0
18952,778,24986,0,0,0,0,1,0,0,0,0,0,0
18953,778,24987,0,0,0,0,1,0,0,0,0,0,0
18954,778,24989,0,0,0,0,1,0,0,0,0,0,0
18955,778,24990,0,0,0,0,1,0,0,0,0,0,0
18956,778,24988,0,0,0,0,1,0,0,0,0,0,0
18975,778,15999,0,0,0,0,1,0,0,0,0,0,0
18976,778,16450,0,0,0,0,1,0,0,0,0,0,0
18977,778,53082,0,0,0,0,1,0,0,0,0,0,0
18978,778,10721,0,0,0,0,1,0,0,0,0,0,0
18979,778,28487,0,0,0,0,1,0,0,0,0,0,0
18980,778,28740,0,0,0,0,1,0,0,0,0,0,0
18981,778,10698,0,0,0,0,1,0,0,0,0,0,0
18982,778,10695,0,0,0,0,1,0,0,0,0,0,0
18983,778,10697,0,0,0,0,1,0,0,0,0,0,0
18984,778,10699,0,0,0,0,1,0,0,0,0,0,0
18985,778,10696,0,0,0,0,1,0,0,0,0,0,0
18986,778,51851,0,0,0,0,1,0,0,0,0,0,0
18987,778,23432,0,0,0,0,1,0,0,0,0,0,0
18988,778,23431,0,0,0,0,1,0,0,0,0,0,0
18989,778,23430,0,0,0,0,1,0,0,0,0,0,0
18990,778,23429,0,0,0,0,1,0,0,0,0,0,0
18991,778,23428,0,0,0,0,1,0,0,0,0,0,0
18992,778,26010,0,0,0,0,1,0,0,0,0,0,0
18993,778,43697,0,0,0,0,1,0,0,0,0,0,0
18994,778,26391,0,0,0,0,1,0,0,0,0,0,0
18995,778,40990,0,0,0,0,1,0,0,0,0,0,0
18996,778,42609,0,0,0,0,1,0,0,0,0,0,0
18997,778,15067,0,0,0,0,1,0,0,0,0,0,0
18998,778,45082,0,0,0,0,1,0,0,0,0,0,0
18999,778,28871,0,0,0,0,1,0,0,0,0,0,0
19000,778,48406,0,0,0,0,1,0,0,0,0,0,0
19001,778,28738,0,0,0,0,1,0,0,0,0,0,0
19004,778,46425,0,0,0,0,1,0,0,0,0,0,0
19005,778,10720,0,0,0,0,1,0,0,0,0,0,0
19006,778,10719,0,0,0,0,1,0,0,0,0,0,0
19007,778,10718,0,0,0,0,1,0,0,0,0,0,0
19008,778,10717,0,0,0,0,1,0,0,0,0,0,0
19009,778,10716,0,0,0,0,1,0,0,0,0,0,0
19010,778,10715,0,0,0,0,1,0,0,0,0,0,0
19011,778,10714,0,0,0,0,1,0,0,0,0,0,0
19012,778,10713,0,0,0,0,1,0,0,0,0,0,0
19013,778,45175,0,0,0,0,1,0,0,0,0,0,0
19014,778,36029,0,0,0,0,1,0,0,0,0,0,0
19015,778,25849,0,0,0,0,1,0,0,0,0,0,0
19016,778,53768,0,0,0,0,1,0,0,0,0,0,0
19017,778,45890,0,0,0,0,1,0,0,0,0,0,0
19018,778,45125,0,0,0,0,1,0,0,0,0,0,0
19019,778,15049,0,0,0,0,1,0,0,0,0,0,0
19021,778,36028,0,0,0,0,1,0,0,0,0,0,0
19022,778,10712,0,0,0,0,1,0,0,0,0,0,0
19023,778,35157,0,0,0,0,1,0,0,0,0,0,0
19024,778,10711,0,0,0,0,1,0,0,0,0,0,0
19025,778,10710,0,0,0,0,1,0,0,0,0,0,0
19026,778,35239,0,0,0,0,1,0,0,0,0,0,0
19027,778,10709,0,0,0,0,1,0,0,0,0,0,0
19028,778,28505,0,0,0,0,1,0,0,0,0,0,0
19029,778,46599,0,0,0,0,1,0,0,0,0,0,0
19030,778,53316,0,0,0,0,1,0,0,0,0,0,0
19031,778,27570,0,0,0,0,1,0,0,0,0,0,0
19032,778,10684,0,0,0,0,1,0,0,0,0,0,0
19033,778,39181,0,0,0,0,1,0,0,0,0,0,0
19034,778,10682,0,0,0,0,1,0,0,0,0,0,0
19035,778,10683,0,0,0,0,1,0,0,0,0,0,0
19036,778,10681,0,0,0,0,1,0,0,0,0,0,0
19037,778,10680,0,0,0,0,1,0,0,0,0,0,0
19038,778,17567,0,0,0,0,1,0,0,0,0,0,0
19039,778,10708,0,0,0,0,1,0,0,0,0,0,0
19040,778,10706,0,0,0,0,1,0,0,0,0,0,0
19041,778,10707,0,0,0,0,1,0,0,0,0,0,0
19042,778,10705,0,0,0,0,1,0,0,0,0,0,0
19043,778,25162,0,0,0,0,1,0,0,0,0,0,0
19044,778,24696,0,0,0,0,1,0,0,0,0,0,0
19045,778,25018,0,0,0,0,1,0,0,0,0,0,0
19046,778,43698,0,0,0,0,1,0,0,0,0,0,0
19047,778,28739,0,0,0,0,1,0,0,0,0,0,0
19048,778,35910,0,0,0,0,1,0,0,0,0,0,0
19049,778,35911,0,0,0,0,1,0,0,0,0,0,0
19050,778,35909,0,0,0,0,1,0,0,0,0,0,0
19051,778,35907,0,0,0,0,1,0,0,0,0,0,0
19052,778,33057,0,0,0,0,1,0,0,0,0,0,0
19053,778,19363,0,0,0,0,1,0,0,0,0,0,0
19054,778,26067,0,0,0,0,1,0,0,0,0,0,0
19055,778,35156,0,0,0,0,1,0,0,0,0,0,0
19056,778,33050,0,0,0,0,1,0,0,0,0,0,0
19057,778,40405,0,0,0,0,1,0,0,0,0,0,0
19058,778,40319,0,0,0,0,1,0,0,0,0,0,0
19059,778,19772,0,0,0,0,1,0,0,0,0,0,0
19060,778,45127,0,0,0,0,1,0,0,0,0,0,0
19061,778,17469,0,0,0,0,1,0,0,0,0,0,0
19062,778,17468,0,0,0,0,1,0,0,0,0,0,0
19063,778,26533,0,0,0,0,1,0,0,0,0,0,0
19066,778,27241,0,0,0,0,1,0,0,0,0,0,0
19067,778,45174,0,0,0,0,1,0,0,0,0,0,0
19068,778,36027,0,0,0,0,1,0,0,0,0,0,0
19069,778,10703,0,0,0,0,1,0,0,0,0,0,0
19070,778,10704,0,0,0,0,1,0,0,0,0,0,0
19071,778,23811,0,0,0,0,1,0,0,0,0,0,0
19072,778,10702,0,0,0,0,1,0,0,0,0,0,0
19073,778,10701,0,0,0,0,1,0,0,0,0,0,0
19074,778,43918,0,0,0,0,1,0,0,0,0,0,0
19075,778,36034,0,0,0,0,1,0,0,0,0,0,0
19076,778,10700,0,0,0,0,1,0,0,0,0,0,0
19077,778,49964,0,0,0,0,1,0,0,0,0,0,0
19078,778,48408,0,0,0,0,1,0,0,0,0,0,0
19080,778,17709,0,0,0,0,1,0,0,0,0,0,0
19081,778,23530,0,0,0,0,1,0,0,0,0,0,0
19082,778,23531,0,0,0,0,1,0,0,0,0,0,0
19083,778,17707,0,0,0,0,1,0,0,0,0,0,0
19084,778,32298,0,0,0,0,1,0,0,0,0,0,0
19085,778,17708,0,0,0,0,1,0,0,0,0,0,0
19086,778,52615,0,0,0,0,1,0,0,0,0,0,0
19087,778,10688,0,0,0,0,1,0,0,0,0,0,0
19088,778,46426,0,0,0,0,1,0,0,0,0,0,0
19089,778,10687,0,0,0,0,1,0,0,0,0,0,0
19090,778,10686,0,0,0,0,1,0,0,0,0,0,0
19091,778,12243,0,0,0,0,1,0,0,0,0,0,0
19092,778,13548,0,0,0,0,1,0,0,0,0,0,0
19093,778,10685,0,0,0,0,1,0,0,0,0,0,0
19094,778,10679,0,0,0,0,1,0,0,0,0,0,0
19096,778,10678,0,0,0,0,1,0,0,0,0,0,0
19100,778,10677,0,0,0,0,1,0,0,0,0,0,0
19102,778,10676,0,0,0,0,1,0,0,0,0,0,0
19104,778,15648,0,0,0,0,1,0,0,0,0,0,0
19107,778,10674,0,0,0,0,1,0,0,0,0,0,0
19108,778,10673,0,0,0,0,1,0,0,0,0,0,0
19109,778,10675,0,0,0,0,1,0,0,0,0,0,0
19110,778,15048,0,0,0,0,1,0,0,0,0,0,0
19111,778,36031,0,0,0,0,1,0,0,0,0,0,0
19112,778,40549,0,0,0,0,1,0,0,0,0,0,0
19113,778,44369,0,0,0,0,1,0,0,0,0,0,0
19132,778,39709,0,0,0,0,1,0,0,0,0,0,0
19133,778,30156,0,0,0,0,1,0,0,0,0,0,0
19134,778,30152,0,0,0,0,1,0,0,0,0,0,0
19151,778,51716,0,0,0,0,1,0,0,0,0,0,0
19193,778,55068,0,0,0,0,1,0,0,0,0,0,0
19331,778,4055,0,0,0,0,1,0,0,0,0,0,0
19332,778,40613,0,0,0,0,1,0,0,0,0,0,0
19333,778,40614,0,0,0,0,1,0,0,0,0,0,0
19334,778,40634,0,0,0,0,1,0,0,0,0,0,0
19362,778,54187,0,0,0,0,1,0,0,0,0,0,0
19660,778,26541,0,0,0,0,1,0,0,0,0,0,0
19661,778,26045,0,0,0,0,1,0,0,0,0,0,0
19662,778,26529,0,0,0,0,1,0,0,0,0,0,0
20144,778,59250,0,0,0,0,1,0,0,0,0,0,0
20627,778,61349,0,0,0,0,1,0,0,0,0,0,0
20628,778,61348,0,0,0,0,1,0,0,0,0,0,0
20629,778,61351,0,0,0,0,1,0,0,0,0,0,0
20630,778,61350,0,0,0,0,1,0,0,0,0,0,0
20632,778,61357,0,0,0,0,1,0,0,0,0,0,0
20656,778,61472,0,0,0,0,1,0,0,0,0,0,0
20716,778,61725,0,0,0,0,1,0,0,0,0,0,0
20717,778,61773,0,0,0,0,1,0,0,0,0,0,0
20728,778,61855,0,0,0,0,1,0,0,0,0,0,0
20730,778,61991,0,0,0,0,1,0,0,0,0,0,0
20771,778,62491,0,0,0,0,1,0,0,0,0,0,0
20772,778,62510,0,0,0,0,1,0,0,0,0,0,0
20773,778,62508,0,0,0,0,1,0,0,0,0,0,0
20774,778,62513,0,0,0,0,1,0,0,0,0,0,0
20775,778,62514,0,0,0,0,1,0,0,0,0,0,0
20776,778,62516,0,0,0,0,1,0,0,0,0,0,0
20777,778,62542,0,0,0,0,1,0,0,0,0,0,0
20778,778,62562,0,0,0,0,1,0,0,0,0,0,0
20779,778,62561,0,0,0,0,1,0,0,0,0,0,0
20780,778,62564,0,0,0,0,1,0,0,0,0,0,0
20781,778,62609,0,0,0,0,1,0,0,0,0,0,0
20782,778,62674,0,0,0,0,1,0,0,0,0,0,0
20784,778,62746,0,0,0,0,1,0,0,0,0,0,0
20836,778,63318,0,0,0,0,1,0,0,0,0,0,0
20869,778,63712,0,0,0,0,1,0,0,0,0,0,0
20988,778,64351,0,0,0,0,1,0,0,0,0,0,0
21045,778,65358,0,0,0,0,1,0,0,0,0,0,0
21046,778,65381,0,0,0,0,1,0,0,0,0,0,0
21047,778,65382,0,0,0,0,1,0,0,0,0,0,0
21062,778,65682,0,0,0,0,1,0,0,0,0,0,0
21065,778,66030,0,0,0,0,1,0,0,0,0,0,0
21084,778,66096,0,0,0,0,1,0,0,0,0,0,0
21088,778,66175,0,0,0,0,1,0,0,0,0,0,0
21101,778,66520,0,0,0,0,1,0,0,0,0,0,0
21234,778,67415,0,0,0,0,1,0,0,0,0,0,0
21235,778,67418,0,0,0,0,1,0,0,0,0,0,0
21236,778,67416,0,0,0,0,1,0,0,0,0,0,0
21237,778,67417,0,0,0,0,1,0,0,0,0,0,0
21238,778,67413,0,0,0,0,1,0,0,0,0,0,0
21239,778,67420,0,0,0,0,1,0,0,0,0,0,0
21240,778,67414,0,0,0,0,1,0,0,0,0,0,0
21241,778,67419,0,0,0,0,1,0,0,0,0,0,0
21243,778,67527,0,0,0,0,1,0,0,0,0,0,0
21288,778,68767,0,0,0,0,1,0,0,0,0,0,0
21289,778,68810,0,0,0,0,1,0,0,0,0,0,0
21301,778,69002,0,0,0,0,1,0,0,0,0,0,0
21321,778,69452,0,0,0,0,1,0,0,0,0,0,0
21324,778,69535,0,0,0,0,1,0,0,0,0,0,0
21325,778,69536,0,0,0,0,1,0,0,0,0,0,0
21326,778,69539,0,0,0,0,1,0,0,0,0,0,0
21327,778,69541,0,0,0,0,1,0,0,0,0,0,0
21328,778,69677,0,0,0,0,1,0,0,0,0,0,0
21369,778,70613,0,0,0,0,1,0,0,0,0,0,0
21376,778,71840,0,0,0,0,1,0,0,0,0,0,0
21638,778,74932,0,0,0,0,1,0,0,0,0,0,0
21641,778,75134,0,0,0,0,1,0,0,0,0,0,0
21731,778,75613,0,0,0,0,1,0,0,0,0,0,0
21732,778,75906,0,0,0,0,1,0,0,0,0,0,0
21733,778,75936,0,0,0,0,1,0,0,0,0,0,0
21893,778,78381,0,0,0,0,1,0,0,0,0,0,0
18961,780,17253,0,0,0,0,1,17255,2,0,0,0,0
18962,780,17255,0,0,0,0,1,17256,2,0,0,0,0
18963,780,17256,0,0,0,0,1,17257,2,0,0,0,0
18964,780,17257,0,0,0,0,1,17258,2,0,0,0,0
18965,780,17258,0,0,0,0,1,17259,2,0,0,0,0
18966,780,17259,0,0,0,0,1,17260,2,0,0,0,0
18967,780,17260,0,0,0,0,1,17261,2,0,0,0,0
18968,780,17261,0,0,0,0,1,27050,2,0,0,0,0
18969,780,27050,0,0,0,0,1,52473,2,0,0,0,0
18970,780,52473,0,0,0,0,1,52474,2,0,0,0,0
18971,780,52474,0,0,0,0,1,0,2,0,0,0,0
18972,780,23145,0,0,0,0,1,0,0,0,0,0,0
19116,780,54642,0,0,0,0,1,0,2,0,0,0,0
19117,780,54644,0,0,0,0,1,55488,2,0,0,0,0
19340,780,55488,0,0,0,0,1,55489,2,0,0,0,0
19341,780,55489,0,0,0,0,1,55490,2,0,0,0,0
19342,780,55490,0,0,0,0,1,55491,2,0,0,0,0
19343,780,55491,0,0,0,0,1,55492,2,0,0,0,0
19344,780,55492,0,0,0,0,1,0,2,0,0,0,0
19118,781,17253,0,0,0,0,1,17255,2,0,0,0,0
19119,781,17255,0,0,0,0,1,17256,2,0,0,0,0
19120,781,17256,0,0,0,0,1,17257,2,0,0,0,0
19121,781,17257,0,0,0,0,1,17258,2,0,0,0,0
19122,781,17258,0,0,0,0,1,17259,2,0,0,0,0
19123,781,17259,0,0,0,0,1,17260,2,0,0,0,0
19124,781,17260,0,0,0,0,1,17261,2,0,0,0,0
19125,781,17261,0,0,0,0,1,27050,2,0,0,0,0
19126,781,27050,0,0,0,0,1,52473,2,0,0,0,0
19127,781,52473,0,0,0,0,1,52474,2,0,0,0,0
19128,781,52474,0,0,0,0,1,0,2,0,0,0,0
19130,781,54676,0,0,0,0,1,0,2,0,0,0,0
19131,781,54680,0,0,0,0,1,55495,2,0,0,0,0
19345,781,55495,0,0,0,0,1,55496,2,0,0,0,0
19346,781,55496,0,0,0,0,1,55497,2,0,0,0,0
19347,781,55497,0,0,0,0,1,55498,2,0,0,0,0
19348,781,55498,0,0,0,0,1,55499,2,0,0,0,0
19349,781,55499,0,0,0,0,1,0,2,0,0,0,0
20678,781,61684,0,0,0,0,1,0,0,0,0,0,0
20679,781,61685,0,0,0,0,1,0,0,0,0,0,0
19153,782,54566,0,0,0,0,1,0,2,0,0,0,0
19154,782,51996,0,0,0,0,1,0,2,0,0,0,0
19155,782,47468,0,0,0,0,1,0,2,0,0,0,0
19156,782,47481,0,0,0,0,1,0,2,0,0,0,0
19158,782,47482,0,0,0,0,1,0,2,0,0,0,0
19160,782,47484,0,0,0,0,1,0,2,0,0,0,0
19213,783,55192,0,0,0,0,1,0,2,0,0,0,0
19224,783,54706,0,0,0,0,1,55505,2,0,0,0,0
19225,783,16827,0,0,0,0,1,16828,2,0,0,0,0
19226,783,16828,0,0,0,0,1,16829,2,0,0,0,0
19227,783,16829,0,0,0,0,1,16830,2,0,0,0,0
19228,783,16830,0,0,0,0,1,16831,2,0,0,0,0
19229,783,16831,0,0,0,0,1,16832,2,0,0,0,0
19230,783,16832,0,0,0,0,1,3010,2,0,0,0,0
19231,783,3010,0,0,0,0,1,3009,2,0,0,0,0
19232,783,3009,0,0,0,0,1,27049,2,0,0,0,0
19233,783,27049,0,0,0,0,1,52471,2,0,0,0,0
19234,783,52471,0,0,0,0,1,52472,2,0,0,0,0
19235,783,52472,0,0,0,0,1,0,2,0,0,0,0
19350,783,55505,0,0,0,0,1,55506,2,0,0,0,0
19351,783,55506,0,0,0,0,1,55507,2,0,0,0,0
19352,783,55507,0,0,0,0,1,55508,2,0,0,0,0
19353,783,55508,0,0,0,0,1,55509,2,0,0,0,0
19354,783,55509,0,0,0,0,1,0,2,0,0,0,0
20681,783,61684,0,0,0,0,1,0,0,0,0,0,0
19389,784,55729,0,0,0,0,1,0,2,0,0,0,0
19390,784,52474,0,0,0,0,1,0,2,0,0,0,0
19391,784,52473,0,0,0,0,1,52474,2,0,0,0,0
19392,784,27050,0,0,0,0,1,52473,2,0,0,0,0
19393,784,17261,0,0,0,0,1,27050,2,0,0,0,0
19394,784,17260,0,0,0,0,1,17261,2,0,0,0,0
19395,784,17259,0,0,0,0,1,17260,2,0,0,0,0
19396,784,17258,0,0,0,0,1,17259,2,0,0,0,0
19397,784,17257,0,0,0,0,1,17258,2,0,0,0,0
19398,784,17256,0,0,0,0,1,17257,2,0,0,0,0
19399,784,17255,0,0,0,0,1,17256,2,0,0,0,0
19400,784,17253,0,0,0,0,1,17255,2,0,0,0,0
19405,784,55749,0,0,0,0,1,55750,2,0,0,0,0
19406,784,55750,0,0,0,0,1,55751,2,0,0,0,0
19407,784,55751,0,0,0,0,1,55752,2,0,0,0,0
19408,784,55752,0,0,0,0,1,55753,2,0,0,0,0
19409,784,55753,0,0,0,0,1,55754,2,0,0,0,0
19410,784,55754,0,0,0,0,1,0,2,0,0,0,0
20684,784,61685,0,0,0,0,1,0,0,0,0,0,0
19603,785,56626,0,0,0,0,1,56627,2,0,0,0,0
19604,785,56627,0,0,0,0,1,56628,2,0,0,0,0
19605,785,56628,0,0,0,0,1,56629,2,0,0,0,0
19606,785,56629,0,0,0,0,1,56630,2,0,0,0,0
19607,785,56630,0,0,0,0,1,56631,2,0,0,0,0
19608,785,56631,0,0,0,0,1,0,2,0,0,0,0
19609,785,23145,0,0,0,0,1,0,0,0,0,0,0
19610,785,52825,0,0,0,0,1,0,0,0,0,0,0
19611,785,49966,0,0,0,0,1,49967,2,0,0,0,0
19612,785,49967,0,0,0,0,1,49968,2,0,0,0,0
19613,785,49968,0,0,0,0,1,49969,2,0,0,0,0
19614,785,49969,0,0,0,0,1,49970,2,0,0,0,0
19615,785,49970,0,0,0,0,1,49971,2,0,0,0,0
19616,785,49971,0,0,0,0,1,49972,2,0,0,0,0
19617,785,49972,0,0,0,0,1,49973,2,0,0,0,0
19618,785,49973,0,0,0,0,1,49974,2,0,0,0,0
19619,785,49974,0,0,0,0,1,52475,2,0,0,0,0
19620,785,52475,0,0,0,0,1,52476,2,0,0,0,0
19621,785,52476,0,0,0,0,1,0,2,0,0,0,0
19635,785,56635,0,0,0,0,1,0,2,0,0,0,0
19622,786,56634,0,0,0,0,1,0,2,0,0,0,0
19623,786,49966,0,0,0,0,1,49967,2,0,0,0,0
19624,786,49967,0,0,0,0,1,49968,2,0,0,0,0
19625,786,49968,0,0,0,0,1,49969,2,0,0,0,0
19626,786,49969,0,0,0,0,1,49970,2,0,0,0,0
19627,786,49970,0,0,0,0,1,49971,2,0,0,0,0
19628,786,49971,0,0,0,0,1,49972,2,0,0,0,0
19629,786,49972,0,0,0,0,1,49973,2,0,0,0,0
19630,786,49973,0,0,0,0,1,49974,2,0,0,0,0
19631,786,49974,0,0,0,0,1,52475,2,0,0,0,0
19632,786,52475,0,0,0,0,1,52476,2,0,0,0,0
19633,786,52476,0,0,0,0,1,0,2,0,0,0,0
19704,786,57386,0,0,0,0,1,57389,2,0,0,0,0
19705,786,57389,0,0,0,0,1,57390,2,0,0,0,0
19706,786,57390,0,0,0,0,1,57391,2,0,0,0,0
19707,786,57391,0,0,0,0,1,57392,2,0,0,0,0
19708,786,57392,0,0,0,0,1,57393,2,0,0,0,0
19709,786,57393,0,0,0,0,1,0,2,0,0,0,0
20680,786,61685,0,0,0,0,1,0,0,0,0,0,0
20028,787,17253,0,0,0,0,1,17255,2,0,0,0,0
20031,787,58598,0,0,0,0,1,0,2,0,0,0,0
20032,787,17255,0,0,0,0,1,17256,2,0,0,0,0
20033,787,17256,0,0,0,0,1,17257,2,0,0,0,0
20034,787,17257,0,0,0,0,1,17258,2,0,0,0,0
20035,787,17258,0,0,0,0,1,17259,2,0,0,0,0
20036,787,17259,0,0,0,0,1,17260,2,0,0,0,0
20037,787,17260,0,0,0,0,1,17261,2,0,0,0,0
20038,787,17261,0,0,0,0,1,27050,2,0,0,0,0
20039,787,27050,0,0,0,0,1,52473,2,0,0,0,0
20040,787,52473,0,0,0,0,1,52474,2,0,0,0,0
20041,787,52474,0,0,0,0,1,0,2,0,0,0,0
20042,787,58604,0,0,0,0,1,58607,2,0,0,0,0
20043,787,58607,0,0,0,0,1,58608,2,0,0,0,0
20044,787,58608,0,0,0,0,1,58609,2,0,0,0,0
20045,787,58609,0,0,0,0,1,58610,2,0,0,0,0
20046,787,58610,0,0,0,0,1,58611,2,0,0,0,0
20047,787,58611,0,0,0,0,1,0,2,0,0,0,0
20676,787,61685,0,0,0,0,1,0,0,0,0,0,0
20677,787,61684,0,0,0,0,1,0,0,0,0,0,0
20465,788,61199,0,0,0,0,1,0,2,0,0,0,0
20466,788,61193,0,0,0,0,1,61194,2,0,0,0,0
20467,788,61194,0,0,0,0,1,61195,2,0,0,0,0
20468,788,61195,0,0,0,0,1,61196,2,0,0,0,0
20469,788,61196,0,0,0,0,1,61197,2,0,0,0,0
20470,788,61197,0,0,0,0,1,61198,2,0,0,0,0
20471,788,61198,0,0,0,0,1,0,2,0,0,0,0
20472,788,16827,0,0,0,0,1,16828,2,0,0,0,0
20473,788,16828,0,0,0,0,1,16829,2,0,0,0,0
20474,788,16829,0,0,0,0,1,16830,2,0,0,0,0
20475,788,16830,0,0,0,0,1,16831,2,0,0,0,0
20476,788,16831,0,0,0,0,1,16832,2,0,0,0,0
20477,788,16832,0,0,0,0,1,3010,2,0,0,0,0
20478,788,3010,0,0,0,0,1,3009,2,0,0,0,0
20479,788,3009,0,0,0,0,1,27049,2,0,0,0,0
20480,788,27049,0,0,0,0,1,52471,2,0,0,0,0
20483,788,24450,0,0,0,0,1,24452,2,0,0,0,0
20484,788,24452,0,0,0,0,1,24453,2,0,0,0,0
20485,788,24453,0,0,0,0,1,0,2,0,0,0,0
20486,788,52471,0,0,0,0,1,52472,2,0,0,0,0
20487,788,52472,0,0,0,0,1,0,2,0,0,0,0
20682,788,61684,0,0,0,0,1,0,0,0,0,0,0
20683,788,61685,0,0,0,0,1,0,0,0,0,0,0
21981,789,68975,2048,0,0,0,1,0,2,0,0,0,0
21982,789,68976,2048,0,0,0,1,0,2,0,0,0,0
21983,789,68978,2048,0,0,0,1,0,2,0,0,0,0
21984,789,68992,2048,0,0,0,1,0,2,0,0,0,0
21985,790,69042,256,0,0,0,1,0,2,0,0,0,0
21986,790,69045,256,0,0,0,1,0,2,0,0,0,0
21987,790,69046,256,0,0,0,1,0,2,0,0,0,0
21988,790,69070,256,0,0,0,1,0,2,0,0,0,0
21989,790,69041,256,0,0,0,1,0,2,0,0,0,0
31448,790,69044,256,0,0,0,1,0,2,0,0,0,0
33001,777,42667,0,0,0,0,1,0,0,0,0,0,0
33002,777,42668,0,0,0,0,1,0,0,0,0,0,0
33003,777,42680,0,0,0,0,1,0,0,0,0,0,0
33004,777,47977,0,0,0,0,1,0,0,0,0,0,0
33005,777,50281,0,0,0,0,1,0,0,0,0,0,0
33006,777,300700,0,0,0,0,1,0,0,0,0,0,0
33007,777,300701,0,0,0,0,1,0,0,0,0,0,0
33008,777,300702,0,0,0,0,1,0,0,0,0,0,0
33009,777,300703,0,0,0,0,1,0,0,0,0,0,0
33010,777,300704,0,0,0,0,1,0,0,0,0,0,0
33011,777,300705,0,0,0,0,1,0,0,0,0,0,0
33012,777,300706,0,0,0,0,1,0,0,0,0,0,0
33013,777,300707,0,0,0,0,1,0,0,0,0,0,0
33014,777,300720,0,0,0,0,1,0,0,0,0,0,0
33015,777,300721,0,0,0,0,1,0,0,0,0,0,0
33016,777,300722,0,0,0,0,1,0,0,0,0,0,0
33017,777,300723,0,0,0,0,1,0,0,0,0,0,0
33018,777,300724,0,0,0,0,1,0,0,0,0,0,0
33019,777,300725,0,0,0,0,1,0,0,0,0,0,0
33020,777,300726,0,0,0,0,1,0,0,0,0,0,0
33021,777,300727,0,0,0,0,1,0,0,0,0,0,0
33022,777,300728,0,0,0,0,1,0,0,0,0,0,0
33023,777,300729,0,0,0,0,1,0,0,0,0,0,0
33024,777,300730,0,0,0,0,1,0,0,0,0,0,0
33025,777,300731,0,0,0,0,1,0,0,0,0,0,0
33026,777,300732,0,0,0,0,1,0,0,0,0,0,0
33027,777,300733,0,0,0,0,1,0,0,0,0,0,0
33028,777,300734,0,0,0,0,1,0,0,0,0,0,0
33029,777,300735,0,0,0,0,1,0,0,0,0,0,0
33030,777,300736,0,0,0,0,1,0,0,0,0,0,0
33031,777,300737,0,0,0,0,1,0,0,0,0,0,0
33032,777,300738,0,0,0,0,1,0,0,0,0,0,0
33033,777,300739,0,0,0,0,1,0,0,0,0,0,0
33034,777,300790,0,0,0,0,1,0,0,0,0,0,0
33035,777,300791,0,0,0,0,1,0,0,0,0,0,0
33036,777,300792,0,0,0,0,1,0,0,0,0,0,0
33037,777,300793,0,0,0,0,1,0,0,0,0,0,0
33038,777,300794,0,0,0,0,1,0,0,0,0,0,0
33039,777,300795,0,0,0,0,1,0,0,0,0,0,0
33040,777,300796,0,0,0,0,1,0,0,0,0,0,0
33041,777,300797,0,0,0,0,1,0,0,0,0,0,0
33042,777,300798,0,0,0,0,1,0,0,0,0,0,0
33043,777,300799,0,0,0,0,1,0,0,0,0,0,0
33044,777,300800,0,0,0,0,1,0,0,0,0,0,0
33045,777,300801,0,0,0,0,1,0,0,0,0,0,0
33046,777,300802,0,0,0,0,1,0,0,0,0,0,0
33047,777,300803,0,0,0,0,1,0,0,0,0,0,0
33048,777,300804,0,0,0,0,1,0,0,0,0,0,0
33049,777,300805,0,0,0,0,1,0,0,0,0,0,0
33050,777,300806,0,0,0,0,1,0,0,0,0,0,0
33051,777,300807,0,0,0,0,1,0,0,0,0,0,0
33052,777,300808,0,0,0,0,1,0,0,0,0,0,0
33053,777,300809,0,0,0,0,1,0,0,0,0,0,0
33054,777,300810,0,0,0,0,1,0,0,0,0,0,0
33055,777,300811,0,0,0,0,1,0,0,0,0,0,0
33056,777,300812,0,0,0,0,1,0,0,0,0,0,0
33057,777,300813,0,0,0,0,1,0,0,0,0,0,0
33058,777,300814,0,0,0,0,1,0,0,0,0,0,0
33059,777,300815,0,0,0,0,1,0,0,0,0,0,0
33060,777,300816,0,0,0,0,1,0,0,0,0,0,0
33061,777,300817,0,0,0,0,1,0,0,0,0,0,0
33062,777,300818,0,0,0,0,1,0,0,0,0,0,0
33063,777,300819,0,0,0,0,1,0,0,0,0,0,0
33064,777,300820,0,0,0,0,1,0,0,0,0,0,0
33065,777,300821,0,0,0,0,1,0,0,0,0,0,0
33066,777,300822,0,0,0,0,1,0,0,0,0,0,0
33067,777,300823,0,0,0,0,1,0,0,0,0,0,0
33068,777,300824,0,0,0,0,1,0,0,0,0,0,0
33069,777,300825,0,0,0,0,1,0,0,0,0,0,0
33070,777,300826,0,0,0,0,1,0,0,0,0,0,0
33071,777,300827,0,0,0,0,1,0,0,0,0,0,0
33072,777,300828,0,0,0,0,1,0,0,0,0,0,0
33073,777,300829,0,0,0,0,1,0,0,0,0,0,0
33074,777,300830,0,0,0,0,1,0,0,0,0,0,0
33075,777,300831,0,0,0,0,1,0,0,0,0,0,0
33076,777,300832,0,0,0,0,1,0,0,0,0,0,0
33077,777,300833,0,0,0,0,1,0,0,0,0,0,0
33078,777,300834,0,0,0,0,1,0,0,0,0,0,0
33079,777,300835,0,0,0,0,1,0,0,0,0,0,0
33080,777,300836,0,0,0,0,1,0,0,0,0,0,0
33081,777,300837,0,0,0,0,1,0,0,0,0,0,0
33082,777,300838,0,0,0,0,1,0,0,0,0,0,0
33083,777,300839,0,0,0,0,1,0,0,0,0,0,0
33084,777,300840,0,0,0,0,1,0,0,0,0,0,0
33085,777,300841,0,0,0,0,1,0,0,0,0,0,0
33086,777,300842,0,0,0,0,1,0,0,0,0,0,0
33087,777,300843,0,0,0,0,1,0,0,0,0,0,0
33088,777,300844,0,0,0,0,1,0,0,0,0,0,0
33089,777,300845,0,0,0,0,1,0,0,0,0,0,0
33090,777,300846,0,0,0,0,1,0,0,0,0,0,0
33091,777,300847,0,0,0,0,1,0,0,0,0,0,0
33092,777,300848,0,0,0,0,1,0,0,0,0,0,0
33093,777,300849,0,0,0,0,1,0,0,0,0,0,0
33094,777,300850,0,0,0,0,1,0,0,0,0,0,0
33095,777,300851,0,0,0,0,1,0,0,0,0,0,0
33096,777,300852,0,0,0,0,1,0,0,0,0,0,0
33097,777,300853,0,0,0,0,1,0,0,0,0,0,0
33098,777,300854,0,0,0,0,1,0,0,0,0,0,0
33099,777,300855,0,0,0,0,1,0,0,0,0,0,0
33100,777,300856,0,0,0,0,1,0,0,0,0,0,0
33101,777,300857,0,0,0,0,1,0,0,0,0,0,0
33102,777,300858,0,0,0,0,1,0,0,0,0,0,0
33103,777,300859,0,0,0,0,1,0,0,0,0,0,0
33104,777,300860,0,0,0,0,1,0,0,0,0,0,0
33105,777,300861,0,0,0,0,1,0,0,0,0,0,0
33106,777,300862,0,0,0,0,1,0,0,0,0,0,0
33107,777,300863,0,0,0,0,1,0,0,0,0,0,0
33108,777,300864,0,0,0,0,1,0,0,0,0,0,0
33109,777,300865,0,0,0,0,1,0,0,0,0,0,0
33110,777,300866,0,0,0,0,1,0,0,0,0,0,0
33111,777,300867,0,0,0,0,1,0,0,0,0,0,0
33112,777,300868,0,0,0,0,1,0,0,0,0,0,0
33113,777,300869,0,0,0,0,1,0,0,0,0,0,0
33114,777,300870,0,0,0,0,1,0,0,0,0,0,0
33115,777,300871,0,0,0,0,1,0,0,0,0,0,0
33116,777,300872,0,0,0,0,1,0,0,0,0,0,0
33117,777,300873,0,0,0,0,1,0,0,0,0,0,0
33118,777,300874,0,0,0,0,1,0,0,0,0,0,0
33119,777,300875,0,0,0,0,1,0,0,0,0,0,0
33120,777,300876,0,0,0,0,1,0,0,0,0,0,0
33121,777,300877,0,0,0,0,1,0,0,0,0,0,0
33122,777,300878,0,0,0,0,1,0,0,0,0,0,0
33123,777,300879,0,0,0,0,1,0,0,0,0,0,0
33124,777,300880,0,0,0,0,1,0,0,0,0,0,0
33125,777,300881,0,0,0,0,1,0,0,0,0,0,0
33126,777,300882,0,0,0,0,1,0,0,0,0,0,0
33127,777,300883,0,0,0,0,1,0,0,0,0,0,0
33128,777,300884,0,0,0,0,1,0,0,0,0,0,0
33129,777,300885,0,0,0,0,1,0,0,0,0,0,0
33130,777,300886,0,0,0,0,1,0,0,0,0,0,0
33131,777,300887,0,0,0,0,1,0,0,0,0,0,0
33132,777,300888,0,0,0,0,1,0,0,0,0,0,0
33133,777,300889,0,0,0,0,1,0,0,0,0,0,0
33134,777,300890,0,0,0,0,1,0,0,0,0,0,0
33135,777,300891,0,0,0,0,1,0,0,0,0,0,0
33136,777,300892,0,0,0,0,1,0,0,0,0,0,0
33137,777,300893,0,0,0,0,1,0,0,0,0,0,0
33138,777,300894,0,0,0,0,1,0,0,0,0,0,0
33139,777,300895,0,0,0,0,1,0,0,0,0,0,0
33140,777,300896,0,0,0,0,1,0,0,0,0,0,0
33141,777,300897,0,0,0,0,1,0,0,0,0,0,0
33142,777,300898,0,0,0,0,1,0,0,0,0,0,0
33143,777,300899,0,0,0,0,1,0,0,0,0,0,0
33144,777,300900,0,0,0,0,1,0,0,0,0,0,0
33145,777,300901,0,0,0,0,1,0,0,0,0,0,0
33146,777,300902,0,0,0,0,1,0,0,0,0,0,0
33147,777,300903,0,0,0,0,1,0,0,0,0,0,0
33148,777,300904,0,0,0,0,1,0,0,0,0,0,0
33149,777,300905,0,0,0,0,1,0,0,0,0,0,0
33150,777,300906,0,0,0,0,1,0,0,0,0,0,0
33151,777,300907,0,0,0,0,1,0,0,0,0,0,0
33152,777,300908,0,0,0,0,1,0,0,0,0,0,0
33153,777,300909,0,0,0,0,1,0,0,0,0,0,0
33154,777,300910,0,0,0,0,1,0,0,0,0,0,0
33155,777,300911,0,0,0,0,1,0,0,0,0,0,0
33156,777,300912,0,0,0,0,1,0,0,0,0,0,0
33157,777,300913,0,0,0,0,1,0,0,0,0,0,0
33158,777,300914,0,0,0,0,1,0,0,0,0,0,0
33159,777,300915,0,0,0,0,1,0,0,0,0,0,0
33160,777,300916,0,0,0,0,1,0,0,0,0,0,0
33161,777,300917,0,0,0,0,1,0,0,0,0,0,0
33162,777,300918,0,0,0,0,1,0,0,0,0,0,0
33163,777,300919,0,0,0,0,1,0,0,0,0,0,0
33164,777,300920,0,0,0,0,1,0,0,0,0,0,0
33165,777,300921,0,0,0,0,1,0,0,0,0,0,0
33166,777,300922,0,0,0,0,1,0,0,0,0,0,0
33167,777,300923,0,0,0,0,1,0,0,0,0,0,0
33168,777,300924,0,0,0,0,1,0,0,0,0,0,0
33169,777,300925,0,0,0,0,1,0,0,0,0,0,0
33170,777,300926,0,0,0,0,1,0,0,0,0,0,0
33171,777,300927,0,0,0,0,1,0,0,0,0,0,0
33172,777,300928,0,0,0,0,1,0,0,0,0,0,0
33173,777,300929,0,0,0,0,1,0,0,0,0,0,0
33174,777,300930,0,0,0,0,1,0,0,0,0,0,0
33175,777,300931,0,0,0,0,1,0,0,0,0,0,0
33176,777,300932,0,0,0,0,1,0,0,0,0,0,0
33177,777,300933,0,0,0,0,1,0,0,0,0,0,0
33178,777,300934,0,0,0,0,1,0,0,0,0,0,0
33179,777,300935,0,0,0,0,1,0,0,0,0,0,0
33180,777,300936,0,0,0,0,1,0,0,0,0,0,0
33181,777,300937,0,0,0,0,1,0,0,0,0,0,0
33182,777,300938,0,0,0,0,1,0,0,0,0,0,0
33183,777,300939,0,0,0,0,1,0,0,0,0,0,0
33184,777,300940,0,0,0,0,1,0,0,0,0,0,0
33185,777,300941,0,0,0,0,1,0,0,0,0,0,0
33186,777,300942,0,0,0,0,1,0,0,0,0,0,0
33187,777,300943,0,0,0,0,1,0,0,0,0,0,0
33188,777,300944,0,0,0,0,1,0,0,0,0,0,0
33189,777,300945,0,0,0,0,1,0,0,0,0,0,0
33190,777,300946,0,0,0,0,1,0,0,0,0,0,0
33191,777,300947,0,0,0,0,1,0,0,0,0,0,0
33192,777,300948,0,0,0,0,1,0,0,0,0,0,0
33193,777,300949,0,0,0,0,1,0,0,0,0,0,0
33194,777,300950,0,0,0,0,1,0,0,0,0,0,0
33195,777,300951,0,0,0,0,1,0,0,0,0,0,0
33196,777,300952,0,0,0,0,1,0,0,0,0,0,0
33197,777,300953,0,0,0,0,1,0,0,0,0,0,0
33198,777,300954,0,0,0,0,1,0,0,0,0,0,0
33199,777,300955,0,0,0,0,1,0,0,0,0,0,0
33200,777,300956,0,0,0,0,1,0,0,0,0,0,0
33201,777,300957,0,0,0,0,1,0,0,0,0,0,0
33202,777,300958,0,0,0,0,1,0,0,0,0,0,0
33203,777,300959,0,0,0,0,1,0,0,0,0,0,0
33204,777,300960,0,0,0,0,1,0,0,0,0,0,0
33205,777,300961,0,0,0,0,1,0,0,0,0,0,0
33206,777,300962,0,0,0,0,1,0,0,0,0,0,0
33207,777,300963,0,0,0,0,1,0,0,0,0,0,0
33208,777,300964,0,0,0,0,1,0,0,0,0,0,0
33209,777,300965,0,0,0,0,1,0,0,0,0,0,0
33210,777,300966,0,0,0,0,1,0,0,0,0,0,0
33211,777,300967,0,0,0,0,1,0,0,0,0,0,0
33212,777,300968,0,0,0,0,1,0,0,0,0,0,0
33213,777,300969,0,0,0,0,1,0,0,0,0,0,0
33214,777,300970,0,0,0,0,1,0,0,0,0,0,0
33215,777,300971,0,0,0,0,1,0,0,0,0,0,0
33216,777,300972,0,0,0,0,1,0,0,0,0,0,0
33217,777,300973,0,0,0,0,1,0,0,0,0,0,0
33218,777,300974,0,0,0,0,1,0,0,0,0,0,0
33219,777,300975,0,0,0,0,1,0,0,0,0,0,0
33220,777,300976,0,0,0,0,1,0,0,0,0,0,0
33221,777,300977,0,0,0,0,1,0,0,0,0,0,0
33222,777,300978,0,0,0,0,1,0,0,0,0,0,0
33223,777,300979,0,0,0,0,1,0,0,0,0,0,0
33224,777,300980,0,0,0,0,1,0,0,0,0,0,0
33225,777,300981,0,0,0,0,1,0,0,0,0,0,0
33226,777,300982,0,0,0,0,1,0,0,0,0,0,0
33227,777,300983,0,0,0,0,1,0,0,0,0,0,0
33228,777,300984,0,0,0,0,1,0,0,0,0,0,0
33229,777,300985,0,0,0,0,1,0,0,0,0,0,0
33230,777,300986,0,0,0,0,1,0,0,0,0,0,0
33231,777,300987,0,0,0,0,1,0,0,0,0,0,0
33232,777,300988,0,0,0,0,1,0,0,0,0,0,0
33233,777,300989,0,0,0,0,1,0,0,0,0,0,0
33234,777,300990,0,0,0,0,1,0,0,0,0,0,0
33235,777,300991,0,0,0,0,1,0,0,0,0,0,0
33236,777,300992,0,0,0,0,1,0,0,0,0,0,0
33237,777,300993,0,0,0,0,1,0,0,0,0,0,0
33238,777,300994,0,0,0,0,1,0,0,0,0,0,0
33239,777,300995,0,0,0,0,1,0,0,0,0,0,0
33240,777,300996,0,0,0,0,1,0,0,0,0,0,0
33241,777,300997,0,0,0,0,1,0,0,0,0,0,0
33242,777,300998,0,0,0,0,1,0,0,0,0,0,0
33243,777,300999,0,0,0,0,1,0,0,0,0,0,0
33244,777,301000,0,0,0,0,1,0,0,0,0,0,0
33245,777,301001,0,0,0,0,1,0,0,0,0,0,0
33246,777,301002,0,0,0,0,1,0,0,0,0,0,0
33247,777,301003,0,0,0,0,1,0,0,0,0,0,0
33248,777,301004,0,0,0,0,1,0,0,0,0,0,0
33249,777,301005,0,0,0,0,1,0,0,0,0,0,0
33250,777,301006,0,0,0,0,1,0,0,0,0,0,0
33251,777,301007,0,0,0,0,1,0,0,0,0,0,0
33252,777,301008,0,0,0,0,1,0,0,0,0,0,0
33253,777,301009,0,0,0,0,1,0,0,0,0,0,0
33254,777,301010,0,0,0,0,1,0,0,0,0,0,0
33255,777,301011,0,0,0,0,1,0,0,0,0,0,0
33256,777,301012,0,0,0,0,1,0,0,0,0,0,0
33257,777,301013,0,0,0,0,1,0,0,0,0,0,0
33258,777,301014,0,0,0,0,1,0,0,0,0,0,0
33259,777,301015,0,0,0,0,1,0,0,0,0,0,0
33260,777,301016,0,0,0,0,1,0,0,0,0,0,0
33261,777,301017,0,0,0,0,1,0,0,0,0,0,0
33262,777,301018,0,0,0,0,1,0,0,0,0,0,0
33263,777,301019,0,0,0,0,1,0,0,0,0,0,0
33264,777,301020,0,0,0,0,1,0,0,0,0,0,0
33265,777,301021,0,0,0,0,1,0,0,0,0,0,0
33266,777,301022,0,0,0,0,1,0,0,0,0,0,0
33267,777,301023,0,0,0,0,1,0,0,0,0,0,0
33268,777,301024,0,0,0,0,1,0,0,0,0,0,0
33269,777,301025,0,0,0,0,1,0,0,0,0,0,0
33270,777,301026,0,0,0,0,1,0,0,0,0,0,0
33271,777,301027,0,0,0,0,1,0,0,0,0,0,0
33272,777,301028,0,0,0,0,1,0,0,0,0,0,0
33273,777,301029,0,0,0,0,1,0,0,0,0,0,0
33274,777,301030,0,0,0,0,1,0,0,0,0,0,0
33275,777,301031,0,0,0,0,1,0,0,0,0,0,0
33276,777,301032,0,0,0,0,1,0,0,0,0,0,0
33277,777,301033,0,0,0,0,1,0,0,0,0,0,0
33278,777,301034,0,0,0,0,1,0,0,0,0,0,0
33279,777,301035,0,0,0,0,1,0,0,0,0,0,0
33280,777,301036,0,0,0,0,1,0,0,0,0,0,0
33281,777,301037,0,0,0,0,1,0,0,0,0,0,0
33282,777,301038,0,0,0,0,1,0,0,0,0,0,0
33283,777,301039,0,0,0,0,1,0,0,0,0,0,0
33284,777,301040,0,0,0,0,1,0,0,0,0,0,0
33285,777,301041,0,0,0,0,1,0,0,0,0,0,0
33286,777,301042,0,0,0,0,1,0,0,0,0,0,0
33287,777,301043,0,0,0,0,1,0,0,0,0,0,0
33288,777,301044,0,0,0,0,1,0,0,0,0,0,0
33289,777,301045,0,0,0,0,1,0,0,0,0,0,0
33290,777,301046,0,0,0,0,1,0,0,0,0,0,0
33291,777,301047,0,0,0,0,1,0,0,0,0,0,0
33292,777,301048,0,0,0,0,1,0,0,0,0,0,0
33293,777,301049,0,0,0,0,1,0,0,0,0,0,0
33294,777,301050,0,0,0,0,1,0,0,0,0,0,0
33295,777,301051,0,0,0,0,1,0,0,0,0,0,0
33296,777,301052,0,0,0,0,1,0,0,0,0,0,0
33297,777,301053,0,0,0,0,1,0,0,0,0,0,0
33298,777,301054,0,0,0,0,1,0,0,0,0,0,0
33299,777,301055,0,0,0,0,1,0,0,0,0,0,0
33300,777,301056,0,0,0,0,1,0,0,0,0,0,0
33301,777,301057,0,0,0,0,1,0,0,0,0,0,0
33302,777,301058,0,0,0,0,1,0,0,0,0,0,0
33303,777,301059,0,0,0,0,1,0,0,0,0,0,0
33304,777,301060,0,0,0,0,1,0,0,0,0,0,0
33305,777,301061,0,0,0,0,1,0,0,0,0,0,0
33306,777,301062,0,0,0,0,1,0,0,0,0,0,0
33307,777,301063,0,0,0,0,1,0,0,0,0,0,0
33308,777,301064,0,0,0,0,1,0,0,0,0,0,0
33309,777,301065,0,0,0,0,1,0,0,0,0,0,0
33310,777,301066,0,0,0,0,1,0,0,0,0,0,0
33311,777,301067,0,0,0,0,1,0,0,0,0,0,0
33312,777,301068,0,0,0,0,1,0,0,0,0,0,0
33313,777,301069,0,0,0,0,1,0,0,0,0,0,0
33314,777,301070,0,0,0,0,1,0,0,0,0,0,0
33315,777,301071,0,0,0,0,1,0,0,0,0,0,0
33316,777,301072,0,0,0,0,1,0,0,0,0,0,0
33317,777,301073,0,0,0,0,1,0,0,0,0,0,0
33318,777,301074,0,0,0,0,1,0,0,0,0,0,0
33319,777,301075,0,0,0,0,1,0,0,0,0,0,0
33320,777,301076,0,0,0,0,1,0,0,0,0,0,0
33321,777,301077,0,0,0,0,1,0,0,0,0,0,0
33322,777,301078,0,0,0,0,1,0,0,0,0,0,0
33323,777,301079,0,0,0,0,1,0,0,0,0,0,0
33324,777,301080,0,0,0,0,1,0,0,0,0,0,0
33325,777,301081,0,0,0,0,1,0,0,0,0,0,0
33326,777,301082,0,0,0,0,1,0,0,0,0,0,0
33327,777,301083,0,0,0,0,1,0,0,0,0,0,0
33328,777,301084,0,0,0,0,1,0,0,0,0,0,0
33329,777,301085,0,0,0,0,1,0,0,0,0,0,0
33330,777,301086,0,0,0,0,1,0,0,0,0,0,0
33331,777,301087,0,0,0,0,1,0,0,0,0,0,0
33332,777,301088,0,0,0,0,1,0,0,0,0,0,0
33333,777,301089,0,0,0,0,1,0,0,0,0,0,0
33334,777,301090,0,0,0,0,1,0,0,0,0,0,0
33335,777,301091,0,0,0,0,1,0,0,0,0,0,0
33336,777,301092,0,0,0,0,1,0,0,0,0,0,0
33337,777,301093,0,0,0,0,1,0,0,0,0,0,0
33338,777,301094,0,0,0,0,1,0,0,0,0,0,0
33339,777,301095,0,0,0,0,1,0,0,0,0,0,0
33340,777,301096,0,0,0,0,1,0,0,0,0,0,0
33341,777,301097,0,0,0,0,1,0,0,0,0,0,0
33342,777,301098,0,0,0,0,1,0,0,0,0,0,0
33343,777,301099,0,0,0,0,1,0,0,0,0,0,0
33344,777,301100,0,0,0,0,1,0,0,0,0,0,0
33345,777,301101,0,0,0,0,1,0,0,0,0,0,0
33346,777,301102,0,0,0,0,1,0,0,0,0,0,0
33347,777,301103,0,0,0,0,1,0,0,0,0,0,0
33348,777,301104,0,0,0,0,1,0,0,0,0,0,0
33349,777,301105,0,0,0,0,1,0,0,0,0,0,0
33350,777,301106,0,0,0,0,1,0,0,0,0,0,0
33351,777,301107,0,0,0,0,1,0,0,0,0,0,0
33352,777,301108,0,0,0,0,1,0,0,0,0,0,0
33353,777,301109,0,0,0,0,1,0,0,0,0,0,0
33354,777,301110,0,0,0,0,1,0,0,0,0,0,0
33355,777,301111,0,0,0,0,1,0,0,0,0,0,0
33356,777,301112,0,0,0,0,1,0,0,0,0,0,0
33357,777,301113,0,0,0,0,1,0,0,0,0,0,0
33358,777,301114,0,0,0,0,1,0,0,0,0,0,0
33359,777,301115,0,0,0,0,1,0,0,0,0,0,0
33360,777,301116,0,0,0,0,1,0,0,0,0,0,0
33361,777,301117,0,0,0,0,1,0,0,0,0,0,0
33362,777,301118,0,0,0,0,1,0,0,0,0,0,0
33363,777,301119,0,0,0,0,1,0,0,0,0,0,0
33364,777,301120,0,0,0,0,1,0,0,0,0,0,0
33365,777,301121,0,0,0,0,1,0,0,0,0,0,0
33366,777,301122,0,0,0,0,1,0,0,0,0,0,0
33367,777,301123,0,0,0,0,1,0,0,0,0,0,0
33368,777,301124,0,0,0,0,1,0,0,0,0,0,0
33369,777,301125,0,0,0,0,1,0,0,0,0,0,0
33370,777,301126,0,0,0,0,1,0,0,0,0,0,0
33371,777,301127,0,0,0,0,1,0,0,0,0,0,0
33372,777,301128,0,0,0,0,1,0,0,0,0,0,0
33373,777,301129,0,0,0,0,1,0,0,0,0,0,0
33374,777,301130,0,0,0,0,1,0,0,0,0,0,0
33375,777,301131,0,0,0,0,1,0,0,0,0,0,0
33376,777,301132,0,0,0,0,1,0,0,0,0,0,0
33377,777,301133,0,0,0,0,1,0,0,0,0,0,0
33378,777,301134,0,0,0,0,1,0,0,0,0,0,0
33379,777,301135,0,0,0,0,1,0,0,0,0,0,0
33380,777,301136,0,0,0,0,1,0,0,0,0,0,0
33381,777,301137,0,0,0,0,1,0,0,0,0,0,0
33382,777,301138,0,0,0,0,1,0,0,0,0,0,0
33383,777,301139,0,0,0,0,1,0,0,0,0,0,0
33384,777,301140,0,0,0,0,1,0,0,0,0,0,0
33385,777,301141,0,0,0,0,1,0,0,0,0,0,0
33386,777,301142,0,0,0,0,1,0,0,0,0,0,0
33387,777,301143,0,0,0,0,1,0,0,0,0,0,0
33388,777,301144,0,0,0,0,1,0,0,0,0,0,0
33389,777,301145,0,0,0,0,1,0,0,0,0,0,0
33390,777,301146,0,0,0,0,1,0,0,0,0,0,0
33391,777,301147,0,0,0,0,1,0,0,0,0,0,0
33392,777,301148,0,0,0,0,1,0,0,0,0,0,0
33393,777,301149,0,0,0,0,1,0,0,0,0,0,0
33394,777,301150,0,0,0,0,1,0,0,0,0,0,0
33395,777,301151,0,0,0,0,1,0,0,0,0,0,0
33396,777,301152,0,0,0,0,1,0,0,0,0,0,0
33397,777,301153,0,0,0,0,1,0,0,0,0,0,0
33398,777,301154,0,0,0,0,1,0,0,0,0,0,0
33399,777,301155,0,0,0,0,1,0,0,0,0,0,0
33400,777,301156,0,0,0,0,1,0,0,0,0,0,0
33401,777,301157,0,0,0,0,1,0,0,0,0,0,0
33402,777,301158,0,0,0,0,1,0,0,0,0,0,0
33403,777,301159,0,0,0,0,1,0,0,0,0,0,0
33404,777,301160,0,0,0,0,1,0,0,0,0,0,0
33405,777,301161,0,0,0,0,1,0,0,0,0,0,0
33406,777,301162,0,0,0,0,1,0,0,0,0,0,0
33407,777,301163,0,0,0,0,1,0,0,0,0,0,0
33408,777,301164,0,0,0,0,1,0,0,0,0,0,0
33409,777,301165,0,0,0,0,1,0,0,0,0,0,0
33410,777,301166,0,0,0,0,1,0,0,0,0,0,0
33411,777,301167,0,0,0,0,1,0,0,0,0,0,0
33412,777,301168,0,0,0,0,1,0,0,0,0,0,0
33413,777,301169,0,0,0,0,1,0,0,0,0,0,0
33414,777,301170,0,0,0,0,1,0,0,0,0,0,0
33415,777,301171,0,0,0,0,1,0,0,0,0,0,0
33416,777,301172,0,0,0,0,1,0,0,0,0,0,0
33417,777,301173,0,0,0,0,1,0,0,0,0,0,0
33418,777,301174,0,0,0,0,1,0,0,0,0,0,0
33419,777,301175,0,0,0,0,1,0,0,0,0,0,0
33420,777,301176,0,0,0,0,1,0,0,0,0,0,0
33421,777,301177,0,0,0,0,1,0,0,0,0,0,0
33422,777,301178,0,0,0,0,1,0,0,0,0,0,0
33423,777,301179,0,0,0,0,1,0,0,0,0,0,0
33424,777,301180,0,0,0,0,1,0,0,0,0,0,0
33425,777,301181,0,0,0,0,1,0,0,0,0,0,0
33426,777,301182,0,0,0,0,1,0,0,0,0,0,0
33427,777,301183,0,0,0,0,1,0,0,0,0,0,0
33428,777,301184,0,0,0,0,1,0,0,0,0,0,0
33429,777,301185,0,0,0,0,1,0,0,0,0,0,0
33430,777,301186,0,0,0,0,1,0,0,0,0,0,0
33431,777,301187,0,0,0,0,1,0,0,0,0,0,0
33432,777,301188,0,0,0,0,1,0,0,0,0,0,0
33433,777,301189,0,0,0,0,1,0,0,0,0,0,0
33434,777,301190,0,0,0,0,1,0,0,0,0,0,0
33435,777,301191,0,0,0,0,1,0,0,0,0,0,0
33436,777,301192,0,0,0,0,1,0,0,0,0,0,0
33437,777,301193,0,0,0,0,1,0,0,0,0,0,0
33438,777,301194,0,0,0,0,1,0,0,0,0,0,0
33439,777,301195,0,0,0,0,1,0,0,0,0,0,0
33440,777,301196,0,0,0,0,1,0,0,0,0,0,0
33441,777,301197,0,0,0,0,1,0,0,0,0,0,0
33442,777,301198,0,0,0,0,1,0,0,0,0,0,0
33443,777,301199,0,0,0,0,1,0,0,0,0,0,0
33444,777,301200,0,0,0,0,1,0,0,0,0,0,0
33445,777,301201,0,0,0,0,1,0,0,0,0,0,0
33446,777,301202,0,0,0,0,1,0,0,0,0,0,0
33447,777,301203,0,0,0,0,1,0,0,0,0,0,0
33448,777,301204,0,0,0,0,1,0,0,0,0,0,0
33449,777,301205,0,0,0,0,1,0,0,0,0,0,0
33450,777,301206,0,0,0,0,1,0,0,0,0,0,0
33451,777,301207,0,0,0,0,1,0,0,0,0,0,0
33452,777,301208,0,0,0,0,1,0,0,0,0,0,0
33453,777,301209,0,0,0,0,1,0,0,0,0,0,0
33454,777,301210,0,0,0,0,1,0,0,0,0,0,0
33455,777,301211,0,0,0,0,1,0,0,0,0,0,0
33456,777,301212,0,0,0,0,1,0,0,0,0,0,0
33457,777,301213,0,0,0,0,1,0,0,0,0,0,0
33458,777,301214,0,0,0,0,1,0,0,0,0,0,0
33459,777,301215,0,0,0,0,1,0,0,0,0,0,0
33460,777,301216,0,0,0,0,1,0,0,0,0,0,0
33461,777,301217,0,0,0,0,1,0,0,0,0,0,0
33462,777,301218,0,0,0,0,1,0,0,0,0,0,0
33463,777,301219,0,0,0,0,1,0,0,0,0,0,0
33464,777,301220,0,0,0,0,1,0,0,0,0,0,0
33465,777,301221,0,0,0,0,1,0,0,0,0,0,0
33466,777,301222,0,0,0,0,1,0,0,0,0,0,0
33467,777,301223,0,0,0,0,1,0,0,0,0,0,0
33468,777,301224,0,0,0,0,1,0,0,0,0,0,0
33469,777,301225,0,0,0,0,1,0,0,0,0,0,0
33470,777,301226,0,0,0,0,1,0,0,0,0,0,0
33471,777,301227,0,0,0,0,1,0,0,0,0,0,0
33472,777,301228,0,0,0,0,1,0,0,0,0,0,0
33473,777,301229,0,0,0,0,1,0,0,0,0,0,0
33474,777,301234,0,0,0,0,1,0,0,0,0,0,0
33475,777,301235,0,0,0,0,1,0,0,0,0,0,0
33476,777,301236,0,0,0,0,1,0,0,0,0,0,0
33477,777,301237,0,0,0,0,1,0,0,0,0,0,0
33478,777,301238,0,0,0,0,1,0,0,0,0,0,0
33479,777,301239,0,0,0,0,1,0,0,0,0,0,0
33480,777,301240,0,0,0,0,1,0,0,0,0,0,0
33481,777,301241,0,0,0,0,1,0,0,0,0,0,0
33482,777,301242,0,0,0,0,1,0,0,0,0,0,0
33483,777,301243,0,0,0,0,1,0,0,0,0,0,0
33484,777,301244,0,0,0,0,1,0,0,0,0,0,0
33485,777,301245,0,0,0,0,1,0,0,0,0,0,0
33486,777,301246,0,0,0,0,1,0,0,0,0,0,0
33487,777,301247,0,0,0,0,1,0,0,0,0,0,0
33488,777,301248,0,0,0,0,1,0,0,0,0,0,0
33489,777,301249,0,0,0,0,1,0,0,0,0,0,0
33490,777,301250,0,0,0,0,1,0,0,0,0,0,0
33491,777,301251,0,0,0,0,1,0,0,0,0,0,0
33492,777,301252,0,0,0,0,1,0,0,0,0,0,0
33493,777,301253,0,0,0,0,1,0,0,0,0,0,0
33494,777,301254,0,0,0,0,1,0,0,0,0,0,0
33495,777,301255,0,0,0,0,1,0,0,0,0,0,0
33496,777,301256,0,0,0,0,1,0,0,0,0,0,0
33497,777,301257,0,0,0,0,1,0,0,0,0,0,0
33498,777,301258,0,0,0,0,1,0,0,0,0,0,0
33499,777,301259,0,0,0,0,1,0,0,0,0,0,0
33500,777,301260,0,0,0,0,1,0,0,0,0,0,0
33501,777,301261,0,0,0,0,1,0,0,0,0,0,0
33502,777,301262,0,0,0,0,1,0,0,0,0,0,0
33503,777,301263,0,0,0,0,1,0,0,0,0,0,0
33504,777,301264,0,0,0,0,1,0,0,0,0,0,0
33505,777,301265,0,0,0,0,1,0,0,0,0,0,0
33506,777,301266,0,0,0,0,1,0,0,0,0,0,0
33507,777,301267,0,0,0,0,1,0,0,0,0,0,0
33508,777,301268,0,0,0,0,1,0,0,0,0,0,0
33509,777,301269,0,0,0,0,1,0,0,0,0,0,0
33510,777,301270,0,0,0,0,1,0,0,0,0,0,0
33511,777,301271,0,0,0,0,1,0,0,0,0,0,0
33512,777,301272,0,0,0,0,1,0,0,0,0,0,0
33513,777,301273,0,0,0,0,1,0,0,0,0,0,0
33514,777,301274,0,0,0,0,1,0,0,0,0,0,0
33515,777,301275,0,0,0,0,1,0,0,0,0,0,0
33516,777,301276,0,0,0,0,1,0,0,0,0,0,0
33517,777,301277,0,0,0,0,1,0,0,0,0,0,0
33518,777,301278,0,0,0,0,1,0,0,0,0,0,0
33519,777,301279,0,0,0,0,1,0,0,0,0,0,0
33520,777,301280,0,0,0,0,1,0,0,0,0,0,0
33521,777,301281,0,0,0,0,1,0,0,0,0,0,0
33522,777,301282,0,0,0,0,1,0,0,0,0,0,0
33523,777,301283,0,0,0,0,1,0,0,0,0,0,0
33524,777,301284,0,0,0,0,1,0,0,0,0,0,0
33525,777,301285,0,0,0,0,1,0,0,0,0,0,0
33526,777,301286,0,0,0,0,1,0,0,0,0,0,0
33527,777,301287,0,0,0,0,1,0,0,0,0,0,0
33528,777,301288,0,0,0,0,1,0,0,0,0,0,0
33529,777,301289,0,0,0,0,1,0,0,0,0,0,0
33530,777,301290,0,0,0,0,1,0,0,0,0,0,0
33531,777,301291,0,0,0,0,1,0,0,0,0,0,0
33532,777,301292,0,0,0,0,1,0,0,0,0,0,0
33533,777,301293,0,0,0,0,1,0,0,0,0,0,0
33534,777,301294,0,0,0,0,1,0,0,0,0,0,0
33535,777,301295,0,0,0,0,1,0,0,0,0,0,0
33536,777,301296,0,0,0,0,1,0,0,0,0,0,0
33537,777,301297,0,0,0,0,1,0,0,0,0,0,0
33538,777,301298,0,0,0,0,1,0,0,0,0,0,0
33539,777,301299,0,0,0,0,1,0,0,0,0,0,0
33540,777,301300,0,0,0,0,1,0,0,0,0,0,0
33541,777,301301,0,0,0,0,1,0,0,0,0,0,0
33542,777,301302,0,0,0,0,1,0,0,0,0,0,0
33543,777,301303,0,0,0,0,1,0,0,0,0,0,0
33544,777,301304,0,0,0,0,1,0,0,0,0,0,0
33545,777,301305,0,0,0,0,1,0,0,0,0,0,0
33546,777,301306,0,0,0,0,1,0,0,0,0,0,0
33547,777,301307,0,0,0,0,1,0,0,0,0,0,0
33548,777,301308,0,0,0,0,1,0,0,0,0,0,0
33549,777,301309,0,0,0,0,1,0,0,0,0,0,0
33550,777,301310,0,0,0,0,1,0,0,0,0,0,0
33551,777,301311,0,0,0,0,1,0,0,0,0,0,0
33552,777,301312,0,0,0,0,1,0,0,0,0,0,0
33553,777,301313,0,0,0,0,1,0,0,0,0,0,0
33554,777,301314,0,0,0,0,1,0,0,0,0,0,0
33555,777,301315,0,0,0,0,1,0,0,0,0,0,0
33556,777,301316,0,0,0,0,1,0,0,0,0,0,0
33557,777,301317,0,0,0,0,1,0,0,0,0,0,0
33558,777,301318,0,0,0,0,1,0,0,0,0,0,0
33559,777,301319,0,0,0,0,1,0,0,0,0,0,0
33560,777,301320,0,0,0,0,1,0,0,0,0,0,0
33561,777,301321,0,0,0,0,1,0,0,0,0,0,0
33562,777,301322,0,0,0,0,1,0,0,0,0,0,0
33563,777,301323,0,0,0,0,1,0,0,0,0,0,0
33564,777,301324,0,0,0,0,1,0,0,0,0,0,0
33565,777,301325,0,0,0,0,1,0,0,0,0,0,0
33566,777,301326,0,0,0,0,1,0,0,0,0,0,0
33567,777,301327,0,0,0,0,1,0,0,0,0,0,0
33568,777,301328,0,0,0,0,1,0,0,0,0,0,0
33569,777,301329,0,0,0,0,1,0,0,0,0,0,0
33570,777,301330,0,0,0,0,1,0,0,0,0,0,0
33571,777,301331,0,0,0,0,1,0,0,0,0,0,0
33572,777,301332,0,0,0,0,1,0,0,0,0,0,0
33573,777,301333,0,0,0,0,1,0,0,0,0,0,0
33574,777,301334,0,0,0,0,1,0,0,0,0,0,0
33575,777,301335,0,0,0,0,1,0,0,0,0,0,0
33576,777,301336,0,0,0,0,1,0,0,0,0,0,0
33577,777,301337,0,0,0,0,1,0,0,0,0,0,0
33578,777,301338,0,0,0,0,1,0,0,0,0,0,0
33579,777,301339,0,0,0,0,1,0,0,0,0,0,0
33580,777,301340,0,0,0,0,1,0,0,0,0,0,0
33581,777,301341,0,0,0,0,1,0,0,0,0,0,0
33582,777,301342,0,0,0,0,1,0,0,0,0,0,0
33583,777,301343,0,0,0,0,1,0,0,0,0,0,0
33584,777,301344,0,0,0,0,1,0,0,0,0,0,0
33585,777,301345,0,0,0,0,1,0,0,0,0,0,0
33586,777,301346,0,0,0,0,1,0,0,0,0,0,0
33587,777,301347,0,0,0,0,1,0,0,0,0,0,0
33588,777,301348,0,0,0,0,1,0,0,0,0,0,0
33589,777,301349,0,0,0,0,1,0,0,0,0,0,0
33590,777,301350,0,0,0,0,1,0,0,0,0,0,0
33591,777,301351,0,0,0,0,1,0,0,0,0,0,0
33592,777,301352,0,0,0,0,1,0,0,0,0,0,0
33593,777,301353,0,0,0,0,1,0,0,0,0,0,0
33594,777,301354,0,0,0,0,1,0,0,0,0,0,0
33595,777,301355,0,0,0,0,1,0,0,0,0,0,0
33596,777,301356,0,0,0,0,1,0,0,0,0,0,0
33597,777,301357,0,0,0,0,1,0,0,0,0,0,0
33598,777,301358,0,0,0,0,1,0,0,0,0,0,0
33599,777,301359,0,0,0,0,1,0,0,0,0,0,0
33600,777,301360,0,0,0,0,1,0,0,0,0,0,0
33601,777,301361,0,0,0,0,1,0,0,0,0,0,0
33602,777,301362,0,0,0,0,1,0,0,0,0,0,0
33603,777,301363,0,0,0,0,1,0,0,0,0,0,0
33604,777,301364,0,0,0,0,1,0,0,0,0,0,0
33605,777,301365,0,0,0,0,1,0,0,0,0,0,0
33606,777,301366,0,0,0,0,1,0,0,0,0,0,0
33607,777,301367,0,0,0,0,1,0,0,0,0,0,0
33608,777,301368,0,0,0,0,1,0,0,0,0,0,0
33609,777,301369,0,0,0,0,1,0,0,0,0,0,0
33610,777,301370,0,0,0,0,1,0,0,0,0,0,0
33611,777,301371,0,0,0,0,1,0,0,0,0,0,0
33612,777,301372,0,0,0,0,1,0,0,0,0,0,0
33613,777,301373,0,0,0,0,1,0,0,0,0,0,0
33614,777,301374,0,0,0,0,1,0,0,0,0,0,0
33615,777,301375,0,0,0,0,1,0,0,0,0,0,0
33616,777,301376,0,0,0,0,1,0,0,0,0,0,0
33617,777,301377,0,0,0,0,1,0,0,0,0,0,0
33618,777,301378,0,0,0,0,1,0,0,0,0,0,0
33619,777,301379,0,0,0,0,1,0,0,0,0,0,0
33620,777,301380,0,0,0,0,1,0,0,0,0,0,0
33621,777,301381,0,0,0,0,1,0,0,0,0,0,0
33622,777,301382,0,0,0,0,1,0,0,0,0,0,0
33623,777,301383,0,0,0,0,1,0,0,0,0,0,0
33624,777,301384,0,0,0,0,1,0,0,0,0,0,0
33625,777,301385,0,0,0,0,1,0,0,0,0,0,0
33626,777,301386,0,0,0,0,1,0,0,0,0,0,0
33627,777,301387,0,0,0,0,1,0,0,0,0,0,0
33628,777,301388,0,0,0,0,1,0,0,0,0,0,0
33629,777,301389,0,0,0,0,1,0,0,0,0,0,0
33630,777,301390,0,0,0,0,1,0,0,0,0,0,0
33631,777,301391,0,0,0,0,1,0,0,0,0,0,0
33632,777,301392,0,0,0,0,1,0,0,0,0,0,0
33633,777,301393,0,0,0,0,1,0,0,0,0,0,0
33634,777,301394,0,0,0,0,1,0,0,0,0,0,0
33635,777,301395,0,0,0,0,1,0,0,0,0,0,0
33636,777,301396,0,0,0,0,1,0,0,0,0,0,0
33637,777,301397,0,0,0,0,1,0,0,0,0,0,0
33638,777,301398,0,0,0,0,1,0,0,0,0,0,0
33639,777,301399,0,0,0,0,1,0,0,0,0,0,0
33640,777,301400,0,0,0,0,1,0,0,0,0,0,0
33641,777,301401,0,0,0,0,1,0,0,0,0,0,0
33642,777,301402,0,0,0,0,1,0,0,0,0,0,0
33643,777,301403,0,0,0,0,1,0,0,0,0,0,0
33644,777,301404,0,0,0,0,1,0,0,0,0,0,0
33645,777,301405,0,0,0,0,1,0,0,0,0,0,0
33646,777,301406,0,0,0,0,1,0,0,0,0,0,0
33647,777,301407,0,0,0,0,1,0,0,0,0,0,0
33648,777,301408,0,0,0,0,1,0,0,0,0,0,0
33649,777,301409,0,0,0,0,1,0,0,0,0,0,0
33650,777,301410,0,0,0,0,1,0,0,0,0,0,0
33651,777,301411,0,0,0,0,1,0,0,0,0,0,0
33652,777,301412,0,0,0,0,1,0,0,0,0,0,0
33653,777,301413,0,0,0,0,1,0,0,0,0,0,0
33654,777,301414,0,0,0,0,1,0,0,0,0,0,0
33655,777,301415,0,0,0,0,1,0,0,0,0,0,0
33656,777,301416,0,0,0,0,1,0,0,0,0,0,0
33657,777,301417,0,0,0,0,1,0,0,0,0,0,0
33658,777,301418,0,0,0,0,1,0,0,0,0,0,0
33659,777,301419,0,0,0,0,1,0,0,0,0,0,0
33660,777,301420,0,0,0,0,1,0,0,0,0,0,0
33661,777,301421,0,0,0,0,1,0,0,0,0,0,0
33662,777,301422,0,0,0,0,1,0,0,0,0,0,0
33663,777,301423,0,0,0,0,1,0,0,0,0,0,0
33664,777,301424,0,0,0,0,1,0,0,0,0,0,0
33665,777,301425,0,0,0,0,1,0,0,0,0,0,0
33666,777,301426,0,0,0,0,1,0,0,0,0,0,0
33667,777,301427,0,0,0,0,1,0,0,0,0,0,0
33668,777,301428,0,0,0,0,1,0,0,0,0,0,0
33669,777,301429,0,0,0,0,1,0,0,0,0,0,0
33670,777,301430,0,0,0,0,1,0,0,0,0,0,0
33671,777,301431,0,0,0,0,1,0,0,0,0,0,0
33672,777,301432,0,0,0,0,1,0,0,0,0,0,0
33673,777,301433,0,0,0,0,1,0,0,0,0,0,0
33674,777,301434,0,0,0,0,1,0,0,0,0,0,0
33675,777,301435,0,0,0,0,1,0,0,0,0,0,0
33676,777,301436,0,0,0,0,1,0,0,0,0,0,0
33677,777,301437,0,0,0,0,1,0,0,0,0,0,0
33678,777,301438,0,0,0,0,1,0,0,0,0,0,0
33679,777,301439,0,0,0,0,1,0,0,0,0,0,0
33680,777,301440,0,0,0,0,1,0,0,0,0,0,0
33681,777,301441,0,0,0,0,1,0,0,0,0,0,0
33682,777,301442,0,0,0,0,1,0,0,0,0,0,0
33683,777,301443,0,0,0,0,1,0,0,0,0,0,0
33684,777,301444,0,0,0,0,1,0,0,0,0,0,0
33685,777,301445,0,0,0,0,1,0,0,0,0,0,0
33686,777,301446,0,0,0,0,1,0,0,0,0,0,0
33687,777,301447,0,0,0,0,1,0,0,0,0,0,0
33688,777,301448,0,0,0,0,1,0,0,0,0,0,0
33689,777,301449,0,0,0,0,1,0,0,0,0,0,0
33690,777,301450,0,0,0,0,1,0,0,0,0,0,0
33691,777,301451,0,0,0,0,1,0,0,0,0,0,0
33692,777,301452,0,0,0,0,1,0,0,0,0,0,0
33693,777,301453,0,0,0,0,1,0,0,0,0,0,0
33694,777,301454,0,0,0,0,1,0,0,0,0,0,0
33695,777,301455,0,0,0,0,1,0,0,0,0,0,0
33696,777,301456,0,0,0,0,1,0,0,0,0,0,0
33697,777,301457,0,0,0,0,1,0,0,0,0,0,0
33698,777,301458,0,0,0,0,1,0,0,0,0,0,0
33699,777,301459,0,0,0,0,1,0,0,0,0,0,0
33700,777,301460,0,0,0,0,1,0,0,0,0,0,0
33701,777,301461,0,0,0,0,1,0,0,0,0,0,0
33702,777,301462,0,0,0,0,1,0,0,0,0,0,0
33703,777,301463,0,0,0,0,1,0,0,0,0,0,0
33704,777,301464,0,0,0,0,1,0,0,0,0,0,0
33705,777,301465,0,0,0,0,1,0,0,0,0,0,0
33706,777,301466,0,0,0,0,1,0,0,0,0,0,0
33707,777,301467,0,0,0,0,1,0,0,0,0,0,0
33708,777,301468,0,0,0,0,1,0,0,0,0,0,0
33709,777,301469,0,0,0,0,1,0,0,0,0,0,0
33710,777,301470,0,0,0,0,1,0,0,0,0,0,0
33711,777,301471,0,0,0,0,1,0,0,0,0,0,0
33712,777,301472,0,0,0,0,1,0,0,0,0,0,0
33713,777,301473,0,0,0,0,1,0,0,0,0,0,0
33714,777,301474,0,0,0,0,1,0,0,0,0,0,0
33715,777,301475,0,0,0,0,1,0,0,0,0,0,0
33716,777,301476,0,0,0,0,1,0,0,0,0,0,0
33717,777,301477,0,0,0,0,1,0,0,0,0,0,0
33718,777,301478,0,0,0,0,1,0,0,0,0,0,0
33719,777,301479,0,0,0,0,1,0,0,0,0,0,0
33720,777,301480,0,0,0,0,1,0,0,0,0,0,0
33721,777,301481,0,0,0,0,1,0,0,0,0,0,0
33722,777,301482,0,0,0,0,1,0,0,0,0,0,0
33723,777,301483,0,0,0,0,1,0,0,0,0,0,0
33724,777,301484,0,0,0,0,1,0,0,0,0,0,0
33725,777,301485,0,0,0,0,1,0,0,0,0,0,0
33726,777,301486,0,0,0,0,1,0,0,0,0,0,0
33727,777,301487,0,0,0,0,1,0,0,0,0,0,0
33728,777,301488,0,0,0,0,1,0,0,0,0,0,0
33729,777,301489,0,0,0,0,1,0,0,0,0,0,0
33730,777,301490,0,0,0,0,1,0,0,0,0,0,0
33731,777,301491,0,0,0,0,1,0,0,0,0,0,0
33732,777,301492,0,0,0,0,1,0,0,0,0,0,0
33733,777,301493,0,0,0,0,1,0,0,0,0,0,0
33734,777,301494,0,0,0,0,1,0,0,0,0,0,0
33735,777,301495,0,0,0,0,1,0,0,0,0,0,0
33736,777,301496,0,0,0,0,1,0,0,0,0,0,0
33737,777,301497,0,0,0,0,1,0,0,0,0,0,0
33738,777,301498,0,0,0,0,1,0,0,0,0,0,0
33739,777,301499,0,0,0,0,1,0,0,0,0,0,0
33740,777,301500,0,0,0,0,1,0,0,0,0,0,0
33741,777,301501,0,0,0,0,1,0,0,0,0,0,0
33742,777,301502,0,0,0,0,1,0,0,0,0,0,0
33743,777,301503,0,0,0,0,1,0,0,0,0,0,0
33744,777,301504,0,0,0,0,1,0,0,0,0,0,0
33745,777,301505,0,0,0,0,1,0,0,0,0,0,0
33746,777,301506,0,0,0,0,1,0,0,0,0,0,0
33747,777,301507,0,0,0,0,1,0,0,0,0,0,0
33748,777,301508,0,0,0,0,1,0,0,0,0,0,0
33749,777,301509,0,0,0,0,1,0,0,0,0,0,0
33750,777,301510,0,0,0,0,1,0,0,0,0,0,0
33751,777,301511,0,0,0,0,1,0,0,0,0,0,0
33752,777,301512,0,0,0,0,1,0,0,0,0,0,0
33753,777,301513,0,0,0,0,1,0,0,0,0,0,0
33754,777,301514,0,0,0,0,1,0,0,0,0,0,0
33755,777,301515,0,0,0,0,1,0,0,0,0,0,0
33756,777,301516,0,0,0,0,1,0,0,0,0,0,0
33757,777,301517,0,0,0,0,1,0,0,0,0,0,0
33758,777,301518,0,0,0,0,1,0,0,0,0,0,0
33759,777,301519,0,0,0,0,1,0,0,0,0,0,0
33760,777,301520,0,0,0,0,1,0,0,0,0,0,0
33761,777,301521,0,0,0,0,1,0,0,0,0,0,0
33762,777,301522,0,0,0,0,1,0,0,0,0,0,0
33763,777,301523,0,0,0,0,1,0,0,0,0,0,0
33764,777,301524,0,0,0,0,1,0,0,0,0,0,0
33765,777,301525,0,0,0,0,1,0,0,0,0,0,0
33766,777,301526,0,0,0,0,1,0,0,0,0,0,0
33767,777,301527,0,0,0,0,1,0,0,0,0,0,0
33768,777,301528,0,0,0,0,1,0,0,0,0,0,0
33769,777,301529,0,0,0,0,1,0,0,0,0,0,0
33770,777,301530,0,0,0,0,1,0,0,0,0,0,0
33771,777,301531,0,0,0,0,1,0,0,0,0,0,0
33772,777,301532,0,0,0,0,1,0,0,0,0,0,0
33773,777,301533,0,0,0,0,1,0,0,0,0,0,0
33774,777,301534,0,0,0,0,1,0,0,0,0,0,0
33775,777,301535,0,0,0,0,1,0,0,0,0,0,0
33776,777,301536,0,0,0,0,1,0,0,0,0,0,0
33777,777,301537,0,0,0,0,1,0,0,0,0,0,0
33778,777,301538,0,0,0,0,1,0,0,0,0,0,0
33779,777,301539,0,0,0,0,1,0,0,0,0,0,0
33780,777,301540,0,0,0,0,1,0,0,0,0,0,0
33781,777,301541,0,0,0,0,1,0,0,0,0,0,0
33782,777,301542,0,0,0,0,1,0,0,0,0,0,0
33783,777,301543,0,0,0,0,1,0,0,0,0,0,0
33784,777,301544,0,0,0,0,1,0,0,0,0,0,0
33785,777,301545,0,0,0,0,1,0,0,0,0,0,0
33786,777,301546,0,0,0,0,1,0,0,0,0,0,0
33787,777,301547,0,0,0,0,1,0,0,0,0,0,0
33788,777,301548,0,0,0,0,1,0,0,0,0,0,0
33789,777,301549,0,0,0,0,1,0,0,0,0,0,0
33790,777,301550,0,0,0,0,1,0,0,0,0,0,0
33791,777,301551,0,0,0,0,1,0,0,0,0,0,0
33792,777,301552,0,0,0,0,1,0,0,0,0,0,0
33793,777,301553,0,0,0,0,1,0,0,0,0,0,0
33794,777,301554,0,0,0,0,1,0,0,0,0,0,0
33795,777,301555,0,0,0,0,1,0,0,0,0,0,0
33796,777,301556,0,0,0,0,1,0,0,0,0,0,0
33797,777,301557,0,0,0,0,1,0,0,0,0,0,0
33798,777,301558,0,0,0,0,1,0,0,0,0,0,0
33799,777,301559,0,0,0,0,1,0,0,0,0,0,0
33800,777,301560,0,0,0,0,1,0,0,0,0,0,0
33801,777,301561,0,0,0,0,1,0,0,0,0,0,0
33802,777,301562,0,0,0,0,1,0,0,0,0,0,0
33803,777,301563,0,0,0,0,1,0,0,0,0,0,0
33804,777,301564,0,0,0,0,1,0,0,0,0,0,0
33805,777,301565,0,0,0,0,1,0,0,0,0,0,0
33806,777,301566,0,0,0,0,1,0,0,0,0,0,0
33807,777,301567,0,0,0,0,1,0,0,0,0,0,0
33808,777,301568,0,0,0,0,1,0,0,0,0,0,0
33809,777,301569,0,0,0,0,1,0,0,0,0,0,0
33810,777,301570,0,0,0,0,1,0,0,0,0,0,0
33811,777,301571,0,0,0,0,1,0,0,0,0,0,0
33812,777,301572,0,0,0,0,1,0,0,0,0,0,0
33813,777,301573,0,0,0,0,1,0,0,0,0,0,0
33814,777,301574,0,0,0,0,1,0,0,0,0,0,0
33815,777,301575,0,0,0,0,1,0,0,0,0,0,0
33816,777,301576,0,0,0,0,1,0,0,0,0,0,0
33817,777,301577,0,0,0,0,1,0,0,0,0,0,0
33818,777,301578,0,0,0,0,1,0,0,0,0,0,0
33819,777,301579,0,0,0,0,1,0,0,0,0,0,0
33820,777,301580,0,0,0,0,1,0,0,0,0,0,0
33821,777,301581,0,0,0,0,1,0,0,0,0,0,0
33822,777,301582,0,0,0,0,1,0,0,0,0,0,0
33823,777,301583,0,0,0,0,1,0,0,0,0,0,0
33824,777,301584,0,0,0,0,1,0,0,0,0,0,0
33825,777,301585,0,0,0,0,1,0,0,0,0,0,0
33826,777,301586,0,0,0,0,1,0,0,0,0,0,0
33827,777,301587,0,0,0,0,1,0,0,0,0,0,0
33828,777,301588,0,0,0,0,1,0,0,0,0,0,0
33829,777,301589,0,0,0,0,1,0,0,0,0,0,0
33830,777,301590,0,0,0,0,1,0,0,0,0,0,0
33831,777,301591,0,0,0,0,1,0,0,0,0,0,0
33832,777,301592,0,0,0,0,1,0,0,0,0,0,0
33833,777,301593,0,0,0,0,1,0,0,0,0,0,0
33834,777,301594,0,0,0,0,1,0,0,0,0,0,0
33835,777,301595,0,0,0,0,1,0,0,0,0,0,0
33836,777,301596,0,0,0,0,1,0,0,0,0,0,0
33837,777,301597,0,0,0,0,1,0,0,0,0,0,0
33838,777,301598,0,0,0,0,1,0,0,0,0,0,0
33839,777,301599,0,0,0,0,1,0,0,0,0,0,0
33840,777,301600,0,0,0,0,1,0,0,0,0,0,0
33841,777,301601,0,0,0,0,1,0,0,0,0,0,0
33842,777,301602,0,0,0,0,1,0,0,0,0,0,0
33843,777,301603,0,0,0,0,1,0,0,0,0,0,0
33844,777,301604,0,0,0,0,1,0,0,0,0,0,0
33845,777,301605,0,0,0,0,1,0,0,0,0,0,0
33846,777,301606,0,0,0,0,1,0,0,0,0,0,0
33847,777,301607,0,0,0,0,1,0,0,0,0,0,0
33848,777,301608,0,0,0,0,1,0,0,0,0,0,0
33849,777,301609,0,0,0,0,1,0,0,0,0,0,0
33850,777,301610,0,0,0,0,1,0,0,0,0,0,0
33851,777,301611,0,0,0,0,1,0,0,0,0,0,0
33852,777,301612,0,0,0,0,1,0,0,0,0,0,0
33853,777,301613,0,0,0,0,1,0,0,0,0,0,0
33854,777,301614,0,0,0,0,1,0,0,0,0,0,0
33855,777,301615,0,0,0,0,1,0,0,0,0,0,0
33856,777,301616,0,0,0,0,1,0,0,0,0,0,0
33857,777,301617,0,0,0,0,1,0,0,0,0,0,0
33858,777,301618,0,0,0,0,1,0,0,0,0,0,0
33859,777,301619,0,0,0,0,1,0,0,0,0,0,0
33860,777,301620,0,0,0,0,1,0,0,0,0,0,0
33861,777,301621,0,0,0,0,1,0,0,0,0,0,0
33862,777,301622,0,0,0,0,1,0,0,0,0,0,0
33863,777,301623,0,0,0,0,1,0,0,0,0,0,0
33864,777,301624,0,0,0,0,1,0,0,0,0,0,0
33865,777,301625,0,0,0,0,1,0,0,0,0,0,0
33866,777,301626,0,0,0,0,1,0,0,0,0,0,0
33867,777,301627,0,0,0,0,1,0,0,0,0,0,0
33868,777,301628,0,0,0,0,1,0,0,0,0,0,0
33869,777,301629,0,0,0,0,1,0,0,0,0,0,0
33870,777,301630,0,0,0,0,1,0,0,0,0,0,0
33871,777,301631,0,0,0,0,1,0,0,0,0,0,0
33872,777,301632,0,0,0,0,1,0,0,0,0,0,0
33873,777,301633,0,0,0,0,1,0,0,0,0,0,0
33874,777,301634,0,0,0,0,1,0,0,0,0,0,0
33875,777,301635,0,0,0,0,1,0,0,0,0,0,0
33876,777,301638,0,0,0,0,1,0,0,0,0,0,0
33877,777,301639,0,0,0,0,1,0,0,0,0,0,0
33878,777,301640,0,0,0,0,1,0,0,0,0,0,0
33879,777,301641,0,0,0,0,1,0,0,0,0,0,0
33880,777,301642,0,0,0,0,1,0,0,0,0,0,0
33881,777,301643,0,0,0,0,1,0,0,0,0,0,0
33882,777,301644,0,0,0,0,1,0,0,0,0,0,0
33883,777,301645,0,0,0,0,1,0,0,0,0,0,0
33884,777,301646,0,0,0,0,1,0,0,0,0,0,0
33885,777,301647,0,0,0,0,1,0,0,0,0,0,0
33886,777,301648,0,0,0,0,1,0,0,0,0,0,0
33887,777,301649,0,0,0,0,1,0,0,0,0,0,0
33888,777,301650,0,0,0,0,1,0,0,0,0,0,0
33889,777,301651,0,0,0,0,1,0,0,0,0,0,0
33890,777,301652,0,0,0,0,1,0,0,0,0,0,0
33891,777,301653,0,0,0,0,1,0,0,0,0,0,0
33892,777,301654,0,0,0,0,1,0,0,0,0,0,0
33893,777,301655,0,0,0,0,1,0,0,0,0,0,0
33894,777,301656,0,0,0,0,1,0,0,0,0,0,0
33895,777,301657,0,0,0,0,1,0,0,0,0,0,0
33896,777,301658,0,0,0,0,1,0,0,0,0,0,0
33897,777,301659,0,0,0,0,1,0,0,0,0,0,0
33898,777,301660,0,0,0,0,1,0,0,0,0,0,0
33899,777,301661,0,0,0,0,1,0,0,0,0,0,0
33900,777,301662,0,0,0,0,1,0,0,0,0,0,0
33901,777,301663,0,0,0,0,1,0,0,0,0,0,0
33902,777,301664,0,0,0,0,1,0,0,0,0,0,0
33903,777,301665,0,0,0,0,1,0,0,0,0,0,0
33904,777,301666,0,0,0,0,1,0,0,0,0,0,0
33905,777,301667,0,0,0,0,1,0,0,0,0,0,0
33906,777,301668,0,0,0,0,1,0,0,0,0,0,0
33907,777,301669,0,0,0,0,1,0,0,0,0,0,0
33908,777,301670,0,0,0,0,1,0,0,0,0,0,0
33909,777,301671,0,0,0,0,1,0,0,0,0,0,0
33910,777,301672,0,0,0,0,1,0,0,0,0,0,0
33911,777,301673,0,0,0,0,1,0,0,0,0,0,0
33912,777,301674,0,0,0,0,1,0,0,0,0,0,0
33913,777,301675,0,0,0,0,1,0,0,0,0,0,0
33914,777,301676,0,0,0,0,1,0,0,0,0,0,0
33915,777,301677,0,0,0,0,1,0,0,0,0,0,0
33916,777,301678,0,0,0,0,1,0,0,0,0,0,0
33917,777,301679,0,0,0,0,1,0,0,0,0,0,0
33918,777,301680,0,0,0,0,1,0,0,0,0,0,0
33919,777,301681,0,0,0,0,1,0,0,0,0,0,0
33920,777,301682,0,0,0,0,1,0,0,0,0,0,0
33921,777,301683,0,0,0,0,1,0,0,0,0,0,0
33922,777,301684,0,0,0,0,1,0,0,0,0,0,0
33923,777,301685,0,0,0,0,1,0,0,0,0,0,0
33924,777,301686,0,0,0,0,1,0,0,0,0,0,0
33925,777,301687,0,0,0,0,1,0,0,0,0,0,0
33926,777,301688,0,0,0,0,1,0,0,0,0,0,0
33927,777,301689,0,0,0,0,1,0,0,0,0,0,0
33928,777,301690,0,0,0,0,1,0,0,0,0,0,0
33929,777,301691,0,0,0,0,1,0,0,0,0,0,0
33930,777,301692,0,0,0,0,1,0,0,0,0,0,0
33931,777,301693,0,0,0,0,1,0,0,0,0,0,0
33932,777,301694,0,0,0,0,1,0,0,0,0,0,0
33933,777,301695,0,0,0,0,1,0,0,0,0,0,0
33934,777,301696,0,0,0,0,1,0,0,0,0,0,0
33935,777,301697,0,0,0,0,1,0,0,0,0,0,0
33936,777,301698,0,0,0,0,1,0,0,0,0,0,0
33937,777,301699,0,0,0,0,1,0,0,0,0,0,0
33938,777,301700,0,0,0,0,1,0,0,0,0,0,0
33939,777,301701,0,0,0,0,1,0,0,0,0,0,0
33940,777,301702,0,0,0,0,1,0,0,0,0,0,0
33941,777,301703,0,0,0,0,1,0,0,0,0,0,0
33942,777,301704,0,0,0,0,1,0,0,0,0,0,0
33943,777,301705,0,0,0,0,1,0,0,0,0,0,0
33944,777,301706,0,0,0,0,1,0,0,0,0,0,0
33945,777,301854,0,0,0,0,1,0,0,0,0,0,0
33946,777,301855,0,0,0,0,1,0,0,0,0,0,0
33947,777,301856,0,0,0,0,1,0,0,0,0,0,0
33948,777,301857,0,0,0,0,1,0,0,0,0,0,0
33949,777,301858,0,0,0,0,1,0,0,0,0,0,0
33950,777,301859,0,0,0,0,1,0,0,0,0,0,0
33951,777,301860,0,0,0,0,1,0,0,0,0,0,0
33952,777,301861,0,0,0,0,1,0,0,0,0,0,0
33953,777,301862,0,0,0,0,1,0,0,0,0,0,0
33954,777,301863,0,0,0,0,1,0,0,0,0,0,0
33955,777,301864,0,0,0,0,1,0,0,0,0,0,0
33956,777,301865,0,0,0,0,1,0,0,0,0,0,0
33957,777,301870,0,0,0,0,1,0,0,0,0,0,0
33958,777,301871,0,0,0,0,1,0,0,0,0,0,0
33959,777,301872,0,0,0,0,1,0,0,0,0,0,0
33960,777,301873,0,0,0,0,1,0,0,0,0,0,0
33961,777,301874,0,0,0,0,1,0,0,0,0,0,0
33962,777,301875,0,0,0,0,1,0,0,0,0,0,0
33963,777,301876,0,0,0,0,1,0,0,0,0,0,0
33964,777,301877,0,0,0,0,1,0,0,0,0,0,0
33965,777,301878,0,0,0,0,1,0,0,0,0,0,0
33966,777,301879,0,0,0,0,1,0,0,0,0,0,0
33967,777,301880,0,0,0,0,1,0,0,0,0,0,0
33968,777,301881,0,0,0,0,1,0,0,0,0,0,0
33969,777,301882,0,0,0,0,1,0,0,0,0,0,0
33970,777,301883,0,0,0,0,1,0,0,0,0,0,0
33971,777,301884,0,0,0,0,1,0,0,0,0,0,0
33972,777,301885,0,0,0,0,1,0,0,0,0,0,0
33973,777,301888,0,0,0,0,1,0,0,0,0,0,0
33974,777,301889,0,0,0,0,1,0,0,0,0,0,0
33975,777,301890,0,0,0,0,1,0,0,0,0,0,0
33976,777,301891,0,0,0,0,1,0,0,0,0,0,0
33977,777,301892,0,0,0,0,1,0,0,0,0,0,0
33978,777,301893,0,0,0,0,1,0,0,0,0,0,0
33979,777,301894,0,0,0,0,1,0,0,0,0,0,0
33980,777,301895,0,0,0,0,1,0,0,0,0,0,0
33981,777,301896,0,0,0,0,1,0,0,0,0,0,0
33982,777,301897,0,0,0,0,1,0,0,0,0,0,0
33983,777,301898,0,0,0,0,1,0,0,0,0,0,0
33984,777,301899,0,0,0,0,1,0,0,0,0,0,0
33985,777,301900,0,0,0,0,1,0,0,0,0,0,0
33986,777,301901,0,0,0,0,1,0,0,0,0,0,0
33987,777,301902,0,0,0,0,1,0,0,0,0,0,0
33988,777,301903,0,0,0,0,1,0,0,0,0,0,0
33989,777,301904,0,0,0,0,1,0,0,0,0,0,0
33990,777,301905,0,0,0,0,1,0,0,0,0,0,0
33991,777,301906,0,0,0,0,1,0,0,0,0,0,0
33992,777,301907,0,0,0,0,1,0,0,0,0,0,0
33993,777,301908,0,0,0,0,1,0,0,0,0,0,0
33994,777,301909,0,0,0,0,1,0,0,0,0,0,0
33995,777,301910,0,0,0,0,1,0,0,0,0,0,0
33996,777,301911,0,0,0,0,1,0,0,0,0,0,0
33997,777,301912,0,0,0,0,1,0,0,0,0,0,0
33998,777,301913,0,0,0,0,1,0,0,0,0,0,0
33999,777,301914,0,0,0,0,1,0,0,0,0,0,0
34000,777,301915,0,0,0,0,1,0,0,0,0,0,0
34001,777,301916,0,0,0,0,1,0,0,0,0,0,0
34002,777,301917,0,0,0,0,1,0,0,0,0,0,0
34003,777,301918,0,0,0,0,1,0,0,0,0,0,0
34004,777,301919,0,0,0,0,1,0,0,0,0,0,0
34005,777,301920,0,0,0,0,1,0,0,0,0,0,0
34006,777,301921,0,0,0,0,1,0,0,0,0,0,0
34007,777,301922,0,0,0,0,1,0,0,0,0,0,0
34008,777,301923,0,0,0,0,1,0,0,0,0,0,0
34009,777,301924,0,0,0,0,1,0,0,0,0,0,0
34010,777,301925,0,0,0,0,1,0,0,0,0,0,0
34011,777,301926,0,0,0,0,1,0,0,0,0,0,0
34012,777,301927,0,0,0,0,1,0,0,0,0,0,0
34013,777,301928,0,0,0,0,1,0,0,0,0,0,0
34014,777,301929,0,0,0,0,1,0,0,0,0,0,0
34015,777,301930,0,0,0,0,1,0,0,0,0,0,0
34016,777,301931,0,0,0,0,1,0,0,0,0,0,0
34017,777,301932,0,0,0,0,1,0,0,0,0,0,0
34018,777,301933,0,0,0,0,1,0,0,0,0,0,0
34019,777,301934,0,0,0,0,1,0,0,0,0,0,0
34020,777,301935,0,0,0,0,1,0,0,0,0,0,0
34021,777,301936,0,0,0,0,1,0,0,0,0,0,0
34022,777,301937,0,0,0,0,1,0,0,0,0,0,0
34023,777,301938,0,0,0,0,1,0,0,0,0,0,0
34024,777,301940,0,0,0,0,1,0,0,0,0,0,0
34025,777,301941,0,0,0,0,1,0,0,0,0,0,0
34026,777,301942,0,0,0,0,1,0,0,0,0,0,0
34027,777,301943,0,0,0,0,1,0,0,0,0,0,0
34028,777,301944,0,0,0,0,1,0,0,0,0,0,0
34029,777,301945,0,0,0,0,1,0,0,0,0,0,0
34030,777,301946,0,0,0,0,1,0,0,0,0,0,0
34031,777,301947,0,0,0,0,1,0,0,0,0,0,0
34032,777,301948,0,0,0,0,1,0,0,0,0,0,0
34033,777,301949,0,0,0,0,1,0,0,0,0,0,0
34034,777,301950,0,0,0,0,1,0,0,0,0,0,0
34035,777,301951,0,0,0,0,1,0,0,0,0,0,0
34036,777,301952,0,0,0,0,1,0,0,0,0,0,0
34037,777,301953,0,0,0,0,1,0,0,0,0,0,0
34038,777,301954,0,0,0,0,1,0,0,0,0,0,0
34039,777,301955,0,0,0,0,1,0,0,0,0,0,0
34040,777,301956,0,0,0,0,1,0,0,0,0,0,0
34041,777,301957,0,0,0,0,1,0,0,0,0,0,0
34042,777,301958,0,0,0,0,1,0,0,0,0,0,0
34043,777,301959,0,0,0,0,1,0,0,0,0,0,0
34044,777,301960,0,0,0,0,1,0,0,0,0,0,0
34045,777,301961,0,0,0,0,1,0,0,0,0,0,0
34046,777,301962,0,0,0,0,1,0,0,0,0,0,0
34047,777,301963,0,0,0,0,1,0,0,0,0,0,0
34048,777,301964,0,0,0,0,1,0,0,0,0,0,0
34049,777,301965,0,0,0,0,1,0,0,0,0,0,0
34050,777,301966,0,0,0,0,1,0,0,0,0,0,0
34051,777,301967,0,0,0,0,1,0,0,0,0,0,0
34052,777,301968,0,0,0,0,1,0,0,0,0,0,0
34053,777,301969,0,0,0,0,1,0,0,0,0,0,0
34054,777,301970,0,0,0,0,1,0,0,0,0,0,0
34055,777,301971,0,0,0,0,1,0,0,0,0,0,0
34056,777,301972,0,0,0,0,1,0,0,0,0,0,0
34057,777,301973,0,0,0,0,1,0,0,0,0,0,0
34058,777,301974,0,0,0,0,1,0,0,0,0,0,0
34059,777,301975,0,0,0,0,1,0,0,0,0,0,0
34060,777,301976,0,0,0,0,1,0,0,0,0,0,0
34061,777,301977,0,0,0,0,1,0,0,0,0,0,0
34062,777,301978,0,0,0,0,1,0,0,0,0,0,0
34063,777,301979,0,0,0,0,1,0,0,0,0,0,0
34064,777,301980,0,0,0,0,1,0,0,0,0,0,0
34065,777,301981,0,0,0,0,1,0,0,0,0,0,0
34066,777,301982,0,0,0,0,1,0,0,0,0,0,0
34067,777,301983,0,0,0,0,1,0,0,0,0,0,0
34068,777,301984,0,0,0,0,1,0,0,0,0,0,0
34069,777,301985,0,0,0,0,1,0,0,0,0,0,0
34070,777,301986,0,0,0,0,1,0,0,0,0,0,0
34071,777,301987,0,0,0,0,1,0,0,0,0,0,0
34072,777,301988,0,0,0,0,1,0,0,0,0,0,0
34073,777,301989,0,0,0,0,1,0,0,0,0,0,0
34074,777,301990,0,0,0,0,1,0,0,0,0,0,0
34075,777,301991,0,0,0,0,1,0,0,0,0,0,0
34076,777,301992,0,0,0,0,1,0,0,0,0,0,0
34077,777,301993,0,0,0,0,1,0,0,0,0,0,0
34078,777,301994,0,0,0,0,1,0,0,0,0,0,0
34079,777,301995,0,0,0,0,1,0,0,0,0,0,0
34080,777,301996,0,0,0,0,1,0,0,0,0,0,0
34081,777,301997,0,0,0,0,1,0,0,0,0,0,0
34082,777,301998,0,0,0,0,1,0,0,0,0,0,0
34083,777,301999,0,0,0,0,1,0,0,0,0,0,0
34084,777,302000,0,0,0,0,1,0,0,0,0,0,0
34085,777,302001,0,0,0,0,1,0,0,0,0,0,0
34086,777,302002,0,0,0,0,1,0,0,0,0,0,0
34087,777,302003,0,0,0,0,1,0,0,0,0,0,0
34088,777,302004,0,0,0,0,1,0,0,0,0,0,0
34089,777,302005,0,0,0,0,1,0,0,0,0,0,0
34090,777,302006,0,0,0,0,1,0,0,0,0,0,0
34091,777,302007,0,0,0,0,1,0,0,0,0,0,0
34092,777,302008,0,0,0,0,1,0,0,0,0,0,0
34093,777,302009,0,0,0,0,1,0,0,0,0,0,0
34094,777,302010,0,0,0,0,1,0,0,0,0,0,0
34095,777,302011,0,0,0,0,1,0,0,0,0,0,0
34096,777,302012,0,0,0,0,1,0,0,0,0,0,0
34097,777,302013,0,0,0,0,1,0,0,0,0,0,0
34098,777,302014,0,0,0,0,1,0,0,0,0,0,0
34099,777,302015,0,0,0,0,1,0,0,0,0,0,0
34100,777,302017,0,0,0,0,1,0,0,0,0,0,0
34101,777,302018,0,0,0,0,1,0,0,0,0,0,0
34102,777,302019,0,0,0,0,1,0,0,0,0,0,0
34103,777,302020,0,0,0,0,1,0,0,0,0,0,0
34104,777,302021,0,0,0,0,1,0,0,0,0,0,0
34105,777,302022,0,0,0,0,1,0,0,0,0,0,0
34106,777,302023,0,0,0,0,1,0,0,0,0,0,0
34107,777,302024,0,0,0,0,1,0,0,0,0,0,0
34108,777,302025,0,0,0,0,1,0,0,0,0,0,0
34109,777,302026,0,0,0,0,1,0,0,0,0,0,0
34110,777,302027,0,0,0,0,1,0,0,0,0,0,0
34111,777,302028,0,0,0,0,1,0,0,0,0,0,0
34112,777,302029,0,0,0,0,1,0,0,0,0,0,0
34113,777,302030,0,0,0,0,1,0,0,0,0,0,0
34114,777,302031,0,0,0,0,1,0,0,0,0,0,0
34115,777,302032,0,0,0,0,1,0,0,0,0,0,0
34116,777,302033,0,0,0,0,1,0,0,0,0,0,0
34117,777,302034,0,0,0,0,1,0,0,0,0,0,0
34118,777,302035,0,0,0,0,1,0,0,0,0,0,0
34119,777,302036,0,0,0,0,1,0,0,0,0,0,0
34120,777,302037,0,0,0,0,1,0,0,0,0,0,0
34121,777,302038,0,0,0,0,1,0,0,0,0,0,0
34122,777,302039,0,0,0,0,1,0,0,0,0,0,0
34123,777,302040,0,0,0,0,1,0,0,0,0,0,0
34124,777,302041,0,0,0,0,1,0,0,0,0,0,0
34125,777,302042,0,0,0,0,1,0,0,0,0,0,0
34126,777,302043,0,0,0,0,1,0,0,0,0,0,0
34127,777,302044,0,0,0,0,1,0,0,0,0,0,0
34128,777,302045,0,0,0,0,1,0,0,0,0,0,0
34129,777,302046,0,0,0,0,1,0,0,0,0,0,0
34130,777,302048,0,0,0,0,1,0,0,0,0,0,0
34131,777,302049,0,0,0,0,1,0,0,0,0,0,0
34132,777,302051,0,0,0,0,1,0,0,0,0,0,0
34133,777,302052,0,0,0,0,1,0,0,0,0,0,0
34134,777,302053,0,0,0,0,1,0,0,0,0,0,0
34135,777,302054,0,0,0,0,1,0,0,0,0,0,0
34136,777,302055,0,0,0,0,1,0,0,0,0,0,0
34137,777,302056,0,0,0,0,1,0,0,0,0,0,0
34138,777,302057,0,0,0,0,1,0,0,0,0,0,0
34139,777,302058,0,0,0,0,1,0,0,0,0,0,0
34140,777,302059,0,0,0,0,1,0,0,0,0,0,0
34141,777,302060,0,0,0,0,1,0,0,0,0,0,0
34142,777,302061,0,0,0,0,1,0,0,0,0,0,0
34143,777,302062,0,0,0,0,1,0,0,0,0,0,0
34144,777,302063,0,0,0,0,1,0,0,0,0,0,0
34145,777,302064,0,0,0,0,1,0,0,0,0,0,0
34146,777,302065,0,0,0,0,1,0,0,0,0,0,0
34147,777,302066,0,0,0,0,1,0,0,0,0,0,0
34148,777,302067,0,0,0,0,1,0,0,0,0,0,0
34149,777,302068,0,0,0,0,1,0,0,0,0,0,0
34150,777,302069,0,0,0,0,1,0,0,0,0,0,0
34151,777,302070,0,0,0,0,1,0,0,0,0,0,0
34152,777,302071,0,0,0,0,1,0,0,0,0,0,0
34153,777,302072,0,0,0,0,1,0,0,0,0,0,0
34154,777,302073,0,0,0,0,1,0,0,0,0,0,0
34155,777,302074,0,0,0,0,1,0,0,0,0,0,0
34156,777,302075,0,0,0,0,1,0,0,0,0,0,0
34157,777,302076,0,0,0,0,1,0,0,0,0,0,0
34158,777,302077,0,0,0,0,1,0,0,0,0,0,0
34159,777,302078,0,0,0,0,1,0,0,0,0,0,0
34160,777,302079,0,0,0,0,1,0,0,0,0,0,0
34161,777,302080,0,0,0,0,1,0,0,0,0,0,0
34162,777,302081,0,0,0,0,1,0,0,0,0,0,0
34163,777,302082,0,0,0,0,1,0,0,0,0,0,0
34164,777,302083,0,0,0,0,1,0,0,0,0,0,0
34165,777,302084,0,0,0,0,1,0,0,0,0,0,0
34166,777,302085,0,0,0,0,1,0,0,0,0,0,0
34167,777,302086,0,0,0,0,1,0,0,0,0,0,0
34168,777,302087,0,0,0,0,1,0,0,0,0,0,0
34169,777,302088,0,0,0,0,1,0,0,0,0,0,0
34170,777,302089,0,0,0,0,1,0,0,0,0,0,0
34171,777,302090,0,0,0,0,1,0,0,0,0,0,0
34172,777,302091,0,0,0,0,1,0,0,0,0,0,0
34173,777,302092,0,0,0,0,1,0,0,0,0,0,0
34174,777,302093,0,0,0,0,1,0,0,0,0,0,0
34175,777,302094,0,0,0,0,1,0,0,0,0,0,0
34176,777,302095,0,0,0,0,1,0,0,0,0,0,0
34177,777,302096,0,0,0,0,1,0,0,0,0,0,0
34178,777,302097,0,0,0,0,1,0,0,0,0,0,0
34179,777,302098,0,0,0,0,1,0,0,0,0,0,0
34180,777,302099,0,0,0,0,1,0,0,0,0,0,0
34181,777,302100,0,0,0,0,1,0,0,0,0,0,0
34182,777,302101,0,0,0,0,1,0,0,0,0,0,0
34183,777,302102,0,0,0,0,1,0,0,0,0,0,0
34184,777,302103,0,0,0,0,1,0,0,0,0,0,0
34185,777,302104,0,0,0,0,1,0,0,0,0,0,0
34186,777,302105,0,0,0,0,1,0,0,0,0,0,0
34187,777,302106,0,0,0,0,1,0,0,0,0,0,0
34188,777,302107,0,0,0,0,1,0,0,0,0,0,0
34189,777,302891,0,0,0,0,1,0,0,0,0,0,0
34190,777,302892,0,0,0,0,1,0,0,0,0,0,0
34191,777,302893,0,0,0,0,1,0,0,0,0,0,0
34192,777,302894,0,0,0,0,1,0,0,0,0,0,0
34193,777,302895,0,0,0,0,1,0,0,0,0,0,0
34194,777,302896,0,0,0,0,1,0,0,0,0,0,0
34195,777,302897,0,0,0,0,1,0,0,0,0,0,0
34196,777,302898,0,0,0,0,1,0,0,0,0,0,0
34197,777,302899,0,0,0,0,1,0,0,0,0,0,0
34198,777,302900,0,0,0,0,1,0,0,0,0,0,0
34199,777,302901,0,0,0,0,1,0,0,0,0,0,0
34200,777,302902,0,0,0,0,1,0,0,0,0,0,0
34201,777,302903,0,0,0,0,1,0,0,0,0,0,0
34202,777,302904,0,0,0,0,1,0,0,0,0,0,0
34203,777,302905,0,0,0,0,1,0,0,0,0,0,0
34204,777,302906,0,0,0,0,1,0,0,0,0,0,0
34205,777,302907,0,0,0,0,1,0,0,0,0,0,0
34206,777,302937,0,0,0,0,1,0,0,0,0,0,0
34207,777,302938,0,0,0,0,1,0,0,0,0,0,0
34208,777,302939,0,0,0,0,1,0,0,0,0,0,0
34209,777,302940,0,0,0,0,1,0,0,0,0,0,0
34210,777,302941,0,0,0,0,1,0,0,0,0,0,0
34211,777,302944,0,0,0,0,1,0,0,0,0,0,0
34212,777,302945,0,0,0,0,1,0,0,0,0,0,0
34213,777,302963,0,0,0,0,1,0,0,0,0,0,0
34214,777,302964,0,0,0,0,1,0,0,0,0,0,0
34215,777,302965,0,0,0,0,1,0,0,0,0,0,0
34216,777,302966,0,0,0,0,1,0,0,0,0,0,0
34217,777,302967,0,0,0,0,1,0,0,0,0,0,0
34218,777,302980,0,0,0,0,1,0,0,0,0,0,0
34219,777,302981,0,0,0,0,1,0,0,0,0,0,0
34220,777,302982,0,0,0,0,1,0,0,0,0,0,0
34221,777,302983,0,0,0,0,1,0,0,0,0,0,0
34222,777,302984,0,0,0,0,1,0,0,0,0,0,0
34223,777,302985,0,0,0,0,1,0,0,0,0,0,0
34224,777,302986,0,0,0,0,1,0,0,0,0,0,0
34225,777,302987,0,0,0,0,1,0,0,0,0,0,0
34226,777,303000,0,0,0,0,1,0,0,0,0,0,0
34227,777,303001,0,0,0,0,1,0,0,0,0,0,0
34228,777,303002,0,0,0,0,1,0,0,0,0,0,0
34229,777,303003,0,0,0,0,1,0,0,0,0,0,0
34230,777,303004,0,0,0,0,1,0,0,0,0,0,0
34231,777,303005,0,0,0,0,1,0,0,0,0,0,0
34232,777,303006,0,0,0,0,1,0,0,0,0,0,0
34233,777,303007,0,0,0,0,1,0,0,0,0,0,0
34234,777,303008,0,0,0,0,1,0,0,0,0,0,0
34235,777,303009,0,0,0,0,1,0,0,0,0,0,0
34236,777,303010,0,0,0,0,1,0,0,0,0,0,0
34237,777,303011,0,0,0,0,1,0,0,0,0,0,0
34238,777,303012,0,0,0,0,1,0,0,0,0,0,0
34239,777,303013,0,0,0,0,1,0,0,0,0,0,0
34240,777,303014,0,0,0,0,1,0,0,0,0,0,0
34241,777,303015,0,0,0,0,1,0,0,0,0,0,0
34242,777,303016,0,0,0,0,1,0,0,0,0,0,0
34243,777,303017,0,0,0,0,1,0,0,0,0,0,0
34244,777,303018,0,0,0,0,1,0,0,0,0,0,0
34245,777,303019,0,0,0,0,1,0,0,0,0,0,0
34246,777,303020,0,0,0,0,1,0,0,0,0,0,0
34247,777,303021,0,0,0,0,1,0,0,0,0,0,0
34248,777,303022,0,0,0,0,1,0,0,0,0,0,0
34249,777,303023,0,0,0,0,1,0,0,0,0,0,0
34250,777,303024,0,0,0,0,1,0,0,0,0,0,0
34251,777,303025,0,0,0,0,1,0,0,0,0,0,0
34252,777,303027,0,0,0,0,1,0,0,0,0,0,0
34253,777,303028,0,0,0,0,1,0,0,0,0,0,0
34254,777,303029,0,0,0,0,1,0,0,0,0,0,0
34255,777,303031,0,0,0,0,1,0,0,0,0,0,0
34256,777,303032,0,0,0,0,1,0,0,0,0,0,0
34257,777,303033,0,0,0,0,1,0,0,0,0,0,0
34258,777,303062,0,0,0,0,1,0,0,0,0,0,0
34259,777,303063,0,0,0,0,1,0,0,0,0,0,0
34260,777,303064,0,0,0,0,1,0,0,0,0,0,0
34261,777,303065,0,0,0,0,1,0,0,0,0,0,0
34262,777,303066,0,0,0,0,1,0,0,0,0,0,0
34263,777,303067,0,0,0,0,1,0,0,0,0,0,0
34264,777,303068,0,0,0,0,1,0,0,0,0,0,0
34265,777,303069,0,0,0,0,1,0,0,0,0,0,0
34266,777,303070,0,0,0,0,1,0,0,0,0,0,0
34267,777,350000,0,0,0,0,1,0,0,0,0,0,0
34268,777,350001,0,0,0,0,1,0,0,0,0,0,0
34269,777,350002,0,0,0,0,1,0,0,0,0,0,0
34270,777,350003,0,0,0,0,1,0,0,0,0,0,0
34271,777,350004,0,0,0,0,1,0,0,0,0,0,0
34272,777,350005,0,0,0,0,1,0,0,0,0,0,0
34273,777,350006,0,0,0,0,1,0,0,0,0,0,0
34274,777,350007,0,0,0,0,1,0,0,0,0,0,0
34275,777,350008,0,0,0,0,1,0,0,0,0,0,0
34276,777,350009,0,0,0,0,1,0,0,0,0,0,0
34277,777,350010,0,0,0,0,1,0,0,0,0,0,0
34278,777,350011,0,0,0,0,1,0,0,0,0,0,0
34279,777,350012,0,0,0,0,1,0,0,0,0,0,0
34280,777,350013,0,0,0,0,1,0,0,0,0,0,0
34281,777,350014,0,0,0,0,1,0,0,0,0,0,0
34282,777,350015,0,0,0,0,1,0,0,0,0,0,0
34283,777,350016,0,0,0,0,1,0,0,0,0,0,0
34284,777,350017,0,0,0,0,1,0,0,0,0,0,0
34285,777,350018,0,0,0,0,1,0,0,0,0,0,0
34286,777,350019,0,0,0,0,1,0,0,0,0,0,0
34287,777,350020,0,0,0,0,1,0,0,0,0,0,0
34288,777,350021,0,0,0,0,1,0,0,0,0,0,0
34289,777,350022,0,0,0,0,1,0,0,0,0,0,0
34290,777,350023,0,0,0,0,1,0,0,0,0,0,0
34291,777,350024,0,0,0,0,1,0,0,0,0,0,0
34292,777,350025,0,0,0,0,1,0,0,0,0,0,0
34293,777,350026,0,0,0,0,1,0,0,0,0,0,0
34294,777,350027,0,0,0,0,1,0,0,0,0,0,0
34295,777,350028,0,0,0,0,1,0,0,0,0,0,0
34296,777,350029,0,0,0,0,1,0,0,0,0,0,0
34297,777,350030,0,0,0,0,1,0,0,0,0,0,0
34298,777,350031,0,0,0,0,1,0,0,0,0,0,0
34299,777,350032,0,0,0,0,1,0,0,0,0,0,0
34300,777,350033,0,0,0,0,1,0,0,0,0,0,0
34301,777,350034,0,0,0,0,1,0,0,0,0,0,0
34302,777,350035,0,0,0,0,1,0,0,0,0,0,0
34303,777,350036,0,0,0,0,1,0,0,0,0,0,0
34304,777,350037,0,0,0,0,1,0,0,0,0,0,0
34305,777,350038,0,0,0,0,1,0,0,0,0,0,0
34306,777,350039,0,0,0,0,1,0,0,0,0,0,0
34307,777,350040,0,0,0,0,1,0,0,0,0,0,0
34308,777,350041,0,0,0,0,1,0,0,0,0,0,0
34309,777,350042,0,0,0,0,1,0,0,0,0,0,0
34310,777,350043,0,0,0,0,1,0,0,0,0,0,0
34311,777,350044,0,0,0,0,1,0,0,0,0,0,0
34312,777,350045,0,0,0,0,1,0,0,0,0,0,0
34313,777,350046,0,0,0,0,1,0,0,0,0,0,0
34314,777,350047,0,0,0,0,1,0,0,0,0,0,0
34315,777,350048,0,0,0,0,1,0,0,0,0,0,0
34316,777,350049,0,0,0,0,1,0,0,0,0,0,0
34317,777,350050,0,0,0,0,1,0,0,0,0,0,0
34318,777,350051,0,0,0,0,1,0,0,0,0,0,0
34319,777,350052,0,0,0,0,1,0,0,0,0,0,0
34320,777,350053,0,0,0,0,1,0,0,0,0,0,0
34321,777,350054,0,0,0,0,1,0,0,0,0,0,0
34322,777,350055,0,0,0,0,1,0,0,0,0,0,0
34323,777,350056,0,0,0,0,1,0,0,0,0,0,0
34324,777,350057,0,0,0,0,1,0,0,0,0,0,0
34325,777,350058,0,0,0,0,1,0,0,0,0,0,0
34326,777,350059,0,0,0,0,1,0,0,0,0,0,0
34327,777,350060,0,0,0,0,1,0,0,0,0,0,0
34328,777,350061,0,0,0,0,1,0,0,0,0,0,0
34329,777,350062,0,0,0,0,1,0,0,0,0,0,0
34330,777,350063,0,0,0,0,1,0,0,0,0,0,0
34331,777,350064,0,0,0,0,1,0,0,0,0,0,0
34332,777,350065,0,0,0,0,1,0,0,0,0,0,0
34333,777,350066,0,0,0,0,1,0,0,0,0,0,0
34334,777,350067,0,0,0,0,1,0,0,0,0,0,0
34335,777,350068,0,0,0,0,1,0,0,0,0,0,0
34336,777,350069,0,0,0,0,1,0,0,0,0,0,0
34337,777,350070,0,0,0,0,1,0,0,0,0,0,0
34338,777,350071,0,0,0,0,1,0,0,0,0,0,0
34339,777,350072,0,0,0,0,1,0,0,0,0,0,0
34340,777,350073,0,0,0,0,1,0,0,0,0,0,0
34341,777,350074,0,0,0,0,1,0,0,0,0,0,0
34342,777,350075,0,0,0,0,1,0,0,0,0,0,0
34343,777,350076,0,0,0,0,1,0,0,0,0,0,0
34344,777,350077,0,0,0,0,1,0,0,0,0,0,0
34345,777,350078,0,0,0,0,1,0,0,0,0,0,0
34346,777,350079,0,0,0,0,1,0,0,0,0,0,0
34347,777,350080,0,0,0,0,1,0,0,0,0,0,0
34348,777,350081,0,0,0,0,1,0,0,0,0,0,0
34349,777,350082,0,0,0,0,1,0,0,0,0,0,0
34350,777,350083,0,0,0,0,1,0,0,0,0,0,0
34351,777,350084,0,0,0,0,1,0,0,0,0,0,0
34352,777,350085,0,0,0,0,1,0,0,0,0,0,0
34353,777,350086,0,0,0,0,1,0,0,0,0,0,0
34354,777,350087,0,0,0,0,1,0,0,0,0,0,0
34355,777,350088,0,0,0,0,1,0,0,0,0,0,0
34356,777,350089,0,0,0,0,1,0,0,0,0,0,0
34357,777,350090,0,0,0,0,1,0,0,0,0,0,0
34358,777,350091,0,0,0,0,1,0,0,0,0,0,0
34359,777,350092,0,0,0,0,1,0,0,0,0,0,0
34360,777,350093,0,0,0,0,1,0,0,0,0,0,0
34361,777,350094,0,0,0,0,1,0,0,0,0,0,0
34362,777,350095,0,0,0,0,1,0,0,0,0,0,0
34363,777,350096,0,0,0,0,1,0,0,0,0,0,0
34364,777,350097,0,0,0,0,1,0,0,0,0,0,0
34365,777,350098,0,0,0,0,1,0,0,0,0,0,0
34366,777,350099,0,0,0,0,1,0,0,0,0,0,0
34367,777,350100,0,0,0,0,1,0,0,0,0,0,0
34368,777,350101,0,0,0,0,1,0,0,0,0,0,0
34369,777,350102,0,0,0,0,1,0,0,0,0,0,0
34370,777,350103,0,0,0,0,1,0,0,0,0,0,0
34371,777,350104,0,0,0,0,1,0,0,0,0,0,0
34372,777,350105,0,0,0,0,1,0,0,0,0,0,0
34373,777,350106,0,0,0,0,1,0,0,0,0,0,0
34374,777,350107,0,0,0,0,1,0,0,0,0,0,0
34375,777,350108,0,0,0,0,1,0,0,0,0,0,0
34376,777,350109,0,0,0,0,1,0,0,0,0,0,0
34377,777,350110,0,0,0,0,1,0,0,0,0,0,0
34378,777,350111,0,0,0,0,1,0,0,0,0,0,0
34379,777,350112,0,0,0,0,1,0,0,0,0,0,0
34380,777,350113,0,0,0,0,1,0,0,0,0,0,0
34381,777,350114,0,0,0,0,1,0,0,0,0,0,0
34382,777,350115,0,0,0,0,1,0,0,0,0,0,0
34383,777,350116,0,0,0,0,1,0,0,0,0,0,0
34384,777,350117,0,0,0,0,1,0,0,0,0,0,0
34385,777,350118,0,0,0,0,1,0,0,0,0,0,0
34386,777,350119,0,0,0,0,1,0,0,0,0,0,0
34387,777,350120,0,0,0,0,1,0,0,0,0,0,0
34388,777,350121,0,0,0,0,1,0,0,0,0,0,0
34389,777,350122,0,0,0,0,1,0,0,0,0,0,0
34390,777,350123,0,0,0,0,1,0,0,0,0,0,0
34391,777,350124,0,0,0,0,1,0,0,0,0,0,0
34392,777,350125,0,0,0,0,1,0,0,0,0,0,0
34393,777,350126,0,0,0,0,1,0,0,0,0,0,0
34394,777,350127,0,0,0,0,1,0,0,0,0,0,0
34395,777,350128,0,0,0,0,1,0,0,0,0,0,0
34396,777,350129,0,0,0,0,1,0,0,0,0,0,0
34397,777,350130,0,0,0,0,1,0,0,0,0,0,0
34398,777,350131,0,0,0,0,1,0,0,0,0,0,0
34399,777,350132,0,0,0,0,1,0,0,0,0,0,0
34400,777,350133,0,0,0,0,1,0,0,0,0,0,0
34401,777,350134,0,0,0,0,1,0,0,0,0,0,0
34402,777,350135,0,0,0,0,1,0,0,0,0,0,0
34403,777,350136,0,0,0,0,1,0,0,0,0,0,0
34404,777,350137,0,0,0,0,1,0,0,0,0,0,0
34405,777,350138,0,0,0,0,1,0,0,0,0,0,0
34406,777,350139,0,0,0,0,1,0,0,0,0,0,0
34407,777,350140,0,0,0,0,1,0,0,0,0,0,0
34408,777,350141,0,0,0,0,1,0,0,0,0,0,0
34409,777,350142,0,0,0,0,1,0,0,0,0,0,0
34410,777,350143,0,0,0,0,1,0,0,0,0,0,0
34411,777,350144,0,0,0,0,1,0,0,0,0,0,0
34412,777,350145,0,0,0,0,1,0,0,0,0,0,0
34413,777,350146,0,0,0,0,1,0,0,0,0,0,0
34414,777,350147,0,0,0,0,1,0,0,0,0,0,0
34415,777,350148,0,0,0,0,1,0,0,0,0,0,0
34416,777,350149,0,0,0,0,1,0,0,0,0,0,0
34417,777,350150,0,0,0,0,1,0,0,0,0,0,0
34418,777,350151,0,0,0,0,1,0,0,0,0,0,0
34419,777,350152,0,0,0,0,1,0,0,0,0,0,0
34420,777,350153,0,0,0,0,1,0,0,0,0,0,0
34421,777,350154,0,0,0,0,1,0,0,0,0,0,0
34422,777,350155,0,0,0,0,1,0,0,0,0,0,0
34423,777,350156,0,0,0,0,1,0,0,0,0,0,0
34424,777,350157,0,0,0,0,1,0,0,0,0,0,0
34425,777,350158,0,0,0,0,1,0,0,0,0,0,0
34426,777,350159,0,0,0,0,1,0,0,0,0,0,0
34427,777,350160,0,0,0,0,1,0,0,0,0,0,0
34428,777,350161,0,0,0,0,1,0,0,0,0,0,0
34429,777,350162,0,0,0,0,1,0,0,0,0,0,0
34430,777,350163,0,0,0,0,1,0,0,0,0,0,0
34431,777,350164,0,0,0,0,1,0,0,0,0,0,0
34432,777,350165,0,0,0,0,1,0,0,0,0,0,0
34433,777,350166,0,0,0,0,1,0,0,0,0,0,0
34434,777,350167,0,0,0,0,1,0,0,0,0,0,0
34435,777,350168,0,0,0,0,1,0,0,0,0,0,0
34436,777,350169,0,0,0,0,1,0,0,0,0,0,0
34437,777,350170,0,0,0,0,1,0,0,0,0,0,0
34438,777,350171,0,0,0,0,1,0,0,0,0,0,0
34439,777,350172,0,0,0,0,1,0,0,0,0,0,0
34440,777,350173,0,0,0,0,1,0,0,0,0,0,0
34441,777,350174,0,0,0,0,1,0,0,0,0,0,0
34442,777,350175,0,0,0,0,1,0,0,0,0,0,0
34443,777,350176,0,0,0,0,1,0,0,0,0,0,0
34444,777,350177,0,0,0,0,1,0,0,0,0,0,0
34445,777,350178,0,0,0,0,1,0,0,0,0,0,0
34446,777,350179,0,0,0,0,1,0,0,0,0,0,0
34447,777,350180,0,0,0,0,1,0,0,0,0,0,0
34448,777,350181,0,0,0,0,1,0,0,0,0,0,0
34449,777,350182,0,0,0,0,1,0,0,0,0,0,0
34450,777,350183,0,0,0,0,1,0,0,0,0,0,0
34451,777,350184,0,0,0,0,1,0,0,0,0,0,0
34452,777,350185,0,0,0,0,1,0,0,0,0,0,0
34453,777,350186,0,0,0,0,1,0,0,0,0,0,0
34454,777,350187,0,0,0,0,1,0,0,0,0,0,0
34455,777,350188,0,0,0,0,1,0,0,0,0,0,0
34456,777,350189,0,0,0,0,1,0,0,0,0,0,0
34457,777,350190,0,0,0,0,1,0,0,0,0,0,0
34458,777,350191,0,0,0,0,1,0,0,0,0,0,0
34459,777,350192,0,0,0,0,1,0,0,0,0,0,0
34460,777,350193,0,0,0,0,1,0,0,0,0,0,0
34461,777,350194,0,0,0,0,1,0,0,0,0,0,0
34462,777,350195,0,0,0,0,1,0,0,0,0,0,0
34463,777,350196,0,0,0,0,1,0,0,0,0,0,0
34464,777,350197,0,0,0,0,1,0,0,0,0,0,0
34465,777,350198,0,0,0,0,1,0,0,0,0,0,0
34466,777,350199,0,0,0,0,1,0,0,0,0,0,0
34467,777,350200,0,0,0,0,1,0,0,0,0,0,0
34468,777,350201,0,0,0,0,1,0,0,0,0,0,0
34469,777,350202,0,0,0,0,1,0,0,0,0,0,0
34470,777,350203,0,0,0,0,1,0,0,0,0,0,0
34471,777,350204,0,0,0,0,1,0,0,0,0,0,0
34472,777,350205,0,0,0,0,1,0,0,0,0,0,0
34473,777,350206,0,0,0,0,1,0,0,0,0,0,0
34474,777,350207,0,0,0,0,1,0,0,0,0,0,0
34475,777,350208,0,0,0,0,1,0,0,0,0,0,0
34476,777,350209,0,0,0,0,1,0,0,0,0,0,0
34477,777,350210,0,0,0,0,1,0,0,0,0,0,0
34478,777,350211,0,0,0,0,1,0,0,0,0,0,0
34479,777,350212,0,0,0,0,1,0,0,0,0,0,0
34480,777,350213,0,0,0,0,1,0,0,0,0,0,0
34481,777,350214,0,0,0,0,1,0,0,0,0,0,0
34482,777,350215,0,0,0,0,1,0,0,0,0,0,0
34483,777,350216,0,0,0,0,1,0,0,0,0,0,0
34484,777,350217,0,0,0,0,1,0,0,0,0,0,0
34485,777,350218,0,0,0,0,1,0,0,0,0,0,0
34486,777,350219,0,0,0,0,1,0,0,0,0,0,0
34487,777,350220,0,0,0,0,1,0,0,0,0,0,0
34488,777,350221,0,0,0,0,1,0,0,0,0,0,0
34489,777,350222,0,0,0,0,1,0,0,0,0,0,0
34490,777,350223,0,0,0,0,1,0,0,0,0,0,0
34491,777,350224,0,0,0,0,1,0,0,0,0,0,0
34492,777,350225,0,0,0,0,1,0,0,0,0,0,0
34493,777,350226,0,0,0,0,1,0,0,0,0,0,0
34494,777,350227,0,0,0,0,1,0,0,0,0,0,0
34495,777,350228,0,0,0,0,1,0,0,0,0,0,0
34496,777,350229,0,0,0,0,1,0,0,0,0,0,0
34497,777,350230,0,0,0,0,1,0,0,0,0,0,0
34498,777,350231,0,0,0,0,1,0,0,0,0,0,0
34499,777,350232,0,0,0,0,1,0,0,0,0,0,0
34500,777,350233,0,0,0,0,1,0,0,0,0,0,0
34501,777,350234,0,0,0,0,1,0,0,0,0,0,0
34502,777,350235,0,0,0,0,1,0,0,0,0,0,0
34503,777,350236,0,0,0,0,1,0,0,0,0,0,0
34504,777,350237,0,0,0,0,1,0,0,0,0,0,0
34505,777,350238,0,0,0,0,1,0,0,0,0,0,0
34506,777,350239,0,0,0,0,1,0,0,0,0,0,0
34507,777,350240,0,0,0,0,1,0,0,0,0,0,0
34508,777,350241,0,0,0,0,1,0,0,0,0,0,0
34509,777,350242,0,0,0,0,1,0,0,0,0,0,0
34510,777,350243,0,0,0,0,1,0,0,0,0,0,0
34511,777,350244,0,0,0,0,1,0,0,0,0,0,0
34512,777,350245,0,0,0,0,1,0,0,0,0,0,0
34513,777,350246,0,0,0,0,1,0,0,0,0,0,0
34514,777,350247,0,0,0,0,1,0,0,0,0,0,0
34515,777,350248,0,0,0,0,1,0,0,0,0,0,0
34516,777,350249,0,0,0,0,1,0,0,0,0,0,0
34517,777,350250,0,0,0,0,1,0,0,0,0,0,0
34518,777,350251,0,0,0,0,1,0,0,0,0,0,0
34519,777,350252,0,0,0,0,1,0,0,0,0,0,0
34520,777,350253,0,0,0,0,1,0,0,0,0,0,0
34521,777,350254,0,0,0,0,1,0,0,0,0,0,0
34522,777,350255,0,0,0,0,1,0,0,0,0,0,0
34523,777,350256,0,0,0,0,1,0,0,0,0,0,0
34524,777,350257,0,0,0,0,1,0,0,0,0,0,0
34525,777,350258,0,0,0,0,1,0,0,0,0,0,0
34526,777,350259,0,0,0,0,1,0,0,0,0,0,0
34527,777,350260,0,0,0,0,1,0,0,0,0,0,0
34528,777,350261,0,0,0,0,1,0,0,0,0,0,0
34529,777,350262,0,0,0,0,1,0,0,0,0,0,0
34530,777,350263,0,0,0,0,1,0,0,0,0,0,0
34531,777,350264,0,0,0,0,1,0,0,0,0,0,0
34532,777,350265,0,0,0,0,1,0,0,0,0,0,0
34533,777,350266,0,0,0,0,1,0,0,0,0,0,0
34534,777,350267,0,0,0,0,1,0,0,0,0,0,0
34535,777,350268,0,0,0,0,1,0,0,0,0,0,0
34536,777,350269,0,0,0,0,1,0,0,0,0,0,0
34537,777,350270,0,0,0,0,1,0,0,0,0,0,0
34538,777,350271,0,0,0,0,1,0,0,0,0,0,0
34539,777,350272,0,0,0,0,1,0,0,0,0,0,0
34540,777,350273,0,0,0,0,1,0,0,0,0,0,0
34541,777,350274,0,0,0,0,1,0,0,0,0,0,0
34542,777,350275,0,0,0,0,1,0,0,0,0,0,0
34543,777,350276,0,0,0,0,1,0,0,0,0,0,0
34544,777,350277,0,0,0,0,1,0,0,0,0,0,0
34545,777,350278,0,0,0,0,1,0,0,0,0,0,0
34546,777,350279,0,0,0,0,1,0,0,0,0,0,0
34547,777,350280,0,0,0,0,1,0,0,0,0,0,0
34548,777,350281,0,0,0,0,1,0,0,0,0,0,0
34549,777,350282,0,0,0,0,1,0,0,0,0,0,0
34550,777,350283,0,0,0,0,1,0,0,0,0,0,0
34551,777,350284,0,0,0,0,1,0,0,0,0,0,0
34552,777,350285,0,0,0,0,1,0,0,0,0,0,0
34553,777,350286,0,0,0,0,1,0,0,0,0,0,0
34554,777,350287,0,0,0,0,1,0,0,0,0,0,0
34555,777,350288,0,0,0,0,1,0,0,0,0,0,0
34556,777,350289,0,0,0,0,1,0,0,0,0,0,0
34557,777,350290,0,0,0,0,1,0,0,0,0,0,0
34558,777,350291,0,0,0,0,1,0,0,0,0,0,0
34559,777,350292,0,0,0,0,1,0,0,0,0,0,0
34560,777,350293,0,0,0,0,1,0,0,0,0,0,0
34561,777,350294,0,0,0,0,1,0,0,0,0,0,0
34562,777,350295,0,0,0,0,1,0,0,0,0,0,0
34563,777,350296,0,0,0,0,1,0,0,0,0,0,0
34564,777,350297,0,0,0,0,1,0,0,0,0,0,0
34565,777,350298,0,0,0,0,1,0,0,0,0,0,0
34566,777,350299,0,0,0,0,1,0,0,0,0,0,0
34567,777,350300,0,0,0,0,1,0,0,0,0,0,0
34568,777,350301,0,0,0,0,1,0,0,0,0,0,0
34569,777,350302,0,0,0,0,1,0,0,0,0,0,0
34570,777,350303,0,0,0,0,1,0,0,0,0,0,0
34571,777,350304,0,0,0,0,1,0,0,0,0,0,0
34572,777,350305,0,0,0,0,1,0,0,0,0,0,0
34573,777,350306,0,0,0,0,1,0,0,0,0,0,0
34574,777,350307,0,0,0,0,1,0,0,0,0,0,0
34575,777,350308,0,0,0,0,1,0,0,0,0,0,0
34576,777,350309,0,0,0,0,1,0,0,0,0,0,0
34577,777,350310,0,0,0,0,1,0,0,0,0,0,0
34578,777,350311,0,0,0,0,1,0,0,0,0,0,0
34579,777,350312,0,0,0,0,1,0,0,0,0,0,0
34580,777,350313,0,0,0,0,1,0,0,0,0,0,0
34581,777,350314,0,0,0,0,1,0,0,0,0,0,0
34582,777,350315,0,0,0,0,1,0,0,0,0,0,0
34583,777,350316,0,0,0,0,1,0,0,0,0,0,0
34584,777,350317,0,0,0,0,1,0,0,0,0,0,0
34585,777,350318,0,0,0,0,1,0,0,0,0,0,0
34586,777,350319,0,0,0,0,1,0,0,0,0,0,0
34587,777,350320,0,0,0,0,1,0,0,0,0,0,0
34588,777,350321,0,0,0,0,1,0,0,0,0,0,0
34589,777,350322,0,0,0,0,1,0,0,0,0,0,0
34590,777,350323,0,0,0,0,1,0,0,0,0,0,0
34591,777,350324,0,0,0,0,1,0,0,0,0,0,0
34592,777,350325,0,0,0,0,1,0,0,0,0,0,0
34593,777,350326,0,0,0,0,1,0,0,0,0,0,0
34594,777,350327,0,0,0,0,1,0,0,0,0,0,0
34595,777,350328,0,0,0,0,1,0,0,0,0,0,0
34596,777,350329,0,0,0,0,1,0,0,0,0,0,0
34597,777,350330,0,0,0,0,1,0,0,0,0,0,0
34598,777,350331,0,0,0,0,1,0,0,0,0,0,0
34599,777,350332,0,0,0,0,1,0,0,0,0,0,0
34600,777,350333,0,0,0,0,1,0,0,0,0,0,0
34601,777,350334,0,0,0,0,1,0,0,0,0,0,0
34602,777,350335,0,0,0,0,1,0,0,0,0,0,0
34603,777,350336,0,0,0,0,1,0,0,0,0,0,0
34604,777,350337,0,0,0,0,1,0,0,0,0,0,0
34605,777,350338,0,0,0,0,1,0,0,0,0,0,0
34606,777,350339,0,0,0,0,1,0,0,0,0,0,0
34607,777,350340,0,0,0,0,1,0,0,0,0,0,0
34608,777,350341,0,0,0,0,1,0,0,0,0,0,0
34609,777,350342,0,0,0,0,1,0,0,0,0,0,0
34610,777,350343,0,0,0,0,1,0,0,0,0,0,0
34611,777,350344,0,0,0,0,1,0,0,0,0,0,0
34612,777,350345,0,0,0,0,1,0,0,0,0,0,0
34613,777,350346,0,0,0,0,1,0,0,0,0,0,0
34614,777,350347,0,0,0,0,1,0,0,0,0,0,0
34615,777,350348,0,0,0,0,1,0,0,0,0,0,0
34616,777,350349,0,0,0,0,1,0,0,0,0,0,0
34617,777,350350,0,0,0,0,1,0,0,0,0,0,0
34618,777,350351,0,0,0,0,1,0,0,0,0,0,0
34619,777,350352,0,0,0,0,1,0,0,0,0,0,0
34620,777,350353,0,0,0,0,1,0,0,0,0,0,0
34621,777,350354,0,0,0,0,1,0,0,0,0,0,0
34622,777,350355,0,0,0,0,1,0,0,0,0,0,0
34623,777,350356,0,0,0,0,1,0,0,0,0,0,0
34624,777,350357,0,0,0,0,1,0,0,0,0,0,0
34625,777,350358,0,0,0,0,1,0,0,0,0,0,0
34626,777,350359,0,0,0,0,1,0,0,0,0,0,0
34627,777,350360,0,0,0,0,1,0,0,0,0,0,0
34628,777,350361,0,0,0,0,1,0,0,0,0,0,0
34629,777,350362,0,0,0,0,1,0,0,0,0,0,0
34630,777,350363,0,0,0,0,1,0,0,0,0,0,0
34631,777,350364,0,0,0,0,1,0,0,0,0,0,0
34632,777,350365,0,0,0,0,1,0,0,0,0,0,0
34633,777,350366,0,0,0,0,1,0,0,0,0,0,0
34634,777,350367,0,0,0,0,1,0,0,0,0,0,0
34635,777,350368,0,0,0,0,1,0,0,0,0,0,0
34636,777,350369,0,0,0,0,1,0,0,0,0,0,0
34637,777,350370,0,0,0,0,1,0,0,0,0,0,0
34638,777,350371,0,0,0,0,1,0,0,0,0,0,0
34639,777,350372,0,0,0,0,1,0,0,0,0,0,0
34640,777,350373,0,0,0,0,1,0,0,0,0,0,0
34641,777,350374,0,0,0,0,1,0,0,0,0,0,0
34642,777,350375,0,0,0,0,1,0,0,0,0,0,0
34643,777,350376,0,0,0,0,1,0,0,0,0,0,0
34644,777,350377,0,0,0,0,1,0,0,0,0,0,0
34645,777,350378,0,0,0,0,1,0,0,0,0,0,0
34646,777,350379,0,0,0,0,1,0,0,0,0,0,0
34647,777,350380,0,0,0,0,1,0,0,0,0,0,0
34648,777,350381,0,0,0,0,1,0,0,0,0,0,0
34649,777,350382,0,0,0,0,1,0,0,0,0,0,0
34650,777,350383,0,0,0,0,1,0,0,0,0,0,0
34651,777,350384,0,0,0,0,1,0,0,0,0,0,0
34652,777,350385,0,0,0,0,1,0,0,0,0,0,0
34653,777,350386,0,0,0,0,1,0,0,0,0,0,0
34654,777,350387,0,0,0,0,1,0,0,0,0,0,0
34655,777,350388,0,0,0,0,1,0,0,0,0,0,0
34656,777,350389,0,0,0,0,1,0,0,0,0,0,0
34657,777,350390,0,0,0,0,1,0,0,0,0,0,0
34658,777,350391,0,0,0,0,1,0,0,0,0,0,0
34659,777,350392,0,0,0,0,1,0,0,0,0,0,0
34660,777,350393,0,0,0,0,1,0,0,0,0,0,0
34661,777,350394,0,0,0,0,1,0,0,0,0,0,0
34662,777,350395,0,0,0,0,1,0,0,0,0,0,0
34663,777,350396,0,0,0,0,1,0,0,0,0,0,0
34664,777,350397,0,0,0,0,1,0,0,0,0,0,0
34665,777,350398,0,0,0,0,1,0,0,0,0,0,0
34666,777,350399,0,0,0,0,1,0,0,0,0,0,0
34667,777,350400,0,0,0,0,1,0,0,0,0,0,0
34668,777,350401,0,0,0,0,1,0,0,0,0,0,0
34669,777,350402,0,0,0,0,1,0,0,0,0,0,0
34670,777,350403,0,0,0,0,1,0,0,0,0,0,0
34671,777,350404,0,0,0,0,1,0,0,0,0,0,0
34672,777,350405,0,0,0,0,1,0,0,0,0,0,0
34673,777,350406,0,0,0,0,1,0,0,0,0,0,0
34674,777,350407,0,0,0,0,1,0,0,0,0,0,0
34675,777,350408,0,0,0,0,1,0,0,0,0,0,0
34676,777,350409,0,0,0,0,1,0,0,0,0,0,0
34677,778,300740,0,0,0,0,1,0,0,0,0,0,0
34678,778,300741,0,0,0,0,1,0,0,0,0,0,0
34679,778,300752,0,0,0,0,1,0,0,0,0,0,0
34680,778,300753,0,0,0,0,1,0,0,0,0,0,0
34681,778,300754,0,0,0,0,1,0,0,0,0,0,0
34682,778,300755,0,0,0,0,1,0,0,0,0,0,0
34683,778,300756,0,0,0,0,1,0,0,0,0,0,0
34684,778,300757,0,0,0,0,1,0,0,0,0,0,0
34685,778,300758,0,0,0,0,1,0,0,0,0,0,0
34686,778,300759,0,0,0,0,1,0,0,0,0,0,0
34687,778,300760,0,0,0,0,1,0,0,0,0,0,0
34688,778,300761,0,0,0,0,1,0,0,0,0,0,0
34689,778,300762,0,0,0,0,1,0,0,0,0,0,0
34690,778,300763,0,0,0,0,1,0,0,0,0,0,0
34691,778,300764,0,0,0,0,1,0,0,0,0,0,0
34692,778,300765,0,0,0,0,1,0,0,0,0,0,0
34693,778,300766,0,0,0,0,1,0,0,0,0,0,0
34694,778,300767,0,0,0,0,1,0,0,0,0,0,0
34695,778,300768,0,0,0,0,1,0,0,0,0,0,0
34696,778,300770,0,0,0,0,1,0,0,0,0,0,0
34697,778,300771,0,0,0,0,1,0,0,0,0,0,0
34698,778,300772,0,0,0,0,1,0,0,0,0,0,0
34699,778,300773,0,0,0,0,1,0,0,0,0,0,0
34700,778,300774,0,0,0,0,1,0,0,0,0,0,0
34701,778,300775,0,0,0,0,1,0,0,0,0,0,0
34702,778,300776,0,0,0,0,1,0,0,0,0,0,0
34703,778,300777,0,0,0,0,1,0,0,0,0,0,0
34704,778,300778,0,0,0,0,1,0,0,0,0,0,0
34705,778,300779,0,0,0,0,1,0,0,0,0,0,0
34706,778,300780,0,0,0,0,1,0,0,0,0,0,0
34707,778,300781,0,0,0,0,1,0,0,0,0,0,0
34708,778,300782,0,0,0,0,1,0,0,0,0,0,0
34709,778,300783,0,0,0,0,1,0,0,0,0,0,0
34710,778,300784,0,0,0,0,1,0,0,0,0,0,0
34711,778,300785,0,0,0,0,1,0,0,0,0,0,0
34712,778,300786,0,0,0,0,1,0,0,0,0,0,0
34713,778,300787,0,0,0,0,1,0,0,0,0,0,0
34714,778,300788,0,0,0,0,1,0,0,0,0,0,0
34715,778,300789,0,0,0,0,1,0,0,0,0,0,0
34716,778,301707,0,0,0,0,1,0,0,0,0,0,0
34717,778,301708,0,0,0,0,1,0,0,0,0,0,0
34718,778,301709,0,0,0,0,1,0,0,0,0,0,0
34719,778,301710,0,0,0,0,1,0,0,0,0,0,0
34720,778,301711,0,0,0,0,1,0,0,0,0,0,0
34721,778,301713,0,0,0,0,1,0,0,0,0,0,0
34722,778,301714,0,0,0,0,1,0,0,0,0,0,0
34723,778,301715,0,0,0,0,1,0,0,0,0,0,0
34724,778,301716,0,0,0,0,1,0,0,0,0,0,0
34725,778,301717,0,0,0,0,1,0,0,0,0,0,0
34726,778,301718,0,0,0,0,1,0,0,0,0,0,0
34727,778,301719,0,0,0,0,1,0,0,0,0,0,0
34728,778,301720,0,0,0,0,1,0,0,0,0,0,0
34729,778,301721,0,0,0,0,1,0,0,0,0,0,0
34730,778,301722,0,0,0,0,1,0,0,0,0,0,0
34731,778,301723,0,0,0,0,1,0,0,0,0,0,0
34732,778,301724,0,0,0,0,1,0,0,0,0,0,0
34733,778,301725,0,0,0,0,1,0,0,0,0,0,0
34734,778,301726,0,0,0,0,1,0,0,0,0,0,0
34735,778,301727,0,0,0,0,1,0,0,0,0,0,0
34736,778,301728,0,0,0,0,1,0,0,0,0,0,0
34737,778,301729,0,0,0,0,1,0,0,0,0,0,0
34738,778,301730,0,0,0,0,1,0,0,0,0,0,0
34739,778,301731,0,0,0,0,1,0,0,0,0,0,0
34740,778,301732,0,0,0,0,1,0,0,0,0,0,0
34741,778,301733,0,0,0,0,1,0,0,0,0,0,0
34742,778,301734,0,0,0,0,1,0,0,0,0,0,0
34743,778,301735,0,0,0,0,1,0,0,0,0,0,0
34744,778,301736,0,0,0,0,1,0,0,0,0,0,0
34745,778,301737,0,0,0,0,1,0,0,0,0,0,0
34746,778,301738,0,0,0,0,1,0,0,0,0,0,0
34747,778,301739,0,0,0,0,1,0,0,0,0,0,0
34748,778,301740,0,0,0,0,1,0,0,0,0,0,0
34749,778,301742,0,0,0,0,1,0,0,0,0,0,0
34750,778,301743,0,0,0,0,1,0,0,0,0,0,0
34751,778,301744,0,0,0,0,1,0,0,0,0,0,0
34752,778,301745,0,0,0,0,1,0,0,0,0,0,0
34753,778,301746,0,0,0,0,1,0,0,0,0,0,0
34754,778,301747,0,0,0,0,1,0,0,0,0,0,0
34755,778,301748,0,0,0,0,1,0,0,0,0,0,0
34756,778,301749,0,0,0,0,1,0,0,0,0,0,0
34757,778,301750,0,0,0,0,1,0,0,0,0,0,0
34758,778,301751,0,0,0,0,1,0,0,0,0,0,0
34759,778,301752,0,0,0,0,1,0,0,0,0,0,0
34760,778,301753,0,0,0,0,1,0,0,0,0,0,0
34761,778,301754,0,0,0,0,1,0,0,0,0,0,0
34762,778,301755,0,0,0,0,1,0,0,0,0,0,0
34763,778,301756,0,0,0,0,1,0,0,0,0,0,0
34764,778,301757,0,0,0,0,1,0,0,0,0,0,0
34765,778,301758,0,0,0,0,1,0,0,0,0,0,0
34766,778,301759,0,0,0,0,1,0,0,0,0,0,0
34767,778,301760,0,0,0,0,1,0,0,0,0,0,0
34768,778,301761,0,0,0,0,1,0,0,0,0,0,0
34769,778,301762,0,0,0,0,1,0,0,0,0,0,0
34770,778,301763,0,0,0,0,1,0,0,0,0,0,0
34771,778,301764,0,0,0,0,1,0,0,0,0,0,0
34772,778,301765,0,0,0,0,1,0,0,0,0,0,0
34773,778,301766,0,0,0,0,1,0,0,0,0,0,0
34774,778,301767,0,0,0,0,1,0,0,0,0,0,0
34775,778,301768,0,0,0,0,1,0,0,0,0,0,0
34776,778,301769,0,0,0,0,1,0,0,0,0,0,0
34777,778,301770,0,0,0,0,1,0,0,0,0,0,0
34778,778,301771,0,0,0,0,1,0,0,0,0,0,0
34779,778,301772,0,0,0,0,1,0,0,0,0,0,0
34780,778,301773,0,0,0,0,1,0,0,0,0,0,0
34781,778,301774,0,0,0,0,1,0,0,0,0,0,0
34782,778,301775,0,0,0,0,1,0,0,0,0,0,0
34783,778,301776,0,0,0,0,1,0,0,0,0,0,0
34784,778,301777,0,0,0,0,1,0,0,0,0,0,0
34785,778,301778,0,0,0,0,1,0,0,0,0,0,0
34786,778,301779,0,0,0,0,1,0,0,0,0,0,0
34787,778,301780,0,0,0,0,1,0,0,0,0,0,0
34788,778,301781,0,0,0,0,1,0,0,0,0,0,0
34789,778,301782,0,0,0,0,1,0,0,0,0,0,0
34790,778,301783,0,0,0,0,1,0,0,0,0,0,0
34791,778,301784,0,0,0,0,1,0,0,0,0,0,0
34792,778,301785,0,0,0,0,1,0,0,0,0,0,0
34793,778,301786,0,0,0,0,1,0,0,0,0,0,0
34794,778,301787,0,0,0,0,1,0,0,0,0,0,0
34795,778,301788,0,0,0,0,1,0,0,0,0,0,0
34796,778,301789,0,0,0,0,1,0,0,0,0,0,0
34797,778,301790,0,0,0,0,1,0,0,0,0,0,0
34798,778,301791,0,0,0,0,1,0,0,0,0,0,0
34799,778,301792,0,0,0,0,1,0,0,0,0,0,0
34800,778,301793,0,0,0,0,1,0,0,0,0,0,0
34801,778,301794,0,0,0,0,1,0,0,0,0,0,0
34802,778,301795,0,0,0,0,1,0,0,0,0,0,0
34803,778,301796,0,0,0,0,1,0,0,0,0,0,0
34804,778,301797,0,0,0,0,1,0,0,0,0,0,0
34805,778,301798,0,0,0,0,1,0,0,0,0,0,0
34806,778,301799,0,0,0,0,1,0,0,0,0,0,0
34807,778,301800,0,0,0,0,1,0,0,0,0,0,0
34808,778,301801,0,0,0,0,1,0,0,0,0,0,0
34809,778,301802,0,0,0,0,1,0,0,0,0,0,0
34810,778,301803,0,0,0,0,1,0,0,0,0,0,0
34811,778,301804,0,0,0,0,1,0,0,0,0,0,0
34812,778,301805,0,0,0,0,1,0,0,0,0,0,0
34813,778,301806,0,0,0,0,1,0,0,0,0,0,0
34814,778,301807,0,0,0,0,1,0,0,0,0,0,0
34815,778,301808,0,0,0,0,1,0,0,0,0,0,0
34816,778,301809,0,0,0,0,1,0,0,0,0,0,0
34817,778,301810,0,0,0,0,1,0,0,0,0,0,0
34818,778,301811,0,0,0,0,1,0,0,0,0,0,0
34819,778,301812,0,0,0,0,1,0,0,0,0,0,0
34820,778,301813,0,0,0,0,1,0,0,0,0,0,0
34821,778,301814,0,0,0,0,1,0,0,0,0,0,0
34822,778,301815,0,0,0,0,1,0,0,0,0,0,0
34823,778,301816,0,0,0,0,1,0,0,0,0,0,0
34824,778,301817,0,0,0,0,1,0,0,0,0,0,0
34825,778,301818,0,0,0,0,1,0,0,0,0,0,0
34826,778,301819,0,0,0,0,1,0,0,0,0,0,0
34827,778,301820,0,0,0,0,1,0,0,0,0,0,0
34828,778,301821,0,0,0,0,1,0,0,0,0,0,0
34829,778,301822,0,0,0,0,1,0,0,0,0,0,0
34830,778,301823,0,0,0,0,1,0,0,0,0,0,0
34831,778,301824,0,0,0,0,1,0,0,0,0,0,0
34832,778,301825,0,0,0,0,1,0,0,0,0,0,0
34833,778,301826,0,0,0,0,1,0,0,0,0,0,0
34834,778,301827,0,0,0,0,1,0,0,0,0,0,0
34835,778,301828,0,0,0,0,1,0,0,0,0,0,0
34836,778,301829,0,0,0,0,1,0,0,0,0,0,0
34837,778,301830,0,0,0,0,1,0,0,0,0,0,0
34838,778,301831,0,0,0,0,1,0,0,0,0,0,0
34839,778,301832,0,0,0,0,1,0,0,0,0,0,0
34840,778,301833,0,0,0,0,1,0,0,0,0,0,0
34841,778,301834,0,0,0,0,1,0,0,0,0,0,0
34842,778,301835,0,0,0,0,1,0,0,0,0,0,0
34843,778,301836,0,0,0,0,1,0,0,0,0,0,0
34844,778,301837,0,0,0,0,1,0,0,0,0,0,0
34845,778,301838,0,0,0,0,1,0,0,0,0,0,0
34846,778,301839,0,0,0,0,1,0,0,0,0,0,0
34847,778,301840,0,0,0,0,1,0,0,0,0,0,0
34848,778,301841,0,0,0,0,1,0,0,0,0,0,0
34849,778,301842,0,0,0,0,1,0,0,0,0,0,0
34850,778,301843,0,0,0,0,1,0,0,0,0,0,0
34851,778,301844,0,0,0,0,1,0,0,0,0,0,0
34852,778,301845,0,0,0,0,1,0,0,0,0,0,0
34853,778,301846,0,0,0,0,1,0,0,0,0,0,0
34854,778,301847,0,0,0,0,1,0,0,0,0,0,0
34855,778,301848,0,0,0,0,1,0,0,0,0,0,0
34856,778,301849,0,0,0,0,1,0,0,0,0,0,0
34857,778,301850,0,0,0,0,1,0,0,0,0,0,0
34858,778,301851,0,0,0,0,1,0,0,0,0,0,0
34859,778,301852,0,0,0,0,1,0,0,0,0,0,0
34860,778,301853,0,0,0,0,1,0,0,0,0,0,0
34861,778,302108,0,0,0,0,1,0,0,0,0,0,0
34862,778,302109,0,0,0,0,1,0,0,0,0,0,0
34863,778,302110,0,0,0,0,1,0,0,0,0,0,0
34864,778,302111,0,0,0,0,1,0,0,0,0,0,0
34865,778,302112,0,0,0,0,1,0,0,0,0,0,0
34866,778,302113,0,0,0,0,1,0,0,0,0,0,0
34867,778,302114,0,0,0,0,1,0,0,0,0,0,0
34868,778,302115,0,0,0,0,1,0,0,0,0,0,0
34869,778,302116,0,0,0,0,1,0,0,0,0,0,0
34870,778,302117,0,0,0,0,1,0,0,0,0,0,0
34871,778,302118,0,0,0,0,1,0,0,0,0,0,0
34872,778,302119,0,0,0,0,1,0,0,0,0,0,0
34873,778,302120,0,0,0,0,1,0,0,0,0,0,0
34874,778,302121,0,0,0,0,1,0,0,0,0,0,0
34875,778,302122,0,0,0,0,1,0,0,0,0,0,0
34876,778,302123,0,0,0,0,1,0,0,0,0,0,0
34877,778,302124,0,0,0,0,1,0,0,0,0,0,0
34878,778,302125,0,0,0,0,1,0,0,0,0,0,0
34879,778,302126,0,0,0,0,1,0,0,0,0,0,0
34880,778,302127,0,0,0,0,1,0,0,0,0,0,0
34881,778,302128,0,0,0,0,1,0,0,0,0,0,0
34882,778,302129,0,0,0,0,1,0,0,0,0,0,0
34883,778,302130,0,0,0,0,1,0,0,0,0,0,0
34884,778,302131,0,0,0,0,1,0,0,0,0,0,0
34885,778,302132,0,0,0,0,1,0,0,0,0,0,0
34886,778,302133,0,0,0,0,1,0,0,0,0,0,0
34887,778,302134,0,0,0,0,1,0,0,0,0,0,0
34888,778,302135,0,0,0,0,1,0,0,0,0,0,0
34889,778,302136,0,0,0,0,1,0,0,0,0,0,0
34890,778,302137,0,0,0,0,1,0,0,0,0,0,0
34891,778,302138,0,0,0,0,1,0,0,0,0,0,0
34892,778,302139,0,0,0,0,1,0,0,0,0,0,0
34893,778,302140,0,0,0,0,1,0,0,0,0,0,0
34894,778,302141,0,0,0,0,1,0,0,0,0,0,0
34895,778,302142,0,0,0,0,1,0,0,0,0,0,0
34896,778,302143,0,0,0,0,1,0,0,0,0,0,0
34897,778,302144,0,0,0,0,1,0,0,0,0,0,0
34898,778,302145,0,0,0,0,1,0,0,0,0,0,0
34899,778,302146,0,0,0,0,1,0,0,0,0,0,0
34900,778,302147,0,0,0,0,1,0,0,0,0,0,0
34901,778,302148,0,0,0,0,1,0,0,0,0,0,0
34902,778,302149,0,0,0,0,1,0,0,0,0,0,0
34903,778,302150,0,0,0,0,1,0,0,0,0,0,0
34904,778,302151,0,0,0,0,1,0,0,0,0,0,0
34905,778,302152,0,0,0,0,1,0,0,0,0,0,0
34906,778,302153,0,0,0,0,1,0,0,0,0,0,0
34907,778,302154,0,0,0,0,1,0,0,0,0,0,0
34908,778,302155,0,0,0,0,1,0,0,0,0,0,0
34909,778,302156,0,0,0,0,1,0,0,0,0,0,0
34910,778,302157,0,0,0,0,1,0,0,0,0,0,0
34911,778,302158,0,0,0,0,1,0,0,0,0,0,0
34912,778,302159,0,0,0,0,1,0,0,0,0,0,0
34913,778,302160,0,0,0,0,1,0,0,0,0,0,0
34914,778,302161,0,0,0,0,1,0,0,0,0,0,0
34915,778,302162,0,0,0,0,1,0,0,0,0,0,0
34916,778,302163,0,0,0,0,1,0,0,0,0,0,0
34917,778,302164,0,0,0,0,1,0,0,0,0,0,0
34918,778,302165,0,0,0,0,1,0,0,0,0,0,0
34919,778,302166,0,0,0,0,1,0,0,0,0,0,0
34920,778,302167,0,0,0,0,1,0,0,0,0,0,0
34921,778,302168,0,0,0,0,1,0,0,0,0,0,0
34922,778,302169,0,0,0,0,1,0,0,0,0,0,0
34923,778,302170,0,0,0,0,1,0,0,0,0,0,0
34924,778,302171,0,0,0,0,1,0,0,0,0,0,0
34925,778,302172,0,0,0,0,1,0,0,0,0,0,0
34926,778,302173,0,0,0,0,1,0,0,0,0,0,0
34927,778,302174,0,0,0,0,1,0,0,0,0,0,0
34928,778,302175,0,0,0,0,1,0,0,0,0,0,0
34929,778,302176,0,0,0,0,1,0,0,0,0,0,0
34930,778,302177,0,0,0,0,1,0,0,0,0,0,0
34931,778,302178,0,0,0,0,1,0,0,0,0,0,0
34932,778,302179,0,0,0,0,1,0,0,0,0,0,0
34933,778,302180,0,0,0,0,1,0,0,0,0,0,0
34934,778,302181,0,0,0,0,1,0,0,0,0,0,0
34935,778,302182,0,0,0,0,1,0,0,0,0,0,0
34936,778,302183,0,0,0,0,1,0,0,0,0,0,0
34937,778,302184,0,0,0,0,1,0,0,0,0,0,0
34938,778,302185,0,0,0,0,1,0,0,0,0,0,0
34939,778,302186,0,0,0,0,1,0,0,0,0,0,0
34940,778,302187,0,0,0,0,1,0,0,0,0,0,0
34941,778,302188,0,0,0,0,1,0,0,0,0,0,0
34942,778,302189,0,0,0,0,1,0,0,0,0,0,0
34943,778,302190,0,0,0,0,1,0,0,0,0,0,0
34944,778,302191,0,0,0,0,1,0,0,0,0,0,0
34945,778,302192,0,0,0,0,1,0,0,0,0,0,0
34946,778,302193,0,0,0,0,1,0,0,0,0,0,0
34947,778,302194,0,0,0,0,1,0,0,0,0,0,0
34948,778,302195,0,0,0,0,1,0,0,0,0,0,0
34949,778,302196,0,0,0,0,1,0,0,0,0,0,0
34950,778,302197,0,0,0,0,1,0,0,0,0,0,0
34951,778,302198,0,0,0,0,1,0,0,0,0,0,0
34952,778,302199,0,0,0,0,1,0,0,0,0,0,0
34953,778,302200,0,0,0,0,1,0,0,0,0,0,0
34954,778,302201,0,0,0,0,1,0,0,0,0,0,0
34955,778,302202,0,0,0,0,1,0,0,0,0,0,0
34956,778,302203,0,0,0,0,1,0,0,0,0,0,0
34957,778,302204,0,0,0,0,1,0,0,0,0,0,0
34958,778,302205,0,0,0,0,1,0,0,0,0,0,0
34959,778,302206,0,0,0,0,1,0,0,0,0,0,0
34960,778,302207,0,0,0,0,1,0,0,0,0,0,0
34961,778,302208,0,0,0,0,1,0,0,0,0,0,0
34962,778,302209,0,0,0,0,1,0,0,0,0,0,0
34963,778,302210,0,0,0,0,1,0,0,0,0,0,0
34964,778,302213,0,0,0,0,1,0,0,0,0,0,0
34965,778,302215,0,0,0,0,1,0,0,0,0,0,0
34966,778,302216,0,0,0,0,1,0,0,0,0,0,0
34967,778,302217,0,0,0,0,1,0,0,0,0,0,0
34968,778,302218,0,0,0,0,1,0,0,0,0,0,0
34969,778,302219,0,0,0,0,1,0,0,0,0,0,0
34970,778,302220,0,0,0,0,1,0,0,0,0,0,0
34971,778,302221,0,0,0,0,1,0,0,0,0,0,0
34972,778,302222,0,0,0,0,1,0,0,0,0,0,0
34973,778,302223,0,0,0,0,1,0,0,0,0,0,0
34974,778,302224,0,0,0,0,1,0,0,0,0,0,0
34975,778,302225,0,0,0,0,1,0,0,0,0,0,0
34976,778,302226,0,0,0,0,1,0,0,0,0,0,0
34977,778,302227,0,0,0,0,1,0,0,0,0,0,0
34978,778,302228,0,0,0,0,1,0,0,0,0,0,0
34979,778,302229,0,0,0,0,1,0,0,0,0,0,0
34980,778,302230,0,0,0,0,1,0,0,0,0,0,0
34981,778,302231,0,0,0,0,1,0,0,0,0,0,0
34982,778,302232,0,0,0,0,1,0,0,0,0,0,0
34983,778,302233,0,0,0,0,1,0,0,0,0,0,0
34984,778,302234,0,0,0,0,1,0,0,0,0,0,0
34985,778,302235,0,0,0,0,1,0,0,0,0,0,0
34986,778,302236,0,0,0,0,1,0,0,0,0,0,0
34987,778,302237,0,0,0,0,1,0,0,0,0,0,0
34988,778,302238,0,0,0,0,1,0,0,0,0,0,0
34989,778,302239,0,0,0,0,1,0,0,0,0,0,0
34990,778,302240,0,0,0,0,1,0,0,0,0,0,0
34991,778,302241,0,0,0,0,1,0,0,0,0,0,0
34992,778,302242,0,0,0,0,1,0,0,0,0,0,0
34993,778,302243,0,0,0,0,1,0,0,0,0,0,0
34994,778,302244,0,0,0,0,1,0,0,0,0,0,0
34995,778,302245,0,0,0,0,1,0,0,0,0,0,0
34996,778,302246,0,0,0,0,1,0,0,0,0,0,0
34997,778,302247,0,0,0,0,1,0,0,0,0,0,0
34998,778,302248,0,0,0,0,1,0,0,0,0,0,0
34999,778,302249,0,0,0,0,1,0,0,0,0,0,0
35000,778,302250,0,0,0,0,1,0,0,0,0,0,0
35001,778,302251,0,0,0,0,1,0,0,0,0,0,0
35002,778,302252,0,0,0,0,1,0,0,0,0,0,0
35003,778,302253,0,0,0,0,1,0,0,0,0,0,0
35004,778,302254,0,0,0,0,1,0,0,0,0,0,0
35005,778,302255,0,0,0,0,1,0,0,0,0,0,0
35006,778,302256,0,0,0,0,1,0,0,0,0,0,0
35007,778,302257,0,0,0,0,1,0,0,0,0,0,0
35008,778,302258,0,0,0,0,1,0,0,0,0,0,0
35009,778,302259,0,0,0,0,1,0,0,0,0,0,0
35010,778,302260,0,0,0,0,1,0,0,0,0,0,0
35011,778,302261,0,0,0,0,1,0,0,0,0,0,0
35012,778,302262,0,0,0,0,1,0,0,0,0,0,0
35013,778,302263,0,0,0,0,1,0,0,0,0,0,0
35014,778,302264,0,0,0,0,1,0,0,0,0,0,0
35015,778,302265,0,0,0,0,1,0,0,0,0,0,0
35016,778,302266,0,0,0,0,1,0,0,0,0,0,0
35017,778,302267,0,0,0,0,1,0,0,0,0,0,0
35018,778,302268,0,0,0,0,1,0,0,0,0,0,0
35019,778,302269,0,0,0,0,1,0,0,0,0,0,0
35020,778,302270,0,0,0,0,1,0,0,0,0,0,0
35021,778,302271,0,0,0,0,1,0,0,0,0,0,0
35022,778,302272,0,0,0,0,1,0,0,0,0,0,0
35023,778,302273,0,0,0,0,1,0,0,0,0,0,0
35024,778,302274,0,0,0,0,1,0,0,0,0,0,0
35025,778,302275,0,0,0,0,1,0,0,0,0,0,0
35026,778,302276,0,0,0,0,1,0,0,0,0,0,0
35027,778,302277,0,0,0,0,1,0,0,0,0,0,0
35028,778,302278,0,0,0,0,1,0,0,0,0,0,0
35029,778,302279,0,0,0,0,1,0,0,0,0,0,0
35030,778,302280,0,0,0,0,1,0,0,0,0,0,0
35031,778,302281,0,0,0,0,1,0,0,0,0,0,0
35032,778,302282,0,0,0,0,1,0,0,0,0,0,0
35033,778,302283,0,0,0,0,1,0,0,0,0,0,0
35034,778,302284,0,0,0,0,1,0,0,0,0,0,0
35035,778,302285,0,0,0,0,1,0,0,0,0,0,0
35036,778,302286,0,0,0,0,1,0,0,0,0,0,0
35037,778,302287,0,0,0,0,1,0,0,0,0,0,0
35038,778,302288,0,0,0,0,1,0,0,0,0,0,0
35039,778,302289,0,0,0,0,1,0,0,0,0,0,0
35040,778,302290,0,0,0,0,1,0,0,0,0,0,0
35041,778,302291,0,0,0,0,1,0,0,0,0,0,0
35042,778,302292,0,0,0,0,1,0,0,0,0,0,0
35043,778,302293,0,0,0,0,1,0,0,0,0,0,0
35044,778,302294,0,0,0,0,1,0,0,0,0,0,0
35045,778,302295,0,0,0,0,1,0,0,0,0,0,0
35046,778,302296,0,0,0,0,1,0,0,0,0,0,0
35047,778,302297,0,0,0,0,1,0,0,0,0,0,0
35048,778,302298,0,0,0,0,1,0,0,0,0,0,0
35049,778,302299,0,0,0,0,1,0,0,0,0,0,0
35050,778,302300,0,0,0,0,1,0,0,0,0,0,0
35051,778,302301,0,0,0,0,1,0,0,0,0,0,0
35052,778,302302,0,0,0,0,1,0,0,0,0,0,0
35053,778,302303,0,0,0,0,1,0,0,0,0,0,0
35054,778,302304,0,0,0,0,1,0,0,0,0,0,0
35055,778,302305,0,0,0,0,1,0,0,0,0,0,0
35056,778,302306,0,0,0,0,1,0,0,0,0,0,0
35057,778,302307,0,0,0,0,1,0,0,0,0,0,0
35058,778,302308,0,0,0,0,1,0,0,0,0,0,0
35059,778,302309,0,0,0,0,1,0,0,0,0,0,0
35060,778,302310,0,0,0,0,1,0,0,0,0,0,0
35061,778,302311,0,0,0,0,1,0,0,0,0,0,0
35062,778,302312,0,0,0,0,1,0,0,0,0,0,0
35063,778,302313,0,0,0,0,1,0,0,0,0,0,0
35064,778,302314,0,0,0,0,1,0,0,0,0,0,0
35065,778,302315,0,0,0,0,1,0,0,0,0,0,0
35066,778,302316,0,0,0,0,1,0,0,0,0,0,0
35067,778,302317,0,0,0,0,1,0,0,0,0,0,0
35068,778,302318,0,0,0,0,1,0,0,0,0,0,0
35069,778,302319,0,0,0,0,1,0,0,0,0,0,0
35070,778,302320,0,0,0,0,1,0,0,0,0,0,0
35071,778,302321,0,0,0,0,1,0,0,0,0,0,0
35072,778,302322,0,0,0,0,1,0,0,0,0,0,0
35073,778,302323,0,0,0,0,1,0,0,0,0,0,0
35074,778,302324,0,0,0,0,1,0,0,0,0,0,0
35075,778,302325,0,0,0,0,1,0,0,0,0,0,0
35076,778,302326,0,0,0,0,1,0,0,0,0,0,0
35077,778,302327,0,0,0,0,1,0,0,0,0,0,0
35078,778,302328,0,0,0,0,1,0,0,0,0,0,0
35079,778,302329,0,0,0,0,1,0,0,0,0,0,0
35080,778,302330,0,0,0,0,1,0,0,0,0,0,0
35081,778,302331,0,0,0,0,1,0,0,0,0,0,0
35082,778,302332,0,0,0,0,1,0,0,0,0,0,0
35083,778,302333,0,0,0,0,1,0,0,0,0,0,0
35084,778,302334,0,0,0,0,1,0,0,0,0,0,0
35085,778,302335,0,0,0,0,1,0,0,0,0,0,0
35086,778,302336,0,0,0,0,1,0,0,0,0,0,0
35087,778,302337,0,0,0,0,1,0,0,0,0,0,0
35088,778,302338,0,0,0,0,1,0,0,0,0,0,0
35089,778,302339,0,0,0,0,1,0,0,0,0,0,0
35090,778,302340,0,0,0,0,1,0,0,0,0,0,0
35091,778,302341,0,0,0,0,1,0,0,0,0,0,0
35092,778,302342,0,0,0,0,1,0,0,0,0,0,0
35093,778,302343,0,0,0,0,1,0,0,0,0,0,0
35094,778,302344,0,0,0,0,1,0,0,0,0,0,0
35095,778,302345,0,0,0,0,1,0,0,0,0,0,0
35096,778,302346,0,0,0,0,1,0,0,0,0,0,0
35097,778,302347,0,0,0,0,1,0,0,0,0,0,0
35098,778,302348,0,0,0,0,1,0,0,0,0,0,0
35099,778,302349,0,0,0,0,1,0,0,0,0,0,0
35100,778,302350,0,0,0,0,1,0,0,0,0,0,0
35101,778,302354,0,0,0,0,1,0,0,0,0,0,0
35102,778,302355,0,0,0,0,1,0,0,0,0,0,0
35103,778,302356,0,0,0,0,1,0,0,0,0,0,0
35104,778,302357,0,0,0,0,1,0,0,0,0,0,0
35105,778,302358,0,0,0,0,1,0,0,0,0,0,0
35106,778,302359,0,0,0,0,1,0,0,0,0,0,0
35107,778,302360,0,0,0,0,1,0,0,0,0,0,0
35108,778,302361,0,0,0,0,1,0,0,0,0,0,0
35109,778,302362,0,0,0,0,1,0,0,0,0,0,0
35110,778,302363,0,0,0,0,1,0,0,0,0,0,0
35111,778,302364,0,0,0,0,1,0,0,0,0,0,0
35112,778,302365,0,0,0,0,1,0,0,0,0,0,0
35113,778,302366,0,0,0,0,1,0,0,0,0,0,0
35114,778,302367,0,0,0,0,1,0,0,0,0,0,0
35115,778,302368,0,0,0,0,1,0,0,0,0,0,0
35116,778,302369,0,0,0,0,1,0,0,0,0,0,0
35117,778,302370,0,0,0,0,1,0,0,0,0,0,0
35118,778,302371,0,0,0,0,1,0,0,0,0,0,0
35119,778,302372,0,0,0,0,1,0,0,0,0,0,0
35120,778,302373,0,0,0,0,1,0,0,0,0,0,0
35121,778,302374,0,0,0,0,1,0,0,0,0,0,0
35122,778,302375,0,0,0,0,1,0,0,0,0,0,0
35123,778,302376,0,0,0,0,1,0,0,0,0,0,0
35124,778,302377,0,0,0,0,1,0,0,0,0,0,0
35125,778,302378,0,0,0,0,1,0,0,0,0,0,0
35126,778,302379,0,0,0,0,1,0,0,0,0,0,0
35127,778,302380,0,0,0,0,1,0,0,0,0,0,0
35128,778,302381,0,0,0,0,1,0,0,0,0,0,0
35129,778,302382,0,0,0,0,1,0,0,0,0,0,0
35130,778,302383,0,0,0,0,1,0,0,0,0,0,0
35131,778,302384,0,0,0,0,1,0,0,0,0,0,0
35132,778,302385,0,0,0,0,1,0,0,0,0,0,0
35133,778,302386,0,0,0,0,1,0,0,0,0,0,0
35134,778,302387,0,0,0,0,1,0,0,0,0,0,0
35135,778,302388,0,0,0,0,1,0,0,0,0,0,0
35136,778,302389,0,0,0,0,1,0,0,0,0,0,0
35137,778,302390,0,0,0,0,1,0,0,0,0,0,0
35138,778,302391,0,0,0,0,1,0,0,0,0,0,0
35139,778,302392,0,0,0,0,1,0,0,0,0,0,0
35140,778,302393,0,0,0,0,1,0,0,0,0,0,0
35141,778,302394,0,0,0,0,1,0,0,0,0,0,0
35142,778,302395,0,0,0,0,1,0,0,0,0,0,0
35143,778,302396,0,0,0,0,1,0,0,0,0,0,0
35144,778,302397,0,0,0,0,1,0,0,0,0,0,0
35145,778,302398,0,0,0,0,1,0,0,0,0,0,0
35146,778,302399,0,0,0,0,1,0,0,0,0,0,0
35147,778,302400,0,0,0,0,1,0,0,0,0,0,0
35148,778,302401,0,0,0,0,1,0,0,0,0,0,0
35149,778,302402,0,0,0,0,1,0,0,0,0,0,0
35150,778,302403,0,0,0,0,1,0,0,0,0,0,0
35151,778,302404,0,0,0,0,1,0,0,0,0,0,0
35152,778,302405,0,0,0,0,1,0,0,0,0,0,0
35153,778,302406,0,0,0,0,1,0,0,0,0,0,0
35154,778,302407,0,0,0,0,1,0,0,0,0,0,0
35155,778,302408,0,0,0,0,1,0,0,0,0,0,0
35156,778,302409,0,0,0,0,1,0,0,0,0,0,0
35157,778,302410,0,0,0,0,1,0,0,0,0,0,0
35158,778,302411,0,0,0,0,1,0,0,0,0,0,0
35159,778,302412,0,0,0,0,1,0,0,0,0,0,0
35160,778,302413,0,0,0,0,1,0,0,0,0,0,0
35161,778,302414,0,0,0,0,1,0,0,0,0,0,0
35162,778,302415,0,0,0,0,1,0,0,0,0,0,0
35163,778,302416,0,0,0,0,1,0,0,0,0,0,0
35164,778,302417,0,0,0,0,1,0,0,0,0,0,0
35165,778,302418,0,0,0,0,1,0,0,0,0,0,0
35166,778,302419,0,0,0,0,1,0,0,0,0,0,0
35167,778,302420,0,0,0,0,1,0,0,0,0,0,0
35168,778,302421,0,0,0,0,1,0,0,0,0,0,0
35169,778,302422,0,0,0,0,1,0,0,0,0,0,0
35170,778,302423,0,0,0,0,1,0,0,0,0,0,0
35171,778,302424,0,0,0,0,1,0,0,0,0,0,0
35172,778,302425,0,0,0,0,1,0,0,0,0,0,0
35173,778,302426,0,0,0,0,1,0,0,0,0,0,0
35174,778,302427,0,0,0,0,1,0,0,0,0,0,0
35175,778,302428,0,0,0,0,1,0,0,0,0,0,0
35176,778,302429,0,0,0,0,1,0,0,0,0,0,0
35177,778,302430,0,0,0,0,1,0,0,0,0,0,0
35178,778,302431,0,0,0,0,1,0,0,0,0,0,0
35179,778,302432,0,0,0,0,1,0,0,0,0,0,0
35180,778,302433,0,0,0,0,1,0,0,0,0,0,0
35181,778,302434,0,0,0,0,1,0,0,0,0,0,0
35182,778,302435,0,0,0,0,1,0,0,0,0,0,0
35183,778,302436,0,0,0,0,1,0,0,0,0,0,0
35184,778,302437,0,0,0,0,1,0,0,0,0,0,0
35185,778,302438,0,0,0,0,1,0,0,0,0,0,0
35186,778,302439,0,0,0,0,1,0,0,0,0,0,0
35187,778,302440,0,0,0,0,1,0,0,0,0,0,0
35188,778,302441,0,0,0,0,1,0,0,0,0,0,0
35189,778,302442,0,0,0,0,1,0,0,0,0,0,0
35190,778,302443,0,0,0,0,1,0,0,0,0,0,0
35191,778,302444,0,0,0,0,1,0,0,0,0,0,0
35192,778,302445,0,0,0,0,1,0,0,0,0,0,0
35193,778,302446,0,0,0,0,1,0,0,0,0,0,0
35194,778,302447,0,0,0,0,1,0,0,0,0,0,0
35195,778,302448,0,0,0,0,1,0,0,0,0,0,0
35196,778,302449,0,0,0,0,1,0,0,0,0,0,0
35197,778,302450,0,0,0,0,1,0,0,0,0,0,0
35198,778,302451,0,0,0,0,1,0,0,0,0,0,0
35199,778,302452,0,0,0,0,1,0,0,0,0,0,0
35200,778,302453,0,0,0,0,1,0,0,0,0,0,0
35201,778,302454,0,0,0,0,1,0,0,0,0,0,0
35202,778,302455,0,0,0,0,1,0,0,0,0,0,0
35203,778,302456,0,0,0,0,1,0,0,0,0,0,0
35204,778,302457,0,0,0,0,1,0,0,0,0,0,0
35205,778,302458,0,0,0,0,1,0,0,0,0,0,0
35206,778,302459,0,0,0,0,1,0,0,0,0,0,0
35207,778,302460,0,0,0,0,1,0,0,0,0,0,0
35208,778,302461,0,0,0,0,1,0,0,0,0,0,0
35209,778,302462,0,0,0,0,1,0,0,0,0,0,0
35210,778,302463,0,0,0,0,1,0,0,0,0,0,0
35211,778,302464,0,0,0,0,1,0,0,0,0,0,0
35212,778,302465,0,0,0,0,1,0,0,0,0,0,0
35213,778,302466,0,0,0,0,1,0,0,0,0,0,0
35214,778,302467,0,0,0,0,1,0,0,0,0,0,0
35215,778,302468,0,0,0,0,1,0,0,0,0,0,0
35216,778,302469,0,0,0,0,1,0,0,0,0,0,0
35217,778,302470,0,0,0,0,1,0,0,0,0,0,0
35218,778,302471,0,0,0,0,1,0,0,0,0,0,0
35219,778,302472,0,0,0,0,1,0,0,0,0,0,0
35220,778,302473,0,0,0,0,1,0,0,0,0,0,0
35221,778,302474,0,0,0,0,1,0,0,0,0,0,0
35222,778,302475,0,0,0,0,1,0,0,0,0,0,0
35223,778,302476,0,0,0,0,1,0,0,0,0,0,0
35224,778,302477,0,0,0,0,1,0,0,0,0,0,0
35225,778,302478,0,0,0,0,1,0,0,0,0,0,0
35226,778,302479,0,0,0,0,1,0,0,0,0,0,0
35227,778,302480,0,0,0,0,1,0,0,0,0,0,0
35228,778,302481,0,0,0,0,1,0,0,0,0,0,0
35229,778,302482,0,0,0,0,1,0,0,0,0,0,0
35230,778,302483,0,0,0,0,1,0,0,0,0,0,0
35231,778,302484,0,0,0,0,1,0,0,0,0,0,0
35232,778,302485,0,0,0,0,1,0,0,0,0,0,0
35233,778,302486,0,0,0,0,1,0,0,0,0,0,0
35234,778,302487,0,0,0,0,1,0,0,0,0,0,0
35235,778,302488,0,0,0,0,1,0,0,0,0,0,0
35236,778,302489,0,0,0,0,1,0,0,0,0,0,0
35237,778,302491,0,0,0,0,1,0,0,0,0,0,0
35238,778,302492,0,0,0,0,1,0,0,0,0,0,0
35239,778,302493,0,0,0,0,1,0,0,0,0,0,0
35240,778,302494,0,0,0,0,1,0,0,0,0,0,0
35241,778,302495,0,0,0,0,1,0,0,0,0,0,0
35242,778,302496,0,0,0,0,1,0,0,0,0,0,0
35243,778,302497,0,0,0,0,1,0,0,0,0,0,0
35244,778,302498,0,0,0,0,1,0,0,0,0,0,0
35245,778,302499,0,0,0,0,1,0,0,0,0,0,0
35246,778,302500,0,0,0,0,1,0,0,0,0,0,0
35247,778,302501,0,0,0,0,1,0,0,0,0,0,0
35248,778,302502,0,0,0,0,1,0,0,0,0,0,0
35249,778,302503,0,0,0,0,1,0,0,0,0,0,0
35250,778,302504,0,0,0,0,1,0,0,0,0,0,0
35251,778,302505,0,0,0,0,1,0,0,0,0,0,0
35252,778,302506,0,0,0,0,1,0,0,0,0,0,0
35253,778,302508,0,0,0,0,1,0,0,0,0,0,0
35254,778,302509,0,0,0,0,1,0,0,0,0,0,0
35255,778,302510,0,0,0,0,1,0,0,0,0,0,0
35256,778,302511,0,0,0,0,1,0,0,0,0,0,0
35257,778,302512,0,0,0,0,1,0,0,0,0,0,0
35258,778,302513,0,0,0,0,1,0,0,0,0,0,0
35259,778,302514,0,0,0,0,1,0,0,0,0,0,0
35260,778,302515,0,0,0,0,1,0,0,0,0,0,0
35261,778,302516,0,0,0,0,1,0,0,0,0,0,0
35262,778,302517,0,0,0,0,1,0,0,0,0,0,0
35263,778,302518,0,0,0,0,1,0,0,0,0,0,0
35264,778,302519,0,0,0,0,1,0,0,0,0,0,0
35265,778,302520,0,0,0,0,1,0,0,0,0,0,0
35266,778,302521,0,0,0,0,1,0,0,0,0,0,0
35267,778,302522,0,0,0,0,1,0,0,0,0,0,0
35268,778,302523,0,0,0,0,1,0,0,0,0,0,0
35269,778,302524,0,0,0,0,1,0,0,0,0,0,0
35270,778,302525,0,0,0,0,1,0,0,0,0,0,0
35271,778,302526,0,0,0,0,1,0,0,0,0,0,0
35272,778,302527,0,0,0,0,1,0,0,0,0,0,0
35273,778,302528,0,0,0,0,1,0,0,0,0,0,0
35274,778,302529,0,0,0,0,1,0,0,0,0,0,0
35275,778,302530,0,0,0,0,1,0,0,0,0,0,0
35276,778,302531,0,0,0,0,1,0,0,0,0,0,0
35277,778,302532,0,0,0,0,1,0,0,0,0,0,0
35278,778,302533,0,0,0,0,1,0,0,0,0,0,0
35279,778,302534,0,0,0,0,1,0,0,0,0,0,0
35280,778,302535,0,0,0,0,1,0,0,0,0,0,0
35281,778,302536,0,0,0,0,1,0,0,0,0,0,0
35282,778,302537,0,0,0,0,1,0,0,0,0,0,0
35283,778,302538,0,0,0,0,1,0,0,0,0,0,0
35284,778,302539,0,0,0,0,1,0,0,0,0,0,0
35285,778,302540,0,0,0,0,1,0,0,0,0,0,0
35286,778,302541,0,0,0,0,1,0,0,0,0,0,0
35287,778,302542,0,0,0,0,1,0,0,0,0,0,0
35288,778,302543,0,0,0,0,1,0,0,0,0,0,0
35289,778,302544,0,0,0,0,1,0,0,0,0,0,0
35290,778,302545,0,0,0,0,1,0,0,0,0,0,0
35291,778,302546,0,0,0,0,1,0,0,0,0,0,0
35292,778,302547,0,0,0,0,1,0,0,0,0,0,0
35293,778,302548,0,0,0,0,1,0,0,0,0,0,0
35294,778,302549,0,0,0,0,1,0,0,0,0,0,0
35295,778,302550,0,0,0,0,1,0,0,0,0,0,0
35296,778,302551,0,0,0,0,1,0,0,0,0,0,0
35297,778,302552,0,0,0,0,1,0,0,0,0,0,0
35298,778,302553,0,0,0,0,1,0,0,0,0,0,0
35299,778,302554,0,0,0,0,1,0,0,0,0,0,0
35300,778,302555,0,0,0,0,1,0,0,0,0,0,0
35301,778,302556,0,0,0,0,1,0,0,0,0,0,0
35302,778,302557,0,0,0,0,1,0,0,0,0,0,0
35303,778,302558,0,0,0,0,1,0,0,0,0,0,0
35304,778,302559,0,0,0,0,1,0,0,0,0,0,0
35305,778,302560,0,0,0,0,1,0,0,0,0,0,0
35306,778,302561,0,0,0,0,1,0,0,0,0,0,0
35307,778,302562,0,0,0,0,1,0,0,0,0,0,0
35308,778,302563,0,0,0,0,1,0,0,0,0,0,0
35309,778,302564,0,0,0,0,1,0,0,0,0,0,0
35310,778,302565,0,0,0,0,1,0,0,0,0,0,0
35311,778,302566,0,0,0,0,1,0,0,0,0,0,0
35312,778,302567,0,0,0,0,1,0,0,0,0,0,0
35313,778,302568,0,0,0,0,1,0,0,0,0,0,0
35314,778,302569,0,0,0,0,1,0,0,0,0,0,0
35315,778,302570,0,0,0,0,1,0,0,0,0,0,0
35316,778,302571,0,0,0,0,1,0,0,0,0,0,0
35317,778,302572,0,0,0,0,1,0,0,0,0,0,0
35318,778,302573,0,0,0,0,1,0,0,0,0,0,0
35319,778,302574,0,0,0,0,1,0,0,0,0,0,0
35320,778,302575,0,0,0,0,1,0,0,0,0,0,0
35321,778,302576,0,0,0,0,1,0,0,0,0,0,0
35322,778,302577,0,0,0,0,1,0,0,0,0,0,0
35323,778,302578,0,0,0,0,1,0,0,0,0,0,0
35324,778,302579,0,0,0,0,1,0,0,0,0,0,0
35325,778,302580,0,0,0,0,1,0,0,0,0,0,0
35326,778,302581,0,0,0,0,1,0,0,0,0,0,0
35327,778,302582,0,0,0,0,1,0,0,0,0,0,0
35328,778,302583,0,0,0,0,1,0,0,0,0,0,0
35329,778,302584,0,0,0,0,1,0,0,0,0,0,0
35330,778,302585,0,0,0,0,1,0,0,0,0,0,0
35331,778,302586,0,0,0,0,1,0,0,0,0,0,0
35332,778,302587,0,0,0,0,1,0,0,0,0,0,0
35333,778,302588,0,0,0,0,1,0,0,0,0,0,0
35334,778,302589,0,0,0,0,1,0,0,0,0,0,0
35335,778,302590,0,0,0,0,1,0,0,0,0,0,0
35336,778,302591,0,0,0,0,1,0,0,0,0,0,0
35337,778,302592,0,0,0,0,1,0,0,0,0,0,0
35338,778,302593,0,0,0,0,1,0,0,0,0,0,0
35339,778,302594,0,0,0,0,1,0,0,0,0,0,0
35340,778,302595,0,0,0,0,1,0,0,0,0,0,0
35341,778,302596,0,0,0,0,1,0,0,0,0,0,0
35342,778,302597,0,0,0,0,1,0,0,0,0,0,0
35343,778,302598,0,0,0,0,1,0,0,0,0,0,0
35344,778,302599,0,0,0,0,1,0,0,0,0,0,0
35345,778,302600,0,0,0,0,1,0,0,0,0,0,0
35346,778,302601,0,0,0,0,1,0,0,0,0,0,0
35347,778,302602,0,0,0,0,1,0,0,0,0,0,0
35348,778,302603,0,0,0,0,1,0,0,0,0,0,0
35349,778,302604,0,0,0,0,1,0,0,0,0,0,0
35350,778,302605,0,0,0,0,1,0,0,0,0,0,0
35351,778,302606,0,0,0,0,1,0,0,0,0,0,0
35352,778,302607,0,0,0,0,1,0,0,0,0,0,0
35353,778,302608,0,0,0,0,1,0,0,0,0,0,0
35354,778,302609,0,0,0,0,1,0,0,0,0,0,0
35355,778,302610,0,0,0,0,1,0,0,0,0,0,0
35356,778,302611,0,0,0,0,1,0,0,0,0,0,0
35357,778,302612,0,0,0,0,1,0,0,0,0,0,0
35358,778,302613,0,0,0,0,1,0,0,0,0,0,0
35359,778,302614,0,0,0,0,1,0,0,0,0,0,0
35360,778,302615,0,0,0,0,1,0,0,0,0,0,0
35361,778,302616,0,0,0,0,1,0,0,0,0,0,0
35362,778,302617,0,0,0,0,1,0,0,0,0,0,0
35363,778,302618,0,0,0,0,1,0,0,0,0,0,0
35364,778,302619,0,0,0,0,1,0,0,0,0,0,0
35365,778,302620,0,0,0,0,1,0,0,0,0,0,0
35366,778,302621,0,0,0,0,1,0,0,0,0,0,0
35367,778,302622,0,0,0,0,1,0,0,0,0,0,0
35368,778,302623,0,0,0,0,1,0,0,0,0,0,0
35369,778,302624,0,0,0,0,1,0,0,0,0,0,0
35370,778,302625,0,0,0,0,1,0,0,0,0,0,0
35371,778,302626,0,0,0,0,1,0,0,0,0,0,0
35372,778,302627,0,0,0,0,1,0,0,0,0,0,0
35373,778,302628,0,0,0,0,1,0,0,0,0,0,0
35374,778,302629,0,0,0,0,1,0,0,0,0,0,0
35375,778,302630,0,0,0,0,1,0,0,0,0,0,0
35376,778,302631,0,0,0,0,1,0,0,0,0,0,0
35377,778,302632,0,0,0,0,1,0,0,0,0,0,0
35378,778,302633,0,0,0,0,1,0,0,0,0,0,0
35379,778,302634,0,0,0,0,1,0,0,0,0,0,0
35380,778,302635,0,0,0,0,1,0,0,0,0,0,0
35381,778,302636,0,0,0,0,1,0,0,0,0,0,0
35382,778,302637,0,0,0,0,1,0,0,0,0,0,0
35383,778,302638,0,0,0,0,1,0,0,0,0,0,0
35384,778,302639,0,0,0,0,1,0,0,0,0,0,0
35385,778,302640,0,0,0,0,1,0,0,0,0,0,0
35386,778,302641,0,0,0,0,1,0,0,0,0,0,0
35387,778,302642,0,0,0,0,1,0,0,0,0,0,0
35388,778,302643,0,0,0,0,1,0,0,0,0,0,0
35389,778,302644,0,0,0,0,1,0,0,0,0,0,0
35390,778,302645,0,0,0,0,1,0,0,0,0,0,0
35391,778,302646,0,0,0,0,1,0,0,0,0,0,0
35392,778,302647,0,0,0,0,1,0,0,0,0,0,0
35393,778,302648,0,0,0,0,1,0,0,0,0,0,0
35394,778,302649,0,0,0,0,1,0,0,0,0,0,0
35395,778,302650,0,0,0,0,1,0,0,0,0,0,0
35396,778,302651,0,0,0,0,1,0,0,0,0,0,0
35397,778,302652,0,0,0,0,1,0,0,0,0,0,0
35398,778,302653,0,0,0,0,1,0,0,0,0,0,0
35399,778,302654,0,0,0,0,1,0,0,0,0,0,0
35400,778,302655,0,0,0,0,1,0,0,0,0,0,0
35401,778,302656,0,0,0,0,1,0,0,0,0,0,0
35402,778,302657,0,0,0,0,1,0,0,0,0,0,0
35403,778,302658,0,0,0,0,1,0,0,0,0,0,0
35404,778,302659,0,0,0,0,1,0,0,0,0,0,0
35405,778,302660,0,0,0,0,1,0,0,0,0,0,0
35406,778,302661,0,0,0,0,1,0,0,0,0,0,0
35407,778,302663,0,0,0,0,1,0,0,0,0,0,0
35408,778,302664,0,0,0,0,1,0,0,0,0,0,0
35409,778,302665,0,0,0,0,1,0,0,0,0,0,0
35410,778,302666,0,0,0,0,1,0,0,0,0,0,0
35411,778,302667,0,0,0,0,1,0,0,0,0,0,0
35412,778,302668,0,0,0,0,1,0,0,0,0,0,0
35413,778,302669,0,0,0,0,1,0,0,0,0,0,0
35414,778,302670,0,0,0,0,1,0,0,0,0,0,0
35415,778,302671,0,0,0,0,1,0,0,0,0,0,0
35416,778,302672,0,0,0,0,1,0,0,0,0,0,0
35417,778,302673,0,0,0,0,1,0,0,0,0,0,0
35418,778,302674,0,0,0,0,1,0,0,0,0,0,0
35419,778,302675,0,0,0,0,1,0,0,0,0,0,0
35420,778,302676,0,0,0,0,1,0,0,0,0,0,0
35421,778,302677,0,0,0,0,1,0,0,0,0,0,0
35422,778,302678,0,0,0,0,1,0,0,0,0,0,0
35423,778,302679,0,0,0,0,1,0,0,0,0,0,0
35424,778,302680,0,0,0,0,1,0,0,0,0,0,0
35425,778,302681,0,0,0,0,1,0,0,0,0,0,0
35426,778,302682,0,0,0,0,1,0,0,0,0,0,0
35427,778,302683,0,0,0,0,1,0,0,0,0,0,0
35428,778,302684,0,0,0,0,1,0,0,0,0,0,0
35429,778,302685,0,0,0,0,1,0,0,0,0,0,0
35430,778,302686,0,0,0,0,1,0,0,0,0,0,0
35431,778,302687,0,0,0,0,1,0,0,0,0,0,0
35432,778,302688,0,0,0,0,1,0,0,0,0,0,0
35433,778,302689,0,0,0,0,1,0,0,0,0,0,0
35434,778,302690,0,0,0,0,1,0,0,0,0,0,0
35435,778,302691,0,0,0,0,1,0,0,0,0,0,0
35436,778,302692,0,0,0,0,1,0,0,0,0,0,0
35437,778,302693,0,0,0,0,1,0,0,0,0,0,0
35438,778,302694,0,0,0,0,1,0,0,0,0,0,0
35439,778,302695,0,0,0,0,1,0,0,0,0,0,0
35440,778,302696,0,0,0,0,1,0,0,0,0,0,0
35441,778,302697,0,0,0,0,1,0,0,0,0,0,0
35442,778,302698,0,0,0,0,1,0,0,0,0,0,0
35443,778,302699,0,0,0,0,1,0,0,0,0,0,0
35444,778,302700,0,0,0,0,1,0,0,0,0,0,0
35445,778,302701,0,0,0,0,1,0,0,0,0,0,0
35446,778,302702,0,0,0,0,1,0,0,0,0,0,0
35447,778,302703,0,0,0,0,1,0,0,0,0,0,0
35448,778,302704,0,0,0,0,1,0,0,0,0,0,0
35449,778,302705,0,0,0,0,1,0,0,0,0,0,0
35450,778,302706,0,0,0,0,1,0,0,0,0,0,0
35451,778,302707,0,0,0,0,1,0,0,0,0,0,0
35452,778,302708,0,0,0,0,1,0,0,0,0,0,0
35453,778,302709,0,0,0,0,1,0,0,0,0,0,0
35454,778,302710,0,0,0,0,1,0,0,0,0,0,0
35455,778,302711,0,0,0,0,1,0,0,0,0,0,0
35456,778,302712,0,0,0,0,1,0,0,0,0,0,0
35457,778,302713,0,0,0,0,1,0,0,0,0,0,0
35458,778,302714,0,0,0,0,1,0,0,0,0,0,0
35459,778,302715,0,0,0,0,1,0,0,0,0,0,0
35460,778,302716,0,0,0,0,1,0,0,0,0,0,0
35461,778,302717,0,0,0,0,1,0,0,0,0,0,0
35462,778,302718,0,0,0,0,1,0,0,0,0,0,0
35463,778,302719,0,0,0,0,1,0,0,0,0,0,0
35464,778,302720,0,0,0,0,1,0,0,0,0,0,0
35465,778,302721,0,0,0,0,1,0,0,0,0,0,0
35466,778,302722,0,0,0,0,1,0,0,0,0,0,0
35467,778,302723,0,0,0,0,1,0,0,0,0,0,0
35468,778,302724,0,0,0,0,1,0,0,0,0,0,0
35469,778,302725,0,0,0,0,1,0,0,0,0,0,0
35470,778,302726,0,0,0,0,1,0,0,0,0,0,0
35471,778,302727,0,0,0,0,1,0,0,0,0,0,0
35472,778,302728,0,0,0,0,1,0,0,0,0,0,0
35473,778,302729,0,0,0,0,1,0,0,0,0,0,0
35474,778,302730,0,0,0,0,1,0,0,0,0,0,0
35475,778,302731,0,0,0,0,1,0,0,0,0,0,0
35476,778,302732,0,0,0,0,1,0,0,0,0,0,0
35477,778,302733,0,0,0,0,1,0,0,0,0,0,0
35478,778,302734,0,0,0,0,1,0,0,0,0,0,0
35479,778,302735,0,0,0,0,1,0,0,0,0,0,0
35480,778,302736,0,0,0,0,1,0,0,0,0,0,0
35481,778,302737,0,0,0,0,1,0,0,0,0,0,0
35482,778,302738,0,0,0,0,1,0,0,0,0,0,0
35483,778,302739,0,0,0,0,1,0,0,0,0,0,0
35484,778,302740,0,0,0,0,1,0,0,0,0,0,0
35485,778,302741,0,0,0,0,1,0,0,0,0,0,0
35486,778,302742,0,0,0,0,1,0,0,0,0,0,0
35487,778,302743,0,0,0,0,1,0,0,0,0,0,0
35488,778,302744,0,0,0,0,1,0,0,0,0,0,0
35489,778,302745,0,0,0,0,1,0,0,0,0,0,0
35490,778,302746,0,0,0,0,1,0,0,0,0,0,0
35491,778,302747,0,0,0,0,1,0,0,0,0,0,0
35492,778,302748,0,0,0,0,1,0,0,0,0,0,0
35493,778,302749,0,0,0,0,1,0,0,0,0,0,0
35494,778,302750,0,0,0,0,1,0,0,0,0,0,0
35495,778,302751,0,0,0,0,1,0,0,0,0,0,0
35496,778,302752,0,0,0,0,1,0,0,0,0,0,0
35497,778,302753,0,0,0,0,1,0,0,0,0,0,0
35498,778,302754,0,0,0,0,1,0,0,0,0,0,0
35499,778,302755,0,0,0,0,1,0,0,0,0,0,0
35500,778,302756,0,0,0,0,1,0,0,0,0,0,0
35501,778,302757,0,0,0,0,1,0,0,0,0,0,0
35502,778,302758,0,0,0,0,1,0,0,0,0,0,0
35503,778,302759,0,0,0,0,1,0,0,0,0,0,0
35504,778,302760,0,0,0,0,1,0,0,0,0,0,0
35505,778,302761,0,0,0,0,1,0,0,0,0,0,0
35506,778,302762,0,0,0,0,1,0,0,0,0,0,0
35507,778,302763,0,0,0,0,1,0,0,0,0,0,0
35508,778,302764,0,0,0,0,1,0,0,0,0,0,0
35509,778,302765,0,0,0,0,1,0,0,0,0,0,0
35510,778,302766,0,0,0,0,1,0,0,0,0,0,0
35511,778,302767,0,0,0,0,1,0,0,0,0,0,0
35512,778,302768,0,0,0,0,1,0,0,0,0,0,0
35513,778,302769,0,0,0,0,1,0,0,0,0,0,0
35514,778,302770,0,0,0,0,1,0,0,0,0,0,0
35515,778,302771,0,0,0,0,1,0,0,0,0,0,0
35516,778,302772,0,0,0,0,1,0,0,0,0,0,0
35517,778,302773,0,0,0,0,1,0,0,0,0,0,0
35518,778,302774,0,0,0,0,1,0,0,0,0,0,0
35519,778,302775,0,0,0,0,1,0,0,0,0,0,0
35520,778,302776,0,0,0,0,1,0,0,0,0,0,0
35521,778,302777,0,0,0,0,1,0,0,0,0,0,0
35522,778,302778,0,0,0,0,1,0,0,0,0,0,0
35523,778,302779,0,0,0,0,1,0,0,0,0,0,0
35524,778,302780,0,0,0,0,1,0,0,0,0,0,0
35525,778,302781,0,0,0,0,1,0,0,0,0,0,0
35526,778,302782,0,0,0,0,1,0,0,0,0,0,0
35527,778,302783,0,0,0,0,1,0,0,0,0,0,0
35528,778,302784,0,0,0,0,1,0,0,0,0,0,0
35529,778,302785,0,0,0,0,1,0,0,0,0,0,0
35530,778,302786,0,0,0,0,1,0,0,0,0,0,0
35531,778,302787,0,0,0,0,1,0,0,0,0,0,0
35532,778,302788,0,0,0,0,1,0,0,0,0,0,0
35533,778,302789,0,0,0,0,1,0,0,0,0,0,0
35534,778,302790,0,0,0,0,1,0,0,0,0,0,0
35535,778,302791,0,0,0,0,1,0,0,0,0,0,0
35536,778,302792,0,0,0,0,1,0,0,0,0,0,0
35537,778,302793,0,0,0,0,1,0,0,0,0,0,0
35538,778,302794,0,0,0,0,1,0,0,0,0,0,0
35539,778,302795,0,0,0,0,1,0,0,0,0,0,0
35540,778,302796,0,0,0,0,1,0,0,0,0,0,0
35541,778,302797,0,0,0,0,1,0,0,0,0,0,0
35542,778,302798,0,0,0,0,1,0,0,0,0,0,0
35543,778,302799,0,0,0,0,1,0,0,0,0,0,0
35544,778,302800,0,0,0,0,1,0,0,0,0,0,0
35545,778,302801,0,0,0,0,1,0,0,0,0,0,0
35546,778,302802,0,0,0,0,1,0,0,0,0,0,0
35547,778,302803,0,0,0,0,1,0,0,0,0,0,0
35548,778,302804,0,0,0,0,1,0,0,0,0,0,0
35549,778,302805,0,0,0,0,1,0,0,0,0,0,0
35550,778,302806,0,0,0,0,1,0,0,0,0,0,0
35551,778,302807,0,0,0,0,1,0,0,0,0,0,0
35552,778,302808,0,0,0,0,1,0,0,0,0,0,0
35553,778,302809,0,0,0,0,1,0,0,0,0,0,0
35554,778,302810,0,0,0,0,1,0,0,0,0,0,0
35555,778,302811,0,0,0,0,1,0,0,0,0,0,0
35556,778,302812,0,0,0,0,1,0,0,0,0,0,0
35557,778,302813,0,0,0,0,1,0,0,0,0,0,0
35558,778,302814,0,0,0,0,1,0,0,0,0,0,0
35559,778,302815,0,0,0,0,1,0,0,0,0,0,0
35560,778,302816,0,0,0,0,1,0,0,0,0,0,0
35561,778,302817,0,0,0,0,1,0,0,0,0,0,0
35562,778,302818,0,0,0,0,1,0,0,0,0,0,0
35563,778,302819,0,0,0,0,1,0,0,0,0,0,0
35564,778,302820,0,0,0,0,1,0,0,0,0,0,0
35565,778,302821,0,0,0,0,1,0,0,0,0,0,0
35566,778,302822,0,0,0,0,1,0,0,0,0,0,0
35567,778,302823,0,0,0,0,1,0,0,0,0,0,0
35568,778,302824,0,0,0,0,1,0,0,0,0,0,0
35569,778,302825,0,0,0,0,1,0,0,0,0,0,0
35570,778,302826,0,0,0,0,1,0,0,0,0,0,0
35571,778,302827,0,0,0,0,1,0,0,0,0,0,0
35572,778,302828,0,0,0,0,1,0,0,0,0,0,0
35573,778,302829,0,0,0,0,1,0,0,0,0,0,0
35574,778,302830,0,0,0,0,1,0,0,0,0,0,0
35575,778,302831,0,0,0,0,1,0,0,0,0,0,0
35576,778,302832,0,0,0,0,1,0,0,0,0,0,0
35577,778,302833,0,0,0,0,1,0,0,0,0,0,0
35578,778,302834,0,0,0,0,1,0,0,0,0,0,0
35579,778,302835,0,0,0,0,1,0,0,0,0,0,0
35580,778,302836,0,0,0,0,1,0,0,0,0,0,0
35581,778,302837,0,0,0,0,1,0,0,0,0,0,0
35582,778,302838,0,0,0,0,1,0,0,0,0,0,0
35583,778,302840,0,0,0,0,1,0,0,0,0,0,0
35584,778,302841,0,0,0,0,1,0,0,0,0,0,0
35585,778,302842,0,0,0,0,1,0,0,0,0,0,0
35586,778,302843,0,0,0,0,1,0,0,0,0,0,0
35587,778,302844,0,0,0,0,1,0,0,0,0,0,0
35588,778,302847,0,0,0,0,1,0,0,0,0,0,0
35589,778,302848,0,0,0,0,1,0,0,0,0,0,0
35590,778,302849,0,0,0,0,1,0,0,0,0,0,0
35591,778,302850,0,0,0,0,1,0,0,0,0,0,0
35592,778,302851,0,0,0,0,1,0,0,0,0,0,0
35593,778,302852,0,0,0,0,1,0,0,0,0,0,0
35594,778,302853,0,0,0,0,1,0,0,0,0,0,0
35595,778,302854,0,0,0,0,1,0,0,0,0,0,0
35596,778,302855,0,0,0,0,1,0,0,0,0,0,0
35597,778,302856,0,0,0,0,1,0,0,0,0,0,0
35598,778,302857,0,0,0,0,1,0,0,0,0,0,0
35599,778,302858,0,0,0,0,1,0,0,0,0,0,0
35600,778,302859,0,0,0,0,1,0,0,0,0,0,0
35601,778,302860,0,0,0,0,1,0,0,0,0,0,0
35602,778,302861,0,0,0,0,1,0,0,0,0,0,0
35603,778,302862,0,0,0,0,1,0,0,0,0,0,0
35604,778,302863,0,0,0,0,1,0,0,0,0,0,0
35605,778,302864,0,0,0,0,1,0,0,0,0,0,0
35606,778,302865,0,0,0,0,1,0,0,0,0,0,0
35607,778,302866,0,0,0,0,1,0,0,0,0,0,0
35608,778,302867,0,0,0,0,1,0,0,0,0,0,0
35609,778,302869,0,0,0,0,1,0,0,0,0,0,0
35610,778,302870,0,0,0,0,1,0,0,0,0,0,0
35611,778,302871,0,0,0,0,1,0,0,0,0,0,0
35612,778,302872,0,0,0,0,1,0,0,0,0,0,0
35613,778,302873,0,0,0,0,1,0,0,0,0,0,0
35614,778,302874,0,0,0,0,1,0,0,0,0,0,0
35615,778,302875,0,0,0,0,1,0,0,0,0,0,0
35616,778,302876,0,0,0,0,1,0,0,0,0,0,0
35617,778,302877,0,0,0,0,1,0,0,0,0,0,0
35618,778,302878,0,0,0,0,1,0,0,0,0,0,0
35619,778,302879,0,0,0,0,1,0,0,0,0,0,0
35620,778,302880,0,0,0,0,1,0,0,0,0,0,0
35621,778,302881,0,0,0,0,1,0,0,0,0,0,0
35622,778,302882,0,0,0,0,1,0,0,0,0,0,0
35623,778,302884,0,0,0,0,1,0,0,0,0,0,0
35624,778,302885,0,0,0,0,1,0,0,0,0,0,0
35625,778,302886,0,0,0,0,1,0,0,0,0,0,0
35626,778,302887,0,0,0,0,1,0,0,0,0,0,0
35627,778,302888,0,0,0,0,1,0,0,0,0,0,0
35628,778,302889,0,0,0,0,1,0,0,0,0,0,0
35629,778,302890,0,0,0,0,1,0,0,0,0,0,0
35630,778,302908,0,0,0,0,1,0,0,0,0,0,0
35631,778,302909,0,0,0,0,1,0,0,0,0,0,0
35632,778,302910,0,0,0,0,1,0,0,0,0,0,0
35633,778,302911,0,0,0,0,1,0,0,0,0,0,0
35634,778,302912,0,0,0,0,1,0,0,0,0,0,0
35635,778,302913,0,0,0,0,1,0,0,0,0,0,0
35636,778,302914,0,0,0,0,1,0,0,0,0,0,0
35637,778,302915,0,0,0,0,1,0,0,0,0,0,0
35638,778,302916,0,0,0,0,1,0,0,0,0,0,0
35639,778,302917,0,0,0,0,1,0,0,0,0,0,0
35640,778,302918,0,0,0,0,1,0,0,0,0,0,0
35641,778,302919,0,0,0,0,1,0,0,0,0,0,0
35642,778,302920,0,0,0,0,1,0,0,0,0,0,0
35643,778,302921,0,0,0,0,1,0,0,0,0,0,0
35644,778,302922,0,0,0,0,1,0,0,0,0,0,0
35645,778,302923,0,0,0,0,1,0,0,0,0,0,0
35646,778,302924,0,0,0,0,1,0,0,0,0,0,0
35647,778,302925,0,0,0,0,1,0,0,0,0,0,0
35648,778,302926,0,0,0,0,1,0,0,0,0,0,0
35649,778,302927,0,0,0,0,1,0,0,0,0,0,0
35650,778,302928,0,0,0,0,1,0,0,0,0,0,0
35651,778,302929,0,0,0,0,1,0,0,0,0,0,0
35652,778,302930,0,0,0,0,1,0,0,0,0,0,0
35653,778,302931,0,0,0,0,1,0,0,0,0,0,0
35654,778,302932,0,0,0,0,1,0,0,0,0,0,0
35655,778,302933,0,0,0,0,1,0,0,0,0,0,0
35656,778,302934,0,0,0,0,1,0,0,0,0,0,0
35657,778,302935,0,0,0,0,1,0,0,0,0,0,0
35658,778,302936,0,0,0,0,1,0,0,0,0,0,0
35659,778,302950,0,0,0,0,1,0,0,0,0,0,0
35660,778,302951,0,0,0,0,1,0,0,0,0,0,0
35661,778,302952,0,0,0,0,1,0,0,0,0,0,0
35662,778,302953,0,0,0,0,1,0,0,0,0,0,0
35663,778,302954,0,0,0,0,1,0,0,0,0,0,0
35664,778,302955,0,0,0,0,1,0,0,0,0,0,0
35665,778,302956,0,0,0,0,1,0,0,0,0,0,0
35666,778,302957,0,0,0,0,1,0,0,0,0,0,0
35667,778,302958,0,0,0,0,1,0,0,0,0,0,0
35668,778,302959,0,0,0,0,1,0,0,0,0,0,0
35669,778,302961,0,0,0,0,1,0,0,0,0,0,0
35670,778,302962,0,0,0,0,1,0,0,0,0,0,0
35671,778,302970,0,0,0,0,1,0,0,0,0,0,0
35672,778,302971,0,0,0,0,1,0,0,0,0,0,0
35673,778,302972,0,0,0,0,1,0,0,0,0,0,0
35674,778,302973,0,0,0,0,1,0,0,0,0,0,0
35675,778,302990,0,0,0,0,1,0,0,0,0,0,0
35676,778,302991,0,0,0,0,1,0,0,0,0,0,0
35677,778,302992,0,0,0,0,1,0,0,0,0,0,0
35678,778,303040,0,0,0,0,1,0,0,0,0,0,0
35679,778,303041,0,0,0,0,1,0,0,0,0,0,0
35680,778,303042,0,0,0,0,1,0,0,0,0,0,0
35681,778,303043,0,0,0,0,1,0,0,0,0,0,0
35682,778,303044,0,0,0,0,1,0,0,0,0,0,0
35683,778,303045,0,0,0,0,1,0,0,0,0,0,0
35684,778,303046,0,0,0,0,1,0,0,0,0,0,0
35685,778,303047,0,0,0,0,1,0,0,0,0,0,0
35686,778,303048,0,0,0,0,1,0,0,0,0,0,0
35687,778,303049,0,0,0,0,1,0,0,0,0,0,0
35688,778,303050,0,0,0,0,1,0,0,0,0,0,0
35689,778,303051,0,0,0,0,1,0,0,0,0,0,0
35690,778,303052,0,0,0,0,1,0,0,0,0,0,0
35691,778,303053,0,0,0,0,1,0,0,0,0,0,0
35692,778,303054,0,0,0,0,1,0,0,0,0,0,0
35693,778,303055,0,0,0,0,1,0,0,0,0,0,0
35694,778,303056,0,0,0,0,1,0,0,0,0,0,0
35695,778,303057,0,0,0,0,1,0,0,0,0,0,0
35696,778,303058,0,0,0,0,1,0,0,0,0,0,0
35697,778,303059,0,0,0,0,1,0,0,0,0,0,0
35698,778,303060,0,0,0,0,1,0,0,0,0,0,0
35699,778,303061,0,0,0,0,1,0,0,0,0,0,0
35700,778,303071,0,0,0,0,1,0,0,0,0,0,0
35701,778,303072,0,0,0,0,1,0,0,0,0,0,0
35702,778,303073,0,0,0,0,1,0,0,0,0,0,0
35703,778,303074,0,0,0,0,1,0,0,0,0,0,0
35704,778,303075,0,0,0,0,1,0,0,0,0,0,0
35705,778,303076,0,0,0,0,1,0,0,0,0,0,0
35706,778,303077,0,0,0,0,1,0,0,0,0,0,0
35707,778,303100,0,0,0,0,1,0,0,0,0,0,0
35708,778,303101,0,0,0,0,1,0,0,0,0,0,0
35709,778,303102,0,0,0,0,1,0,0,0,0,0,0
35710,778,303103,0,0,0,0,1,0,0,0,0,0,0
35711,778,303104,0,0,0,0,1,0,0,0,0,0,0
35712,778,303105,0,0,0,0,1,0,0,0,0,0,0
35713,778,303106,0,0,0,0,1,0,0,0,0,0,0
35714,778,303107,0,0,0,0,1,0,0,0,0,0,0
35715,778,303108,0,0,0,0,1,0,0,0,0,0,0
35716,778,303109,0,0,0,0,1,0,0,0,0,0,0
35717,778,303110,0,0,0,0,1,0,0,0,0,0,0
35718,778,303111,0,0,0,0,1,0,0,0,0,0,0
35719,778,303112,0,0,0,0,1,0,0,0,0,0,0
35720,778,303113,0,0,0,0,1,0,0,0,0,0,0
35721,778,303114,0,0,0,0,1,0,0,0,0,0,0
35722,778,303115,0,0,0,0,1,0,0,0,0,0,0
35723,778,303116,0,0,0,0,1,0,0,0,0,0,0
35724,778,303117,0,0,0,0,1,0,0,0,0,0,0
35725,778,303118,0,0,0,0,1,0,0,0,0,0,0
35726,778,303119,0,0,0,0,1,0,0,0,0,0,0
35727,778,303120,0,0,0,0,1,0,0,0,0,0,0
35728,778,303121,0,0,0,0,1,0,0,0,0,0,0
35729,778,303122,0,0,0,0,1,0,0,0,0,0,0
35730,778,303123,0,0,0,0,1,0,0,0,0,0,0
35731,778,303124,0,0,0,0,1,0,0,0,0,0,0
35732,778,303125,0,0,0,0,1,0,0,0,0,0,0
35733,778,303126,0,0,0,0,1,0,0,0,0,0,0
35734,778,303127,0,0,0,0,1,0,0,0,0,0,0
35735,778,303128,0,0,0,0,1,0,0,0,0,0,0
35736,778,303129,0,0,0,0,1,0,0,0,0,0,0
35737,778,303130,0,0,0,0,1,0,0,0,0,0,0
35738,778,303131,0,0,0,0,1,0,0,0,0,0,0
35739,778,303132,0,0,0,0,1,0,0,0,0,0,0
35740,778,303133,0,0,0,0,1,0,0,0,0,0,0
35741,778,303134,0,0,0,0,1,0,0,0,0,0,0
35742,778,303135,0,0,0,0,1,0,0,0,0,0,0
35743,778,303136,0,0,0,0,1,0,0,0,0,0,0
35744,778,303137,0,0,0,0,1,0,0,0,0,0,0
35745,778,303138,0,0,0,0,1,0,0,0,0,0,0
35746,778,303139,0,0,0,0,1,0,0,0,0,0,0
35747,778,303140,0,0,0,0,1,0,0,0,0,0,0
35748,778,303141,0,0,0,0,1,0,0,0,0,0,0
35749,778,303142,0,0,0,0,1,0,0,0,0,0,0
35750,778,303143,0,0,0,0,1,0,0,0,0,0,0
35751,778,303144,0,0,0,0,1,0,0,0,0,0,0
35752,778,303145,0,0,0,0,1,0,0,0,0,0,0
35753,778,303146,0,0,0,0,1,0,0,0,0,0,0
35754,778,303147,0,0,0,0,1,0,0,0,0,0,0
35755,778,303148,0,0,0,0,1,0,0,0,0,0,0
35756,778,303149,0,0,0,0,1,0,0,0,0,0,0
35757,778,303150,0,0,0,0,1,0,0,0,0,0,0
35758,778,303151,0,0,0,0,1,0,0,0,0,0,0
35759,778,303152,0,0,0,0,1,0,0,0,0,0,0
35760,778,303153,0,0,0,0,1,0,0,0,0,0,0
35761,778,303154,0,0,0,0,1,0,0,0,0,0,0
35762,778,303155,0,0,0,0,1,0,0,0,0,0,0
35763,778,303156,0,0,0,0,1,0,0,0,0,0,0
35764,778,303157,0,0,0,0,1,0,0,0,0,0,0
35765,778,303158,0,0,0,0,1,0,0,0,0,0,0
35766,778,303159,0,0,0,0,1,0,0,0,0,0,0
35767,778,303160,0,0,0,0,1,0,0,0,0,0,0
35768,778,303161,0,0,0,0,1,0,0,0,0,0,0
35769,778,303162,0,0,0,0,1,0,0,0,0,0,0
35770,778,303163,0,0,0,0,1,0,0,0,0,0,0
35771,778,303164,0,0,0,0,1,0,0,0,0,0,0
35772,778,303165,0,0,0,0,1,0,0,0,0,0,0
35773,778,303166,0,0,0,0,1,0,0,0,0,0,0
35774,778,303167,0,0,0,0,1,0,0,0,0,0,0
35775,778,303168,0,0,0,0,1,0,0,0,0,0,0
35776,778,303169,0,0,0,0,1,0,0,0,0,0,0
35777,778,303170,0,0,0,0,1,0,0,0,0,0,0
35778,778,303171,0,0,0,0,1,0,0,0,0,0,0
35779,778,303172,0,0,0,0,1,0,0,0,0,0,0
35780,778,303173,0,0,0,0,1,0,0,0,0,0,0
35781,778,303174,0,0,0,0,1,0,0,0,0,0,0
35782,778,303175,0,0,0,0,1,0,0,0,0,0,0
35783,778,303176,0,0,0,0,1,0,0,0,0,0,0
35784,778,303177,0,0,0,0,1,0,0,0,0,0,0
35785,778,303178,0,0,0,0,1,0,0,0,0,0,0
35786,778,303179,0,0,0,0,1,0,0,0,0,0,0
35787,778,303180,0,0,0,0,1,0,0,0,0,0,0
35788,778,303181,0,0,0,0,1,0,0,0,0,0,0
35789,778,303182,0,0,0,0,1,0,0,0,0,0,0
35790,778,303183,0,0,0,0,1,0,0,0,0,0,0
35791,778,303184,0,0,0,0,1,0,0,0,0,0,0
35792,778,303185,0,0,0,0,1,0,0,0,0,0,0
35793,778,303186,0,0,0,0,1,0,0,0,0,0,0
35794,778,303187,0,0,0,0,1,0,0,0,0,0,0
35795,778,303188,0,0,0,0,1,0,0,0,0,0,0
35796,778,303189,0,0,0,0,1,0,0,0,0,0,0
35797,778,303190,0,0,0,0,1,0,0,0,0,0,0
35798,778,303191,0,0,0,0,1,0,0,0,0,0,0
35799,778,303192,0,0,0,0,1,0,0,0,0,0,0
35800,778,303193,0,0,0,0,1,0,0,0,0,0,0
35801,778,303194,0,0,0,0,1,0,0,0,0,0,0
35802,778,303195,0,0,0,0,1,0,0,0,0,0,0
35803,778,303196,0,0,0,0,1,0,0,0,0,0,0
35804,778,303197,0,0,0,0,1,0,0,0,0,0,0
35805,778,303198,0,0,0,0,1,0,0,0,0,0,0
35806,778,303199,0,0,0,0,1,0,0,0,0,0,0
35807,778,303200,0,0,0,0,1,0,0,0,0,0,0
35808,778,303201,0,0,0,0,1,0,0,0,0,0,0
35809,778,303202,0,0,0,0,1,0,0,0,0,0,0
35810,778,303203,0,0,0,0,1,0,0,0,0,0,0
35811,778,303204,0,0,0,0,1,0,0,0,0,0,0
35812,778,303205,0,0,0,0,1,0,0,0,0,0,0
35813,778,303206,0,0,0,0,1,0,0,0,0,0,0
35814,778,303207,0,0,0,0,1,0,0,0,0,0,0
35815,778,303208,0,0,0,0,1,0,0,0,0,0,0
35816,778,303209,0,0,0,0,1,0,0,0,0,0,0
35817,778,303210,0,0,0,0,1,0,0,0,0,0,0
35818,778,303211,0,0,0,0,1,0,0,0,0,0,0
35819,778,303212,0,0,0,0,1,0,0,0,0,0,0
35820,778,303213,0,0,0,0,1,0,0,0,0,0,0
35821,778,303214,0,0,0,0,1,0,0,0,0,0,0
35822,778,303215,0,0,0,0,1,0,0,0,0,0,0
35823,778,303216,0,0,0,0,1,0,0,0,0,0,0
35824,778,303217,0,0,0,0,1,0,0,0,0,0,0
35825,778,303218,0,0,0,0,1,0,0,0,0,0,0
35826,778,303219,0,0,0,0,1,0,0,0,0,0,0
35827,778,303220,0,0,0,0,1,0,0,0,0,0,0
35828,778,303221,0,0,0,0,1,0,0,0,0,0,0
35829,778,303222,0,0,0,0,1,0,0,0,0,0,0
35830,778,303223,0,0,0,0,1,0,0,0,0,0,0
35831,778,303224,0,0,0,0,1,0,0,0,0,0,0
35832,778,303225,0,0,0,0,1,0,0,0,0,0,0
35833,778,303226,0,0,0,0,1,0,0,0,0,0,0
35834,778,303227,0,0,0,0,1,0,0,0,0,0,0
35835,778,303228,0,0,0,0,1,0,0,0,0,0,0
35836,778,303229,0,0,0,0,1,0,0,0,0,0,0
35837,778,303230,0,0,0,0,1,0,0,0,0,0,0
35838,778,303231,0,0,0,0,1,0,0,0,0,0,0
35839,778,303232,0,0,0,0,1,0,0,0,0,0,0
35840,778,303300,0,0,0,0,1,0,0,0,0,0,0
35841,778,303301,0,0,0,0,1,0,0,0,0,0,0
35842,778,303302,0,0,0,0,1,0,0,0,0,0,0
35843,778,303303,0,0,0,0,1,0,0,0,0,0,0
35844,778,303304,0,0,0,0,1,0,0,0,0,0,0
35845,778,303305,0,0,0,0,1,0,0,0,0,0,0
35846,778,303306,0,0,0,0,1,0,0,0,0,0,0
35847,778,303307,0,0,0,0,1,0,0,0,0,0,0
35848,778,303308,0,0,0,0,1,0,0,0,0,0,0
35849,778,303309,0,0,0,0,1,0,0,0,0,0,0
35850,778,303310,0,0,0,0,1,0,0,0,0,0,0
35851,778,303311,0,0,0,0,1,0,0,0,0,0,0
35852,778,303312,0,0,0,0,1,0,0,0,0,0,0
35853,778,303313,0,0,0,0,1,0,0,0,0,0,0
35854,778,303314,0,0,0,0,1,0,0,0,0,0,0
35855,778,303315,0,0,0,0,1,0,0,0,0,0,0
35856,778,303316,0,0,0,0,1,0,0,0,0,0,0
35857,778,303317,0,0,0,0,1,0,0,0,0,0,0
35858,778,303318,0,0,0,0,1,0,0,0,0,0,0
35859,778,303319,0,0,0,0,1,0,0,0,0,0,0
35860,778,303320,0,0,0,0,1,0,0,0,0,0,0
35861,778,303321,0,0,0,0,1,0,0,0,0,0,0
35862,778,303322,0,0,0,0,1,0,0,0,0,0,0
35863,778,303323,0,0,0,0,1,0,0,0,0,0,0
35864,778,303324,0,0,0,0,1,0,0,0,0,0,0
35865,778,303325,0,0,0,0,1,0,0,0,0,0,0
35866,778,303326,0,0,0,0,1,0,0,0,0,0,0
35867,778,303327,0,0,0,0,1,0,0,0,0,0,0
35868,778,303328,0,0,0,0,1,0,0,0,0,0,0
35869,778,303329,0,0,0,0,1,0,0,0,0,0,0
35870,778,303330,0,0,0,0,1,0,0,0,0,0,0
35871,778,303331,0,0,0,0,1,0,0,0,0,0,0
35872,778,303332,0,0,0,0,1,0,0,0,0,0,0
35873,778,303333,0,0,0,0,1,0,0,0,0,0,0
35874,778,303334,0,0,0,0,1,0,0,0,0,0,0
35875,778,303335,0,0,0,0,1,0,0,0,0,0,0
35876,778,303336,0,0,0,0,1,0,0,0,0,0,0
35877,778,303337,0,0,0,0,1,0,0,0,0,0,0
35878,778,303338,0,0,0,0,1,0,0,0,0,0,0
35879,778,303339,0,0,0,0,1,0,0,0,0,0,0
35880,778,303340,0,0,0,0,1,0,0,0,0,0,0
35881,778,303341,0,0,0,0,1,0,0,0,0,0,0
35882,778,303342,0,0,0,0,1,0,0,0,0,0,0
35883,778,303343,0,0,0,0,1,0,0,0,0,0,0
35884,778,303344,0,0,0,0,1,0,0,0,0,0,0
35885,778,303345,0,0,0,0,1,0,0,0,0,0,0
35886,778,303346,0,0,0,0,1,0,0,0,0,0,0
35887,778,303347,0,0,0,0,1,0,0,0,0,0,0
35888,778,303348,0,0,0,0,1,0,0,0,0,0,0
35889,778,303349,0,0,0,0,1,0,0,0,0,0,0
35890,778,303350,0,0,0,0,1,0,0,0,0,0,0
35891,778,303351,0,0,0,0,1,0,0,0,0,0,0
35892,778,303352,0,0,0,0,1,0,0,0,0,0,0
35893,778,303353,0,0,0,0,1,0,0,0,0,0,0
35894,778,303354,0,0,0,0,1,0,0,0,0,0,0
35895,778,303355,0,0,0,0,1,0,0,0,0,0,0
35896,778,303356,0,0,0,0,1,0,0,0,0,0,0
35897,778,303357,0,0,0,0,1,0,0,0,0,0,0
35898,778,303358,0,0,0,0,1,0,0,0,0,0,0
35899,778,303359,0,0,0,0,1,0,0,0,0,0,0
35900,778,303360,0,0,0,0,1,0,0,0,0,0,0
35901,778,303361,0,0,0,0,1,0,0,0,0,0,0
35902,778,303362,0,0,0,0,1,0,0,0,0,0,0
35903,778,303363,0,0,0,0,1,0,0,0,0,0,0
35904,778,303364,0,0,0,0,1,0,0,0,0,0,0
35905,778,303365,0,0,0,0,1,0,0,0,0,0,0
35906,778,303366,0,0,0,0,1,0,0,0,0,0,0
35907,778,303367,0,0,0,0,1,0,0,0,0,0,0
35908,778,303368,0,0,0,0,1,0,0,0,0,0,0
35909,778,303369,0,0,0,0,1,0,0,0,0,0,0
35910,778,303370,0,0,0,0,1,0,0,0,0,0,0
35911,778,303371,0,0,0,0,1,0,0,0,0,0,0
35912,778,303372,0,0,0,0,1,0,0,0,0,0,0
35913,778,303373,0,0,0,0,1,0,0,0,0,0,0
35914,778,303374,0,0,0,0,1,0,0,0,0,0,0
35915,778,303375,0,0,0,0,1,0,0,0,0,0,0
35916,778,303376,0,0,0,0,1,0,0,0,0,0,0
35917,778,303377,0,0,0,0,1,0,0,0,0,0,0
35918,778,303378,0,0,0,0,1,0,0,0,0,0,0
35919,778,303379,0,0,0,0,1,0,0,0,0,0,0
35920,778,303380,0,0,0,0,1,0,0,0,0,0,0
35921,778,303381,0,0,0,0,1,0,0,0,0,0,0
35922,778,303382,0,0,0,0,1,0,0,0,0,0,0
35923,778,303383,0,0,0,0,1,0,0,0,0,0,0
35924,778,303384,0,0,0,0,1,0,0,0,0,0,0
35925,778,303385,0,0,0,0,1,0,0,0,0,0,0
35926,778,303386,0,0,0,0,1,0,0,0,0,0,0
35927,778,303387,0,0,0,0,1,0,0,0,0,0,0
35928,778,303388,0,0,0,0,1,0,0,0,0,0,0
35929,778,303389,0,0,0,0,1,0,0,0,0,0,0
35930,778,303390,0,0,0,0,1,0,0,0,0,0,0
35931,778,303391,0,0,0,0,1,0,0,0,0,0,0
35932,778,303392,0,0,0,0,1,0,0,0,0,0,0
35933,778,303393,0,0,0,0,1,0,0,0,0,0,0
35934,778,303394,0,0,0,0,1,0,0,0,0,0,0
35935,778,303395,0,0,0,0,1,0,0,0,0,0,0
35936,778,303396,0,0,0,0,1,0,0,0,0,0,0
35937,778,303397,0,0,0,0,1,0,0,0,0,0,0
35938,778,303398,0,0,0,0,1,0,0,0,0,0,0
35939,778,303399,0,0,0,0,1,0,0,0,0,0,0
35940,778,303400,0,0,0,0,1,0,0,0,0,0,0
35941,778,303401,0,0,0,0,1,0,0,0,0,0,0
35942,778,303402,0,0,0,0,1,0,0,0,0,0,0
35943,778,303403,0,0,0,0,1,0,0,0,0,0,0
35944,778,303404,0,0,0,0,1,0,0,0,0,0,0
35945,778,303405,0,0,0,0,1,0,0,0,0,0,0
35946,778,303406,0,0,0,0,1,0,0,0,0,0,0
35947,778,303407,0,0,0,0,1,0,0,0,0,0,0
35948,778,303408,0,0,0,0,1,0,0,0,0,0,0
35949,778,303409,0,0,0,0,1,0,0,0,0,0,0
35950,778,303410,0,0,0,0,1,0,0,0,0,0,0
35951,778,303411,0,0,0,0,1,0,0,0,0,0,0
35952,778,303412,0,0,0,0,1,0,0,0,0,0,0
35953,778,303413,0,0,0,0,1,0,0,0,0,0,0
35954,778,303414,0,0,0,0,1,0,0,0,0,0,0
35955,778,303415,0,0,0,0,1,0,0,0,0,0,0
35956,778,303416,0,0,0,0,1,0,0,0,0,0,0
35957,778,303417,0,0,0,0,1,0,0,0,0,0,0
35958,778,303418,0,0,0,0,1,0,0,0,0,0,0
35959,778,303419,0,0,0,0,1,0,0,0,0,0,0
35960,778,303420,0,0,0,0,1,0,0,0,0,0,0
35961,778,303421,0,0,0,0,1,0,0,0,0,0,0
35962,778,303422,0,0,0,0,1,0,0,0,0,0,0
35963,778,303423,0,0,0,0,1,0,0,0,0,0,0
35964,778,303424,0,0,0,0,1,0,0,0,0,0,0
35965,778,303425,0,0,0,0,1,0,0,0,0,0,0
35966,778,303426,0,0,0,0,1,0,0,0,0,0,0
35967,778,303427,0,0,0,0,1,0,0,0,0,0,0
35968,778,303428,0,0,0,0,1,0,0,0,0,0,0
35969,778,303429,0,0,0,0,1,0,0,0,0,0,0
35970,778,303430,0,0,0,0,1,0,0,0,0,0,0
35971,778,303431,0,0,0,0,1,0,0,0,0,0,0
35972,778,303432,0,0,0,0,1,0,0,0,0,0,0
35973,778,303433,0,0,0,0,1,0,0,0,0,0,0
35974,778,303434,0,0,0,0,1,0,0,0,0,0,0
35975,778,303435,0,0,0,0,1,0,0,0,0,0,0
35976,778,303436,0,0,0,0,1,0,0,0,0,0,0
35977,778,303437,0,0,0,0,1,0,0,0,0,0,0
35978,778,303438,0,0,0,0,1,0,0,0,0,0,0
35979,778,303439,0,0,0,0,1,0,0,0,0,0,0
35980,778,303440,0,0,0,0,1,0,0,0,0,0,0
35981,778,303441,0,0,0,0,1,0,0,0,0,0,0
35982,778,303442,0,0,0,0,1,0,0,0,0,0,0
35983,778,303443,0,0,0,0,1,0,0,0,0,0,0
35984,778,303444,0,0,0,0,1,0,0,0,0,0,0
35985,778,303445,0,0,0,0,1,0,0,0,0,0,0
35986,778,303446,0,0,0,0,1,0,0,0,0,0,0
35987,778,303447,0,0,0,0,1,0,0,0,0,0,0
35988,778,303448,0,0,0,0,1,0,0,0,0,0,0
35989,778,303449,0,0,0,0,1,0,0,0,0,0,0
35990,778,303450,0,0,0,0,1,0,0,0,0,0,0
35991,778,303451,0,0,0,0,1,0,0,0,0,0,0
35992,778,303452,0,0,0,0,1,0,0,0,0,0,0
35993,778,303453,0,0,0,0,1,0,0,0,0,0,0
35994,778,303454,0,0,0,0,1,0,0,0,0,0,0
35995,778,303455,0,0,0,0,1,0,0,0,0,0,0
35996,778,303456,0,0,0,0,1,0,0,0,0,0,0
35997,778,303457,0,0,0,0,1,0,0,0,0,0,0
35998,778,303458,0,0,0,0,1,0,0,0,0,0,0
35999,778,303459,0,0,0,0,1,0,0,0,0,0,0
36000,778,303460,0,0,0,0,1,0,0,0,0,0,0
36001,778,303461,0,0,0,0,1,0,0,0,0,0,0
36002,778,303462,0,0,0,0,1,0,0,0,0,0,0
36003,778,303463,0,0,0,0,1,0,0,0,0,0,0
36004,778,303464,0,0,0,0,1,0,0,0,0,0,0
36005,778,303465,0,0,0,0,1,0,0,0,0,0,0
36006,778,303466,0,0,0,0,1,0,0,0,0,0,0
36007,778,303467,0,0,0,0,1,0,0,0,0,0,0
36008,778,303468,0,0,0,0,1,0,0,0,0,0,0
36009,778,303469,0,0,0,0,1,0,0,0,0,0,0
36010,778,303470,0,0,0,0,1,0,0,0,0,0,0
36011,778,303471,0,0,0,0,1,0,0,0,0,0,0
36012,778,303472,0,0,0,0,1,0,0,0,0,0,0
36013,778,303473,0,0,0,0,1,0,0,0,0,0,0
36014,778,303474,0,0,0,0,1,0,0,0,0,0,0
36015,778,303475,0,0,0,0,1,0,0,0,0,0,0
36016,778,303476,0,0,0,0,1,0,0,0,0,0,0
36017,778,303477,0,0,0,0,1,0,0,0,0,0,0
36018,778,303478,0,0,0,0,1,0,0,0,0,0,0
36019,778,303479,0,0,0,0,1,0,0,0,0,0,0
36020,778,303480,0,0,0,0,1,0,0,0,0,0,0
36021,778,303481,0,0,0,0,1,0,0,0,0,0,0
36022,778,303482,0,0,0,0,1,0,0,0,0,0,0
36023,778,303483,0,0,0,0,1,0,0,0,0,0,0
36024,778,303484,0,0,0,0,1,0,0,0,0,0,0
36025,778,303485,0,0,0,0,1,0,0,0,0,0,0
36026,778,303486,0,0,0,0,1,0,0,0,0,0,0
36027,778,303487,0,0,0,0,1,0,0,0,0,0,0
36028,778,303488,0,0,0,0,1,0,0,0,0,0,0
36029,778,303489,0,0,0,0,1,0,0,0,0,0,0
36030,778,303490,0,0,0,0,1,0,0,0,0,0,0
36031,778,303491,0,0,0,0,1,0,0,0,0,0,0
36032,778,303492,0,0,0,0,1,0,0,0,0,0,0
36033,778,303493,0,0,0,0,1,0,0,0,0,0,0
36034,778,303494,0,0,0,0,1,0,0,0,0,0,0
36035,778,303495,0,0,0,0,1,0,0,0,0,0,0
36036,778,303496,0,0,0,0,1,0,0,0,0,0,0
36037,778,303497,0,0,0,0,1,0,0,0,0,0,0
36038,778,303498,0,0,0,0,1,0,0,0,0,0,0
36039,778,303499,0,0,0,0,1,0,0,0,0,0,0
36040,778,303500,0,0,0,0,1,0,0,0,0,0,0
36041,778,303501,0,0,0,0,1,0,0,0,0,0,0
36042,778,303502,0,0,0,0,1,0,0,0,0,0,0
36043,778,303503,0,0,0,0,1,0,0,0,0,0,0
36044,778,303504,0,0,0,0,1,0,0,0,0,0,0
36045,778,303505,0,0,0,0,1,0,0,0,0,0,0
36046,778,303506,0,0,0,0,1,0,0,0,0,0,0
36047,778,303507,0,0,0,0,1,0,0,0,0,0,0
36048,778,303508,0,0,0,0,1,0,0,0,0,0,0
36049,778,303509,0,0,0,0,1,0,0,0,0,0,0
36050,778,303510,0,0,0,0,1,0,0,0,0,0,0
36051,778,303511,0,0,0,0,1,0,0,0,0,0,0
36052,778,303512,0,0,0,0,1,0,0,0,0,0,0
36053,778,303513,0,0,0,0,1,0,0,0,0,0,0
36054,778,303514,0,0,0,0,1,0,0,0,0,0,0
36055,778,303515,0,0,0,0,1,0,0,0,0,0,0
36056,778,303516,0,0,0,0,1,0,0,0,0,0,0
36057,778,303517,0,0,0,0,1,0,0,0,0,0,0
36058,778,303518,0,0,0,0,1,0,0,0,0,0,0
36059,778,303519,0,0,0,0,1,0,0,0,0,0,0
36060,778,303520,0,0,0,0,1,0,0,0,0,0,0
36061,778,303521,0,0,0,0,1,0,0,0,0,0,0
36062,778,303522,0,0,0,0,1,0,0,0,0,0,0
36063,778,303523,0,0,0,0,1,0,0,0,0,0,0
36064,778,303524,0,0,0,0,1,0,0,0,0,0,0
36065,778,303525,0,0,0,0,1,0,0,0,0,0,0
36066,778,303526,0,0,0,0,1,0,0,0,0,0,0
36067,778,303527,0,0,0,0,1,0,0,0,0,0,0
36068,778,303528,0,0,0,0,1,0,0,0,0,0,0
36069,778,303529,0,0,0,0,1,0,0,0,0,0,0
36070,778,303530,0,0,0,0,1,0,0,0,0,0,0
36071,778,303531,0,0,0,0,1,0,0,0,0,0,0
36072,778,303532,0,0,0,0,1,0,0,0,0,0,0
36073,778,303533,0,0,0,0,1,0,0,0,0,0,0
36074,778,303534,0,0,0,0,1,0,0,0,0,0,0
36075,778,303535,0,0,0,0,1,0,0,0,0,0,0
36076,778,303536,0,0,0,0,1,0,0,0,0,0,0
36077,778,303537,0,0,0,0,1,0,0,0,0,0,0
36078,778,303538,0,0,0,0,1,0,0,0,0,0,0
36079,778,303539,0,0,0,0,1,0,0,0,0,0,0
36080,778,303540,0,0,0,0,1,0,0,0,0,0,0
36081,778,303541,0,0,0,0,1,0,0,0,0,0,0
36082,778,303542,0,0,0,0,1,0,0,0,0,0,0
36083,778,303543,0,0,0,0,1,0,0,0,0,0,0
36084,778,303544,0,0,0,0,1,0,0,0,0,0,0
36085,778,303545,0,0,0,0,1,0,0,0,0,0,0
36086,778,303546,0,0,0,0,1,0,0,0,0,0,0
36087,778,303547,0,0,0,0,1,0,0,0,0,0,0
36088,778,303548,0,0,0,0,1,0,0,0,0,0,0
36089,778,303549,0,0,0,0,1,0,0,0,0,0,0
36090,778,303550,0,0,0,0,1,0,0,0,0,0,0
36091,778,303551,0,0,0,0,1,0,0,0,0,0,0
36092,778,303552,0,0,0,0,1,0,0,0,0,0,0
36093,778,303553,0,0,0,0,1,0,0,0,0,0,0
36094,778,303554,0,0,0,0,1,0,0,0,0,0,0
36095,778,303555,0,0,0,0,1,0,0,0,0,0,0
36096,778,303556,0,0,0,0,1,0,0,0,0,0,0
36097,778,303557,0,0,0,0,1,0,0,0,0,0,0
36098,778,303558,0,0,0,0,1,0,0,0,0,0,0
36099,778,303559,0,0,0,0,1,0,0,0,0,0,0
36100,778,303560,0,0,0,0,1,0,0,0,0,0,0
36101,778,303561,0,0,0,0,1,0,0,0,0,0,0
36102,778,303562,0,0,0,0,1,0,0,0,0,0,0
36103,778,303563,0,0,0,0,1,0,0,0,0,0,0
36104,778,303564,0,0,0,0,1,0,0,0,0,0,0
36105,778,303565,0,0,0,0,1,0,0,0,0,0,0
36106,778,303566,0,0,0,0,1,0,0,0,0,0,0
36107,778,303567,0,0,0,0,1,0,0,0,0,0,0
36108,778,303568,0,0,0,0,1,0,0,0,0,0,0
36109,778,303569,0,0,0,0,1,0,0,0,0,0,0
36110,778,303570,0,0,0,0,1,0,0,0,0,0,0
36111,778,303571,0,0,0,0,1,0,0,0,0,0,0
36112,778,303572,0,0,0,0,1,0,0,0,0,0,0
36113,778,303573,0,0,0,0,1,0,0,0,0,0,0
36114,778,303574,0,0,0,0,1,0,0,0,0,0,0
36115,778,303575,0,0,0,0,1,0,0,0,0,0,0
36116,778,303576,0,0,0,0,1,0,0,0,0,0,0
36117,778,303577,0,0,0,0,1,0,0,0,0,0,0
36118,778,303578,0,0,0,0,1,0,0,0,0,0,0
36119,778,303579,0,0,0,0,1,0,0,0,0,0,0
36120,778,303580,0,0,0,0,1,0,0,0,0,0,0
36121,778,303581,0,0,0,0,1,0,0,0,0,0,0
36122,778,303582,0,0,0,0,1,0,0,0,0,0,0
36123,778,303583,0,0,0,0,1,0,0,0,0,0,0
36124,778,303584,0,0,0,0,1,0,0,0,0,0,0
36125,778,303585,0,0,0,0,1,0,0,0,0,0,0
36126,778,303586,0,0,0,0,1,0,0,0,0,0,0
36127,778,303587,0,0,0,0,1,0,0,0,0,0,0
36128,778,303588,0,0,0,0,1,0,0,0,0,0,0
36129,778,303589,0,0,0,0,1,0,0,0,0,0,0
36130,778,303590,0,0,0,0,1,0,0,0,0,0,0
36131,778,303591,0,0,0,0,1,0,0,0,0,0,0
36132,778,303592,0,0,0,0,1,0,0,0,0,0,0
36133,778,303593,0,0,0,0,1,0,0,0,0,0,0
36134,778,303594,0,0,0,0,1,0,0,0,0,0,0
36135,778,303595,0,0,0,0,1,0,0,0,0,0,0
36136,778,303596,0,0,0,0,1,0,0,0,0,0,0
36137,778,303597,0,0,0,0,1,0,0,0,0,0,0
36138,778,303598,0,0,0,0,1,0,0,0,0,0,0
36139,778,303599,0,0,0,0,1,0,0,0,0,0,0
36140,778,303600,0,0,0,0,1,0,0,0,0,0,0
36141,778,303601,0,0,0,0,1,0,0,0,0,0,0
36142,778,303602,0,0,0,0,1,0,0,0,0,0,0
36143,778,303603,0,0,0,0,1,0,0,0,0,0,0
36144,778,303604,0,0,0,0,1,0,0,0,0,0,0
36145,778,303605,0,0,0,0,1,0,0,0,0,0,0
36146,778,303606,0,0,0,0,1,0,0,0,0,0,0
36147,778,303607,0,0,0,0,1,0,0,0,0,0,0
36148,778,303608,0,0,0,0,1,0,0,0,0,0,0
36149,778,303609,0,0,0,0,1,0,0,0,0,0,0
36150,778,303610,0,0,0,0,1,0,0,0,0,0,0
36151,778,303611,0,0,0,0,1,0,0,0,0,0,0
36152,778,303612,0,0,0,0,1,0,0,0,0,0,0
36153,778,303613,0,0,0,0,1,0,0,0,0,0,0
36154,778,303614,0,0,0,0,1,0,0,0,0,0,0
36155,778,303615,0,0,0,0,1,0,0,0,0,0,0
36156,778,303616,0,0,0,0,1,0,0,0,0,0,0
36157,778,303617,0,0,0,0,1,0,0,0,0,0,0
36158,778,303618,0,0,0,0,1,0,0,0,0,0,0
36159,778,303619,0,0,0,0,1,0,0,0,0,0,0
36160,778,303620,0,0,0,0,1,0,0,0,0,0,0
36161,778,303621,0,0,0,0,1,0,0,0,0,0,0
36162,778,303622,0,0,0,0,1,0,0,0,0,0,0
36163,778,303623,0,0,0,0,1,0,0,0,0,0,0
36164,778,303624,0,0,0,0,1,0,0,0,0,0,0
36165,778,303625,0,0,0,0,1,0,0,0,0,0,0
36166,778,303626,0,0,0,0,1,0,0,0,0,0,0
36167,778,303627,0,0,0,0,1,0,0,0,0,0,0
36168,778,303628,0,0,0,0,1,0,0,0,0,0,0
36169,778,303629,0,0,0,0,1,0,0,0,0,0,0
36170,778,303630,0,0,0,0,1,0,0,0,0,0,0
36171,778,303631,0,0,0,0,1,0,0,0,0,0,0
36172,778,303632,0,0,0,0,1,0,0,0,0,0,0
36173,778,303633,0,0,0,0,1,0,0,0,0,0,0
36174,778,303634,0,0,0,0,1,0,0,0,0,0,0
36175,778,303635,0,0,0,0,1,0,0,0,0,0,0
36176,778,303636,0,0,0,0,1,0,0,0,0,0,0
36177,778,303637,0,0,0,0,1,0,0,0,0,0,0
36178,778,303638,0,0,0,0,1,0,0,0,0,0,0
36179,778,303639,0,0,0,0,1,0,0,0,0,0,0
36180,778,303640,0,0,0,0,1,0,0,0,0,0,0
36181,778,303641,0,0,0,0,1,0,0,0,0,0,0
36182,778,303642,0,0,0,0,1,0,0,0,0,0,0
36183,778,303643,0,0,0,0,1,0,0,0,0,0,0
36184,778,303644,0,0,0,0,1,0,0,0,0,0,0
36185,778,303647,0,0,0,0,1,0,0,0,0,0,0
36186,778,303648,0,0,0,0,1,0,0,0,0,0,0
36187,778,303649,0,0,0,0,1,0,0,0,0,0,0
36188,778,303650,0,0,0,0,1,0,0,0,0,0,0
36189,778,303651,0,0,0,0,1,0,0,0,0,0,0
36190,778,303652,0,0,0,0,1,0,0,0,0,0,0
36191,778,303653,0,0,0,0,1,0,0,0,0,0,0
36192,778,303654,0,0,0,0,1,0,0,0,0,0,0
36193,778,303655,0,0,0,0,1,0,0,0,0,0,0
36194,778,303656,0,0,0,0,1,0,0,0,0,0,0
36195,778,303657,0,0,0,0,1,0,0,0,0,0,0
36196,778,303658,0,0,0,0,1,0,0,0,0,0,0
36197,778,303659,0,0,0,0,1,0,0,0,0,0,0
36198,778,303660,0,0,0,0,1,0,0,0,0,0,0
36199,778,303661,0,0,0,0,1,0,0,0,0,0,0
36200,778,303662,0,0,0,0,1,0,0,0,0,0,0
36201,778,303663,0,0,0,0,1,0,0,0,0,0,0
36202,778,303664,0,0,0,0,1,0,0,0,0,0,0
36203,778,303665,0,0,0,0,1,0,0,0,0,0,0
36204,778,303666,0,0,0,0,1,0,0,0,0,0,0
36205,778,303667,0,0,0,0,1,0,0,0,0,0,0
36206,778,303668,0,0,0,0,1,0,0,0,0,0,0
36207,778,303669,0,0,0,0,1,0,0,0,0,0,0
36208,778,303670,0,0,0,0,1,0,0,0,0,0,0
36209,778,303671,0,0,0,0,1,0,0,0,0,0,0
36210,778,303672,0,0,0,0,1,0,0,0,0,0,0
36211,778,303673,0,0,0,0,1,0,0,0,0,0,0
36212,778,303674,0,0,0,0,1,0,0,0,0,0,0
36213,778,303675,0,0,0,0,1,0,0,0,0,0,0
36214,778,303676,0,0,0,0,1,0,0,0,0,0,0
36215,778,303677,0,0,0,0,1,0,0,0,0,0,0
36216,778,303678,0,0,0,0,1,0,0,0,0,0,0
36217,778,303679,0,0,0,0,1,0,0,0,0,0,0
36218,778,303680,0,0,0,0,1,0,0,0,0,0,0
36219,778,303681,0,0,0,0,1,0,0,0,0,0,0
36220,778,303682,0,0,0,0,1,0,0,0,0,0,0
36221,778,303683,0,0,0,0,1,0,0,0,0,0,0
36222,778,303684,0,0,0,0,1,0,0,0,0,0,0
36223,778,303685,0,0,0,0,1,0,0,0,0,0,0
36224,778,303686,0,0,0,0,1,0,0,0,0,0,0
36225,778,303687,0,0,0,0,1,0,0,0,0,0,0
36226,778,303688,0,0,0,0,1,0,0,0,0,0,0
36227,778,303689,0,0,0,0,1,0,0,0,0,0,0
36228,778,303690,0,0,0,0,1,0,0,0,0,0,0
36229,778,303691,0,0,0,0,1,0,0,0,0,0,0
36230,778,303692,0,0,0,0,1,0,0,0,0,0,0
36231,778,303693,0,0,0,0,1,0,0,0,0,0,0
36232,778,303694,0,0,0,0,1,0,0,0,0,0,0
36233,778,303695,0,0,0,0,1,0,0,0,0,0,0
36234,778,303696,0,0,0,0,1,0,0,0,0,0,0
36235,778,303697,0,0,0,0,1,0,0,0,0,0,0
36236,778,303698,0,0,0,0,1,0,0,0,0,0,0
36237,778,303699,0,0,0,0,1,0,0,0,0,0,0
36238,778,303700,0,0,0,0,1,0,0,0,0,0,0
36239,778,303701,0,0,0,0,1,0,0,0,0,0,0
36240,778,303702,0,0,0,0,1,0,0,0,0,0,0
36241,778,303703,0,0,0,0,1,0,0,0,0,0,0
36242,778,303704,0,0,0,0,1,0,0,0,0,0,0
36243,778,303705,0,0,0,0,1,0,0,0,0,0,0
36244,778,303706,0,0,0,0,1,0,0,0,0,0,0
36245,778,303707,0,0,0,0,1,0,0,0,0,0,0
36246,778,303708,0,0,0,0,1,0,0,0,0,0,0
36247,778,303709,0,0,0,0,1,0,0,0,0,0,0
36248,778,303710,0,0,0,0,1,0,0,0,0,0,0
36249,778,303711,0,0,0,0,1,0,0,0,0,0,0
36250,778,303712,0,0,0,0,1,0,0,0,0,0,0
36251,778,303713,0,0,0,0,1,0,0,0,0,0,0
36252,778,303714,0,0,0,0,1,0,0,0,0,0,0
36253,778,303715,0,0,0,0,1,0,0,0,0,0,0
36254,778,303716,0,0,0,0,1,0,0,0,0,0,0
36255,778,303717,0,0,0,0,1,0,0,0,0,0,0
36256,778,303718,0,0,0,0,1,0,0,0,0,0,0
36257,778,303719,0,0,0,0,1,0,0,0,0,0,0
36258,778,303720,0,0,0,0,1,0,0,0,0,0,0
36259,778,303721,0,0,0,0,1,0,0,0,0,0,0
36260,778,303722,0,0,0,0,1,0,0,0,0,0,0
36261,778,303723,0,0,0,0,1,0,0,0,0,0,0
36262,778,303724,0,0,0,0,1,0,0,0,0,0,0
36263,778,303725,0,0,0,0,1,0,0,0,0,0,0
36264,778,303726,0,0,0,0,1,0,0,0,0,0,0
36265,778,303727,0,0,0,0,1,0,0,0,0,0,0
36266,778,303728,0,0,0,0,1,0,0,0,0,0,0
36267,778,303729,0,0,0,0,1,0,0,0,0,0,0
36268,778,303730,0,0,0,0,1,0,0,0,0,0,0
36269,778,303731,0,0,0,0,1,0,0,0,0,0,0
36270,778,303732,0,0,0,0,1,0,0,0,0,0,0
36271,778,303733,0,0,0,0,1,0,0,0,0,0,0
36272,778,303734,0,0,0,0,1,0,0,0,0,0,0
36273,778,303735,0,0,0,0,1,0,0,0,0,0,0
36274,778,303736,0,0,0,0,1,0,0,0,0,0,0
36275,778,303737,0,0,0,0,1,0,0,0,0,0,0
36276,778,303738,0,0,0,0,1,0,0,0,0,0,0
36277,778,303739,0,0,0,0,1,0,0,0,0,0,0
36278,778,303740,0,0,0,0,1,0,0,0,0,0,0
36279,778,303741,0,0,0,0,1,0,0,0,0,0,0
36280,778,303742,0,0,0,0,1,0,0,0,0,0,0
36281,778,303743,0,0,0,0,1,0,0,0,0,0,0
36282,778,303744,0,0,0,0,1,0,0,0,0,0,0
36283,778,303745,0,0,0,0,1,0,0,0,0,0,0
36284,778,303746,0,0,0,0,1,0,0,0,0,0,0
36285,778,303747,0,0,0,0,1,0,0,0,0,0,0
36286,778,303748,0,0,0,0,1,0,0,0,0,0,0
36287,778,303749,0,0,0,0,1,0,0,0,0,0,0
36288,778,303750,0,0,0,0,1,0,0,0,0,0,0
36289,778,303751,0,0,0,0,1,0,0,0,0,0,0
36290,778,303752,0,0,0,0,1,0,0,0,0,0,0
36291,778,303753,0,0,0,0,1,0,0,0,0,0,0
36292,778,303754,0,0,0,0,1,0,0,0,0,0,0
36293,778,303755,0,0,0,0,1,0,0,0,0,0,0
36294,778,303756,0,0,0,0,1,0,0,0,0,0,0
36295,778,303757,0,0,0,0,1,0,0,0,0,0,0
36296,778,303758,0,0,0,0,1,0,0,0,0,0,0
36297,778,303759,0,0,0,0,1,0,0,0,0,0,0
36298,778,303760,0,0,0,0,1,0,0,0,0,0,0
36299,778,303761,0,0,0,0,1,0,0,0,0,0,0
36300,778,303762,0,0,0,0,1,0,0,0,0,0,0
36301,778,303763,0,0,0,0,1,0,0,0,0,0,0
36302,778,303764,0,0,0,0,1,0,0,0,0,0,0
36303,778,303765,0,0,0,0,1,0,0,0,0,0,0
36304,778,303766,0,0,0,0,1,0,0,0,0,0,0
36305,778,303767,0,0,0,0,1,0,0,0,0,0,0
36306,778,303768,0,0,0,0,1,0,0,0,0,0,0
36307,778,303769,0,0,0,0,1,0,0,0,0,0,0
36308,778,303770,0,0,0,0,1,0,0,0,0,0,0
36309,778,303771,0,0,0,0,1,0,0,0,0,0,0
36310,778,303772,0,0,0,0,1,0,0,0,0,0,0
36311,778,303773,0,0,0,0,1,0,0,0,0,0,0
36312,778,303774,0,0,0,0,1,0,0,0,0,0,0
36313,778,303775,0,0,0,0,1,0,0,0,0,0,0
36314,778,303776,0,0,0,0,1,0,0,0,0,0,0
36315,778,303777,0,0,0,0,1,0,0,0,0,0,0
36316,778,303778,0,0,0,0,1,0,0,0,0,0,0
36317,778,303779,0,0,0,0,1,0,0,0,0,0,0
36318,778,303780,0,0,0,0,1,0,0,0,0,0,0
36319,778,303781,0,0,0,0,1,0,0,0,0,0,0
36320,778,303782,0,0,0,0,1,0,0,0,0,0,0
36321,778,303783,0,0,0,0,1,0,0,0,0,0,0
36322,778,303784,0,0,0,0,1,0,0,0,0,0,0
36323,778,303785,0,0,0,0,1,0,0,0,0,0,0
36324,778,303786,0,0,0,0,1,0,0,0,0,0,0
36325,778,303787,0,0,0,0,1,0,0,0,0,0,0
36326,778,303788,0,0,0,0,1,0,0,0,0,0,0
36327,778,303789,0,0,0,0,1,0,0,0,0,0,0
36328,778,303790,0,0,0,0,1,0,0,0,0,0,0
36329,778,303791,0,0,0,0,1,0,0,0,0,0,0
36330,778,303792,0,0,0,0,1,0,0,0,0,0,0
36331,778,303793,0,0,0,0,1,0,0,0,0,0,0
36332,778,303794,0,0,0,0,1,0,0,0,0,0,0
36333,778,303795,0,0,0,0,1,0,0,0,0,0,0
36334,778,303796,0,0,0,0,1,0,0,0,0,0,0
36335,778,303797,0,0,0,0,1,0,0,0,0,0,0
36336,778,303798,0,0,0,0,1,0,0,0,0,0,0
36337,778,303799,0,0,0,0,1,0,0,0,0,0,0
36338,778,303800,0,0,0,0,1,0,0,0,0,0,0
36339,778,303801,0,0,0,0,1,0,0,0,0,0,0
36340,778,303802,0,0,0,0,1,0,0,0,0,0,0
36341,778,303803,0,0,0,0,1,0,0,0,0,0,0
36342,778,303804,0,0,0,0,1,0,0,0,0,0,0
36343,778,303805,0,0,0,0,1,0,0,0,0,0,0
36344,778,303806,0,0,0,0,1,0,0,0,0,0,0
36345,778,303807,0,0,0,0,1,0,0,0,0,0,0
36346,778,303808,0,0,0,0,1,0,0,0,0,0,0
36347,778,303809,0,0,0,0,1,0,0,0,0,0,0
36348,778,303810,0,0,0,0,1,0,0,0,0,0,0
36349,778,303811,0,0,0,0,1,0,0,0,0,0,0
36350,778,303812,0,0,0,0,1,0,0,0,0,0,0
36351,778,303813,0,0,0,0,1,0,0,0,0,0,0
36352,778,303814,0,0,0,0,1,0,0,0,0,0,0
36353,778,303815,0,0,0,0,1,0,0,0,0,0,0
36354,778,303816,0,0,0,0,1,0,0,0,0,0,0
36355,778,303817,0,0,0,0,1,0,0,0,0,0,0
36356,778,303818,0,0,0,0,1,0,0,0,0,0,0
36357,778,303819,0,0,0,0,1,0,0,0,0,0,0
36358,778,303820,0,0,0,0,1,0,0,0,0,0,0
36359,778,303821,0,0,0,0,1,0,0,0,0,0,0
36360,778,303822,0,0,0,0,1,0,0,0,0,0,0
36361,778,303823,0,0,0,0,1,0,0,0,0,0,0
36362,778,303824,0,0,0,0,1,0,0,0,0,0,0
36363,778,303825,0,0,0,0,1,0,0,0,0,0,0
36364,778,303826,0,0,0,0,1,0,0,0,0,0,0
36365,778,303827,0,0,0,0,1,0,0,0,0,0,0
36366,778,303828,0,0,0,0,1,0,0,0,0,0,0
36367,778,303829,0,0,0,0,1,0,0,0,0,0,0
36368,778,303830,0,0,0,0,1,0,0,0,0,0,0
36369,778,303831,0,0,0,0,1,0,0,0,0,0,0
36370,778,303832,0,0,0,0,1,0,0,0,0,0,0
36371,778,303833,0,0,0,0,1,0,0,0,0,0,0
36372,778,303834,0,0,0,0,1,0,0,0,0,0,0
36373,778,303835,0,0,0,0,1,0,0,0,0,0,0
36374,778,303836,0,0,0,0,1,0,0,0,0,0,0
36375,778,303837,0,0,0,0,1,0,0,0,0,0,0
36376,778,303838,0,0,0,0,1,0,0,0,0,0,0
36377,778,303839,0,0,0,0,1,0,0,0,0,0,0
36378,778,303840,0,0,0,0,1,0,0,0,0,0,0
36379,778,303841,0,0,0,0,1,0,0,0,0,0,0
36380,778,303842,0,0,0,0,1,0,0,0,0,0,0
36381,778,303843,0,0,0,0,1,0,0,0,0,0,0
36382,778,303844,0,0,0,0,1,0,0,0,0,0,0
36383,778,303845,0,0,0,0,1,0,0,0,0,0,0
36384,778,303846,0,0,0,0,1,0,0,0,0,0,0
36385,778,303847,0,0,0,0,1,0,0,0,0,0,0
36386,778,303848,0,0,0,0,1,0,0,0,0,0,0
36387,778,303849,0,0,0,0,1,0,0,0,0,0,0
36388,778,303850,0,0,0,0,1,0,0,0,0,0,0
36389,778,303851,0,0,0,0,1,0,0,0,0,0,0
36390,778,303852,0,0,0,0,1,0,0,0,0,0,0
36391,778,303853,0,0,0,0,1,0,0,0,0,0,0
36392,778,303854,0,0,0,0,1,0,0,0,0,0,0
36393,778,303855,0,0,0,0,1,0,0,0,0,0,0
36394,778,303856,0,0,0,0,1,0,0,0,0,0,0
36395,778,303857,0,0,0,0,1,0,0,0,0,0,0
36396,778,303858,0,0,0,0,1,0,0,0,0,0,0
36397,778,303859,0,0,0,0,1,0,0,0,0,0,0
36398,778,303860,0,0,0,0,1,0,0,0,0,0,0
36399,778,303861,0,0,0,0,1,0,0,0,0,0,0
36400,778,303862,0,0,0,0,1,0,0,0,0,0,0
36401,778,303863,0,0,0,0,1,0,0,0,0,0,0
36402,778,303864,0,0,0,0,1,0,0,0,0,0,0
36403,778,303866,0,0,0,0,1,0,0,0,0,0,0
36404,778,303867,0,0,0,0,1,0,0,0,0,0,0
36405,778,303868,0,0,0,0,1,0,0,0,0,0,0
36406,778,303869,0,0,0,0,1,0,0,0,0,0,0
36407,778,303870,0,0,0,0,1,0,0,0,0,0,0
36408,778,303871,0,0,0,0,1,0,0,0,0,0,0
36409,778,351000,0,0,0,0,1,0,0,0,0,0,0
36410,778,351001,0,0,0,0,1,0,0,0,0,0,0
36411,778,351002,0,0,0,0,1,0,0,0,0,0,0
36412,778,351003,0,0,0,0,1,0,0,0,0,0,0
36413,778,351004,0,0,0,0,1,0,0,0,0,0,0
36414,778,351005,0,0,0,0,1,0,0,0,0,0,0
36415,778,351006,0,0,0,0,1,0,0,0,0,0,0
36416,778,351007,0,0,0,0,1,0,0,0,0,0,0
36417,778,351008,0,0,0,0,1,0,0,0,0,0,0
36418,778,351009,0,0,0,0,1,0,0,0,0,0,0
36419,778,351010,0,0,0,0,1,0,0,0,0,0,0
36420,778,351011,0,0,0,0,1,0,0,0,0,0,0
36421,778,351012,0,0,0,0,1,0,0,0,0,0,0
36422,778,351013,0,0,0,0,1,0,0,0,0,0,0
36423,778,351014,0,0,0,0,1,0,0,0,0,0,0
36424,778,351015,0,0,0,0,1,0,0,0,0,0,0
36425,778,351016,0,0,0,0,1,0,0,0,0,0,0
36426,778,351017,0,0,0,0,1,0,0,0,0,0,0
36427,778,351018,0,0,0,0,1,0,0,0,0,0,0
36428,778,351019,0,0,0,0,1,0,0,0,0,0,0
36429,778,351020,0,0,0,0,1,0,0,0,0,0,0
36430,778,351021,0,0,0,0,1,0,0,0,0,0,0
36431,778,351022,0,0,0,0,1,0,0,0,0,0,0
36432,778,351023,0,0,0,0,1,0,0,0,0,0,0
36433,778,351024,0,0,0,0,1,0,0,0,0,0,0
36434,778,351025,0,0,0,0,1,0,0,0,0,0,0
36435,778,351026,0,0,0,0,1,0,0,0,0,0,0
36436,778,351027,0,0,0,0,1,0,0,0,0,0,0
36437,778,351028,0,0,0,0,1,0,0,0,0,0,0
36438,778,351029,0,0,0,0,1,0,0,0,0,0,0
36439,778,351030,0,0,0,0,1,0,0,0,0,0,0
36440,778,351031,0,0,0,0,1,0,0,0,0,0,0
36441,778,351032,0,0,0,0,1,0,0,0,0,0,0
36442,778,351033,0,0,0,0,1,0,0,0,0,0,0
36443,778,351034,0,0,0,0,1,0,0,0,0,0,0
36444,778,351035,0,0,0,0,1,0,0,0,0,0,0
36445,778,351036,0,0,0,0,1,0,0,0,0,0,0
36446,778,351037,0,0,0,0,1,0,0,0,0,0,0
36447,778,351038,0,0,0,0,1,0,0,0,0,0,0
36448,778,351039,0,0,0,0,1,0,0,0,0,0,0
36449,778,351040,0,0,0,0,1,0,0,0,0,0,0
36450,778,351041,0,0,0,0,1,0,0,0,0,0,0
36451,778,351042,0,0,0,0,1,0,0,0,0,0,0
36452,778,351043,0,0,0,0,1,0,0,0,0,0,0
36453,778,351044,0,0,0,0,1,0,0,0,0,0,0
36454,778,351045,0,0,0,0,1,0,0,0,0,0,0
36455,778,351046,0,0,0,0,1,0,0,0,0,0,0
36456,778,351047,0,0,0,0,1,0,0,0,0,0,0
36457,778,351048,0,0,0,0,1,0,0,0,0,0,0
36458,778,351049,0,0,0,0,1,0,0,0,0,0,0
36459,778,351050,0,0,0,0,1,0,0,0,0,0,0
36460,778,351051,0,0,0,0,1,0,0,0,0,0,0
36461,778,351052,0,0,0,0,1,0,0,0,0,0,0
36462,778,351053,0,0,0,0,1,0,0,0,0,0,0
36463,778,351054,0,0,0,0,1,0,0,0,0,0,0
36464,778,351055,0,0,0,0,1,0,0,0,0,0,0
36465,778,351056,0,0,0,0,1,0,0,0,0,0,0
36466,778,351057,0,0,0,0,1,0,0,0,0,0,0
36467,778,351058,0,0,0,0,1,0,0,0,0,0,0
36468,778,351059,0,0,0,0,1,0,0,0,0,0,0
36469,778,351060,0,0,0,0,1,0,0,0,0,0,0
36470,778,351061,0,0,0,0,1,0,0,0,0,0,0
36471,778,351062,0,0,0,0,1,0,0,0,0,0,0
36472,778,351063,0,0,0,0,1,0,0,0,0,0,0
36473,778,351064,0,0,0,0,1,0,0,0,0,0,0
36474,778,351065,0,0,0,0,1,0,0,0,0,0,0
36475,778,351066,0,0,0,0,1,0,0,0,0,0,0
36476,778,351067,0,0,0,0,1,0,0,0,0,0,0
36477,778,351068,0,0,0,0,1,0,0,0,0,0,0
36478,778,351069,0,0,0,0,1,0,0,0,0,0,0
36479,778,351070,0,0,0,0,1,0,0,0,0,0,0
36480,778,351071,0,0,0,0,1,0,0,0,0,0,0
36481,778,351072,0,0,0,0,1,0,0,0,0,0,0
36482,778,351073,0,0,0,0,1,0,0,0,0,0,0
36483,778,351074,0,0,0,0,1,0,0,0,0,0,0
36484,778,351075,0,0,0,0,1,0,0,0,0,0,0
36485,778,351076,0,0,0,0,1,0,0,0,0,0,0
36486,778,351077,0,0,0,0,1,0,0,0,0,0,0
36487,778,351078,0,0,0,0,1,0,0,0,0,0,0
36488,778,351079,0,0,0,0,1,0,0,0,0,0,0
36489,778,351080,0,0,0,0,1,0,0,0,0,0,0
36490,778,351081,0,0,0,0,1,0,0,0,0,0,0
36491,778,351082,0,0,0,0,1,0,0,0,0,0,0
36492,778,351083,0,0,0,0,1,0,0,0,0,0,0
36493,778,351084,0,0,0,0,1,0,0,0,0,0,0
36494,778,351085,0,0,0,0,1,0,0,0,0,0,0
36495,778,351086,0,0,0,0,1,0,0,0,0,0,0
36496,778,351087,0,0,0,0,1,0,0,0,0,0,0
36497,778,351088,0,0,0,0,1,0,0,0,0,0,0
36498,778,351089,0,0,0,0,1,0,0,0,0,0,0
36499,778,351090,0,0,0,0,1,0,0,0,0,0,0
36500,778,351091,0,0,0,0,1,0,0,0,0,0,0
36501,778,351092,0,0,0,0,1,0,0,0,0,0,0
36502,778,351093,0,0,0,0,1,0,0,0,0,0,0
36503,778,351094,0,0,0,0,1,0,0,0,0,0,0
36504,778,351095,0,0,0,0,1,0,0,0,0,0,0
36505,778,351096,0,0,0,0,1,0,0,0,0,0,0
36506,778,351097,0,0,0,0,1,0,0,0,0,0,0
36507,778,351098,0,0,0,0,1,0,0,0,0,0,0
36508,778,351099,0,0,0,0,1,0,0,0,0,0,0
36509,778,351100,0,0,0,0,1,0,0,0,0,0,0
36510,778,351101,0,0,0,0,1,0,0,0,0,0,0
36511,778,351102,0,0,0,0,1,0,0,0,0,0,0
36512,778,351103,0,0,0,0,1,0,0,0,0,0,0
36513,778,351104,0,0,0,0,1,0,0,0,0,0,0
36514,778,351105,0,0,0,0,1,0,0,0,0,0,0
36515,778,351106,0,0,0,0,1,0,0,0,0,0,0
36516,778,351107,0,0,0,0,1,0,0,0,0,0,0
36517,778,351108,0,0,0,0,1,0,0,0,0,0,0
36518,778,351109,0,0,0,0,1,0,0,0,0,0,0
36519,778,351110,0,0,0,0,1,0,0,0,0,0,0
36520,778,351111,0,0,0,0,1,0,0,0,0,0,0
36521,778,351112,0,0,0,0,1,0,0,0,0,0,0
36522,778,351113,0,0,0,0,1,0,0,0,0,0,0
36523,778,351114,0,0,0,0,1,0,0,0,0,0,0
36524,778,351115,0,0,0,0,1,0,0,0,0,0,0
36525,778,351116,0,0,0,0,1,0,0,0,0,0,0
36526,778,351117,0,0,0,0,1,0,0,0,0,0,0
36527,778,351118,0,0,0,0,1,0,0,0,0,0,0
36528,778,351119,0,0,0,0,1,0,0,0,0,0,0
36529,778,351120,0,0,0,0,1,0,0,0,0,0,0
36530,778,351121,0,0,0,0,1,0,0,0,0,0,0
36531,778,351122,0,0,0,0,1,0,0,0,0,0,0
36532,778,351123,0,0,0,0,1,0,0,0,0,0,0
36533,778,351124,0,0,0,0,1,0,0,0,0,0,0
36534,778,351125,0,0,0,0,1,0,0,0,0,0,0
36535,778,351126,0,0,0,0,1,0,0,0,0,0,0
36536,778,351127,0,0,0,0,1,0,0,0,0,0,0
36537,778,351128,0,0,0,0,1,0,0,0,0,0,0
36538,778,351129,0,0,0,0,1,0,0,0,0,0,0
36539,778,351130,0,0,0,0,1,0,0,0,0,0,0
36540,778,351131,0,0,0,0,1,0,0,0,0,0,0
36541,778,351132,0,0,0,0,1,0,0,0,0,0,0
36542,778,351133,0,0,0,0,1,0,0,0,0,0,0
36543,778,351134,0,0,0,0,1,0,0,0,0,0,0
36544,778,351135,0,0,0,0,1,0,0,0,0,0,0
36545,778,351136,0,0,0,0,1,0,0,0,0,0,0
36546,778,351137,0,0,0,0,1,0,0,0,0,0,0
36547,778,351138,0,0,0,0,1,0,0,0,0,0,0
36548,778,351139,0,0,0,0,1,0,0,0,0,0,0
36549,778,351140,0,0,0,0,1,0,0,0,0,0,0
36550,778,351141,0,0,0,0,1,0,0,0,0,0,0
36551,778,351142,0,0,0,0,1,0,0,0,0,0,0
36552,778,351143,0,0,0,0,1,0,0,0,0,0,0
36553,778,351144,0,0,0,0,1,0,0,0,0,0,0
36554,778,351145,0,0,0,0,1,0,0,0,0,0,0
36555,778,351146,0,0,0,0,1,0,0,0,0,0,0
36556,778,351147,0,0,0,0,1,0,0,0,0,0,0
36557,778,351148,0,0,0,0,1,0,0,0,0,0,0
36558,778,351149,0,0,0,0,1,0,0,0,0,0,0
36559,778,351150,0,0,0,0,1,0,0,0,0,0,0
36560,778,351151,0,0,0,0,1,0,0,0,0,0,0
36561,778,351152,0,0,0,0,1,0,0,0,0,0,0
36562,778,351153,0,0,0,0,1,0,0,0,0,0,0
36563,778,351154,0,0,0,0,1,0,0,0,0,0,0
36564,778,351155,0,0,0,0,1,0,0,0,0,0,0
