ID,Flags,AttachmentID,AttachmentOffsetX,AttachmentOffsetY,AttachmentOffsetZ,EnterPreDelay,EnterSpeed,EnterGravity,EnterMinDuration,EnterMaxDuration,EnterMinArcHeight,EnterMaxArcHeight,EnterAnimStart,EnterAnimLoop,RideAnimStart,RideAnimLoop,RideUpperAnimStart,RideUpperAnimLoop,ExitPreDelay,ExitSpeed,ExitGravity,ExitMinDuration,ExitMaxDuration,ExitMinArcHeight,ExitMaxArcHeight,ExitAnimStart,ExitAnimLoop,ExitAnimEnd,PassengerYaw,PassengerPitch,PassengerRoll,PassengerAttachmentID,VehicleEnterAnim,VehicleExitAnim,VehicleRideAnimLoop,VehicleEnterAnimBone,VehicleExitAnimBone,VehicleRideAnimBone,VehicleEnterAnimDelay,VehicleExitAnimDelay,VehicleAbilityDisplay,EnterUISoundID,ExitUISoundID,UiSkin,FlagsB,CameraEnteringDelay,CameraEnteringDuration,CameraExitingDelay,CameraExitingDuration,CameraOffsetX,CameraOffsetY,CameraOffsetZ,CameraPosChaseRate,CameraFacingChaseRate,CameraEnteringZoom,CameraSeatZoomMin,CameraSeatZoomMax
121,33621015,0,0,0,-0.38,0,7,19.29,0,1,0,4,37,38,-1,102,128,123,0,7,19.29,0,1,0,4,37,38,39,0,0,0,-1,-1,-1,-1,-1,-1,-1,0,0,1,0,0,0,0,0,0,0,0,0,0,0,0,0,0,0,0
141,33554434,1,-0.15,-0.3,0.25,0,7,19.29,0,1,0,4,37,38,96,97,97,97,0,7,19.29,0,1,0,4,37,38,39,0,0,0,-1,-1,-1,-1,-1,-1,-1,0,0,1,0,0,0,0,0,0,0,0,0,0,0,0,0,0,0,0
201,33619985,2,0,0.3,0,0,7,19.29,0,1,0,4,37,38,-1,102,128,123,0,7,19.29,0,1,0,4,37,38,39,0,0,0,-1,-1,-1,-1,-1,-1,-1,0,0,1,0,0,0,0,0,0,0,0,0,0,0,0,0,0,0,0
202,33554439,5,0,0,0,0,7,19.29,0,1,0,4,37,38,97,97,97,97,0,7,19.29,0,1,0,4,37,38,39,0,0,0,-1,-1,-1,-1,-1,-1,-1,0,0,1,0,0,0,0,0,0,0,0,0,0,0,0,0,0,0,0
203,33587209,2,0,0,0,0,7,19.29,0,1,0,4,37,38,-1,102,128,123,0,7,19.29,0,1,0,4,37,38,39,0,0,0,-1,-1,-1,-1,-1,-1,-1,0,0,1,0,0,0,0,0,0,0,0,0,0,0,0,0,0,0,0
221,1645251080,2,0,0,0,0,7,19.29,0,1,0,4,37,38,-1,102,128,123,0,7,19.29,0,1,0,4,37,38,39,0,0,0,-1,-1,-1,-1,-1,-1,-1,0,0,1,0,0,1,0,0,0,0,0,0,0,0,0,0,0,0,0
241,33587215,3,0,0,-1.5,0,7,19.29,0,1,0,4,37,38,14,14,14,14,0,7,19.29,0,1,0,4,37,38,39,0,0,0,-1,-1,-1,-1,-1,-1,-1,0,0,1,0,0,0,0,0,0,0,0,0,0,0,0,0,0,0,0
261,1645283347,21,0,0,0,0,7,19.29,0,1,0,4,37,38,-1,102,128,123,0,7,19.29,0,1,0,4,37,38,39,0,0,0,-1,-1,-1,-1,-1,-1,-1,0,0,1,0,0,1,0,0,0,0,0,0,0,1.15,0,0,0,0,0
281,33587849,2,0,0,0,0,7,19.29,0,1,0,4,37,38,-1,102,128,123,0,7,19.29,0,1,0,4,37,38,39,0,0,0,-1,-1,-1,-1,-1,-1,-1,0,0,1,0,0,0,0,0,0,0,0,0,0,0,0,0,0,0,0
305,1192306699,-1,0,0,0,0,7,19.29,0.6,1,1.5,4,-1,-1,-1,5,-1,-1,0,7,19.29,0.6,1.2,1.5,4,-1,-1,-1,0,0,0,-1,-1,-1,-1,-1,-1,-1,0,0,1,0,0,0,0,0,0,0,0,0,0,0,0,0,0,0,0
341,1107331083,21,0,0,0,0,7,19.29,0,1,0,4,37,38,-1,91,128,123,0,7,19.29,0,1,0,4,37,38,39,0,0,0,-1,-1,-1,-1,-1,-1,-1,0,0,1,0,0,0,0,0,0,0,0,0,0,0,0,0,0,0,0
365,1645250575,13,0,0,0,0,7,19.29,0,1,0,4,37,38,-1,91,128,123,0,7,19.29,0,1,0,4,37,38,39,0,0,0,-1,-1,-1,-1,-1,-1,-1,0,0,1,0,0,1,0,0,0,0,0,0,0,0,0,0,0,0,0
366,33554435,14,0,0,0,0,7,19.29,0,1,0,4,37,38,-1,91,128,123,0,7,19.29,0,1,0,4,37,38,39,0,0,0,-1,-1,-1,-1,-1,-1,-1,0,0,1,0,0,0,0,0,0,0,0,0,0,0,0,0,0,0,0
367,33554435,15,0,0,0,0,7,19.29,0,1,0,4,37,38,-1,91,128,123,0,7,19.29,0,1,0,4,37,38,39,0,0,0,-1,-1,-1,-1,-1,-1,-1,0,0,1,0,0,0,0,0,0,0,0,0,0,0,0,0,0,0,0
368,33554435,16,0,0,0,0,7,19.29,0,1,0,4,37,38,-1,91,128,123,0,7,19.29,0,1,0,4,37,38,39,0,0,0,-1,-1,-1,-1,-1,-1,-1,0,0,1,0,0,0,0,0,0,0,0,0,0,0,0,0,0,0,0
381,34635883,20,0,0,0,0,7,19.29,0,1,0,4,37,38,-1,216,-1,18,0.5,7,19.29,0,1,0,4,218,38,39,0,0,0,-1,-1,-1,-1,-1,-1,-1,0,0,1,0,0,0,0,0,0,0,0,0,0,0,0,0,0,0,0
382,34635883,19,0,0,0,0,7,19.29,0,1,0,4,37,38,-1,217,217,217,0.5,7,19.29,0,1,0,4,219,38,39,0,0,0,-1,-1,-1,-1,-1,-1,-1,0,0,1,0,0,0,0,0,0,0,0,0,0,0,0,0,0,0,0
383,34635883,16,0,0,0,0,7,19.29,0,1,0,4,37,38,-1,216,216,216,0.5,7,19.29,0,1,0,4,218,38,39,0,0,0,-1,-1,-1,-1,-1,-1,-1,0,0,1,0,0,0,0,0,0,0,0,0,0,0,0,0,0,0,0
384,34635883,15,0,0,0,0,7,19.29,0,1,0,4,37,38,-1,217,217,217,0.5,7,19.29,0,1,0,4,219,38,39,0,0,0,-1,-1,-1,-1,-1,-1,-1,0,0,1,0,0,0,0,0,0,0,0,0,0,0,0,0,0,0,0
411,33587311,20,0,0,0,0,7,19.29,0,1,0,4,37,38,-1,216,216,216,0,7,19.29,0,1,0,4,218,38,39,0,0,0,-1,-1,-1,-1,-1,-1,-1,0,0,1,0,0,0,0,0,0,0,0,0,0,0,0,0,0,0,0
412,33587311,19,0,0,0,0,7,19.29,0,1,0,4,37,38,-1,217,217,217,0,7,19.29,0,1,0,4,219,38,39,0,0,0,-1,-1,-1,-1,-1,-1,-1,0,0,1,0,0,0,0,0,0,0,0,0,0,0,0,0,0,0,0
413,33587309,16,0,0,0,0,7,19.29,0,1,0,4,37,38,-1,216,216,216,0,7,19.29,0,1,0,4,218,38,39,0,0,0,-1,-1,-1,-1,-1,-1,-1,0,0,1,0,0,0,0,0,0,0,0,0,0,0,0,0,0,0,0
414,33587309,15,0,0,0,0,7,19.29,0,1,0,4,37,38,-1,217,217,217,0,7,19.29,0,1,0,4,219,38,39,0,0,0,-1,-1,-1,-1,-1,-1,-1,0,0,1,0,0,0,0,0,0,0,0,0,0,0,0,0,0,0,0
415,33587309,13,0,0,0,0,7,19.29,0,1,0,4,37,38,-1,216,216,216,0,7,19.29,0,1,0,4,218,38,39,0,0,0,-1,-1,-1,-1,-1,-1,-1,0,0,1,0,0,0,0,0,0,0,0,0,0,0,0,0,0,0,0
416,33587309,14,0,0,0,0,7,19.29,0,1,0,4,37,38,-1,217,216,216,0,7,19.29,0,1,0,4,219,38,39,0,0,0,-1,-1,-1,-1,-1,-1,-1,0,0,1,0,0,0,0,0,0,0,0,0,0,0,0,0,0,0,0
417,33587213,21,0,0,0,0,7,19.29,0,1,0,4,37,38,-1,102,220,220,0,7,19.29,0,1,0,4,37,38,39,0,0,0,-1,-1,-1,-1,-1,-1,-1,0,0,1,0,0,0,0,0,0,0,0,0,0,0,0,0,0,0,0
422,1644201995,21,0,0,0,0,7,19.23,0,1,0,4,37,38,91,91,91,91,0,7,19.23,0,1,0,4,37,38,39,0,0,0,-1,-1,-1,-1,-1,-1,-1,0,0,1,0,0,0,0,0,0,0,0,0,0,0,0,0,0,0,0
441,1610647567,13,0,0,1.7,0,7,19.29,0,1,0,4,37,38,-1,102,128,123,0,7,19.29,0,1,0,4,37,38,39,0,0,0,-1,-1,-1,-1,-1,-1,-1,0,0,1,0,0,0,0,0,0,0,0,0,0,0,0,0,0,0,0
461,33570923,21,0,0,-5,0,7,0,0,1,0,0,37,38,-1,102,128,123,0,7,19.29,0,1,0,4,37,38,39,0,0,0,-1,-1,-1,-1,-1,-1,-1,0,0,1,0,0,0,0,0,0,0,0,0,0,0,0,0,0,0,0
481,34635787,21,0,0,0,0,7,19.29,0,0,0,0,37,38,-1,220,128,123,0,7,19.29,0,0,0,0,37,38,0,0,0,0,-1,-1,-1,-1,-1,-1,-1,0,0,1,0,0,0,0,0,0,0,0,0,0,0,0,0,0,0,0
482,34635883,13,0,0,0,0,7,19.29,0,0,0,0,37,38,-1,217,216,216,0.5,7,19.29,0,0,0,0,218,38,0,0,0,0,-1,-1,-1,-1,-1,-1,-1,0,0,1,0,0,0,0,0,0,0,0,0,0,0,0,0,0,0,0
483,34635883,14,0,0,0,0,7,19.29,0,0,0,0,37,38,-1,216,217,217,0.5,7,19.29,0,0,0,0,219,38,0,0,0,0,-1,-1,-1,-1,-1,-1,-1,0,0,1,0,0,0,0,0,0,0,0,0,0,0,0,0,0,0,0
502,33587211,21,0,0,0,0,7,19.23,0,1,0,4,37,38,91,91,91,91,0,7,19.23,0,1,0,4,37,38,39,0,0,0,-1,-1,-1,-1,-1,-1,-1,0,0,1,0,0,0,0,0,0,0,0,0,0,0,0,0,0,0,0
522,33587209,21,0,0,0,0,7,19.23,0,1,0,4,37,38,91,91,91,91,0,7,19.23,0,1,0,4,37,38,39,0,0,0,-1,-1,-1,-1,-1,-1,-1,0,0,1,0,0,0,0,0,0,0,0,0,0,0,0,0,0,0,0
541,33587215,13,0,0,-5,0,7,19.29,0,0,1,4,37,38,-1,102,40,123,0,7,19.29,0,0,1,4,37,38,39,0,0,0,-1,-1,-1,-1,-1,-1,-1,0,0,1,0,0,0,0,0,0,0,0,0,0,0,0,0,0,0,0
561,1124109323,13,0,0,0,0,7,19.29,0,2,1,4,37,38,-1,91,-1,91,0,7,19.29,0,2,1,4,37,38,39,0,0,0,-1,-1,-1,-1,-1,-1,-1,0,0,1,0,0,0,0,0,0,0,0,0,0,0,0,0,0,0,0
581,33587273,-1,0,0,0,0,12,4,0,0,10,10,37,40,-1,102,128,123,0,7,19.29,0,0,1,4,37,38,181,0,0,0,-1,-1,-1,-1,-1,-1,-1,0,0,1,0,0,0,0,0,0,0,0,0,0,0,0,0,0,0,0
601,33587211,21,0,0,0,0,7,19.29,0,0,1,4,37,38,-1,91,91,91,0,7,19.29,0,0,1,4,37,38,39,0,0,0,-1,-1,-1,-1,-1,-1,-1,0,0,1,0,0,0,0,0,0,0,0,0,0,0,0,0,0,0,0
621,33587215,5,0.2,0,-0.2,0,7,19.29,0,0,1,4,37,38,1,6,1,6,0,7,19.29,0,0,1,4,37,38,39,0,0,0,-1,-1,-1,-1,-1,-1,-1,0,0,1,0,0,0,0,0,0,0,0,0,0,0,0,0,0,0,0
644,1644201995,13,0,0,0,0,7,19.29,0,1,0,4,37,38,-1,91,91,91,0,7,19.29,0,1,0,4,37,38,39,0,0,0,-1,-1,-1,-1,-1,-1,-1,0,0,1,0,0,1,0,0,0,0,0,0,0,0,0,0,0,0,0
645,33587241,-1,0,0,0,0,40,19,0,0,10,10,37,25,-1,102,128,123,0,7,19.29,0,0,1,4,37,38,181,0,0,0,-1,-1,-1,-1,-1,-1,-1,0,0,1,0,0,0,0,0,0,0,0,0,0,0,0,0,0,0,0
647,33587241,-1,0,0,0,0,50,19,0,0,1,1,1,130,-1,102,128,123,0,7,19.29,0,0,1,4,37,38,39,0,0,0,-1,-1,-1,-1,-1,-1,-1,0,0,1,0,0,0,0,0,0,0,0,0,0,0,0,0,0,0,0
662,1644234771,21,0,0,0,0,7,19.29,0,0,1,4,37,38,-1,91,91,91,0,7,19.29,0,0,1,4,37,38,39,0,0,0,-1,-1,-1,-1,-1,-1,-1,0,0,1,0,0,0,0,0,0,0,0,0,0,0,0,0,0,0,0
682,32783,21,0,0,0,0,7,19.29,0,0,1,4,37,38,91,91,91,91,0,7,19.29,0,0,1,4,37,38,39,0,0,0,-1,-1,-1,-1,-1,-1,-1,0,0,1,0,0,0,16777216,0,0,0,0,0,0,0,0,0,0,0,0
701,33619987,14,0,0,0,0,7,19.29,0,2,1,4,37,38,96,97,128,123,0,7,19.29,0,0,1,4,37,38,39,0,0,0,-1,-1,-1,-1,-1,-1,-1,0,0,1,0,0,0,0,0,0,0,0,0,0,0,0,0,0,0,0
722,1107331593,-1,0,0,0,0,7,19.29,0,0,1,4,37,38,-1,102,128,123,0,7,19.29,0,0,1,4,37,38,39,0,0,0,-1,-1,-1,-1,-1,-1,-1,0,0,1,0,0,0,0,0,0,0,0,0,0,0,0,0,0,0,0
723,1645251081,21,0,0,0,0,7,19.29,0,0,1,4,37,38,-1,102,128,123,0,7,19.29,0,0,1,4,37,38,39,0,0,0,-1,-1,-1,-1,-1,-1,-1,0,0,1,0,0,0,0,0,0,0,0,0,0,0,0,0,0,0,0
742,-503281653,21,0,0,0,0,7,19.23,0,1,0,4,37,38,-1,91,91,91,0,7,19.23,0,1,0,4,37,38,39,0,0,0,-1,-1,-1,-1,-1,-1,-1,0,0,1,13837,13835,0,0,0,0,0,0,0,0,0,0,0,0,0,0
762,1644169223,21,0,0,0,0,7,19.29,0,0,1,4,37,38,-1,91,91,91,0,7,19.29,0,0,1,4,37,38,39,0,0,0,-1,-1,-1,-1,-1,-1,-1,0,0,1,0,0,0,0,0,0,0,0,0,0,0,0,0,0,0,0
764,33554443,21,-0.75,0,0.2,0,7,19.29,0,0,1,4,37,38,-1,91,128,123,0,7,19.29,0,0,1,4,37,38,39,0,0,0,-1,-1,-1,-1,-1,-1,-1,0,0,1,0,0,0,0,0,0,0,0,0,0,0,0,0,0,0,0
767,33554436,13,0,0.3,-1.8,0,7,19.29,0,0,1,4,37,38,-1,25,25,25,0,7,19.29,0,0,1,4,37,40,39,0,0,0,-1,-1,-1,-1,-1,-1,-1,0,0,1,0,0,0,0,0,0,0,0,0,0,0,0,0,0,0,0
805,1191217673,13,0,0,0,0,7,19.29,0.4,0.8,0.8,4,37,38,96,97,-1,97,0,7,19.29,0.5,1,0.8,4,37,38,39,0,0,0,-1,-1,-1,-1,-1,-1,-1,0,0,1,0,0,0,0,0,0,0,0,0,0,0,0,0,0,0,0
806,251691529,13,0,0,0,0,7,19.29,0.4,0.8,0.8,4,37,38,96,97,-1,97,0,7,19.29,0.5,1,0.8,4,37,38,39,0,0,0,-1,-1,-1,-1,-1,-1,-1,0,0,1,0,0,0,0,0,0,0,0,0,0,0,0,0,0,0,0
807,251691529,13,0,0,0,0,7,19.29,0.4,0.8,0.8,4,37,38,96,97,-1,97,0,7,19.29,0.5,1,0.8,4,37,38,39,0,0,0,-1,-1,-1,-1,-1,-1,-1,0,0,1,0,0,0,0,0,0,0,0,0,0,0,0,0,0,0,0
808,251691529,13,0,0,0,0,7,19.29,0.4,0.8,0.8,4,37,38,96,97,-1,97,0,7,19.29,0.5,1,0.8,4,37,38,39,0,0,0,-1,-1,-1,-1,-1,-1,-1,0,0,1,0,0,0,0,0,0,0,0,0,0,0,0,0,0,0,0
809,33587211,21,0,0,0,0,7,19.29,0,0,1,4,37,38,91,91,91,91,0,7,19.29,0,0,1,4,37,38,39,0,0,0,-1,-1,-1,-1,-1,-1,-1,0,0,1,0,0,0,0,0,0,0,0,0,0,0,0,0,0,0,0
821,1645251087,21,0,0,0,0,7,19.29,0,0,1,4,37,38,-1,102,128,123,0,7,19.29,0,0,1,4,37,38,39,0,0,0,-1,-1,-1,-1,-1,-1,-1,0,0,1,0,0,1,0,0,0,0,0,0,0,0,0,0,0,0,0
841,1660979351,21,0,0,0,0,7,19.29,0,0,1,4,37,38,-1,91,91,-1,0,5,19.29,0,0,0,0,37,38,39,0,0,0,-1,-1,-1,-1,-1,-1,-1,0,0,1,0,0,0,0,0,0,0,0,0,0,0,0,0,0,0,0
861,34635787,21,0.2,0,0,0,7,19.29,0,0,1,1,37,38,91,91,91,91,0,7,19.29,0,0,1,4,37,38,39,0,0,0,-1,-1,-1,-1,-1,-1,-1,0,0,1,0,0,0,0,0,0,0,0,0,0,0,0,0,0,0,0
862,1645251595,21,-0.5,0,0,0,7,19.29,0,0,1,1,37,38,91,91,91,91,0,7,19.29,0,0,1,4,37,38,39,0,0,0,-1,-1,-1,-1,-1,-1,-1,0,0,1,0,0,0,1,0,0,0,0,0,0,0,0,0,0,0,0
864,1107331087,2,0,0,0,0,7,19.29,0,1,0,4,37,38,91,91,91,91,0,7,19.29,0,1,0,4,37,38,39,0,0,0,-1,-1,-1,-1,-1,-1,-1,0,0,1,0,0,0,0,0,0,0,0,0,0,0,0,0,0,0,0
882,33587214,5,0.25,0,-0.3,0,7,19.29,0,0,1,4,131,132,6,6,6,6,0,7,19.29,0,0,1,4,37,38,39,0,0,0,-1,-1,-1,-1,-1,-1,-1,0,0,1,0,0,0,0,0,0,0,0,0,0,0,0,0,0,0,0
901,33587209,2,0,0,0,0,8,10,3.5,3.5,3,3,37,40,-1,102,128,123,0,7,19.29,0,0,1,4,-1,-1,-1,0,0,0,-1,-1,-1,-1,-1,-1,-1,0,0,1,0,0,0,0,0,0,0,0,0,0,0,0,0,0,0,0
922,1644235287,21,0,0,0,0,7,19.29,0,0,1,4,37,38,-1,102,128,123,0,7,19.29,0,0,1,4,37,38,39,0,0,0,-1,-1,-1,-1,-1,-1,-1,0,0,1,0,0,1,0,0,0,0,0,0,0,0,0,0,0,0,0
945,1644234775,2,-4.4,0,4.25,0,7,19.29,0,1,0,4,37,38,-1,0,128,123,0,7,19.29,0,1,0,4,37,38,39,0,0,0,-1,-1,-1,-1,-1,-1,-1,0,0,1,0,0,1,0,0,0,0,0,0,0,0,0,0,0,0,0
946,33588239,14,0,0,0,0,7,19.29,0,1,0,4,37,38,-1,190,111,111,0,7,19.29,0,1,0,4,37,38,39,0,0,0,-1,-1,-1,-1,-1,-1,-1,0,0,1,0,0,0,0,0,0,0,0,0,0,0,0,0,0,0,0
949,33588239,2,3.35,-1.9,6.25,0,7,19.29,0,1,0,4,37,38,-1,102,48,110,0,7,19.29,0,1,0,4,37,38,39,0,0,0,-1,-1,-1,-1,-1,-1,-1,0,0,1,0,0,0,0,0,0,0,0,0,0,0,0,0,0,0,0
950,33588239,2,3.35,1.9,6.25,0,7,19.29,0,1,0,4,37,38,-1,102,48,110,0,7,19.29,0,1,0,4,37,38,39,0,0,0,-1,-1,-1,-1,-1,-1,-1,0,0,1,0,0,0,0,0,0,0,0,0,0,0,0,0,0,0,0
961,1627457559,21,0,0,0,0,7,19.29,0,0,1,4,37,38,-1,91,128,123,0,7,19.29,0,0,1,4,37,38,39,0,0,0,-1,-1,-1,-1,-1,-1,-1,0,0,1,0,0,1,0,0,0,0,0,0,0,0,0,0,0,0,0
981,33587213,9,0,0.2,0,0,7,19.29,0,0,1,4,37,38,-1,102,128,17,0,7,19.29,0,0,1,4,37,38,39,0,0,0,-1,-1,-1,-1,-1,-1,-1,0,0,1,0,0,0,0,0,0,0,0,0,0,0,0,0,0,0,0
1233,1107331085,5,0,0,0,0,7,19.29,0,0,1,4,37,38,-1,102,128,17,0,7,19.29,0,0,1,4,37,38,39,0,0,0,-1,-1,-1,-1,-1,-1,-1,0,0,1,0,0,0,0,0,0,0,0,0,0,0,0,0,0,0,0
1234,33587245,5,-1,0,0.2,0,21,19.29,0,0,1,4,37,38,-1,102,128,17,0,7,19.29,0,0,1,4,37,38,39,0,0,0,-1,-1,-1,-1,-1,-1,-1,0,0,1,0,0,0,0,0,0,0,0,0,0,0,0,0,0,0,0
1235,33587245,3,0,0,0.9,0,14,19.29,0,0,1,4,37,38,-1,102,128,17,0,7,19.29,0,0,1,4,37,38,39,0,0,0,-1,-1,-1,-1,-1,-1,-1,0,0,1,0,0,0,0,0,0,0,0,0,0,0,0,0,0,0,0
1236,33587245,4,0,0,1,0,14,19.29,0,0,1,4,37,38,-1,102,128,17,0,7,19.29,0,0,1,4,37,38,39,0,0,0,-1,-1,-1,-1,-1,-1,-1,0,0,1,0,0,0,0,0,0,0,0,0,0,0,0,0,0,0,0
1241,1107329035,21,0.3,0,0,0,7,19.29,0,0,1,4,37,38,91,91,91,91,0,7,19.29,0,0,1,4,1,6,6,0,0,0,-1,-1,-1,-1,-1,-1,-1,0,0,1,0,0,0,0,0,0,0,0,0,0,0,0,0,0,0,0
1242,1108379663,21,-0.45,0,0,0,7,19.29,0,0,1,4,37,38,91,91,91,91,0,7,19.29,0,0,1,4,37,38,39,0,0,0,-1,-1,-1,-1,-1,-1,-1,0,0,0,0,0,0,0,0,0,0,0,0,0,0,0,0,0,0,0
1262,1645250607,21,0,0,0,0,10,19.23,0,3,5,5,37,38,91,91,91,91,0,7,19.23,0,1,0,4,37,38,39,0,0,0,-1,-1,-1,-1,-1,-1,-1,0,0,1,13837,13835,0,0,0,0,0,0,0,0,0,0,0,0,0,0
1267,33554439,21,0,0,0,0,7,19.29,0,0,1,4,37,38,-1,91,91,91,0,7,19.29,0,0,1,4,37,38,39,0,0,0,-1,-1,-1,-1,-1,-1,-1,0,0,1,0,0,0,0,0,0,0,0,0,0,0,0,0,0,0,0
1268,33619987,21,-0.75,0,0.2,0,7,19.29,0,0,1,4,37,38,-1,91,128,123,0,7,19.29,0,0,1,4,37,38,39,0,0,0,-1,-1,-1,-1,-1,-1,-1,0,0,1,0,0,0,0,0,0,0,0,0,0,0,0,0,0,0,0
1270,-503281649,21,0,0,0,0,7,19.23,0,1,0,4,37,38,91,91,133,134,0,7,19.23,0,1,0,4,37,38,39,0,0,0,-1,-1,-1,-1,-1,-1,-1,0,0,1,0,0,0,0,0,0,0,0,0,0,0,0,0,0,0,0
1285,1107363857,13,0,0,0,0,7,19.29,0,1,0,4,37,38,-1,102,128,123,0,7,19.29,0,1,0,4,37,38,39,0,0,0,-1,-1,-1,-1,-1,-1,-1,0,0,1,0,0,0,0,0,0,0,0,0,0,0,0,0,0,0,0
1286,33554434,14,0,0,-10,0,7,19.29,0,1,0,4,37,38,-1,102,128,123,0,7,19.29,0,1,0,4,37,38,39,0,0,0,-1,-1,-1,-1,-1,-1,-1,0,0,1,0,0,0,0,0,0,0,0,0,0,0,0,0,0,0,0
1291,1107363863,13,0,0,0,0,7,19.29,0,1,0,4,37,38,-1,102,128,123,0,7,19.29,0,1,0,4,37,38,39,0,0,0,-1,-1,-1,-1,-1,-1,-1,0,0,1,0,0,0,0,0,0,0,0,0,0,0,0,0,0,0,0
1292,33588239,14,0,0,0,0,7,19.29,0,1,0,4,37,38,-1,190,111,111,0,7,19.29,0,1,0,4,37,38,39,0,0,0,-1,-1,-1,-1,-1,-1,-1,0,0,1,0,0,0,0,0,0,0,0,0,0,0,0,0,0,0,0
1293,33588239,15,0,0,0,0,7,19.29,0,1,0,4,37,38,-1,102,48,110,0,7,19.29,0,1,0,4,37,38,39,0,0,0,-1,-1,-1,-1,-1,-1,-1,0,0,1,0,0,0,0,0,0,0,0,0,0,0,0,0,0,0,0
1294,33588239,16,0,0,0,0,7,19.29,0,1,0,4,37,38,-1,102,48,110,0,7,19.29,0,1,0,4,37,38,39,0,0,0,-1,-1,-1,-1,-1,-1,-1,0,0,1,0,0,0,0,0,0,0,0,0,0,0,0,0,0,0,0
1301,1660946438,13,-1.4,0,0,0,7,19.29,0,0,1,4,37,38,-1,104,128,195,0,7,19.29,0,0,1,4,37,38,39,0,0,0,-1,-1,-1,-1,-1,-1,-1,0,0,1,0,0,1,0,0,0,0,0,0,0,0,0,0,0,0,0
1321,1107331593,21,0,0,0,0,7,19.29,0,0,1,4,37,38,-1,102,128,123,0,7,19.29,0,0,1,4,37,38,39,0,0,0,-1,-1,-1,-1,-1,-1,-1,0,0,1,0,0,0,0,0,0,0,0,0,0,0,0,0,0,0,0
1323,1645283351,21,0,0,0,0,7,19.29,0,2,1,4,37,38,-1,91,91,91,0,7,19.29,0,0,1,4,37,38,39,0,0,0,-1,135,0,0,0,0,0,0,0,1,0,0,0,0,0,0,0,0,0,0,0,0,0,0,0,0
1324,33587307,2,-4,0,0.2,3,7,19.29,0,0,1,4,79,38,-1,0,128,123,3,7,19.29,0,0,1,4,195,38,39,0,0,0,-1,-1,-1,-1,-1,-1,-1,0,0,1,0,0,0,0,0,0,0,0,0,0,0,0,0,0,0,0
1325,33587211,2,2,0,0.2,0,7,19.29,0,0,1,4,37,38,-1,100,128,123,0,7,19.29,0,0,1,4,37,38,39,0,0,0,-1,-1,-1,-1,-1,-1,-1,0,0,1,0,0,0,0,0,0,0,0,0,0,0,0,0,0,0,0
1362,1660979211,21,0,0,0,0,7,19.23,0,1,0,4,37,38,91,91,91,91,0,7,19.23,0,1,0,4,37,38,39,0,0,0,-1,-1,-1,-1,-1,-1,-1,0,0,1,0,0,0,16,0,0,0,0,0,0,0,0,0,0,0,0
1383,1645283347,13,0,0,0,0,7,19.29,0,1,0,4,37,38,-1,102,128,123,0,7,19.29,0,1,0,4,37,38,39,0,0,0,-1,-1,-1,-1,-1,-1,-1,0,0,1,0,0,1,0,0,0,0,0,0,0,0,0,0,0,0,0
1387,1712392211,13,0,0,0,0,7,19.29,0,1,0,4,37,38,-1,102,128,123,0,7,19.29,0,1,0,4,37,38,39,0,0,0,-1,-1,-1,-1,-1,-1,-1,0,0,1,0,0,1,0,0,0,0,0,0,0,0,0,0,0,0,0
1388,1711294563,14,0,0,0,0,7,0,0,1,0,0,37,38,-1,102,128,123,0,7,19.29,0,1,0,4,37,38,39,0,0,0,-1,-1,-1,-1,-1,-1,-1,0,0,1,0,0,1,0,0,0,0,0,0,0,0,0,0,0,0,0
1389,1644201999,-1,-2.2,0,0.2,0,7,19.29,0,0,1,4,37,38,-1,0,128,123,0,7,19.29,0,0,1,4,37,38,39,0,0,0,-1,-1,-1,-1,-1,-1,-1,0,0,1,0,0,1,0,0,0,0,0,0,0,0,0,0,0,0,0
1405,1107331083,13,0,0,0,0,7,19.29,0.4,0.8,0.8,4,37,38,96,97,-1,97,0,7,19.29,0.5,1,0.8,4,37,38,39,0,0,0,-1,-1,-1,-1,-1,-1,-1,0,0,1,0,0,0,0,0,0,0,0,0,0,0,0,0,0,0,0
1406,33588235,14,0,0,0,0,7,19.29,0.4,0.8,0.8,4,37,38,96,97,-1,97,0,7,19.29,0.5,1,0.8,4,37,38,39,0,0,0,-1,-1,-1,-1,-1,-1,-1,0,0,1,0,0,0,0,0,0,0,0,0,0,0,0,0,0,0,0
1407,33588235,15,0,0,0,0,7,19.29,0.4,0.8,0.8,4,37,38,96,97,-1,97,0,7,19.29,0.5,1,0.8,4,37,38,39,0,0,0,-1,-1,-1,-1,-1,-1,-1,0,0,1,0,0,0,0,0,0,0,0,0,0,0,0,0,0,0,0
1408,33588235,16,0,0,0,0,7,19.29,0.4,0.8,0.8,4,37,38,96,97,-1,97,0,7,19.29,0.5,1,0.8,4,37,38,39,0,0,0,-1,-1,-1,-1,-1,-1,-1,0,0,1,0,0,0,0,0,0,0,0,0,0,0,0,0,0,0,0
1427,1662028811,13,0,0,0,0,7,19.29,0.7,2,1.5,4,37,38,-1,91,-1,91,0,7,19.29,0.7,2,1.5,4,37,38,39,0,0,0,-1,-1,-1,-1,-1,-1,-1,0,0,1,13836,13834,1,16,0,0,0,0,0,0,0,0,0,0,0,0
1431,33554439,21,0,0,0,0,7,19.29,0,0,1,4,37,38,-1,91,91,91,0,7,19.29,0,0,1,4,37,38,39,0,0,0,-1,-1,-1,-1,-1,-1,-1,0,0,1,0,0,0,0,0,0,0,0,0,0,0,0,0,0,0,0
1432,33619987,21,-0.75,0,0.2,0,7,19.29,0,0,1,4,37,38,-1,91,128,123,0,7,19.29,0,0,1,4,37,38,39,0,0,0,-1,-1,-1,-1,-1,-1,-1,0,0,1,0,0,0,0,0,0,0,0,0,0,0,0,0,0,0,0
1435,1645251083,1,0,0,0,0,7,19.29,0,1,0,4,37,38,-1,91,128,123,0,7,19.29,0,1,0,4,37,38,39,0,0,0,-1,-1,-1,-1,-1,-1,-1,0,0,1,13836,13834,1,16,0,0,0,0,0,0,0,0,0,0,0,0
1457,1712359434,2,0,0,0,0,7,19.29,0,1,0,4,37,38,-1,103,128,123,0,7,19.29,0,1,0,4,37,38,39,0,0,0,-1,-1,-1,-1,-1,-1,-1,0,0,1,13836,13834,1,17,0,0,0,0,0,0,0,0,0,0,0,0
1458,33587721,2,0,0,0,0,7,19.29,0,1,0,4,37,38,-1,102,128,123,0,7,19.29,0,1,0,4,37,38,39,0,0,0,-1,-1,-1,-1,-1,-1,-1,0,0,1,0,0,0,0,0,0,0,0,0,0,0,0,0,0,0,0
1459,34635790,21,0,0,0,0,7,19.29,0,0,1,4,37,38,-1,97,-1,-1,0,7,19.29,0,0,1,4,37,38,39,0,0,0,-1,-1,-1,-1,-1,-1,-1,0,0,1,0,0,0,0,0,0,0,0,0,0,0,0,0,0,0,0
1461,33587214,2,0,0,0,0,7,19.29,0,0,1,4,37,38,-1,120,-1,-1,0,7,19.29,0,0,1,4,37,38,39,0,0,0,-1,-1,-1,-1,-1,-1,-1,0,0,1,0,0,0,0,0,0,0,0,0,0,0,0,0,0,0,0
1463,1074823178,13,0,0,0,0,7,19.29,0,0,1,4,37,38,-1,91,-1,-1,0,7,19.29,0,0,1,4,37,38,39,0,0,0,-1,-1,-1,-1,-1,-1,-1,0,0,1,0,0,0,0,0,0,0,0,0,0,0,0,0,0,0,0
1472,33587308,21,0,0,0,0,7,19.29,0,1,0,4,37,38,-1,216,220,220,0,7,19.29,0,1,0,4,218,38,39,0,0,0,-1,-1,-1,-1,-1,-1,-1,0,0,1,0,0,0,0,0,0,0,0,0,0,0,0,0,0,0,0
1473,33587212,13,0,0,0,0,7,19.29,0,0,1,4,37,38,-1,220,217,217,0,7,19.29,0,0,1,4,219,38,39,0,0,0,-1,-1,-1,-1,-1,-1,-1,0,0,1,0,0,0,0,0,0,0,0,0,0,0,0,0,0,0,0
1474,33587212,14,0,0,0,0,7,19.29,0,0,1,4,37,38,-1,220,217,217,0,7,19.29,0,0,1,4,218,38,39,0,0,0,-1,-1,-1,-1,-1,-1,-1,0,0,1,0,0,0,0,0,0,0,0,0,0,0,0,0,0,0,0
1475,33587212,15,0,0,0,0,7,19.29,0,0,1,4,37,38,-1,220,216,216,0,7,19.29,0,0,1,4,219,38,39,0,0,0,-1,-1,-1,-1,-1,-1,-1,0,0,1,0,0,0,0,0,0,0,0,0,0,0,0,0,0,0,0
1476,33587212,16,0,0,0,0,7,19.29,0,0,1,4,37,38,-1,220,216,216,0,7,19.29,0,0,1,4,218,38,39,0,0,0,-1,-1,-1,-1,-1,-1,-1,0,0,1,0,0,0,0,0,0,0,0,0,0,0,0,0,0,0,0
1483,1191217679,1,0,0,1,0,7,19.29,0.4,0.8,0.8,4,37,38,-1,104,128,123,0,7,19.29,0.5,2,0.5,2,37,38,39,0,0,0,-1,-1,-1,-1,-1,-1,-1,0,0,1,0,0,0,0,0,0,0,0,0,0,0,0,0,0,0,0
1501,1107331087,2,0,0,0,0,7,19.29,0,0,1,4,37,38,-1,120,-1,-1,0,7,19.29,0,0,1,4,37,38,39,0,0,0,-1,-1,-1,-1,-1,-1,-1,0,0,1,0,0,0,0,0,0,0,0,0,0,0,0,0,0,0,0
1515,1644169646,2,-1.5,0,1,0,7,19.29,0,0,1,4,37,38,-1,104,128,63,0,7,19.29,0,0,1,4,37,38,39,0,0,0,-1,-1,-1,-1,-1,-1,-1,0,0,1,0,0,1,0,0,0,0,0,0,3,10,0,0,0,0,0
1520,1644201995,21,0,0,0,0,7,19.29,0,0,1,4,37,38,-1,91,91,91,0,7,19.29,0,0,1,4,37,38,39,0,0,0,-1,-1,-1,-1,-1,-1,-1,0,0,1,0,0,0,0,0,0,0,0,0,0,0,0,0,0,0,0
1521,441352202,5,1.25,0,-2,0,7,19.29,0,0,1,4,-1,-1,-1,132,1,6,0,100,19.29,0,0,1,4,37,38,39,0,0,0,-1,245,411,280,7,7,7,0.9,0.55,1,0,0,0,0,0,0,0,0,0,0,0,0,0,0,0,0
1522,33588234,1,-1.25,-1.75,2.5,0,7,19.29,0,0,1,4,37,38,-1,104,-1,-1,0,7,19.29,0,0,1,4,37,40,39,0,0,0,-1,-1,-1,-1,-1,-1,-1,0,0,1,0,0,0,0,0,0,0,0,0,0,0,0,0,0,0,0
1541,33588239,0,0.15,0,-0.08,0,7,19.29,0,0,1,4,37,38,-1,0,0,0,0,7,19.29,0,0,1,4,37,38,39,0,0,0,-1,-1,-1,-1,-1,-1,-1,0,0,1,0,0,0,0,0,0,0,0,0,0,0,0,0,0,0,0
1549,33555459,21,0,0,0,0,7,19.29,0,0,1,4,37,38,-1,91,91,91,0,7,19.29,0,0,1,4,37,38,39,0,0,0,-1,-1,-1,-1,-1,-1,-1,0,0,1,0,0,0,0,0,0,0,0,0,0,0,0,0,0,0,0
1550,33619987,21,-0.75,0,0.2,0,7,19.29,0,0,1,4,37,38,-1,91,128,123,0,7,19.29,0,0,1,4,37,38,39,0,0,0,-1,-1,-1,-1,-1,-1,-1,0,0,1,0,0,0,0,0,0,0,0,0,0,0,0,0,0,0,0
1551,33590287,5,1.2,0.1,3.73,0,7,19.29,0,0,1,4,37,38,96,97,96,97,0,7,0,0,0,3,10,135,135,135,0,0,0,-1,-1,-1,-1,-1,-1,-1,0,0,1,0,0,0,0,0,0,0,0,0,0,0,0,0,0,0,0
1554,1729136651,13,0,0,0,0,7,19.29,0,0,1,4,37,38,-1,91,128,123,0,7,19.29,0,1,1.5,4,37,38,39,0,0,0,-1,-1,-1,-1,-1,-1,-1,0,0,1,13836,13834,1,16,0,0,0,0,0,0,0,0,0,0,0,0
1556,1192281099,15,0,0,0,0,7,19.29,0,0,1,4,37,38,-1,-1,128,123,0,7,19.29,0,1,1,4,37,38,39,0,0,0,-1,-1,-1,-1,-1,-1,-1,0,0,1,0,0,0,524305,0,0,0,0,0,0,0,0,0,0,0,0
1557,1192281099,16,0,0,0,0,7,19.29,0,0,1,4,37,38,-1,-1,128,123,0,7,19.29,0,1,1,4,37,38,39,0,0,0,-1,-1,-1,-1,-1,-1,-1,0,0,1,0,0,0,524305,0,0,0,0,0,0,0,0,0,0,0,0
1559,33587215,21,0,0,0,0,7,19.29,0,0,1,4,37,38,-1,91,91,91,0,7,19.29,0,0,1,4,37,38,39,0,0,0,-1,-1,-1,-1,-1,-1,-1,0,0,1,0,0,0,0,0,0,0,0,0,0,0,0,0,0,0,0
1561,33587215,21,0,0,0,0,7,19.29,0,0,1,4,37,38,-1,91,91,91,0,7,19.29,0,0,1,4,37,38,39,0,0,0,-1,-1,-1,-1,-1,-1,-1,0,0,1,0,0,0,0,0,0,0,0,0,0,0,0,0,0,0,0
1565,1107331083,21,0,0,0,0,7,19.29,0,1,0,4,37,38,-1,91,128,123,0,7,19.29,0,1,0,4,37,38,39,0,0,0,-1,-1,-1,-1,-1,-1,-1,0,0,1,0,0,0,0,0,0,0,0,0,0,0,0,0,0,0,0
1581,1073774607,21,0,0,0,0,7,19.29,0,0,1,4,37,38,-1,91,128,91,0,7,19.29,0,0,1,4,37,38,39,0,0,0,-1,-1,-1,-1,-1,-1,-1,0,0,1,0,0,0,0,0,0,0,0,0,0,0,0,0,0,0,0
1601,1645250575,9,-0.5,0.85,0.6,0,7,19.29,0,0,1,4,37,38,-1,102,-1,-1,0,7,19.29,0,0,1,4,37,38,39,0,0,0,-1,-1,-1,-1,-1,-1,-1,0,0,1,0,0,0,0,0,0,0,0,0,0,0,0,0,0,0,0
1621,33587215,21,0,0,0,0,7,19.29,0,0,1,4,37,38,91,102,128,123,0,7,19.29,0,0,1,4,37,38,39,0,0,0,-1,-1,-1,-1,-1,-1,-1,0,0,1,0,0,0,0,0,0,0,0,0,0,0,0,0,0,0,0
1622,32909,21,0,0,-0.5,0,7,19.29,0,0,1,4,131,132,131,132,131,132,0,7,19.29,0,0,1,4,40,40,1,0,0,0,34,-1,-1,-1,-1,-1,-1,0,0,1,0,0,0,0,0,0,0,0,0,0,0,0,0,0,0,0
1623,1107331083,21,0,0,0,0,7,19.29,0,0,1,4,37,38,-1,102,128,123,0,7,19.29,0,0,1,4,37,38,39,0,0,0,-1,-1,-1,-1,-1,-1,-1,0,0,1,0,0,0,0,0,0,0,0,0,0,0,0,0,0,0,0
1641,1108346895,10,0,0,-0.25,0,7,19.29,0,0,1,4,37,38,-1,120,128,120,0,7,19.29,0,0,1,4,37,38,39,0,0,0,-1,-1,-1,-1,-1,-1,-1,0,0,0,0,0,0,1,0,0,0,0,0,0,0,0,0,0,0,0
1642,33554447,10,0.25,0,-0.1,0,7,19.29,0,0,1,4,37,38,-1,97,-1,97,0,7,19.29,0,0,1,4,37,38,39,0,0,0,-1,-1,-1,-1,-1,-1,-1,0,0,1,0,0,0,0,0,0,0,0,0,0,0,0,0,0,0,0
1643,1729104399,-1,0,0,0,0,7,19.29,0,0,1,4,37,38,-1,102,128,123,0,7,19.29,0,0,1,4,37,38,39,0,0,0,-1,-1,-1,-1,-1,-1,-1,0,0,1,13836,13834,1,524305,0,0,0,0,0,0,0,0,0,0,0,0
1648,1729137163,13,0.2,0,0,0,7,19.29,0.5,1.5,1,4,37,38,-1,91,128,123,0,7,19.29,0,1,1,4,37,38,39,0,0,0,-1,-1,-1,-1,-1,-1,-1,0,0,1,13836,13834,1,16,0,0,0,0,0,0,0,0,0,0,0,0
1649,1192264203,14,0,0,0,0,7,19.29,0.5,1.5,1,4,37,38,-1,91,128,123,0,7,19.29,0,1,1,4,37,38,39,0,0,0,-1,-1,-1,-1,-1,-1,-1,0,0,1,0,0,0,16,0,0,0,0,0,0,0,0,0,0,0,0
1650,1192264203,15,0,0,0,0,7,19.29,0.5,1.5,1,4,37,38,-1,91,128,123,0,7,19.29,0,1,1,4,37,38,39,0,0,0,-1,-1,-1,-1,-1,-1,-1,0,0,1,0,0,0,16,0,0,0,0,0,0,0,0,0,0,0,0
1652,50357256,20,0,0,0,0,7,19.29,0,0,1,4,37,38,-1,102,128,123,0,7,19.29,0,0,1,4,37,38,39,0,0,0,-1,-1,-1,-1,-1,-1,-1,0,0,1,0,0,0,2621460,0,0,0,0,0,0,0,0,0,0,0,0
1662,117457929,20,0,0,0,0,7,19.29,0,0,1,4,37,38,-1,102,128,123,0,7,19.29,0,0,1,4,37,38,39,0,0,0,-1,-1,-1,-1,-1,-1,-1,0,0,1,0,0,0,0,0,0,0,0,0,0,0,0,0,0,0,0
1682,33587211,21,-0.2,0,-0.6,0,7,19.29,0,0,1,4,37,38,91,115,91,91,0,7,19.29,0,0,1,4,37,38,39,0,0,0,-1,-1,-1,-1,-1,-1,-1,0,0,1,0,0,0,0,0,0,0,0,0,0,0,0,0,0,0,0
1701,1107298319,10,0.8,0,-0.2,0,7,19.29,0,0,1,4,37,38,-1,102,91,91,0,7,19.29,0,0,1,4,37,38,39,0,0,0,-1,-1,-1,-1,-1,-1,-1,0,0,1,0,0,0,0,0,0,0,0,0,0,0,0,0,0,0,0
1702,33554447,0,-0.2,0.8,-1.6,0,7,19.29,0,0,1,4,37,38,-1,102,128,123,0,7,19.29,0,0,1,4,37,38,39,0,0,0,-1,-1,-1,-1,-1,-1,-1,0,0,1,0,0,0,0,0,0,0,0,0,0,0,0,0,0,0,0
1705,1644169227,21,0,0,0,0,7,19.29,0,0,1,4,37,38,-1,91,91,91,0,7,19.29,0,0,1,4,37,38,39,0,0,0,-1,-1,-1,-1,-1,-1,-1,0,0,1,0,0,0,16,0,0,0,0,0,0,0,0,0,0,0,0
1706,33554447,21,1.9,0,-0.2,0,7,19.29,0,0,1,4,37,38,-1,115,48,48,0,7,19.29,0,0,1,4,37,38,39,0,0,0,-1,-1,-1,-1,-1,-1,-1,0,0,1,0,0,0,0,0,0,0,0,0,0,0,0,0,0,0,0
1723,-33372049,-1,-1.5,0,1.5,0,4,-3,0.5,1.5,-1,0,193,193,-1,193,-1,52,0,4,8,0.5,1.3,0,2,-1,193,-1,0,0,0,-1,185,82,195,4,-1,4,1,1,1,0,0,0,527425,0,2,0,2,0,0,-0.5,0,0,5,10,50
1773,33611787,-1,0,0,0,0,7,19.29,0.6,1,1.5,4,-1,-1,-1,-1,-1,-1,0,7,19.29,0.6,1.2,1.5,4,-1,-1,-1,0,0,0,-1,-1,-1,-1,-1,-1,-1,0,0,1,0,0,0,0,0,0,0,0,0,0,0,0,0,0,0,0
1774,33611787,-1,0,0,0,0,7,19.29,0.6,1,1.5,4,-1,-1,-1,-1,-1,-1,0,7,19.29,0.6,1.2,1.5,4,-1,-1,-1,0,0,0,-1,-1,-1,-1,-1,-1,-1,0,0,1,0,0,0,0,0,0,0,0,0,0,0,0,0,0,0,0
1782,1644464139,21,0,0,0,0,7,19.29,0,1,0,4,37,38,-1,91,128,123,0,7,19.29,0,1,0,4,37,38,39,0,0,0,-1,-1,94,-1,-1,-1,-1,0,0,1,0,0,0,0,0,0,0,0,0,0,0,0,0,0,0,0
1784,33587210,21,0,0,0,0,7,19.29,0,0,1,4,37,38,91,91,91,91,0,7,19.29,0,0,1,4,37,38,39,0,0,0,-1,-1,-1,-1,-1,-1,-1,0,0,1,0,0,0,0,0,0,0,0,0,0,0,0,0,0,0,0
1802,33587211,21,0,0,0,0,22,19.29,0,0,1,4,37,38,-1,102,128,91,0,7,19.29,0,0,1,4,37,38,39,0,0,0,-1,-1,-1,-1,-1,-1,-1,0,0,1,0,0,0,0,0,0,0,0,0,0,0,0,0,0,0,0
1803,1107298315,14,0,0,0,0,22,19.29,0,0,1,4,37,38,-1,102,128,123,0,7,19.29,0,0,1,4,37,38,39,0,0,0,-1,-1,-1,-1,-1,-1,-1,0,0,1,0,0,0,0,0,0,0,0,0,0,0,0,0,0,0,0
1805,1108379695,21,0,0,0,0,7,19.29,0,0,1,4,37,38,91,91,91,91,0,7,19.29,0,0,1,4,37,38,39,0,0,0,-1,-1,-1,-1,-1,-1,-1,0,0,0,13837,13835,0,1,0,0,0,0,0,0,0,0,0,0,0,0
1806,1048591,1,-1.9,0,-1.3,0,7,19.29,0,0,1,4,225,225,131,132,131,132,0,7,19.29,0,0,1,4,37,38,39,0,0,0,-1,-1,-1,-1,-1,-1,-1,0,0,1,0,0,0,0,0,0,0,0,0,0,0,0,0,0,0,0
1807,1108346895,21,0,0,0,0,7,19.29,0,0,1,4,37,38,-1,91,74,-1,0,7,19.29,0,0,1,4,37,38,39,0,0,0,-1,-1,-1,-1,-1,-1,-1,0,0,1,0,0,0,0,0,0,0,0,0,0,0,0,0,0,0,0
1808,33554443,13,0,0,-1,0,7,19.29,0,0,1,4,37,38,-1,102,103,123,0,7,19.29,0,0,1,4,37,38,39,0,0,0,-1,-1,-1,-1,-1,-1,-1,0,0,1,0,0,0,0,0,0,0,0,0,0,0,0,0,0,0,0
1809,1644202507,13,0,0,0,0,7,19.29,0,0,1,4,37,38,-1,102,128,123,0,7,19.29,0,2,1,4,37,38,39,0,0,0,-1,-1,-1,-1,-1,-1,-1,0,0,1,0,0,0,0,0,0,0,0,0,0,0,0,0,0,0,0
1811,1112442955,1,-2,0,-0.4,0,7,19.29,0.7,1.3,1,2,37,132,-1,132,-1,68,0,10,19.29,0.3,2,1,4,37,38,121,0.523599,0,0,-1,228,32,83,-1,-1,-1,0,0,1,0,0,0,0,0,0,0,0,0,0,0,0,0,0,0,0
1813,33587211,21,0,0,0,0,7,19.29,0,1,0,4,37,38,-1,91,128,123,0,7,19.29,0,1,0,4,37,38,39,0,0,0,-1,-1,-1,-1,-1,-1,-1,0,0,1,0,0,0,0,0,0,0,0,0,0,0,0,0,0,0,0
1814,1107298315,9,-1,-0.2,0.6,0,7,19.29,0,0,1,4,37,38,-1,132,128,123,0,7,19.29,0,0,1,4,37,38,39,0,0,0,34,-1,-1,94,-1,-1,-1,0,0,1,0,0,0,0,0,0,0,0,0,0,0,0,0,0,0,0
1865,-565255089,9,-0.35,0,0.1,0,7,19.29,0.7,1.3,1,2,37,38,-1,91,-1,68,0,10,19.29,0.3,2,1,4,37,38,39,0,0,0,-1,54,32,195,-1,-1,4,1,0.35,1,0,0,0,35127297,0.2,1,0,0,0,0,-2,5,0,0,0,0
1866,1661995526,1,0,0,0,0,7,19.29,0,0,1,4,37,38,-1,102,128,123,0,7,19.29,0,0,1,4,37,38,39,0,0,0,-1,-1,-1,-1,-1,-1,-1,0,0,1,0,0,0,402653184,0,0,0,0,0,0,0,0,0,0,0,0
1869,1661995526,1,0,0,-1,0,7,19.29,0,0,1,4,37,38,-1,102,128,123,0,7,19.29,0,0,1,4,37,38,39,0,0,0,-1,-1,-1,-1,-1,-1,-1,0,0,1,0,0,0,402653184,0,0,0,0,0,0,0,0,0,0,0,0
1871,1644464139,21,0,0,0,0,7,19.29,0,1,0,4,37,38,-1,91,128,123,0,7,19.29,0,1,0,4,37,38,39,0,0,0,-1,-1,94,-1,-1,-1,-1,0,0,1,0,0,0,0,0,0,0,0,0,0,0,0,0,0,0,0
1873,1107298822,13,0,0,0,0,7,19.29,0,0,1,4,37,38,-1,102,128,123,0,7,19.29,0,0,1,4,37,38,39,0,0,0,-1,-1,-1,-1,-1,-1,-1,0,0,1,0,0,0,0,0,0,0,0,0,0,0,0,0,0,0,0
1874,34604555,2,0,0,1.25,0,7,19.29,0,0,1,4,37,38,-1,120,128,-1,0,7,19.29,0,0,1,4,37,38,39,0,0,0,-1,-1,-1,-1,-1,-1,-1,0,0,1,0,0,0,0,0,0,0,0,0,0,0,0,0,0,0,0
1876,1661995015,13,-2.5,0,1,0,7,19.29,0,0,1,4,37,38,-1,104,128,195,0,7,19.29,0,0,1,4,37,38,39,0,0,0,-1,-1,-1,-1,-1,-1,-1,0,0,1,0,0,0,0,0,0,0,0,0,0,0,0,0,0,0,0
1881,1245708303,13,0,0,0,0,7,19.29,0,0,1,4,37,38,-1,102,128,123,0,7,19.29,0,0,1,4,37,38,39,0,0,0,-1,-1,-1,-1,-1,-1,-1,3,0,1,0,0,0,4,0,0,0,0,0,0,0,0,0,0,0,0
1902,34635787,21,0,0,0,0,7,19.29,0,0,1,4,37,38,91,91,91,91,0,7,19.29,0,0,1,4,37,38,39,0,0,0,-1,-1,-1,-1,-1,-1,-1,0,0,1,0,0,0,0,0,0,0,0,0,0,0,0,0,0,0,0
1906,1660979211,13,0,0,-0.1,0,7,19.29,0,0,1,4,37,38,97,97,91,91,0,7,19.29,0,0,1,4,37,38,39,0,0,0,-1,-1,-1,-1,-1,-1,-1,0,0,1,0,0,0,0,0,0,0,0,0,0,0,0,0,0,0,0
1908,33554445,1,-1,0,0,0,7,19.29,0,0,1,4,-1,-1,-1,102,131,132,0,7,19.29,0,0,1,4,37,38,39,0,0,0,34,-1,-1,-1,-1,-1,-1,0,0,1,0,0,0,0,0,0,0,0,0,0,0,0,0,0,0,0
1923,33619983,10,0,0,0,0,7,19.29,0,0,1,4,37,38,-1,102,128,123,0,7,19.29,0,0,1,4,37,38,39,0,0,0,-1,-1,-1,-1,-1,-1,-1,0,0,1,0,0,0,0,0,0,0,0,0,0,0,0,0,0,0,0
1926,1662028299,9,0,0,0.6,0,7,19.29,0,0,1,4,37,38,-1,132,-1,-1,0,7,19.29,0,0,1,4,37,38,39,0,0,0,-1,-1,-1,-1,-1,-1,-1,0,0,1,0,0,0,0,0,0,0,0,0,0,3,0,0,0,0,0
1927,1645218318,13,0,0,0,0,7,19.29,0,0,1,4,128,123,-1,102,128,123,0,7,19.29,0,0,1,4,37,38,39,0,0,0,34,-1,-1,-1,-1,-1,-1,0,0,1,0,0,1,0,0,0,0,0,0,0,0,0,0,0,0,0
1942,-2113929205,14,0,0,0,0,7,19.29,1.5,1.5,1,4,37,38,-1,500,128,123,0,7,19.29,0,0,1,4,37,38,39,0,0,0,-1,-1,-1,-1,-1,-1,-1,0,0,1,0,0,0,1048624,0,0,0,0,0,0,0,0,0,0,0,0
1963,33556491,21,0,0,0,0,7,19.29,0,0,1,4,37,38,-1,91,128,123,0,7,19.29,0,0,1,4,37,38,39,0,0,0,-1,-1,-1,-1,-1,-1,-1,0,0,1,0,0,0,0,0,0,0,0,0,0,0,0,0,0,0,0
1964,407797898,14,0,-0.75,-5,0,7,19.29,0,0,1,4,37,38,-1,32,17,5,0,30,30,0,0,0,0,17,32,10,0,0,-0.087266,-1,455,457,456,-1,-1,-1,0.5,0,1,0,0,0,0,0,0,0,0,0,0,0,0,0,0,0,0
1965,9,5,-0.15,0,-0.05,0,7,19.29,0,0,1,4,37,38,-1,102,128,123,0,7,19.29,0,0,1,4,37,38,39,0,0,0,-1,-1,-1,-1,-1,-1,-1,0,0,1,0,0,0,0,0,0,0,0,0,0,0,0,0,0,0,0
1966,1108379659,21,0,0,0,0,7,19.29,0,1,0,4,37,38,-1,91,128,123,0,7,19.29,0,1,0,4,37,38,39,0,0,0,-1,-1,-1,-1,-1,-1,-1,0,0,1,0,0,0,0,0,0,0,0,0,0,0,0,0,0,0,0
1986,1645217807,21,0,0,0,0,7,19.29,0,0,1,4,37,38,-1,91,74,-1,0,7,19.29,0,0,1,4,37,38,39,0,0,0,-1,-1,-1,-1,-1,-1,-1,0,0,1,0,0,0,0,0,0,0,0,0,0,0,0,0,0,0,0
1987,407797770,5,1.25,0,-2,0,7,19.29,0,0,1,4,37,38,-1,132,17,5,0,100,19.29,0,0,0,1,17,32,10,0,0,0,-1,245,411,280,7,7,7,0.89,0.55,1,0,0,0,0,0,0,0,0,0,0,0,0,0,0,0,0
2021,1729136651,13,0,0,0,0,7,19.29,0,0,1,4,37,38,-1,91,128,123,0,14,19.29,0,0,1,4,37,38,39,0,0,0,-1,-1,-1,-1,-1,-1,-1,0,0,1,0,0,1,0,0,0,0,0,0,0,0,0,0,0,0,0
2023,1192281099,15,0,0,0,0,7,19.29,0,0,1,4,37,38,-1,-1,128,123,0,7,19.29,0,0,1,4,37,38,39,0,0,0,-1,-1,-1,-1,-1,-1,-1,0,0,1,0,0,0,524289,0,0,0,0,0,0,0,0,0,0,0,0
2024,1192281099,16,0,0,0,0,7,19.29,0,0,1,4,37,38,-1,-1,128,123,0,7,19.29,0,0,1,4,37,38,39,0,0,0,-1,-1,-1,-1,-1,-1,-1,0,0,1,0,0,0,524289,0,0,0,0,0,0,0,0,0,0,0,0
2029,1712326671,13,0,0,0,0,7,19.29,0,0,1,4,37,38,-1,484,128,123,0,14,19.29,0,0,1,4,37,38,39,0,0,0,-1,-1,-1,-1,-1,-1,-1,0,0,1,0,0,1,0,0,0,0,0,0,0,0,0,0,0,0,0
2041,1645251083,9,0,0,0.6,0,7,19.29,0,0,1,4,37,38,-1,132,-1,-1,0,7,19.29,0,0,1,4,37,38,39,0,0,0,-1,-1,-1,-1,-1,-1,-1,0,0,1,0,0,0,0,0,0,0,0,0,0,0,0,0,0,0,0
2042,1107363863,21,0,0,0,0,7,19.29,0,0,1,4,37,38,-1,91,128,123,0,7,19.29,0,0,1,4,37,38,39,0,0,0,-1,-1,-1,-1,-1,-1,-1,0,0,1,0,0,0,0,0,0,0,0,0,0,0,0,0,0,0,0
2043,0,1,0,0,0,0,7,19.29,0,0,1,4,37,38,-1,102,128,123,0,7,19.29,0,0,1,4,37,38,39,0,0,0,-1,-1,-1,-1,-1,-1,-1,0,0,0,0,0,0,0,0,0,0,0,0,0,0,0,0,0,0,0
2061,1645250575,21,0,0,0,0,7,19.29,0,0,1,4,37,38,-1,91,91,91,0,7,19.29,0,0,1,4,37,38,39,0,0,0,-1,135,0,0,0,0,0,0,0,1,0,0,0,0,0,0,0,0,0,0,0,0,0,0,0,0
2062,1645217799,1,-1,0,0.25,0,7,19.29,0,0,1,4,37,38,-1,91,91,91,0,7,19.29,0,0,1,4,37,38,39,0,0,0,-1,135,0,0,0,0,0,0,0,1,0,0,0,0,0,0,0,0,0,0,0,0,0,0,0,0
2063,1644202507,9,0,0,0.6,0,7,19.29,0,0,1,4,37,38,-1,132,-1,-1,0,7,19.29,0,0,1,4,37,38,39,0,0,0,-1,-1,-1,-1,-1,-1,-1,0,0,1,0,0,0,0,0,0,0,0,0,0,0,0,0,0,0,0
2064,1,10,-0.2,0,-0.2,0,7,19.29,0,0,1,4,37,38,-1,102,128,123,0,7,19.29,0,0,1,4,37,38,39,3.141593,0,0,-1,-1,-1,-1,-1,-1,-1,0,0,1,0,0,0,0,0,0,0,0,0,0,0,0,0,0,0,0
2065,32779,21,0,0,0,0,7,19.29,0,2,5,7,37,38,91,91,-1,-1,0,7,19.29,0,0,1,4,469,470,471,0,0,0,-1,-1,-1,-1,-1,-1,-1,0,0,1,0,0,0,0,0,0,0,0,0,0,0,0,0,0,0,0
2067,49167,5,-0.8,0,-0.1,0,7,19.29,0,0,1,4,37,38,103,-1,128,103,0,7,19.29,0,0,1,4,37,38,39,0,0,0,-1,-1,-1,-1,-1,-1,-1,0,0,1,0,0,0,0,0,0,0,0,0,0,0,0,0,0,0,0
2069,33570827,21,0,0,0,0,7,19.29,0,0,1,4,37,38,91,91,27,27,0,7,19.29,0,0,1,4,37,38,39,0,0,0,-1,-1,-1,-1,-1,-1,-1,0,0,1,0,0,0,0,0,0,0,0,0,0,0,0,0,0,0,0
2070,1359044611,13,0,0,0,0,30,20,0,0,1,4,-1,-1,-1,40,-1,132,0,7,19.29,0,0,1,4,40,40,39,0,0,0,19,455,457,456,-1,-1,-1,0,0,1,0,0,0,0,0,0,0,0,0,0,0,0,0,0,0,0
2071,1,10,-0.2,0,-0.2,0,7,19.29,0,0,1,4,37,38,-1,102,128,123,0,7,19.29,0,0,1,4,37,38,39,3.141593,0,0,-1,-1,-1,-1,-1,-1,-1,0,0,1,0,0,0,0,0,0,0,0,0,0,0,0,0,0,0,0
2072,33587209,5,0,0,0,0,7,19.29,0,0,1,4,37,38,-1,102,128,123,0,7,19.29,0,0,1,4,37,38,39,0,0,0,17,-1,-1,-1,-1,-1,-1,0,0,1,0,0,0,0,0,0,0,0,0,0,0,0,0,0,0,0
2073,33587209,1,0,0,0,0,7,19.29,0,0,1,4,37,38,-1,102,128,123,0,7,19.29,0,0,1,4,37,38,39,0,0,0,34,-1,-1,-1,-1,-1,-1,0,0,1,0,0,0,0,0,0,0,0,0,0,0,0,0,0,0,0
2074,33587209,3,0,0,0,0,7,19.29,0,0,1,4,37,38,-1,102,128,123,0,7,19.29,0,0,1,4,37,38,39,0,0,0,21,-1,-1,-1,-1,-1,-1,0,0,1,0,0,0,0,0,0,0,0,0,0,0,0,0,0,0,0
2075,33587209,4,0,0,0,0,7,19.29,0,0,1,4,37,38,-1,102,128,123,0,7,19.29,0,0,1,4,37,38,39,0,0,0,22,-1,-1,-1,-1,-1,-1,0,0,1,0,0,0,0,0,0,0,0,0,0,0,0,0,0,0,0
2076,33587209,5,0,0,0,0,7,19.29,0,0,1,4,37,38,-1,102,128,123,0,7,19.29,0,0,1,4,37,38,39,0,0,0,17,-1,-1,-1,-1,-1,-1,0,0,1,0,0,0,0,0,0,0,0,0,0,0,0,0,0,0,0
2077,33587209,10,0,0,0,0,7,19.29,0,0,1,4,37,38,-1,102,128,123,0,7,19.29,0,0,1,4,37,38,39,0,0,0,12,-1,-1,-1,-1,-1,-1,0,0,1,0,0,0,0,0,0,0,0,0,0,0,0,0,0,0,0
2078,33587211,21,0,0,0,0,7,19.29,0,0,1,4,37,38,-1,91,128,123,0,7,19.29,0,0,1,4,37,38,39,0,0,0,-1,-1,-1,-1,-1,-1,-1,0,0,1,0,0,0,0,0,0,0,0,0,0,0,0,0,0,0,0
2079,33587215,2,0,0,-1,0,7,19.29,0,0,1,4,37,38,-1,102,128,123,0,7,19.29,0,0,1,4,37,38,39,0,0,0,-1,-1,-1,-1,-1,-1,-1,0,0,1,0,0,0,0,0,0,0,0,0,0,0,0,0,0,0,0
2081,1662028815,21,0,0,0,0,7,19.29,0,0,1,4,37,38,91,91,-1,-1,0,7,19.29,0,0,1,4,37,38,39,0,0,0,-1,-1,-1,-1,-1,-1,-1,0,0,1,0,0,0,1,0,0,0,0,0,0,0,0,0,0,0,0
2083,1645251083,1,0,0,0,0,7,19.29,0,1,0,4,37,38,-1,91,128,123,0,7,19.29,0,1,0,4,37,38,39,0,0,0,-1,-1,-1,-1,-1,-1,-1,0,0,1,0,0,0,0,0,0,0,0,0,0,0,0,0,0,0,0
2084,1107346443,21,0,0,0,0,60,19.29,0,0,1,4,37,38,-1,91,128,123,0,7,19.29,0,0,1,4,37,38,39,0,0,0,-1,-1,-1,-1,-1,-1,-1,0,0,1,0,0,0,0,0,0,0,0,0,0,0,0,0,0,0,0
2089,1644201999,21,0,0,0,0,7,19.29,0,0,1,4,37,38,-1,91,-1,91,0,7,19.29,0,0,1,4,37,38,39,0,0,0,-1,-1,-1,-1,-1,-1,-1,0,0,1,0,0,0,1,0,0,0,0,0,0,0,0,0,0,0,0
2091,33587215,13,0,0,0,0,7,19.29,0,0,1,4,37,38,-1,102,128,123,0,7,19.29,0,0,1,4,37,38,39,0,0,0,-1,-1,-1,-1,-1,-1,-1,0,0,1,0,0,0,0,0,0,0,0,0,0,0,0,0,0,0,0
2093,1107331083,21,0,0,0,0,60,19.29,0,0,1,4,37,38,-1,102,128,123,0,7,19.29,0,0,1,4,37,38,39,0,0,0,-1,-1,-1,-1,-1,-1,-1,0,0,1,0,0,0,0,0,0,0,0,0,0,0,0,0,0,0,0
2094,33603595,21,-5,0,0,0,60,19.29,0,0,1,4,37,38,-1,91,128,123,0,7,19.29,0,0,1,4,37,38,39,0,0,0,-1,-1,-1,-1,-1,-1,-1,0,0,1,0,0,0,0,0,0,0,0,0,0,0,0,0,0,0,0
2095,1124122635,21,0,0,0,0,60,19.29,0,3,1,4,37,38,91,91,128,123,0,7,19.29,0,0,1,4,37,38,39,0,0,0,-1,-1,-1,91,-1,-1,-1,0,0,1,0,0,0,0,0,0,0,0,0,0,0,0,0,0,0,0
2097,269033478,5,1,0,3.5,0,30,19.29,0,0,1,1,37,38,-1,193,-1,81,0,15,200,0,0,1,4,37,38,39,0.523599,0.523599,0.523599,34,-1,16,-1,-1,-1,-1,0,0.5,1,0,0,0,0,0,0,0,0,0,0,0,0,0,0,0,0
2098,33587215,13,0,0,0,0,7,19.29,0,0,1,4,37,38,-1,102,128,123,0,7,19.29,0,0,1,4,37,38,39,0,0,0,-1,-1,-1,-1,-1,-1,-1,0,0,1,0,0,0,0,0,0,0,0,0,0,0,0,0,0,0,0
2099,33587211,21,0,0,0,0,7,19.29,0,0,1,4,37,38,-1,91,91,29,0,7,19.29,0,0,1,4,37,38,39,0,0,0,-1,-1,-1,-1,-1,-1,-1,0,0,1,0,0,0,0,0,0,0,0,0,0,0,0,0,0,0,0
2100,-2113871861,21,-3.5,0,-0.2,0,60,19.29,1,3,4,8,37,38,-1,91,128,123,0,7,19.29,0,0,1,4,37,38,39,0,0,0,-1,-1,-1,-1,-1,-1,-1,0,0,1,0,0,0,0,0,0,0,0,0,0,-4.5,0,0,0,0,0
2101,1126221067,21,0,0,0,0,60,19.29,0,0,1,4,37,38,-1,91,128,123,0,5,12.29,1.3,1.3,1,1,469,470,471,0,0,0,-1,-1,-1,-1,-1,-1,-1,0,0,1,0,0,0,0,0,0,0,0,0,0,0,0,0,0,0,0
2102,1660979215,21,0,0,0,0,7,19.29,0,0,1,4,37,38,91,91,91,91,0,15,30,0,0,1,4,37,38,39,0,0,0,-1,-1,-1,-1,-1,-1,-1,0,0,1,0,0,0,0,0,0,0,0,0,0,0,0,0,0,0,0
2103,33587215,13,0,0,0,0,30,30,0,0,1,4,37,38,38,38,128,123,0,7,19.29,0,0,1,4,37,38,39,0,0,0,34,-1,-1,-1,-1,-1,-1,0,0,1,0,0,0,0,0,0,0,0,0,0,0,0,0,0,0,0
2104,33587215,15,0,0,0,0,7,19.29,0,0,1,4,37,38,-1,102,128,123,0,7,19.29,0,0,1,4,37,38,39,0,0,0,-1,-1,-1,-1,-1,-1,-1,0,0,1,0,0,0,0,0,0,0,0,0,0,0,0,0,0,0,0
2105,33587215,16,0,0,0,0,7,19.29,0,0,1,4,37,38,-1,102,128,123,0,7,19.29,0,0,1,4,37,38,39,0,0,0,-1,-1,-1,-1,-1,-1,-1,0,0,1,0,0,0,0,0,0,0,0,0,0,0,0,0,0,0,0
2108,33587215,14,0,0,0,0,40,19,0,1,3,5,37,38,38,38,132,132,0,15,30,0,0,1,4,269,269,230,0,0,0,34,-1,-1,-1,-1,-1,-1,0,0,1,0,0,0,0,0,0,0,0,0,0,0,0,0,0,0,0
2109,33587215,21,-1,0,-0.5,0,30,30,0,0,1,4,37,38,91,91,91,91,0,7,19.29,0,0,1,4,37,38,39,0,0,0,-1,-1,-1,-1,-1,-1,-1,0,0,1,0,0,0,0,0,0,0,0,0,0,0,0,0,0,0,0
2112,1660977199,10,0.2,-0.05,0,0,10,19.23,0,3,5,5,37,38,91,91,91,91,0,7,19.23,0,1,0,4,37,38,39,0,0,0,-1,-1,-1,-1,-1,-1,-1,0,0,1,0,0,0,0,0,0,0,0,0,0,0,0,0,0,0,0
2113,33587207,21,-1.5,0,-0.5,0,40,19,0,1.5,5,7,37,38,91,91,91,91,0,15,30,0,0,1,4,269,269,230,0,0,0,-1,-1,-1,-1,-1,-1,-1,0,0,1,0,0,0,0,0,0,0,0,0,0,0,0,0,0,0,0
2115,33587215,13,0,0,0,0,40,19,0,1,3,5,37,38,38,38,132,132,0,15,30,0,0,1,4,269,269,230,0,0,0,34,-1,-1,-1,-1,-1,-1,0,0,1,0,0,0,0,0,0,0,0,0,0,0,0,0,0,0,0
2116,33587215,-1,1.8,0,-1.8,0,60,19.29,0,3,2,4,37,38,-1,102,128,123,0,60,19.29,0,3,1,4,-1,38,39,-1.570796,0,0,-1,-1,-1,-1,-1,-1,-1,0,0,1,0,0,0,2,0,0,0,0,0,0,0,0,0,0,0,0
2124,1645250575,10,-0.15,-0.05,-0.1,0,7,19.29,0,0,1,4,37,38,91,91,91,91,0,7,19.29,0,0,1,4,37,38,39,0,0,0,-1,-1,-1,-1,-1,-1,-1,0,0,1,0,0,0,0,0,0,0,0,0,0,0,0,0,0,0,0
2125,33595401,14,1,0,-1.5,0,7,19.29,0,0,1,4,37,38,-1,102,128,123,0,7,19.29,0,0,1,4,37,38,39,0,0,0,34,-1,-1,-1,-1,-1,-1,0,0,1,0,0,0,0,0,0,0,0,0,0,0,0,0,0,0,0
2126,1645251083,1,0,0,0,0,7,19.29,0,1,0,4,37,38,-1,0,128,123,0,7,19.29,0,1,0,4,37,38,39,0,0,0,-1,-1,-1,-1,-1,-1,-1,0,0,1,0,0,0,0,0,0,0,0,0,0,0,0,0,0,0,0
2144,1107363863,21,0,0,0,0,7,19.29,0,0,1,4,37,38,-1,91,91,91,0,7,19.29,0,0,1,4,37,38,39,0,0,0,-1,-1,-1,-1,-1,-1,-1,0,0,1,0,0,0,0,0,0,0,0,0,0,0,0,0,0,0,0
2145,33587215,21,0,0,-0.5,0,7,19.29,0,0,1,4,37,38,-1,102,108,108,0,7,19.29,0,0,1,4,37,38,39,0,0,0,-1,-1,-1,-1,-1,-1,-1,0,0,1,0,0,0,0,0,0,0,0,0,0,0,0,0,0,0,0
2164,1644201999,21,0,0,0,0,7,19.29,0,0,1,4,37,38,-1,91,-1,91,0,7,19.29,0,0,1,4,37,38,39,0,0,0,-1,-1,-1,-1,-1,-1,-1,0,0,1,0,0,0,1,0,0,0,0,0,0,0,0,0,0,0,0
2165,33587213,21,0,0,0,0,7,19.29,0,0,1,4,37,38,-1,102,91,91,0,7,19.29,0,0,1,4,37,38,39,0,0,0,-1,-1,-1,-1,-1,-1,-1,0,0,1,0,0,0,0,0,0,0,0,0,0,0,0,0,0,0,0
2166,-973021073,-1,0,1.5,1.5,0,4,-3,0.5,1.3,-1,0,193,193,-1,193,-1,52,0,4,8,0,1.3,0,2,-1,193,-1,0,0,0,-1,9,32,83,4,-1,6,0,0,1,0,0,0,0,0,0,0,0,0,0,0,0,0,0,0,0
2167,-436164497,-1,0,-1.5,1.5,0,4,-3,0.5,1.3,-1,0,193,193,-1,193,-1,52,0,4,8,0,1.3,0,2,-1,193,-1,0,0,0,-1,9,32,83,4,-1,6,0,0,1,0,0,0,0,0,0,0,0,0,0,0,0,0,0,0,0
2168,1192306699,-1,0,0,0,0,7,19.29,0.6,1,1.5,4,-1,-1,-1,5,-1,-1,0,7,19.29,0.6,1.2,1.5,4,-1,-1,-1,0,0,0,-1,-1,-1,-1,-1,-1,-1,0,0,1,0,0,0,0,0,0,0,0,0,0,0,0,0,0,0,0
2169,33611787,-1,0,0,0,0,7,19.29,0.6,1,1.5,4,-1,-1,-1,-1,-1,-1,0,7,19.29,0.6,1.2,1.5,4,-1,-1,-1,0,0,0,-1,-1,-1,-1,-1,-1,-1,0,0,1,0,0,0,0,0,0,0,0,0,0,0,0,0,0,0,0
2170,33611787,-1,0,0,0,0,7,19.29,0.6,1,1.5,4,-1,-1,-1,-1,-1,-1,0,7,19.29,0.6,1.2,1.5,4,-1,-1,-1,0,0,0,-1,-1,-1,-1,-1,-1,-1,0,0,1,0,0,0,0,0,0,0,0,0,0,0,0,0,0,0,0
2171,1779468330,21,0,0,0,0,20,19.29,0,0,1,4,37,38,-1,102,-1,-1,0,20,19.29,0,0,1,4,37,38,39,0,0,0,-1,216,-1,-1,-1,-1,-1,3,0,1,0,0,0,157760,0.25,1,0,0,0,0,20,0,0,60,40,0
2172,407797770,13,0,0,-2.65,0,7,19.29,0,0,1,4,37,38,-1,14,128,123,0,100,19.29,1,1,10,20,37,38,39,0,0,0,-1,112,107,111,4,4,1,0.47,0.63,1,0,0,0,0,0,0,0,0,0,0,0,0,0,0,0,0
2173,1644169231,10,0.8,0,0.2,0,7,19.29,0,0,1,4,37,38,-1,102,91,91,0,7,19.29,0,0,1,4,37,38,39,0,0,0,-1,-1,-1,-1,-1,-1,-1,0,0,1,0,0,0,0,0,0,0,0,0,0,0,0,0,0,0,0
2174,33554447,0,-0.2,0.8,-1.6,0,7,19.29,0,0,1,4,37,38,-1,102,128,123,0,7,19.29,0,0,1,4,37,38,39,0,0,0,-1,-1,-1,-1,-1,-1,-1,0,0,1,0,0,0,0,0,0,0,0,0,0,0,0,0,0,0,0
2175,1800437806,14,0.3,-1,0,0,10,19.23,0,3,5,5,37,37,38,38,38,38,0,7,19.23,0,1,0,4,37,38,39,4.712389,0,-1.570796,16,455,-1,-1,5,-1,-1,1,0,1,0,0,0,0,0,0,0,0,0,0,0,0,0,0,0,0
2177,1660979211,21,0,0,0,0,7,19.29,0,0,1,4,37,38,91,91,128,123,0,7,19.29,0,0,1,4,37,38,39,0,0,0,-1,-1,-1,-1,-1,-1,-1,0,0,1,0,0,0,0,0,0,0,0,0,0,0,0,0,0,0,0
2178,33587215,21,0,0,-0.5,0,7,19.29,0,1,1,4,37,38,-1,102,91,91,0,20,19.29,0,0,1,4,37,38,39,0,0,0,-1,-1,-1,-1,-1,-1,-1,0,0,1,0,0,0,0,0,0,0,0,0,0,0,0,0,0,0,0
2179,33587215,5,-2,0,2.5,0,7,19.29,0,1,1,4,37,38,-1,102,91,91,0,20,19.29,0,0,1,4,37,38,39,0,0,0,-1,-1,-1,-1,-1,-1,-1,0,0,1,0,0,0,0,0,0,0,0,0,0,0,0,0,0,0,0
2180,33587215,5,0,0,1,0,7,19.29,0,1,1,4,37,38,-1,102,-1,102,0,20,19.29,0,0,1,4,37,38,39,0,0.174533,0,-1,-1,-1,-1,-1,-1,-1,0,0,1,0,0,0,0,0,0,0,0,0,0,0,0,0,0,0,0
2181,-1040152565,13,0,0,0,0,10,19.29,0.5,1.5,1,4,37,38,-1,213,128,123,0,10,19.29,0.5,1.5,1,4,37,38,39,0,0,0,-1,-1,-1,-1,-1,-1,-1,0,0,0,0,0,0,0,0,0,0,0,0,0,0,0,0,0,0,0
2182,-632389621,14,0,0,0,0,10,19.29,0.5,2,1,4,37,38,-1,214,128,123,0,10,19.29,0.5,2,1,4,37,38,39,0,0,0,-1,226,107,158,1,1,1,0,0,1,0,0,0,0,0,0,0,0,0,0,0,0,0,0,0,0
2183,1611663878,13,0,0,0,0,7,19.29,0,0,1,4,37,38,-1,102,128,123,0,7,19.29,0,0,1,4,37,38,39,0,0,0,-1,-1,-1,-1,-1,-1,-1,0,0,1,262144,1701080649,1,0,0,0,0,0,0,0,0,0,0,0,0,0
2184,32779,21,0,0,0,0,7,19.29,0,0,1,4,37,38,-1,91,-1,-1,0,7,19.29,0,0,1,4,37,126,39,0,0,0,-1,-1,-1,-1,-1,-1,-1,0,0,1,12889,0,0,0,0,0,0,0,0,0,0,0,0,0,0,0
2185,1660979211,21,0,0,0,0,7,19.29,0,0,1,4,37,38,-1,91,128,123,0,7,19.29,0,0,1,4,37,38,39,0,0,0,-1,-1,-1,-1,-1,-1,-1,0,0,1,12889,0,0,0,0,0,0,0,0,0,0,0,0,0,0,0
2186,1644201995,13,-1,0,0,0,7,19.29,0,0,1,4,37,38,-1,0,128,123,0,7,19.29,0,0,1,4,37,38,39,0,0,0,-1,-1,-1,-1,-1,-1,-1,0,0,1,1347174958,0,1,0,0,0,0,0,0,0,0,0,0,0,0,0
2187,1090544711,4,25,0,0,0,10,20,0,0,0,0,40,40,40,40,40,40,0,7,19.29,0,0,1,4,37,38,39,0,0,1.570796,19,-1,-1,-1,-1,-1,-1,0,0,1,0,0,0,0,0,0,0,0,0,0,0,0,0,0,0,0
2188,269033478,4,0.6,0,0,0,30,19.29,0,0,1,1,37,38,-1,193,-1,81,0,15,200,0,0,1,4,37,38,39,0.523599,0.523599,0.523599,34,-1,16,-1,-1,-1,-1,0,0.5,1,0,0,0,0,0,0,0,0,0,0,0,0,0,0,0,0
2189,1645250603,10,0.2,-0.05,0,0,10,19.23,0,3,5,5,37,38,91,91,91,91,0,7,19.23,0,1,0,4,37,38,39,0,0,0,-1,-1,-1,-1,-1,-1,-1,0,0,1,0,0,0,0,0,0,0,0,0,0,0,0,0,0,0,0
2191,7,5,0.5,0,-2.9,0,42,19.29,1,2,5,5,94,135,123,123,123,123,0,7,19.29,0,0,1,4,37,38,39,3.141593,0,0,19,-1,-1,-1,-1,-1,-1,0,0,1,0,0,0,0,0,0,0,0,0,0,0,0,0,0,0,0
2192,1660996623,3,0,0,-0.2,0,7,19.29,0,0,1,4,37,38,132,132,-1,-1,0,7,19.29,0,0,1,4,37,38,39,0,0,0,-1,-1,-1,-1,-1,-1,-1,0,0,1,0,0,0,0,0,0,0,0,0,0,0,0,0,0,0,0
2193,0,13,-2,-1.5,1,0,7,19.29,0,0,1,4,37,38,-1,102,128,123,0,7,19.29,0,0,1,4,37,38,39,0,0,0,-1,-1,-1,-1,-1,-1,-1,0,0,1,0,0,0,0,0,0,0,0,0,0,0,0,0,0,0,0
2194,0,14,-2,0,1,0,7,19.29,0,0,1,4,37,38,-1,102,128,123,0,7,19.29,0,0,1,4,37,38,39,0,0,0,-1,-1,-1,-1,-1,-1,-1,0,0,1,0,0,0,0,0,0,0,0,0,0,0,0,0,0,0,0
2195,0,3,-2,0,0,0,7,19.29,0,0,1,4,37,38,-1,102,128,123,0,7,19.29,0,0,1,4,37,38,39,0,0,0,-1,-1,-1,-1,-1,-1,-1,0,0,1,0,0,0,0,0,0,0,0,0,0,0,0,0,0,0,0
2196,0,4,-2,0,0,0,7,19.29,0,0,1,4,37,38,-1,102,128,123,0,7,19.29,0,0,1,4,37,38,39,0,0,0,-1,-1,-1,-1,-1,-1,-1,0,0,1,0,0,0,0,0,0,0,0,0,0,0,0,0,0,0,0
2197,-486504401,13,-0.2,0,-0.5,0,10,19.23,0,3,5,5,37,38,102,102,91,320,0,7,19.23,0,1,0,4,37,38,39,0,0,0,-1,-1,-1,-1,-1,-1,-1,0,0,1,0,0,1,0,0,0,0,0,0,0,0,0,0,0,0,0
2198,-1040161785,3,-2.5,1.8,0.3,0,7,19.29,0,2,1,4,37,38,120,120,120,120,0,7,19.29,0,0,1,4,37,38,39,0,0,0,-1,-1,-1,-1,-1,-1,-1,0,0,1,0,0,0,0,0,0,0,0,0,0,3,0,0,0,0,0
2199,32815,4,-2.5,-2.3,0.3,0,30,19.29,0,3,1,4,37,38,25,25,25,25,0,7,19.29,0,0,1,4,37,38,39,0,0,0,-1,-1,-1,-1,-1,-1,-1,0,0,1,0,0,0,0,0,0,0,0,0,0,0,0,0,0,0,0
2200,1645283351,21,0,0,0,0,50,19.29,0,0,0,0,40,40,-1,91,91,91,0,7,19.29,0,0,1,4,37,38,39,0,0,0,-1,135,0,0,0,0,0,0,0,1,0,0,0,8,0,0,0,0,0,0,0,0,0,0,0,0
2201,1662042159,10,0.2,-0.05,0,0,10,19.23,0,3,5,5,37,38,91,91,91,91,0,7,19.23,0,1,0,4,37,38,39,0,0,0,-1,-1,-1,-1,-1,-1,-1,0,0,1,0,0,0,0,0,0,0,0,0,0,0,0,0,0,0,0
2203,1644201995,21,0,0,0,0,7,19.29,0,0,1,4,37,38,91,91,128,123,0,7,19.29,0,0,1,4,37,38,39,0,0,0,-1,-1,-1,-1,-1,-1,-1,0,0,1,0,0,0,0,0,0,0,0,0,0,0,0,0,0,0,0
2204,1090544711,4,-25,0,0,0,10,20,0,0,0,0,40,40,40,40,40,40,0,7,19.29,0,0,1,4,37,38,39,0,0,1.570796,19,-1,-1,-1,-1,-1,-1,0,0,1,0,0,0,0,0,0,0,0,0,0,0,0,0,0,0,0
2205,1090544711,4,0,25,0,0,10,20,0,0,0,0,40,40,40,40,40,40,0,7,19.29,0,0,1,4,37,38,39,0,0,1.570796,19,-1,-1,-1,-1,-1,-1,0,0,1,0,0,0,0,0,0,0,0,0,0,0,0,0,0,0,0
2223,-1040159737,21,0,0,0.4,0,7,19.29,0,0,1,4,37,38,-1,27,-1,26,0,7,19.29,0,0,2,2,37,38,39,0,0,0,-1,-1,-1,-1,-1,-1,-1,0,0,0,0,0,0,0,0,0,0,0,0,0,0,0,0,0,0,0
2224,-1040159737,21,0,0,0.4,0,7,19.29,0,0,1,4,37,38,-1,27,-1,26,0,7,19.29,0,0,1,4,37,38,39,0,0,0,-1,-1,-1,-1,-1,-1,-1,0,0,0,0,0,0,0,0,0,0,0,0,0,0,0,0,0,0,0
2225,0,2,0,0,0,0,7,19.29,0,0,1,4,37,38,-1,102,128,123,0,7,19.29,0,0,1,4,37,38,39,0,0,0,-1,-1,-1,-1,-1,-1,-1,0,0,1,0,0,0,0,0,0,0,0,0,0,0,0,0,0,0,0
2226,1645218311,13,0,0,0,0,27,0,0,0,1,4,37,38,-1,102,128,123,0,7,19.29,0,0,1,4,37,38,39,0,0,0,-1,-1,-1,-1,-1,-1,-1,0,0,1,208698384,15323468,0,0,0,0,0,0,0,0,0,0,0,0,0,0
2227,1645251087,21,0,0,0,0,7,19.29,0,0,1,4,37,38,-1,102,128,123,0,7,19.29,0,0,1,4,37,38,39,0,0,0,-1,-1,-1,-1,-1,-1,-1,0,0,1,0,0,0,0,0,0,0,0,0,0,0,0,0,0,0,0
2228,1081355,21,0,0,0,0,7,19.29,0,0,1,4,37,38,-1,91,-1,-1,0,7,19.29,0,0,0,4,37,38,39,0,0,0,-1,-1,-1,-1,-1,-1,-1,0,0,1,0,0,0,2,0,0,0,0,0,0,0,0,0,0,0,0
2229,1644201997,13,-1.5,0,0,0,7,19.29,0,0,1,4,37,38,-1,0,-1,0,0,7,19.29,0,0,1,4,37,38,39,0,0,0,-1,-1,-1,-1,-1,-1,-1,0,0,1,13836,13834,1,19456,0,0,0,0,0,0,0,0,0,4,4,0
2230,33587215,13,0,0,0,0,7,19.29,0,0,1,4,37,38,-1,102,128,123,0,7,19.29,0,0,1,4,37,38,39,0,0,0,-1,-1,-1,-1,-1,-1,-1,0,0,1,0,0,0,0,0,0,0,0,0,0,0,0,0,0,0,0
2231,1644219407,3,0,0,-0.2,0,7,19.29,0,0,1,4,37,38,132,132,-1,-1,0,7,19.29,0,0,1,4,37,38,39,0,0,0,-1,-1,-1,-1,-1,-1,-1,0,0,1,0,0,0,0,0,0,0,0,0,0,0,0,0,0,0,0
2232,1074825231,1,-1,0,4.2,0,30,30.29,0,0,1,4,37,38,91,91,-1,-1,0,7,19.29,0,0,1,4,37,38,39,0,0,0,-1,-1,-1,-1,-1,-1,-1,0,0,1,0,0,0,1,0,0,0,0,0,0,0,0,0,0,0,0
2233,35684749,21,0,0,-1.3,0,7,19.29,0,0,1,4,37,38,-1,102,91,91,0,30,10.29,0,0,1,4,37,38,39,0,0,0,-1,-1,-1,-1,-1,-1,-1,0,0,1,15335540,0,0,0,0,0,0,0,0,0,0,0,0,0,0,0
2234,1799391244,1,0,0,-2.75,0,7,19.29,0,0,1,4,37,38,-1,102,25,25,0,7,19.29,0,0,1,4,37,38,39,0,1.396263,3.141593,-1,455,-1,-1,26,-1,-1,0.75,0,1,4,0,0,0,0,0,0,0,0,0,0,0,0,0,0,0
2235,-503281653,21,0,0,0,0,7,19.29,0,0,1,4,37,38,-1,91,128,123,0,7,19.29,0,0,1,4,37,38,39,0,0,0,-1,-1,-1,-1,-1,-1,-1,0,0,1,12197,8959,0,0,0,0,0,0,0,0,0,0,0,0,0,0
2236,441352204,14,1,1,-1,0,7,19.29,0,0,1,4,37,38,-1,102,40,40,0,15,19.29,0,0,0,0,40,40,200,0,-0.872665,-0.349066,6,455,457,456,26,26,26,0.75,0.64,1,4,3,-1,0,0,0,0,0,0,0,0,0,0,0,0,0
2238,1779477162,1,0,0,0,0,20,19.29,0,0,1,4,37,38,-1,102,-1,-1,0,20,19.29,0,0,1,4,37,38,39,0,0,0,-1,216,-1,-1,-1,-1,-1,3,0,1,13837,13835,0,3072,0,0,0,0,0,0,2.5,0,0,1,0,0
2240,35684749,21,0,0,-1.3,0,40,19.29,0,0,1,4,37,38,-1,102,91,91,0,18,30.29,0,0,1,4,37,38,39,0,0,0,-1,-1,-1,-1,-1,-1,-1,0,0,1,15335540,0,0,0,0,0,0,0,0,0,0,0,0,0,0,0
2241,33554443,13,0,0,-0.5,0,7,19.29,0,0,1,4,37,38,-1,102,103,123,0,7,19.29,0,0,1,4,37,38,39,0,0,0,-1,-1,-1,-1,-1,-1,-1,0,0,1,0,0,0,0,0,0,0,0,0,0,0,0,0,0,0,0
2242,1644169739,13,0,0,0,0,7,19.29,0,0,1,4,37,38,-1,102,128,123,0,7,19.29,0,0,1,4,37,38,39,0,0,0,-1,-1,-1,-1,-1,-1,-1,0,0,1,0,0,0,0,0,0,0,0,0,0,0,0,0,0,0,0
2244,1073809431,21,0,0,0,0,7,19.29,0,0,1,4,37,38,-1,91,91,91,0,7,19.29,0,0,1,4,37,38,39,0,0,0,-1,-1,-1,-1,-1,-1,-1,0,0,0,0,0,0,1,0,0,0,0,0,0,0,0,0,0,0,0
2245,1645283855,13,0,0,0,0,7,19.29,0,0,1,4,37,38,-1,102,128,123,0,7,19.29,0,0,4,8,37,38,39,0,0,0,-1,-1,-1,-1,-1,-1,-1,0,0,1,0,0,0,0,0,0,0,0,0,0,0,0,0,0,0,0
2246,32782,21,0,0,0,0,7,19.29,0,0,1,4,37,38,-1,97,128,91,0,7,19.29,0,0,1,4,37,38,39,0,0,0,-1,-1,-1,-1,-1,-1,-1,0,0,1,0,0,0,0,0,0,0,0,0,0,0,0,0,0,0,0
2263,1660977199,10,0.2,-0.05,0,0,10,19.23,0,3,5,5,37,38,91,91,91,91,0,7,19.23,0,1,0,4,37,38,39,0,0,0,-1,-1,-1,-1,-1,-1,-1,0,0,1,0,0,0,0,0,0,0,0,0,0,0,0,0,0,0,0
2264,1074825231,10,-0.15,-0.05,-0.1,0,7,19.29,0,0,1,4,37,38,91,91,91,91,0,7,19.29,0,0,1,4,37,38,39,0,0,0,-1,-1,-1,-1,-1,-1,-1,0,0,0,0,0,0,1,0,0,0,0,0,0,0,0,0,0,0,0
2283,1712326671,13,0,0,0,0,7,19.29,0.5,0,1,4,37,38,-1,484,128,123,0,7,19.29,0.7,0,1,4,37,38,39,0,0,0,-1,-1,-1,-1,-1,-1,-1,0,0,1,0,0,1,0,0,0,0,0,0,0,0,0,0,0,0,0
2284,33587215,13,0,0,0,0,7,19.29,0,0,1,4,37,38,-1,102,128,123,0,7,19.29,0,0,1,4,37,38,39,0,0,0,-1,-1,-1,-1,-1,-1,-1,0,0,1,0,0,0,0,0,0,0,0,0,0,0,0,0,0,0,0
2303,1662060555,13,0,0,0,0,7,19.29,0,0,1,4,37,38,-1,213,128,195,0,7,19.29,0,0,1,4,37,38,39,0,0,0,-1,-1,-1,-1,-1,-1,-1,0,0,1,0,0,1,0,0,0,0,0,0,0,0,0,0,0,0,0
2304,1090544711,4,0,-25,0,0,10,20,0,0,0,0,40,40,40,40,40,40,0,7,19.29,0,0,1,4,37,38,39,0,0,1.570796,19,-1,-1,-1,-1,-1,-1,0,0,1,0,0,0,0,0,0,0,0,0,0,0,0,0,0,0,0
2305,1090544711,4,15,15,0,0,10,20,0,0,0,0,40,40,40,40,40,40,0,7,19.29,0,0,1,4,37,38,39,0,0,1.570796,19,-1,-1,-1,-1,-1,-1,0,0,1,0,0,0,0,0,0,0,0,0,0,0,0,0,0,0,0
2306,1645250733,21,0,0,0,0,7,19.29,0,0,1,4,37,38,-1,91,91,91,0,7,19.29,0,0,1,4,37,38,39,0,0,0,-1,135,0,0,0,0,0,0,0,1,13837,13835,0,0,0,0,0,0,0,0,0,0,0,0,0,0
2307,32782,21,0,0,0,0,7,19.29,0,0,1,4,37,38,-1,97,128,91,0,7,19.29,0,0,1,4,37,38,39,0,0,0,-1,-1,-1,-1,-1,-1,-1,0,0,1,0,0,0,0,0,0,0,0,0,0,0,0,0,0,0,0
2308,33554439,10,0.5,-0.05,0.7,0,7,19.29,0,0,1,4,37,38,-1,-1,-1,-1,0,7,19.29,0,0,1,4,37,38,39,0,3.752458,0,-1,-1,-1,-1,-1,-1,-1,0,0,1,116,0,0,0,0,0,0,0,0,0,0,0,0,0,0,0
2309,33554439,4,-0.1,0.05,-0.1,0,7,19.29,0,0,1,4,37,38,-1,-1,-1,-1,0,7,19.29,0,0,1,4,37,38,39,-2.617994,-0.872665,0,-1,-1,-1,-1,-1,-1,-1,0,0,1,0,0,0,0,0,0,0,0,0,0,0,0,0,0,0,0
2323,33554439,3,-0.05,-0.05,0,0,7,19.29,0,0,1,4,37,38,-1,-1,-1,-1,0,7,19.29,0,0,1,4,37,38,39,-0.785398,0.872665,0,-1,-1,-1,-1,-1,-1,-1,0,0,1,4,3,-1,0,0,0,0,0,0,0,0,0,0,0,0,0
2324,33554439,5,-0.3,0,0.1,0,7,19.29,0,0,1,4,37,38,-1,-1,-1,-1,0,7,19.29,0,0,1,4,37,38,39,0,0.785398,0,-1,-1,-1,-1,-1,-1,-1,0,0,1,4,3,-1,0,0,0,0,0,0,0,0,0,0,0,0,0
2325,-502224209,2,0,0,0,0,7,19.29,0,0,1,4,37,38,-1,102,128,123,0,7,19.29,0,0,1,4,37,38,39,0,0,0,-1,-1,-1,-1,-1,-1,-1,0,0,1,13837,13835,0,11264,0,0,0,0,0,0,5,0,0,5,0,0
2326,33587209,5,0,0,0,0,7,19.29,0,0,1,4,37,38,-1,102,128,123,0,7,19.29,0,0,1,4,37,38,39,0,0,0,-1,-1,-1,-1,-1,-1,-1,0,0,1,0,0,0,0,0,0,0,0,0,0,0,0,0,0,0,0
2344,-503281653,21,0,0,0,0,7,19.29,0,0,1,4,37,38,-1,91,128,123,0,7,19.29,0,0,1,4,37,38,39,0,0,0,-1,-1,-1,-1,-1,-1,-1,0,0,1,12197,8959,0,0,0,0,0,0,0,0,0,0,0,0,0,0
2345,441352204,14,1,1,-1,0,7,19.29,0,0,1,4,37,38,-1,102,40,40,0,15,19.29,0,0,0,0,40,40,200,0,-0.872665,-0.349066,6,455,457,456,26,26,26,0.75,0.64,1,4,3,-1,0,0,0,0,0,0,0,0,0,0,0,0,0
2346,1073741824,2,0,0,0,0,7,19.29,0,1,0,4,37,38,-1,91,128,123,0,7,19.29,0,1,0,4,37,38,39,0,0,0,-1,-1,-1,-1,-1,-1,-1,0,0,1,0,0,0,0,0,0,0,0,0,0,0,0,0,0,0,0
2363,-973045649,-1,-1.5,0,1.5,0,4,-3,0.5,1.3,-1,0,193,193,-1,193,-1,52,0,4,8,0,1.3,0,2,-1,193,-1,0,0,0,-1,9,32,83,4,-1,6,0,0,1,0,0,0,4197376,0,0,0,0,0,0,0.5,0,0,5,0,0
2364,-564207537,9,-0.35,0,0.2,0,7,19.29,0.7,1.3,1,2,37,38,-1,91,-1,68,0,10,19.29,0.3,2,1,4,37,38,39,0,0.349066,0,-1,54,32,83,-1,-1,6,1,0.3,1,0,0,0,2097152,0,0,0,0,0,0,0,0,0,0,0,0
2365,-436164497,-1,0,1.5,1.5,0,4,-3,0.5,1.3,-1,0,193,193,-1,193,-1,52,0,4,8,0,1.3,0,2,-1,193,-1,0,0,0,-1,9,32,83,4,-1,6,0,0,1,0,0,0,2097152,0,0,0,0,0,0,0,0,0,0,0,0
2366,-436164497,-1,0,-1.5,1.5,0,4,-3,0.5,1.3,-1,0,193,193,-1,193,-1,52,0,4,8,0,1.3,0,2,-1,193,-1,0,0,0,-1,9,32,83,4,-1,6,0,0,1,0,0,0,2097152,0,0,0,0,0,0,0,0,0,0,0,0
2383,1114130,21,0,0,0,0,7,19.29,0,0,1,4,37,38,-1,484,128,91,0,7,19.29,0,0,1,4,37,38,39,0,0,0,-1,-1,-1,-1,-1,-1,-1,0,0,1,0,0,0,0,0,0,0,0,0,0,0,0,0,0,0,0
2403,1107331083,21,0,0,0,0,7,19.29,0,1,0,4,37,38,-1,91,128,123,0,7,19.29,0,1,0,4,37,38,39,0,0,0,-1,-1,-1,-1,-1,-1,-1,0,0,1,0,0,0,0,0,0,0,0,0,0,0,0,0,0,0,0
2404,-502257146,2,0,0,0,0,7,19.29,0,0,1,4,37,38,-1,102,128,123,0,7,19.29,0,0,1,4,37,38,39,0,0,0,-1,-1,-1,-1,-1,-1,-1,0,0,1,0,0,0,0,0,0,0,0,0,0,0,0,0,0,0,0
2423,32939,21,0,0,0,0,7,19.29,0,0,1,4,37,38,91,91,128,123,0,7,19.29,0,1,4,8,37,38,39,0,0,0,-1,-1,-1,-1,-1,-1,-1,0,0,1,0,0,0,0,0,0,0,0,0,0,0,0,0,0,0,0
2443,-502257146,2,0,0,0,0,7,19.29,0,0,1,4,37,38,-1,102,128,123,0,7,19.29,0,0,1,4,37,38,39,0,0,0,-1,-1,-1,-1,-1,-1,-1,0,0,1,0,0,0,0,0,0,0,0,0,0,0,0,0,0,0,0
2444,33587211,21,0,0,0,0,7,19.29,0,0,1,4,37,38,-1,91,91,91,0,7,19.29,0,0,1,4,37,38,39,0,0,0,-1,-1,-1,-1,-1,-1,-1,0,0,1,0,0,0,0,0,0,0,0,0,0,0,0,0,0,0,0
2445,1644251155,13,0,0,0,0,7,19.29,0,1,0,4,37,38,-1,102,128,123,0,7,19.29,0,1,0,4,37,38,39,0,0,0,-1,-1,-1,-1,-1,-1,-1,0,0,1,0,0,1,0,0,0,0,0,0,0,0,0,0,0,0,0
2446,407707670,13,0.2,0,0,0,30,19.29,0,0.2,1,1,37,38,-1,193,-1,81,0,15,200,0,0,1,4,37,38,39,0.523599,0.523599,0.523599,34,213,107,-1,-1,-1,-1,0.85,0.67,1,0,0,0,524289,0,0,0,0,0,0,0,5,0,0,0,0
2447,1796245546,21,0,0,0,0,20,19.29,0,0,1,4,37,38,-1,102,-1,-1,0,20,19.29,0,0,1,4,37,38,39,0,0,0,-1,216,-1,-1,-1,-1,-1,3,0,1,0,0,0,0,0,0,0,0,0,0,0,0,0,0,0,0
2448,407797770,13,0,0,-2.65,0,7,19.29,0,0,1,4,37,38,-1,14,128,123,0,100,19.29,1,1,10,20,37,38,39,0,0,0,-1,112,107,111,4,4,1,0.47,0.63,1,0,0,0,0,0,0,0,0,0,0,0,0,0,0,0,0
2449,1644169223,21,0,0,0,0,7,19.29,0,0,1,4,37,38,-1,91,91,91,0,7,19.29,0,0,1,4,37,38,39,0,0,0,-1,-1,-1,-1,-1,-1,-1,0,0,1,0,0,0,1,0,0,0,0,0,0,0,0,0,0,0,0
2451,1107593227,21,0,0,0,0,7,19.29,0,1,0,4,37,38,-1,91,128,123,0,7,19.29,0,1,0,4,37,38,39,0,0,0,-1,-1,94,-1,-1,-1,-1,0,0,1,0,0,0,0,0,0,0,0,0,0,0,0,0,0,0,0
2452,1107593227,21,0,0,0,0,7,19.29,0,1,0,4,37,38,-1,91,128,123,0,7,19.29,0,1,0,4,37,38,39,0,0,0,-1,-1,94,-1,-1,-1,-1,0,0,1,0,0,0,0,0,0,0,0,0,0,0,0,0,0,0,0
2463,33718411,3,0.04,0,-0.2,0,7,19.29,0,0,1,4,37,38,-1,97,97,97,0,7,19.29,0,0,1,4,98,38,39,0.349066,0.872665,3.490659,34,-1,-1,97,-1,-1,2,0,0,1,0,0,0,0,0,0,0,0,0,0,0,0,0,0,0,0
2464,1108379659,21,0,0,0,0,7,19.29,0,1,0,4,37,38,-1,91,128,123,0,7,19.29,0,1,0,4,37,38,39,0,0,0,-1,-1,-1,-1,-1,-1,-1,0,0,1,0,0,0,0,0,0,0,0,0,0,0,0,0,0,0,0
2465,1645251086,9,-0.5,0.85,0.6,0,7,19.29,0,0,1,4,37,38,-1,102,-1,-1,0,7,19.29,0,0,1,4,37,38,39,0,0,0,-1,-1,-1,-1,-1,-1,-1,0,0,1,0,0,0,0,0,0,0,0,0,0,0,0,0,0,0,0
2466,3047567,3,0,0,-0.4,0,7,19.29,0,0,1,4,37,38,100,-1,6,6,0,7,19.29,0,0,1,4,6,6,6,1.570796,0,0,19,-1,183,-1,-1,-1,26,0,0,1,0,0,0,0,0,0,0,0,0,0,0,0,0,0,0,0
2467,32781,1,-3.3,-2,5.5,0,17,19.29,0,0,1,4,37,38,-1,27,18,18,0,7,19.29,0,0,1,4,37,38,39,0,-0.523599,0.174533,20,-1,-1,-1,-1,-1,-1,0,0,1,0,0,0,0,0,0,0,0,0,0,0,0,0,0,0,0
2468,1645251087,9,-0.5,0.85,0.6,0,7,19.29,0,0,1,4,37,38,-1,102,-1,-1,0,7,19.29,0,0,1,4,37,38,39,0,0,0,-1,-1,-1,-1,-1,-1,-1,0,0,1,0,0,1,0,0,0,0,0,0,0,0,0,0,0,0,0
2469,1728088079,13,0,0,0,0,7,19.29,0,0,1,4,37,38,-1,102,128,123,0,7,19.29,0,0,1,4,37,38,39,0,0,0,19,-1,-1,-1,-1,-1,-1,0,0,1,0,0,1,1,0,0,0,0,0,0,0,0,0,0,0,0
2470,34653192,1,0.75,0,2,0,7,19.29,0,0,1,4,37,38,-1,102,128,123,0,7,19.29,0,0,1,4,37,38,39,0,0,0,-1,-1,-1,-1,-1,-1,-1,0,0,1,0,0,0,33554432,0,0,0,0,0,0,0,0,0,0,0,0
2471,33572352,0,3,0,-3,0,7,19.29,0,0,1,4,37,38,-1,102,128,123,0,7,19.29,0,0,1,4,37,38,39,0,0.785398,0,-1,-1,-1,-1,-1,-1,-1,0,0,1,0,0,0,0,0,0,0,0,0,0,0,0,0,0,0,0
2472,-502183405,1,0,0,0,0,17,19.29,0,0,1,4,-1,38,-1,102,128,123,0,7,19.29,0,0,1,4,37,38,39,0,0,0,19,-1,-1,-1,-1,-1,-1,0,0,1,0,0,1,0,0,0.5,0,0,0,-4,0,0,0,0,0,0
2476,-502257146,2,0,0,0,0,7,19.29,0,0,1,4,37,38,-1,102,128,123,0,7,19.29,0,0,1,4,37,38,39,0,0,0,-1,-1,-1,-1,-1,-1,-1,0,0,1,0,0,0,0,0,0,0,0,0,0,0,0,0,0,0,0
2477,1073776655,13,0,0,0,0,7,19.29,0,0,1,4,37,38,-1,102,128,123,0,7,19.29,0,0,1,4,37,38,39,0,0,0,-1,-1,-1,-1,-1,-1,-1,0,0,1,0,0,0,0,0,0,0,0,0,0,0,0,0,0,0,0
2478,33570823,1,0,0,0,0,7,19.29,0,0,1,4,37,38,-1,102,128,123,0,7,19.29,0,0,1,4,37,38,39,0,0,0,-1,-1,-1,-1,-1,-1,-1,0,0,1,0,0,0,0,0,0,0,0,0,0,0,0,0,0,0,0
2483,-502199789,2,0,0,0,0,17,19.29,0,0,1,4,-1,38,-1,102,124,124,0,7,19.29,0,0,1,4,37,38,39,0,0,0,19,-1,-1,-1,-1,-1,-1,0,0,1,0,0,1,0,0,0.5,0,0,0,0,3,0,0,0,0,0
2484,-502199785,2,0,0,0,0,17,19.29,0,0,1,4,-1,38,-1,102,128,123,0,27,19.29,0.5,0.5,1,4,37,38,39,0,0,0,34,-1,-1,-1,-1,-1,-1,0,0,1,0,0,1,0,0,0.5,0,0,0,0,0,0,0,0,0,0
2503,138543104,14,0,0,-0.4,0,15,19.29,0,0,1,4,-1,-1,100,-1,6,6,0,7,19.29,0,0,1,4,6,6,6,1.570796,0,0,19,455,183,456,26,-1,26,0.75,0,1,0,0,0,0,0,0,0,0,0,0,0,0,0,0,0,0
2504,33554432,13,0,0,0,0,7,19.29,0,0,1,4,37,38,-1,102,128,123,0,7,19.29,0,0,1,4,37,38,39,0,0,0,-1,-1,-1,-1,-1,-1,-1,0,0,1,0,0,0,33554432,0,0,0,0,0,0,0,0,0,0,0,0
2505,33587215,13,2,0,-2,0,10,19.29,0,0,2,4,37,38,-1,102,128,123,0,7,19.29,0,0,1,4,37,38,39,0,0,0,-1,-1,-1,-1,-1,-1,-1,0,0,1,0,0,0,0,0,0,0,0,0,0,0,0,0,0,0,0
2506,32779,13,0,0,0,0,7,19.29,0,0,1,4,37,38,-1,213,128,123,0,7,19.29,0,0,1,4,37,38,39,0,0,0,-1,-1,-1,-1,-1,-1,-1,0,0,1,0,0,0,0,0,0,0,0,0,0,0,0,0,0,0,0
2523,1662036527,13,0,0,0,0,7,19.29,0,0,1,4,37,38,-1,102,128,123,0,7,19.29,0,0,1,4,37,38,39,0,0,0,-1,-1,-1,-1,-1,-1,-1,0,0,1,13836,13834,1,0,0,0,0,0,0,0,0,0,0,0,0,0
2524,-1040159737,21,0,0,0.4,0,7,19.29,0,0,1,4,37,38,-1,27,-1,26,0,7,19.29,0,0,1,4,37,38,39,0,0,0,-1,-1,-1,-1,-1,-1,-1,0,0,0,0,0,0,0,0,0,0,0,0,0,0,0,0,0,0,0
2525,34620928,1,0.5,0,0,0,7,19.29,0,0,1,4,37,38,-1,102,128,123,0,7,19.29,0,0,1,4,37,38,39,0,0.698132,0,-1,-1,-1,-1,-1,-1,-1,0,0,1,0,0,0,33554432,0,0,0,0,0,0,0,0,0,0,0,0
2526,34620935,1,0.75,0,2,0,7,19.29,0,0,1,4,37,38,-1,102,128,123,0,7,19.29,0,0,1,4,37,38,39,0,0,0,-1,-1,-1,-1,-1,-1,-1,0,0,1,0,0,0,33554432,0,0,0,0,0,0,0,0,0,0,0,0
2527,1048580,10,-0.07,0,0.05,0,7,19.29,0,0,1,4,37,38,-1,102,128,123,0,7,19.29,0,0,1,4,37,38,39,0,0,0,34,-1,-1,-1,-1,-1,-1,0,0,1,0,0,0,0,0,0,0,0,0,0,0,0,0,0,0,0
2528,33587214,5,1.8,-0.5,-2.5,0,7,19.29,0,0,1,4,37,38,-1,132,132,132,0,7,19.29,0,0,1,4,37,38,39,0.872665,0,0,23,-1,-1,-1,-1,-1,-1,0,0,1,0,0,0,0,0,0,0,0,0,0,0,0,0,0,0,0
2529,1662027787,13,0,0,0,0,7,19.29,0,0,1,4,37,38,-1,213,128,123,0,7,19.29,0,0,1,4,37,38,39,0,0,0,-1,-1,-1,-1,-1,-1,-1,0,0,1,0,0,1,0,0,0,0,0,0,0,0,0,0,0,0,0
2530,33587215,13,0,0,0,0,7,19.29,0,0,1,4,37,38,-1,213,128,123,0,7,19.29,0,0,1,4,37,38,39,0,0,0,-1,-1,-1,-1,-1,-1,-1,0,0,1,0,0,0,0,0,0,0,0,0,0,0,0,0,0,0,0
2531,34620928,1,0.5,0,0,0,7,19.29,0,0,1,4,37,38,-1,102,128,123,0,7,19.29,0,0,1,4,37,38,39,0,0.698132,0,-1,-1,-1,-1,-1,-1,-1,0,0,1,0,0,0,33554432,0,0,0,0,0,0,0,0,0,0,0,0
2532,34653192,10,0.75,0,1.9,0,7,19.29,0,0,1,4,37,38,-1,102,128,123,0,7,19.29,0,0,1,4,37,38,39,0,0,0,-1,-1,-1,-1,-1,-1,-1,0,0,1,0,0,0,33554432,0,0,0,0,0,0,0,0,0,0,0,0
2533,34620935,1,0.75,0,2,0,7,19.29,0,0,1,4,37,38,-1,102,128,123,0,7,19.29,0,0,1,4,37,38,39,0,0,0,-1,-1,-1,-1,-1,-1,-1,0,0,1,0,0,0,33554432,0,0,0,0,0,0,0,0,0,0,0,0
2534,-502183405,2,0,0,0,0,17,19.29,0,0,1,4,-1,38,-1,102,128,123,0,7,19.29,0,0,1,4,37,38,39,0,0,0,19,-1,-1,-1,-1,-1,-1,0,0,1,0,0,1,0,0,0.5,0,0,0,-4,0,0,0,0,0,0
2543,33554434,1,1.2,0,-0.5,0,7,19.29,0,0,1,4,37,38,-1,104,128,123,0,7,19.29,0,0,1,4,37,38,39,0,0,0,-1,-1,-1,-1,-1,-1,-1,0,0,1,0,0,0,0,0,0,0,0,0,0,0,0,0,0,0,0
2544,33588232,1,4.2,0,0.3,0,7,19.29,0,0,1,4,37,38,-1,102,128,123,0,7,19.29,0,0,1,4,37,38,39,0,0,0,-1,-1,-1,-1,-1,-1,-1,0,0,1,0,0,0,0,0,0,0,0,0,0,0,0,0,0,0,0
2545,33554435,1,0.4,0,-0.3,0,7,19.29,0,0,1,4,37,38,-1,115,128,123,0,7,19.29,0,0,1,4,37,38,39,3.141593,0,0,-1,-1,-1,-1,-1,-1,-1,0,0,1,0,0,0,0,0,0,0,0,0,0,0,0,0,0,0,0
2546,33554434,1,-0.5,0,0,0,7,19.29,0,0,1,4,37,38,-1,97,128,123,0,7,19.29,0,0,1,4,37,38,39,0,0,0,-1,-1,-1,-1,-1,-1,-1,0,0,1,0,0,0,0,0,0,0,0,0,0,0,0,0,0,0,0
2547,33587210,9,1.2,0,-0.4,0,7,19.29,0,0,1,4,37,38,-1,104,128,123,0,7,19.29,0,0,1,4,37,38,39,0,0,0,-1,-1,-1,-1,-1,-1,-1,0,0,1,0,0,0,0,0,0,0,0,0,0,0,0,0,0,0,0
2548,33588232,9,4.2,-0.05,0.1,0,7,19.29,0,0,1,4,37,38,-1,102,128,123,0,7,19.29,0,0,1,4,37,38,39,0,0,0,0,-1,-1,-1,-1,-1,-1,0,0,1,0,0,0,33554432,0,0,0,0,0,0,0,0,0,0,0,0
2549,33587211,9,0.4,0,-0.3,0,7,19.29,0,0,1,4,37,38,-1,115,128,123,0,7,19.29,0,0,1,4,37,38,39,3.141593,0,0,-1,-1,-1,-1,-1,-1,-1,0,0,1,0,0,0,0,0,0,0,0,0,0,0,0,0,0,0,0
2550,33587210,9,-0.5,0,0,0,7,19.29,0,0,1,4,37,38,-1,97,128,123,0,7,19.29,0,0,1,4,37,38,39,0,0,0,-1,-1,-1,-1,-1,-1,-1,0,0,1,0,0,0,0,0,0,0,0,0,0,0,0,0,0,0,0
2551,33587210,9,0.3,1.5,-1,0,7,19.29,0,0,1,4,37,38,-1,104,128,123,0,7,19.29,0,0,1,4,37,38,39,3.141593,0,0,-1,-1,-1,-1,-1,-1,-1,0,0,1,0,0,0,0,0,0,0,0,0,0,0,0,0,0,0,0
2552,33587210,9,0.3,-1.5,-1,0,7,19.29,0,0,1,4,37,38,-1,104,128,123,0,7,19.29,0,0,1,4,37,38,39,3.141593,0,0,-1,-1,-1,-1,-1,-1,-1,0,0,1,0,0,0,0,0,0,0,0,0,0,0,0,0,0,0,0
2553,1645283351,13,0,0,-1,0,17,19.29,0,0,1,4,37,38,-1,104,-1,123,0,7,19.29,0,0,1,4,37,38,39,0,0,0,39,-1,-1,-1,-1,-1,-1,0,0,1,0,0,1,0,0,0,0,0,0,0,4,0,0,0,0,0
2563,-502199789,1,0,0,0,0,17,19.29,0,0,1,4,-1,38,-1,102,124,124,0,7,19.29,0,0,1,4,37,38,39,0,0,0,19,-1,-1,-1,-1,-1,-1,0,0,1,0,0,1,0,0,0.5,0,0,0,0,3,0,0,0,0,0
2564,33588235,10,0,0,0,0,40,19.29,0,0,1,4,37,38,-1,38,128,123,0,7,19.29,0,0,1,4,37,38,39,0,0,0,-1,-1,-1,-1,-1,-1,-1,0,0,1,0,0,0,0,0,0,0,0,0,0,0,0,0,0,0,0
2565,33587214,13,0,0,0,0,7,19.29,0,0,1,4,37,38,-1,102,128,123,0,7,19.29,0,0,1,4,37,38,39,0,0,0,-1,-1,-1,-1,-1,-1,-1,0,0,1,0,0,0,0,0,0,0,0,0,0,0,0,0,0,0,0
2566,1796245546,21,0,0,0,0,20,19.29,0,0,1,4,37,38,-1,102,-1,-1,0,20,19.29,0,0,1,4,37,38,39,0,0,0,-1,216,-1,-1,-1,-1,-1,3,0,1,0,0,0,0,0,0,0,0,0,0,0,0,0,0,0,0
2568,407797770,3,0,0,0,0,7,19.29,0,0,1,4,37,38,-1,14,128,123,0,100,19.29,1,1,10,20,37,38,39,0,0,0,10,53,51,53,4,4,13,0.47,0.63,1,0,0,0,0,0,0,0,0,0,0,0,0,0,0,0,0
2570,-502199785,2,0,0,0,0,17,19.29,0,0,1,4,-1,38,-1,102,128,123,0,7,19.29,0,0,1,4,37,38,39,0,0,0,34,-1,-1,-1,-1,-1,-1,0,0,1,0,0,1,0,0,0.5,0,0,0,0,0,0,0,0,0,0
2571,33587209,1,0,0,-4.1,0,7,19.29,0,0,1,4,37,38,-1,102,128,123,0,7,19.29,0,0,1,4,37,38,39,0,0,0,-1,-1,-1,-1,-1,-1,-1,0,0,1,0,0,0,33554432,0,0,0,0,0,0,0,0,0,0,0,0
2572,33587209,1,0.3,2.25,0,0,7,19.29,0,0,1,4,37,38,-1,102,128,123,0,7,19.29,0,0,1,4,37,38,39,0,0,0,-1,-1,-1,-1,-1,-1,-1,0,0,1,0,0,0,33554432,0,0,0,0,0,0,0,0,0,0,0,0
2573,33587209,1,0.3,-2.25,0,0,7,19.29,0,0,1,4,37,38,-1,102,128,123,0,7,19.29,0,0,1,4,37,38,39,0,0,0,-1,-1,-1,-1,-1,-1,-1,0,0,1,0,0,0,33554432,0,0,0,0,0,0,0,0,0,0,0,0
2574,33587215,1,0,0,-1.5,0,7,19.29,0,0,1,4,37,38,-1,102,128,123,0,7,19.29,0,0,1,4,37,38,39,0,0,0,-1,-1,-1,-1,-1,-1,-1,0,0,1,0,0,0,33554432,0,0,0,0,0,0,0,0,0,0,0,0
2575,33587215,1,0.25,2.25,0,0,7,19.29,0,0,1,4,37,38,-1,102,128,123,0,7,19.29,0,0,1,4,37,38,39,0,0,0,-1,-1,-1,-1,-1,-1,-1,0,0,1,0,0,0,33554432,0,0,0,0,0,0,0,0,0,0,0,0
2576,33587215,1,0.25,-2.25,0,0,7,19.29,0,0,1,4,37,38,-1,102,128,123,0,7,19.29,0,0,1,4,37,38,39,0,0,0,-1,-1,-1,-1,-1,-1,-1,0,0,1,0,0,0,33554432,0,0,0,0,0,0,0,0,0,0,0,0
2577,33587210,9,1.2,0,-0.4,0,7,19.29,0,0,1,4,37,38,-1,104,128,123,0,7,19.29,0,0,1,4,37,38,39,0,0,0,-1,-1,-1,-1,-1,-1,-1,0,0,1,0,0,0,0,0,0,0,0,0,0,0,0,0,0,0,0
2578,33588232,9,4.2,-0.05,0.1,0,7,19.29,0,0,1,4,37,38,-1,102,128,123,0,7,19.29,0,0,1,4,37,38,39,0,0,0,0,-1,-1,-1,-1,-1,-1,0,0,1,0,0,0,0,0,0,0,0,0,0,0,0,0,0,0,0
2579,33587211,9,0.6,0,-0.3,0,7,19.29,0,0,1,4,37,38,-1,115,128,123,0,7,19.29,0,0,1,4,37,38,39,3.141593,0,0,-1,-1,-1,-1,-1,-1,-1,0,0,1,0,0,0,0,0,0,0,0,0,0,0,0,0,0,0,0
2580,33587210,9,-0.5,0,0,0,7,19.29,0,0,1,4,37,38,-1,97,128,123,0,7,19.29,0,0,1,4,37,38,39,0,0,0,-1,-1,-1,-1,-1,-1,-1,0,0,1,0,0,0,0,0,0,0,0,0,0,0,0,0,0,0,0
2581,33587210,9,0.3,1.5,-1,0,7,19.29,0,0,1,4,37,38,-1,104,128,123,0,7,19.29,0,0,1,4,37,38,39,3.141593,0,0,-1,-1,-1,-1,-1,-1,-1,0,0,1,0,0,0,0,0,0,0,0,0,0,0,0,0,0,0,0
2582,33587210,9,0.3,-1.5,-1,0,7,19.29,0,0,1,4,37,38,-1,104,128,123,0,7,19.29,0,0,1,4,37,38,39,3.141593,0,0,-1,-1,-1,-1,-1,-1,-1,0,0,1,0,0,0,0,0,0,0,0,0,0,0,0,0,0,0,0
2583,1661995014,2,0,0,0,0,7,19.29,0,0,1,4,37,38,114,115,106,110,0,7,19.29,0,0,1,4,37,38,39,0,0,0,19,-1,-1,-1,-1,-1,-1,0,0,1,0,0,1,1,0,0,0,0,0,0,0,0,0,0,0,0
2584,34635791,1,0.5,0,-4.5,0,7,19.29,0,0,1,4,37,38,-1,102,128,123,0,7,19.29,0,0,1,4,37,38,39,0,0,0,-1,-1,-1,-1,-1,-1,-1,0,0,1,0,0,0,33554432,0,0,0,0,0,0,0,0,0,0,0,0
2585,34635791,1,0.5,0,-4.5,0,7,19.29,0,0,1,4,37,38,-1,102,128,123,0,7,19.29,0,0,1,4,37,38,39,0,0,0,-1,-1,-1,-1,-1,-1,-1,0,0,1,0,0,0,33554432,0,0,0,0,0,0,0,0,0,0,0,0
2586,34635791,1,0.7,0,-0.2,0,7,19.29,0,0,1,4,37,38,102,102,-1,102,0,7,19.29,0,0,1,4,37,38,39,0,0,0,-1,-1,-1,-1,-1,-1,-1,0,0,1,0,0,0,33554432,0,0,0,0,0,0,0,0,0,0,0,0
2603,34635791,1,0.7,0,-0.2,0,7,19.29,0,0,1,4,37,38,102,102,-1,102,0,7,19.29,0,0,1,4,37,38,39,0,0,0,-1,-1,-1,-1,-1,-1,-1,0,0,1,0,0,0,33554432,0,0,0,0,0,0,0,0,0,0,0,0
2623,1645251086,9,-0.5,0.85,0.6,0,7,19.29,0,0,1,4,37,38,-1,102,-1,-1,0,7,19.29,0,0,1,4,37,38,39,0,0,0,-1,-1,-1,-1,-1,-1,-1,0,0,1,0,0,0,0,0,0,0,0,0,0,0,0,0,0,0,0
2624,1765836813,5,1,-0.3,0,0,7,0,0.5,0.5,0,0,131,131,-1,102,132,132,0,7,19.29,0,0,1,4,37,38,39,1.570796,0,-1.570796,-1,455,-1,0,26,-1,26,0.75,0,1,4,0,0,0,0,0,0,0,0,0,0,0,0,0,0,0
2625,33587215,13,0,0,0,0,7,19.29,0,0,1,4,37,38,-1,102,128,123,0,7,19.29,0,0,1,4,37,38,39,0,0,0,-1,-1,-1,-1,-1,-1,-1,0,0,1,0,0,0,0,0,0,0,0,0,0,0,0,0,0,0,0
2626,1081359,14,0,0,0,0,27,29.29,0,0,1,4,37,38,-1,102,-1,-1,0,7,19.29,0,0,1,4,37,38,39,0,0,0,-1,-1,-1,-1,-1,-1,-1,0,0,1,0,0,0,0,0,0,0,0,0,0,0,0,0,0,0,0
2627,34635791,13,0,0,0,0,7,19.29,0,0,1,4,37,38,102,102,-1,102,0,7,19.29,0,0,1,4,37,38,39,0,0,0,-1,-1,-1,-1,-1,-1,-1,0,0,1,0,0,0,1,0,0,0,0,0,0,0,0,0,0,0,0
2628,34635791,13,0,0,0,0,27,29.29,0,0,1,4,37,38,102,102,-1,102,0,7,19.29,0,0,1,4,37,38,39,0,0,0,-1,-1,-1,-1,-1,-1,-1,0,0,1,0,0,0,1,0,0,0,0,0,0,0,0,0,0,0,0
2629,1081359,14,0,0,0,0,27,29.29,0,0,1,4,37,38,-1,102,-1,-1,0,7,19.29,0,0,1,4,37,38,39,0,0,0,-1,-1,-1,-1,-1,-1,-1,0,0,1,0,0,0,0,0,0,0,0,0,0,0,0,0,0,0,0
2630,407707670,13,0.2,0,0,0,30,19.29,0,0,1,1,37,38,-1,193,-1,81,0,15,200,0,0,1,4,37,38,39,0.523599,0.523599,0.523599,34,213,107,-1,-1,-1,-1,0.85,0.67,1,0,0,0,524289,0,0,0,0,0,0,0,0,0,0,0,0
2643,1107331083,21,0,0,0,0,7,19.29,0,1,0,4,37,38,-1,91,128,123,0,7,19.29,0,1,0,4,37,38,39,0,0,0,-1,-1,-1,-1,-1,-1,-1,0,0,1,0,0,0,0,0,0,0,0,0,0,0,0,0,0,0,0
2644,407830546,5,0,0,-0.25,0,45,19.29,0,0,1,4,37,38,-1,132,128,123,0,7,19.29,0,0,1,4,37,38,39,0,0,0,-1,118,53,51,4,4,4,1.5,1.15,1,0,0,0,393664,0,0,0,0,0,0,0,3,0,0,0,0
2663,34635791,13,-3.5,0,1.4,0,7,19.29,0,0,1,4,37,38,-1,102,128,123,0,7,19.29,0,0,1,4,37,38,39,1.570796,0,-0.610865,-1,-1,-1,-1,-1,-1,-1,0,0,1,0,0,0,0,0,0,0,0,0,0,0,0,0,0,0,0
2664,34635785,13,-3.5,0,1.4,0,7,19.29,0,0,1,4,37,38,-1,102,128,123,0,7,19.29,0,0,1,4,37,38,39,1.570796,0,-0.610865,-1,-1,-1,-1,-1,-1,-1,0,0,1,0,0,0,0,0,0,0,0,0,0,0,0,0,0,0,0
2699,1645283351,21,0,0,0,0,7,19.29,0,0,1,4,37,38,-1,91,91,91,0,7,19.29,0,0,1,4,37,38,39,0,0,0,-1,135,0,0,0,0,0,0,0,1,0,0,0,8,0,0,0,0,0,0,0,0,0,0,0,0
2703,-1040152565,13,0,0,0,0,7,19.29,0,0,1,4,37,38,-1,120,128,123,0,7,19.29,0,0,1,4,37,38,39,0,0,0,-1,-1,-1,-1,-1,-1,-1,0,0,0,0,0,0,0,0,0,0,0,0,0,0,0,0,0,0,0
2724,-1040161785,3,-2.5,1.8,0.3,0,7,19.29,0,2,1,4,37,38,120,120,120,120,0,7,19.29,0,0,1,4,37,38,39,0,0,0,-1,-1,-1,-1,-1,-1,-1,0,0,1,0,0,0,0,0,0,0,0,0,0,0,0,0,0,0,0
2725,-2113903577,4,-2.5,-2.3,0.3,0,30,19.29,0,3,1,4,37,38,25,25,25,25,0,7,19.29,0,0,1,4,37,38,39,0,0,0,-1,-1,-1,-1,-1,-1,-1,0,0,1,0,0,0,0,0,0,0,0,0,0,0,0,0,0,0,0
2726,33587211,13,0,0,0,0,7,19.29,0,0,1,4,37,38,-1,216,128,123,0,7,19.29,0,0,1,4,218,38,39,0,0,0,-1,-1,-1,-1,-1,-1,-1,0,0,1,0,0,0,0,0,0,0,0,0,0,0,0,0,0,0,0
2727,33587211,14,0,0,0,0,7,19.29,0,0,1,4,37,38,-1,217,128,123,0,12,19.29,0,0,1,4,218,38,39,0,0,0,-1,-1,-1,-1,-1,-1,-1,0,0,1,0,0,0,0,0,0,0,0,0,0,0,0,0,0,0,0
2728,33587211,15,0,0,0,0,7,19.29,0,0,1,4,37,38,-1,217,128,123,0,12,19.29,0,0,1,4,218,38,39,0,0,0,-1,-1,-1,-1,-1,-1,-1,0,0,1,0,0,0,0,0,0,0,0,0,0,0,0,0,0,0,0
2729,33587211,16,0,0,0,0,7,19.29,0,0,1,4,37,38,-1,216,128,123,0,7,19.29,0,0,1,4,218,38,39,0,0,0,-1,-1,-1,-1,-1,-1,-1,0,0,1,0,0,0,0,0,0,0,0,0,0,0,0,0,0,0,0
2730,33587211,21,0,0,0,0,7,19.29,0,0,1,4,37,38,-1,220,128,123,0,7,19.29,0,0,1,4,37,38,39,0,0,0,-1,-1,-1,-1,-1,-1,-1,0,0,1,0,0,0,0,0,0,0,0,0,0,0,0,0,0,0,0
2743,33587215,14,0,0,0,0,7,19.29,0,0,1,4,37,38,-1,102,128,123,0,7,19.29,0,0,1,4,37,38,39,0,0,0,-1,-1,-1,-1,-1,-1,-1,0,0,1,0,0,0,0,0,0,0,0,0,0,0,0,0,0,0,0
2764,-570392565,14,0,0,0,0,10,19.29,0.6,1,1.5,4,37,38,-1,91,128,123,0,10,19.29,0.6,2,1.5,2,37,38,39,0,0,0,-1,226,107,158,1,1,1,0,0,1,0,0,0,1073741872,0,0,0,0,0,0,0,0,0,0,0,0
2765,-570392565,13,0,0,0,0,10,19.29,0.6,1,1.5,4,37,38,-1,91,128,123,0,10,19.29,0.6,2,1.5,2,37,38,39,0,0,0,-1,226,107,158,1,1,1,0,0,1,0,0,0,1073741872,0,0,0,0,0,0,0,0,0,0,0,0
2767,-570392565,14,0,0,0,0,10,19.29,0.6,1,1.5,4,37,38,-1,91,128,123,0,10,19.29,0.6,2,1.5,2,37,38,39,0,0,0,-1,226,107,158,1,1,1,0,0,1,0,0,0,1073741872,0,0,0,0,0,0,0,0,0,0,0,0
2768,-570392565,13,0,0,0,0,10,19.29,0.6,1,1.5,4,37,38,-1,91,128,123,0,10,19.29,0.6,2,1.5,2,37,38,39,0,0,0,-1,226,107,158,1,1,1,0,0,1,0,0,0,1073741872,0,0,0,0,0,0,0,0,0,0,0,0
2769,-1040152565,13,0,0,0,0,7,19.29,0,0,1,4,37,38,-1,120,128,123,0,7,19.29,0,0,1,4,37,38,39,0,0,0,-1,-1,-1,-1,-1,-1,-1,0,0,0,0,0,0,0,0,0,0,0,0,0,0,0,0,0,0,0
2771,-570392565,13,0,0,0,0,10,19.29,0.5,1,1,4,37,38,-1,91,128,123,0,10,19.29,0.5,2,1,4,37,38,39,0,0,0,-1,226,107,158,1,1,1,0,0,1,0,0,0,48,0,0,0,0,0,0,0,0,0,0,0,0
2772,-570392565,14,0,0,0,0,10,19.29,0.5,1,1,4,37,38,-1,91,128,123,0,10,19.29,0.5,2,1,4,37,38,39,0,0,0,-1,226,107,158,1,1,1,0,0,1,0,0,0,48,0,0,0,0,0,0,0,0,0,0,0,0
2773,1107331083,21,0,0,0,0,7,19.29,0,0,1,4,37,38,91,91,128,123,0,7,19.29,0,0,1,4,37,38,39,0,0,0,-1,-1,-1,-1,-1,-1,-1,0,0,0,0,0,0,0,0,0,0,0,0,0,0,0,0,0,0,0
2783,1074823179,13,0,0,0,0,20,19.29,0,1,0,4,37,38,-1,120,128,123,0,7,19.29,0,1,0,4,37,38,39,0,0,0,-1,-1,-1,-1,-1,-1,-1,0,0,1,0,0,0,0,0,0,0,0,0,0,0,0,0,0,0,0
2804,-632389621,14,0,0,0,0,10,19.29,0.75,1.5,1,3,37,38,-1,500,128,123,0,10,19.29,0.5,1,1,4,37,38,39,0,0,0,-1,226,107,158,1,1,1,0,0,1,0,0,0,1073741872,0,0,0,0,0,0,0,0,0,0,0,0
2823,32782,2,0,0,0,0,7,19.29,0,0,1,4,37,38,-1,102,128,123,0,7,19.29,0,0,1,4,37,38,39,0,0,0,-1,-1,-1,-1,-1,-1,-1,0,0,1,0,0,0,0,0,0,0,0,0,0,0,0,0,0,0,0
2824,1107331083,-1,0.25,0,0.2,0,7,19.29,0,0,1,4,37,38,-1,104,-1,-1,0,7,19.29,0,0,2,3,37,38,39,0,0,0,19,-1,-1,-1,-1,-1,-1,0,0,1,0,0,0,0,0,0,0,0,0,0,0,0,0,0,0,0
2825,32783,2,4,0,0,0,7,19.29,0,0,1,4,37,38,-1,102,128,123,0,7,19.29,0,0,1,4,37,38,39,3.141593,0,0,-1,-1,-1,-1,-1,-1,-1,0,0,1,0,0,0,0,0,0,0,0,0,0,0,0,0,0,0,0
2826,33587215,2,1.2,0,1.4,0,7,19.29,0,0,1,4,37,38,-1,102,128,123,0,7,19.29,0,0,1,4,37,38,39,0,0,0,-1,-1,-1,-1,-1,-1,-1,0,0,1,0,0,0,0,0,0,0,0,0,0,0,0,0,0,0,0
2827,33587215,2,0,0,0,0,7,19.29,0,0,1,4,37,38,-1,102,128,123,0,7,19.29,0,0,1,4,37,38,39,0,0,0,-1,-1,-1,-1,-1,-1,-1,0,0,1,0,0,0,0,0,0,0,0,0,0,0,0,0,0,0,0
2828,33587215,2,0.3,-1,1.4,0,7,19.29,0,0,1,4,37,38,-1,102,128,123,0,7,19.29,0,0,1,4,37,38,39,1.256637,0,0,-1,-1,-1,-1,-1,-1,-1,0,0,1,0,0,0,0,0,0,0,0,0,0,0,0,0,0,0,0
2829,33587215,2,-0.75,-0.6,1.4,0,7,19.29,0,0,1,4,37,38,-1,102,128,123,0,7,19.29,0,0,1,4,37,38,39,0,0,0,-1,-1,-1,-1,-1,-1,-1,0,0,1,0,0,0,0,0,0,0,0,0,0,0,0,0,0,0,0
2830,33587215,2,-0.75,0.7,1.4,0,7,19.29,0,0,1,4,37,38,-1,102,128,123,0,7,19.29,0,0,1,4,37,38,39,0.785398,0,0,-1,-1,-1,-1,-1,-1,-1,0,0,1,0,0,0,0,0,0,0,0,0,0,0,0,0,0,0,0
2831,33587215,2,0.3,1,1.4,0,7,19.29,0,0,1,4,37,38,-1,102,128,123,0,7,19.29,0,0,1,4,37,38,39,0,0,0,-1,-1,-1,-1,-1,-1,-1,0,0,1,0,0,0,0,0,0,0,0,0,0,0,0,0,0,0,0
2832,33587215,2,1,-3.5,0,0,7,19.29,0,0,1,4,37,38,-1,102,128,123,0,7,19.29,0,0,1,4,37,38,39,4.39823,0,0,-1,-1,-1,-1,-1,-1,-1,0,0,1,0,0,0,0,0,0,0,0,0,0,0,0,0,0,0,0
2833,33587215,2,1,3.5,0,0,7,19.29,0,0,1,4,37,38,-1,102,128,123,0,7,19.29,0,0,1,4,37,38,39,1.884956,0,0,-1,-1,-1,-1,-1,-1,-1,0,0,1,0,0,0,0,0,0,0,0,0,0,0,0,0,0,0,0
2834,33587215,2,-2.5,-2.5,0,0,7,19.29,0,0,1,4,37,38,-1,102,128,123,0,7,19.29,0,0,1,4,37,38,39,5.654867,0,0,-1,-1,-1,-1,-1,-1,-1,0,0,1,0,0,0,0,0,0,0,0,0,0,0,0,0,0,0,0
2835,33587215,2,-2.5,2.5,0,0,7,19.29,0,0,1,4,37,38,-1,102,128,123,0,7,19.29,0,0,1,4,37,38,39,0.628319,0,0,-1,-1,-1,-1,-1,-1,-1,0,0,1,0,0,0,0,0,0,0,0,0,0,0,0,0,0,0,0
2836,33587215,2,1.25,0.75,1.4,0,7,19.29,0,0,1,4,37,38,-1,102,128,123,0,7,19.29,0,0,1,4,37,38,39,0,0,0,-1,-1,-1,-1,-1,-1,-1,0,0,1,0,0,0,0,0,0,0,0,0,0,0,0,0,0,0,0
2837,33587215,2,1.25,-0.75,1.4,0,7,19.29,0,0,1,4,37,38,-1,102,128,123,0,7,19.29,0,0,1,4,37,38,39,1.256637,0,0,-1,-1,-1,-1,-1,-1,-1,0,0,1,0,0,0,0,0,0,0,0,0,0,0,0,0,0,0,0
2838,33587215,2,-1.25,0,1.4,0,7,19.29,0,0,1,4,37,38,-1,102,128,123,0,7,19.29,0,0,1,4,37,38,39,0,0,0,-1,-1,-1,-1,-1,-1,-1,0,0,1,0,0,0,0,0,0,0,0,0,0,0,0,0,0,0,0
2839,33587215,2,-0.35,1.25,1.4,0,7,19.29,0,0,1,4,37,38,-1,102,128,123,0,7,19.29,0,0,1,4,37,38,39,0.785398,0,0,-1,-1,-1,-1,-1,-1,-1,0,0,1,0,0,0,0,0,0,0,0,0,0,0,0,0,0,0,0
2840,33587209,2,0,0,0,0,7,19.29,0,0,1,4,37,38,-1,102,128,123,0,7,19.29,0,0,1,4,37,38,39,0,0,0,19,-1,-1,-1,-1,-1,-1,0,0,1,0,0,0,0,0,0,0,0,0,0,0,0,0,0,0,0
2841,32783,2,2,1,0,0,7,19.29,0,0,1,4,37,38,-1,102,128,123,0,7,19.29,0,0,1,4,37,38,39,0,0,0,19,-1,-1,-1,-1,-1,-1,0,0,1,0,0,0,0,0,0,0,0,0,0,0,0,0,0,0,0
2842,33587215,2,2,-1,0,0,7,19.29,0,0,1,4,37,38,-1,102,128,123,0,7,19.29,0,0,1,4,37,38,39,0,0,0,19,-1,-1,-1,-1,-1,-1,0,0,1,0,0,0,0,0,0,0,0,0,0,0,0,0,0,0,0
2843,33587215,2,-1.4,0,0,0,7,19.29,0,0,1,4,37,38,-1,102,128,123,0,7,19.29,0,0,1,4,37,38,39,0,0,0,19,-1,-1,-1,-1,-1,-1,0,0,1,0,0,0,0,0,0,0,0,0,0,0,0,0,0,0,0
2844,33587215,2,-0.05,-1.8,0,0,7,19.29,0,0,1,4,37,38,-1,102,128,123,0,7,19.29,0,0,1,4,37,38,39,0,0,0,19,-1,-1,-1,-1,-1,-1,0,0,1,0,0,0,0,0,0,0,0,0,0,0,0,0,0,0,0
2845,33587215,2,-0.1,1.8,0,0,7,19.29,0,0,1,4,37,38,-1,102,128,123,0,7,19.29,0,0,1,4,37,38,39,0,0,0,19,-1,-1,-1,-1,-1,-1,0,0,1,0,0,0,0,0,0,0,0,0,0,0,0,0,0,0,0
2863,1729137163,13,0.2,0,0,0,7,19.29,0.5,1.5,1,4,37,38,-1,91,128,123,0,7,19.29,0,1,1,4,37,38,39,0,0,0,-1,-1,-1,-1,-1,-1,-1,0,0,1,13836,13834,1,16,0,0,0,0,0,0,0,0,0,0,0,0
2864,1192264203,14,0,0,0,0,7,19.29,0.5,1.5,1,4,37,38,-1,91,128,123,0,7,19.29,0,1,1,4,37,38,39,0,0,0,-1,-1,-1,-1,-1,-1,-1,0,0,1,0,0,0,524304,0,0,0,0,0,0,0,0,0,0,0,0
2865,1192264203,15,0,0,0,0,7,19.29,0.5,1.5,1,4,37,38,-1,91,128,123,0,7,19.29,0,1,1,4,37,38,39,0,0,0,-1,-1,-1,-1,-1,-1,-1,0,0,1,0,0,0,16,0,0,0,0,0,0,0,0,0,0,0,0
2866,50357256,20,0,0,0,0,7,19.29,0,0,1,4,37,38,-1,102,128,123,0,7,19.29,0,0,1,4,37,38,39,0,0,0,-1,-1,-1,-1,-1,-1,-1,0,0,1,0,0,0,2621461,0,0,0,0,0,0,0,0,0,0,0,0
2867,33587215,2,2.4,1.14,1.53,0,7,19.29,0,0,1,4,37,38,-1,102,128,123,0,7,19.29,0,0,1,4,37,38,39,0,0,0,-1,-1,-1,-1,-1,-1,-1,0,0,1,0,0,0,0,0,0,0,0,0,0,0,0,0,0,0,0
2868,33587215,2,2.4,-1,1.53,0,7,19.29,0,0,1,4,37,38,-1,102,128,123,0,7,19.29,0,0,1,4,37,38,39,1.256637,0,0,-1,-1,-1,-1,-1,-1,-1,0,0,1,0,0,0,0,0,0,0,0,0,0,0,0,0,0,0,0
2869,33587215,2,-1.15,0,1.53,0,7,19.29,0,0,1,4,37,38,-1,102,128,123,0,7,19.29,0,0,1,4,37,38,39,0,0,0,-1,-1,-1,-1,-1,-1,-1,0,0,1,0,0,0,0,0,0,0,0,0,0,0,0,0,0,0,0
2870,33587215,2,0.2,-1.8,1.53,0,7,19.29,0,0,1,4,37,38,-1,102,128,123,0,7,19.29,0,0,1,4,37,38,39,0.785398,0,0,-1,-1,-1,-1,-1,-1,-1,0,0,1,0,0,0,0,0,0,0,0,0,0,0,0,0,0,0,0
2871,33587215,2,0.2,1.85,1.53,0,7,19.29,0,0,1,4,37,38,-1,102,128,123,0,7,19.29,0,0,1,4,37,38,39,0,0,0,-1,-1,-1,-1,-1,-1,-1,0,0,1,0,0,0,0,0,0,0,0,0,0,0,0,0,0,0,0
2872,33587209,2,0,0,0,0,7,19.29,0,0,1,4,37,38,-1,102,128,123,0,7,19.29,0,0,1,4,37,38,39,0,0,0,19,-1,-1,-1,-1,-1,-1,0,0,1,0,0,0,0,0,0,0,0,0,0,0,0,0,0,0,0
2903,0,-1,0,0,0,0,7,19.29,0,0,1,4,37,38,-1,102,128,123,0,7,19.29,0,0,1,4,37,38,39,0,0,0,-1,-1,-1,-1,-1,-1,-1,0,0,1,0,0,0,65542,0,0,0,0,0,0,0,0,0,0,0,0
2904,-2113880053,21,-0.35,0,-0.1,0,7,19.29,0.7,1.2,1,4,37,38,-1,91,128,123,0,7,19.29,0.7,1.2,1,4,37,38,39,0,0,0,-1,-1,-1,-1,-1,-1,-1,0,0,1,0,0,0,0,0,0,0,0,0,0,0,0,0,0,0,0
2906,0,-1,0,0,0,0,7,19.29,0,0,1,4,37,38,-1,102,128,123,0,7,19.29,0,0,1,4,37,38,39,0,0,0,-1,-1,-1,-1,-1,-1,-1,0,0,1,0,0,0,65542,0,0,0,0,0,0,0,0,0,0,0,0
2943,1644202511,2,0,0,0,0,7,19.29,0,0,1,4,37,38,-1,102,128,123,0,7,19.29,0,0,1,4,37,38,39,0,0,0,-1,-1,-1,-1,-1,-1,-1,0,0,1,0,0,0,16,0,0,0,0,0,0,0,0,0,0,0,0
2963,33595407,13,0,0,0,0,7,19.29,0,0,1,4,226,227,-1,102,128,123,0,7,19.29,0,0,1,4,228,228,228,0,0,0,-1,-1,-1,-1,-1,-1,-1,0,0,1,0,0,0,65536,0,0,0,0,0,0,0,0,0,0,0,0
3004,-564232181,14,0,0,0,0,10,19.29,0.5,2,1,4,37,38,-1,500,128,123,0,10,19.29,0.5,2,1,4,37,38,39,0,0,0,-1,226,107,158,1,1,1,0,0,1,0,0,1,17,0,0,0,0,0,0,0,0,0,0,0,0
3005,-435124213,13,0,0,0,0,7,19.29,0,0,1,4,37,38,-1,484,128,123,0,7,19.29,0,0,1,4,37,38,39,0,0,0,-1,-1,-1,-1,-1,-1,-1,0,0,1,13836,13834,1,24,0,0,0,0,0,0,0,0,0,0,0,0
3006,1729137163,13,0.2,0,0,0,7,19.29,0.5,1.5,1,4,37,38,-1,91,128,123,0,7,19.29,0,1,1,4,37,38,39,0,0,0,-1,-1,-1,-1,-1,-1,-1,0,0,1,13836,13834,1,8,0,0,0,0,0,0,0,0,0,0,0,0
3009,-2028968952,20,0,0,0,0,7,19.29,0,0,1,4,37,38,-1,102,128,123,0,7,19.29,0,0,1,4,37,38,39,0,0,0,-1,-1,-1,-1,-1,-1,-1,0,0,1,0,0,0,4718597,0,0,0,0,0,0,0,0,0,0,0,0
3010,1729104399,-1,0,0,0,0,7,19.29,0,0,1,4,37,38,-1,102,128,123,0,7,19.29,0,0,1,4,37,38,39,0,0,0,-1,-1,-1,-1,-1,-1,-1,0,0,1,13836,13834,1,524297,0,0,0,0,0,0,0,0,0,0,0,0
3011,1729136651,13,0,0,0,0,7,19.29,0,0,1,4,37,38,-1,91,128,123,0,7,19.29,0,1,1.5,4,37,38,39,0,0,0,-1,-1,-1,-1,-1,-1,-1,0,0,1,0,0,1,8,0,0,0,0,0,0,0,0,0,0,0,0
3012,1191232523,15,0,0,0,0,7,19.29,0,0,1,4,37,38,-1,103,128,123,0,7,19.29,0,1,1,4,37,38,39,0,0,0,-1,-1,-1,-1,-1,-1,-1,0,0,1,0,0,0,4,0,0,0,0,0,0,0,0,0,0,0,0
3013,-955202549,16,0,0,0,0,7,19.29,0,0,1,4,37,38,-1,-1,128,123,0,7,19.29,0,1,1,4,37,38,39,0,0,0,-1,-1,-1,-1,-1,-1,-1,0,0,1,0,0,0,2097152,0,0,0,0,0,0,0,0,0,0,0,0
3023,1729137163,13,0.2,0,0,0,7,19.29,0.5,1.5,1,4,37,38,-1,91,128,123,0,7,19.29,0,1,1,4,37,38,39,0,0,0,-1,-1,-1,-1,-1,-1,-1,0,0,1,13836,13834,1,0,0,0,0,0,0,0,0,0,0,0,0,0
3024,1192264203,14,0,0,0,0,7,19.29,0.5,1.5,1,4,37,38,-1,91,128,123,0,7,19.29,0,1,1,4,37,38,39,0,0,0,-1,-1,-1,-1,-1,-1,-1,0,0,1,0,0,0,0,0,0,0,0,0,0,0,0,0,0,0,0
3025,1192264203,15,0,0,0,0,7,19.29,0.5,1.5,1,4,37,38,-1,91,128,123,0,7,19.29,0,1,1,4,37,38,39,0,0,0,-1,-1,-1,-1,-1,-1,-1,0,0,1,0,0,0,0,0,0,0,0,0,0,0,0,0,0,0,0
3026,117466120,20,0,0,0,0,7,19.29,0,0,1,4,37,38,-1,102,128,123,0,7,19.29,0,0,1,4,37,38,39,0,0,0,-1,-1,-1,-1,-1,-1,-1,0,0,1,0,0,0,4,0,0,0,0,0,0,0,0,0,0,0,0
3043,34635778,20,0.6,3,-0.4,0,7,19.29,0,0,1,4,37,38,-1,25,128,123,0,7,19.29,0,0,1,4,37,38,39,0,0,0,-1,-1,-1,-1,-1,-1,-1,0,0,1,0,0,0,6291712,0,0,0,0,0,0,0,1,0,0,0,0
3044,-1040096213,2,-1.2,0,0,0,30,30,0,1,0,4,37,38,-1,25,128,123,0,7,19.29,0,1,0,4,37,38,39,0,0,0,-1,-1,-1,-1,-1,-1,-1,0,0,2,0,0,1,524336,0,0,0,0,0,0,0,0,0,0,0,0
3063,306774027,4,0,0,0,0,7,19.29,0,0,1,4,37,38,-1,97,128,123,0,7,19.29,0,0,1,4,37,38,39,1.570796,0,0,-1,111,107,-1,26,1,-1,0,2,1,0,0,0,48,0,0,0,0,0,0,0,0,0,0,0,0
3064,138453000,4,0,0,0,0,7,19.29,0,0,1,4,37,38,-1,102,128,123,0,7,19.29,0,0,1,4,37,38,39,0,0,0,-1,112,-1,-1,-1,-1,-1,0.5,0,1,0,0,0,256,0,0,0,0,0,0,0,5,0,0,0,0
3065,34635778,20,0.6,-3,-0.4,0,7,19.29,0,0,1,4,37,38,-1,25,128,123,0,7,19.29,0,0,1,4,37,38,39,0,0,0,-1,-1,-1,-1,-1,-1,-1,0,0,1,0,0,0,6291712,0,0,0,0,0,0,0,1,0,0,0,0
3066,1645251087,9,0,0,0,0,7,19.29,0,0,1,4,37,38,-1,91,26,91,0,7,19.29,0,0,1,4,37,38,39,0,0,0,-1,-1,-1,26,-1,-1,-1,0,0,1,0,0,0,0,0,0,0,0,0,0,0,0,0,0,0,0
3067,34766863,21,0,0,0,0,7,19.29,0,0,1,4,37,38,91,91,477,476,0,7,19.29,0,0,1,4,37,38,39,0,0,0,-1,-1,-1,-1,-1,-1,-1,0,0,1,0,0,0,0,0,0,0,0,0,0,0,0,0,0,0,0
3068,33587215,3,0,0,0,0,7,19.29,0,0,1,4,37,38,-1,102,128,123,0,7,19.29,0,0,1,4,37,38,39,0,0,0,-1,-1,-1,-1,-1,-1,-1,0,0,1,0,0,0,4,0,0,0,0,0,0,0,0,0,0,0,0
3069,33587215,4,0,0,0,0,7,19.29,0,0,1,4,37,38,-1,102,128,123,0,7,19.29,0,0,1,4,37,38,39,0,0,0,-1,-1,-1,-1,-1,-1,-1,0,0,1,0,0,0,4,0,0,0,0,0,0,0,0,0,0,0,0
3070,118514696,20,0,0,0,0,7,19.29,0,0,1,4,37,38,-1,102,128,123,0,7,19.29,0,0,1,4,37,38,39,0,0,0,-1,-1,-1,-1,-1,-1,-1,0,0,1,0,0,0,4194308,0,0,0,0,0,0,0,0,0,0,0,0
3071,34635778,20,4,1.6,0,0,7,19.29,0,0,1,4,37,38,-1,25,128,123,0,7,19.29,0,0,1,4,37,38,39,0,0,0,-1,-1,-1,-1,-1,-1,-1,0,0,1,0,0,0,6291712,0,0,0,0,0,0,0,1,0,0,0,0
3072,34635778,20,4,-1.6,0,0,7,19.29,0,0,1,4,37,38,-1,25,128,123,0,7,19.29,0,0,1,4,37,38,39,0,0,0,-1,-1,-1,-1,-1,-1,-1,0,0,1,0,0,0,6291712,0,0,0,0,0,0,0,1,0,0,0,0
3075,-436122575,2,0,0,0,0,30,30,0,1,0,4,37,38,-1,25,128,123,0,7,19.29,0,1,0,4,37,38,39,0,0,0,-1,-1,-1,-1,-1,-1,-1,0,0,1,0,0,1,2097201,0,0,0,0,0,0,0,0,0,0,0,0
3076,-436123599,2,1,0,0.3,0,30,30,0,1,0,4,37,38,-1,25,128,123,0,7,19.29,0,1,0,4,37,38,39,0,0,0,-1,-1,-1,-1,-1,-1,-1,0,0,1,0,0,1,2097201,0,0,0,0,0,0,0,0,0,0,0,0
3077,-418346997,2,0,0,0,0,7,19.29,0,1,0,4,37,38,-1,-1,128,123,0,7,19.29,0,1,2,4,37,38,39,0,0,0,19,-1,-1,-1,-1,-1,-1,0,0,1,13836,13834,1,524345,0,0,0,0,0,0,0,0,0,0,0,0
3086,33587215,14,0,0,0,0,7,19.29,0,0,1,4,37,38,-1,102,128,123,0,7,19.29,0,0,1,4,37,38,39,0,0,0,-1,-1,-1,-1,-1,-1,-1,0,0,1,0,0,0,0,0,0,0,0,0,0,0,0,0,0,0,0
3106,33554433,2,1.65,0,0,0,7,19.29,0,0,1,4,37,38,-1,102,128,123,0,7,19.29,0,0,1,4,37,38,39,0,0,0,-1,-1,-1,-1,-1,-1,-1,0,0,1,0,0,0,3145728,0,0,0,0,0,0,0,0,0,0,0,0
3126,33603593,2,0,0.1,149,0,7,19.29,0,0,1,4,37,38,-1,102,128,123,0,7,19.29,0,0,1,4,37,38,39,0,0,0,-1,-1,-1,-1,-1,-1,-1,0,0,1,0,0,0,0,0,0,0,0,0,0,0,0,0,0,0,0
3127,1645217803,21,0,0,0,0,7,19.29,0,1,0,4,37,38,-1,91,128,123,0,7,19.29,0,1,0,4,37,38,39,0,0,0,-1,-1,-1,-1,-1,-1,-1,0,0,1,0,0,1,4,0,0,0,0,0,0,0,0,0,0,0,0
3128,33603683,21,0,0,-5,0,7,0,0,1,0,0,37,38,-1,102,128,123,0,7,19.29,0,1,0,4,37,38,39,0,0,0,-1,-1,-1,-1,-1,-1,-1,0,0,1,0,0,0,0,0,0,0,0,0,0,0,0,0,0,0,0
3129,-502233077,21,0,0,0,0,7,19.29,0,0,1,4,37,38,-1,476,89,476,0,7,19.29,0,0,1,3,37,38,39,0,0,0,-1,-1,-1,-1,-1,-1,-1,0,0,1,0,0,0,16,0,0,0,0,0,0,0,0,0,0,0,0
3146,-955202549,15,0,0,0,0,7,19.29,0,0,1,4,37,38,-1,-1,128,123,0,7,19.29,0,1,1,4,37,38,39,0,0,0,-1,-1,-1,-1,-1,-1,-1,0,0,1,0,0,0,4718597,0,0,0,0,0,0,0,0,0,0,0,0
3147,-770113525,4,0,0,0,0,10,19.29,0.2,0.2,1,4,37,38,-1,97,128,123,0,7,19.29,0,0,1,4,37,38,39,1.570796,0,0,-1,111,107,-1,26,4,-1,0,0.3,1,0,0,0,2097200,0,0,0,0,0,0,0,0,0,0,0,0
3206,138469384,14,0,0,0,0,7,19.29,0,0,1,4,37,38,-1,102,128,123,0,7,19.29,0,0,1,4,37,38,39,0,-0.349066,0,34,107,-1,-1,-1,-1,-1,0.8,0,1,0,0,0,256,0,0,0,0,0,0,0,5,0,0,0,0
3226,33587215,13,0,0,0,0,7,19.29,0,0,1,4,37,38,-1,102,128,123,0,7,19.29,0,0,1,4,37,38,39,0,0,0,-1,-1,-1,-1,-1,-1,-1,0,0,1,0,0,0,0,0,0,0,0,0,0,0,0,0,0,0,0
3246,1048609,13,0,0,0,0,10,19.29,0,0,1,4,37,38,-1,102,128,123,0,7,19.29,0,0,1,4,37,38,39,0,0,0,-1,-1,-1,-1,-1,-1,-1,0,0,1,0,0,0,2097152,0,0,0,0,0,0,0,0,0,0,0,0
3266,33587247,1,0,0,0,0.1,14,0,0,0,5,5,37,38,-1,102,128,123,0,7,19.29,0,0,1,4,37,38,39,0,0,0,-1,-1,-1,-1,-1,-1,-1,0,0,1,0,0,0,0,0,0,0,0,0,0,0,0,0,0,0,0
3286,33587215,1,0,0,0,0,7,19.29,0,0,1,4,37,38,-1,102,128,123,0,7,19.29,0,0,1,4,37,38,39,0,0,0,-1,-1,-1,-1,-1,-1,-1,0,0,1,0,0,0,0,0,0,0,0,0,0,0,0,0,0,0,0
3287,33587215,1,0,0,0,0,7,19.29,0,0,1,4,37,38,-1,102,128,123,0,7,19.29,0,0,1,4,37,38,39,0,0,0,-1,-1,-1,-1,-1,-1,-1,0,0,1,0,0,0,0,0,0,0,0,0,0,0,0,0,0,0,0
3288,33587215,1,0,0,0,0,7,19.29,0,0,1,4,37,38,-1,102,128,123,0,7,19.29,0,0,1,4,37,38,39,0,0,0,-1,-1,-1,-1,-1,-1,-1,0,0,1,0,0,0,0,0,0,0,0,0,0,0,0,0,0,0,0
3289,33587215,1,0,0,0,0,7,19.29,0,0,1,4,37,38,-1,102,128,123,0,7,19.29,0,0,1,4,37,38,39,0,0,0,-1,-1,-1,-1,-1,-1,-1,0,0,1,0,0,0,0,0,0,0,0,0,0,0,0,0,0,0,0
3290,33587215,1,0,0,0,0,7,19.29,0,0,1,4,37,38,-1,102,128,123,0,7,19.29,0,0,1,4,37,38,39,0,0,0,-1,-1,-1,-1,-1,-1,-1,0,0,1,0,0,0,0,0,0,0,0,0,0,0,0,0,0,0,0
3291,33587215,1,0,0,0,0,7,19.29,0,0,1,4,37,38,-1,102,128,123,0,7,19.29,0,0,1,4,37,38,39,0,0,0,-1,-1,-1,-1,-1,-1,-1,0,0,1,0,0,0,0,0,0,0,0,0,0,0,0,0,0,0,0
3306,33587247,1,0,0,0,0.1,14,0,0,0,5,5,37,38,-1,102,128,123,0,7,19.29,0,0,1,4,37,38,39,0,0,0,-1,-1,-1,-1,-1,-1,-1,0,0,1,0,0,0,0,0,0,0,0,0,0,0,0,0,0,0,0
3307,33587247,1,0,0,0,0.1,14,0,0,0,5,5,37,38,-1,102,128,123,0,7,19.29,0,0,1,4,37,38,39,0,0,0,-1,-1,-1,-1,-1,-1,-1,0,0,1,0,0,0,0,0,0,0,0,0,0,0,0,0,0,0,0
3308,33587247,1,0,0,0,0.1,14,0,0,0,5,5,37,38,-1,102,128,123,0,7,19.29,0,0,1,4,37,38,39,0,0,0,-1,-1,-1,-1,-1,-1,-1,0,0,1,0,0,0,0,0,0,0,0,0,0,0,0,0,0,0,0
3309,33587247,1,0,0,0,0,14,0,0,0,5,5,37,38,-1,102,128,123,0,7,19.29,0,0,1,4,37,38,39,0,0,0,-1,-1,-1,-1,-1,-1,-1,0,0,1,0,0,0,0,0,0,0,0,0,0,0,0,0,0,0,0
3310,33587247,1,0,0,0,0,14,0,0,0,5,5,37,38,-1,102,128,123,0,7,19.29,0,0,1,4,37,38,39,0,0,0,-1,-1,-1,-1,-1,-1,-1,0,0,1,0,0,0,0,0,0,0,0,0,0,0,0,0,0,0,0
3311,33587247,1,0,0,0,0,14,0,0,0,5,5,37,38,-1,102,128,123,0,7,19.29,0,0,1,4,37,38,39,0,0,0,-1,-1,-1,-1,-1,-1,-1,0,0,1,0,0,0,0,0,0,0,0,0,0,0,0,0,0,0,0
3326,1107329035,21,0,0,0,0,7,19.29,0,0,1,4,37,38,-1,91,128,123,0,7,19.29,0,0,1,4,37,38,39,0,0,0,-1,-1,-1,-1,-1,-1,-1,0,0,0,0,0,0,0,0,0,0,0,0,0,0,0,0,0,0,0
3366,33603593,2,0,0.1,149,0,7,19.29,0,0,1,4,37,38,-1,102,128,123,0,7,19.29,0,0,1,4,37,38,39,0,0,0,-1,-1,-1,-1,-1,-1,-1,0,0,1,0,0,0,0,0,0,0,0,0,0,0,0,0,0,0,0
3367,33603593,2,0,0.1,149,0,7,19.29,0,0,1,4,37,38,-1,102,128,123,0,7,19.29,0,0,1,4,37,38,39,0,0,0,-1,-1,-1,-1,-1,-1,-1,0,0,1,0,0,0,0,0,0,0,0,0,0,0,0,0,0,0,0
3368,33603593,2,0,0.1,149,0,7,19.29,0,0,1,4,37,38,-1,102,128,123,0,7,19.29,0,0,1,4,37,38,39,0,0,0,-1,-1,-1,-1,-1,-1,-1,0,0,1,0,0,0,0,0,0,0,0,0,0,0,0,0,0,0,0
3386,1645218304,2,0,0,0,0,7,19.29,0,1,0,4,37,38,-1,-1,-1,-1,0,7,19.29,0,1,0,4,37,38,39,0,0,0,-1,-1,-1,-1,-1,-1,-1,0,0,1,0,0,0,0,0,0,0,0,0,0,0,0,0,0,0,0
3506,1644169222,2,-1.5,0,1,0,7,19.29,0,0,1,4,37,38,-1,104,128,63,0,7,19.29,0,0,1,4,37,38,39,0,0,0,-1,-1,-1,-1,-1,-1,-1,0,0,1,0,0,1,0,0,0,0,0,0,0,0,0,0,0,0,0
3548,1073774607,21,0,0,0,0,7,19.29,0,0,1,4,37,38,-1,91,91,91,0,7,19.29,0,0,1,4,37,38,39,0,0,0,-1,-1,-1,-1,-1,-1,-1,0,0,1,0,0,0,0,0,0,0,0,0,0,0,0,0,0,0,0
3550,-502233077,21,0,0,0,0,7,19.29,0,0,1,4,37,38,-1,476,89,476,0,7,19.29,0,0,1,4,37,38,39,0,0,0,-1,-1,-1,-1,-1,-1,-1,0,0,1,0,0,0,16,0,0,0,0,0,0,0,0,0,0,0,0
3566,33587215,13,0.75,0.85,5.4,0,7,19.29,0,0,1,4,37,38,-1,115,-1,123,0,7,19.29,0,0,1,4,37,38,39,-1.570796,0.087266,0,-1,-1,-1,-1,-1,-1,-1,0,0,1,0,0,0,0,0,0,0,0,0,0,0,0,0,0,0,0
3567,33587215,13,2.3,6.5,3.6,0,7,19.29,0,0,1,4,37,38,-1,115,-1,123,0,7,19.29,0,0,1,4,37,38,39,-1.570796,0,0,-1,-1,-1,-1,-1,-1,-1,0,0,1,0,0,0,0,0,0,0,0,0,0,0,0,0,0,0,0
3568,33587215,2,3,5.3,0,0,7,19.29,0,0,1,4,37,38,-1,123,-1,123,0,7,19.29,0,0,1,4,37,38,39,0,0,0,-1,-1,-1,-1,-1,-1,-1,0,0,1,0,0,0,0,0,0,0,0,0,0,0,0,0,0,0,0
3569,33587215,13,-1,6,3.65,0,7,19.29,0,0,1,4,37,38,-1,115,-1,123,0,7,19.29,0,0,1,4,37,38,39,-1.570796,0,0,-1,-1,-1,-1,-1,-1,-1,0,0,1,0,0,0,0,0,0,0,0,0,0,0,0,0,0,0,0
3570,33587215,2,6,-3.2,0,0,7,19.29,0,0,1,4,37,38,-1,123,-1,123,0,7,19.29,0,0,1,4,37,38,39,0,0,0,-1,-1,-1,-1,-1,-1,-1,0,0,1,0,0,0,0,0,0,0,0,0,0,0,0,0,0,0,0
3586,33554439,1,-0.5,-3,0.1,0,7,19.29,0,0,1,4,37,38,-1,0,-1,60,0,7,19.29,0,0,1,4,37,38,39,1.570796,0,0,-1,-1,-1,-1,-1,-1,-1,0,0,1,0,0,0,0,0,0,0,0,0,0,0,0,0,0,0,0
3587,34636303,13,0.5,0,-1,0,7,19.29,0,0,5,5,37,38,-1,103,-1,103,0,7,19.29,0,0,1,4,37,38,39,4.712389,0,0,-1,-1,-1,-1,-1,-1,-1,0,0,1,0,0,0,0,0,0,0,0,0,0,0,0,0,0,0,0
3588,33604621,20,0,0,-0.5,4.85,15,19.29,0,0,8,8,214,135,-1,135,-1,135,30,7,19.29,0,0,1,4,37,38,39,0,0,0,-1,-1,-1,-1,-1,-1,-1,0,0,1,0,0,0,524289,0,0,0,0,0,0,0,0,0,0,0,0
3589,33587213,1,-1.4,0,3.75,0,7,19.29,3,3,4,8,37,38,-1,102,-1,60,0,7,19.29,0,0,1,4,37,38,39,0,0,0,-1,-1,-1,-1,-1,-1,-1,0,0,1,0,0,0,0,0,0,0,0,0,0,0,0,0,0,0,0
3590,33587215,21,-0.25,0,-0.8,0,7,19.29,0,0,1,4,37,38,102,102,102,123,0,12,19.29,0,0,1,4,121,-1,-1,0,0,0,-1,-1,-1,-1,-1,-1,-1,0,0,1,0,0,0,0,0,0,0,0,0,0,0,0,0,0,0,0
3606,34635787,5,-0.5,0,0.14,0,7,19.29,0,0,1,4,37,38,-1,91,128,123,0,7,19.29,0,0,1,4,37,38,39,0,0,0,-1,-1,-1,-1,-1,-1,-1,0,0,1,0,0,0,0,0,0,0,0,0,0,0,0,0,0,0,0
3626,33587215,13,-1,0,0,0,7,19.29,0,0,1,4,37,38,-1,102,128,123,0,7,19.29,0,0,1,4,37,38,39,0,1.570796,0,-1,-1,-1,-1,-1,-1,-1,0,0,1,0,0,0,0,0,0,0,0,0,0,0,0,0,0,0,0
3627,1107331083,2,-0.1,0,0.65,0,7,19.29,0,0,1,4,37,38,-1,120,128,123,0,7,19.29,0,0,1,4,37,38,39,0,0,0,-1,-1,-1,-1,-1,-1,-1,0,0,1,0,0,0,0,0,0,0,0,0,0,0,0,0,0,0,0
3646,33587213,1,-1.4,0,3.75,0,7,19.29,0,0,1,4,37,38,-1,102,-1,60,0,7,19.29,0,0,1,4,37,38,39,0,0,0,-1,-1,-1,-1,-1,-1,-1,0,0,1,0,0,0,0,0,0,0,0,0,0,0,0,0,0,0,0
3666,34635791,21,-0.12,0,0.05,0,7,19.29,0,0,1,4,37,38,-1,91,91,91,0,7,19.29,0,0,1,4,37,38,39,0,0,0,-1,-1,-1,-1,-1,-1,-1,0,0,1,0,0,0,0,0,0,0,0,0,0,0,0,0,0,0,0
3667,34635791,5,-0.24,-0.15,0,0,7,19.29,0,0,1,4,37,38,-1,120,120,120,0,7,19.29,0,0,1,4,37,38,39,0,-0.872665,0.872665,-1,-1,-1,-1,-1,-1,-1,0,0,1,0,0,0,0,0,0,0,0,0,0,0,0,0,0,0,0
3668,34635791,5,-0.24,0,0.12,0,7,19.29,0,0,1,4,37,38,-1,120,120,120,0,7,19.29,0,0,1,4,37,38,39,0,-0.872665,0,-1,-1,-1,-1,-1,-1,-1,0,0,1,0,0,0,0,0,0,0,0,0,0,0,0,0,0,0,0
3686,1644235182,2,-1.5,0,1,0,7,19.29,0,0,1,4,37,38,-1,104,128,63,0,7,19.29,0,0,1,4,37,38,39,0,0,0,-1,-1,-1,-1,-1,-1,-1,0,0,1,0,0,1,0,0,0,0,0,0,3,10,0,0,0,0,0
3690,407805963,13,0,0,2,0,25,19.29,0,0,1,4,226,227,-1,474,128,123,0,25,19.29,0,0,5,8,-1,38,39,0,0,0,-1,226,228,227,26,26,1,1,0.4,1,0,0,0,322,0.2,1,0,0,0,0,0,5,3,0,0,0
3691,407805963,13,0,0.5,2,0,25,19.29,0,0,1,4,226,227,-1,474,128,123,0,25,19.29,0,0,5,8,-1,38,39,0,0,0,-1,226,228,227,5,5,1,1,0.4,1,0,0,0,322,0.2,1,0,0,0,0,0,5,3,0,0,0
3692,407805963,13,0,0.25,2,0,25,19.29,0,0,1,4,226,227,-1,474,128,123,0,25,19.29,0,0,5,8,-1,38,39,0,0,0,-1,226,228,227,6,6,1,1,0.4,1,0,0,0,322,0.2,1,0,0,0,0,0,5,3,0,0,0
3706,33803,2,0,0,23.5,0,7,19.29,0,0,1,4,37,38,229,229,91,91,0,7,19.29,0,0,1,4,37,38,39,0,0,0,19,-1,-1,-1,-1,-1,-1,0,0,1,0,0,0,0,0,0,0,0,0,0,0,0,0,0,0,0
3788,138600458,13,-0.3,-0.2,0.8,0,7,19.29,0,0,1,4,37,38,-1,474,128,123,0,7,19.29,1.2,1.2,6,6,40,40,39,0,-1.570796,0,34,112,1,111,-1,-1,-1,1,0,1,0,0,0,9044289,0,1,0,0,0,0,0,4,0,0,0,0
3806,138462217,14,0,0,0,0,15,19.29,0.75,0.75,0,0,-1,-1,-1,102,128,123,0,7,19.29,0,0,1,4,37,38,39,0,0,0,-1,213,-1,-1,-1,-1,-1,0,0,1,0,0,0,524289,0,0,0,0,0,0,0,0,0,0,0,0
3807,33587213,1,-1.4,0,3.75,0,7,19.29,0,0,1,4,37,38,-1,102,-1,60,0,7,19.29,0,0,1,4,37,38,39,0,-0.261799,0.087266,-1,-1,-1,-1,-1,-1,-1,0,0,1,0,0,0,0,0,0,0,0,0,0,0,0,0,0,0,0
3832,34635778,20,4,1.6,0,0,7,19.29,0,0,1,4,37,38,-1,25,128,123,0,7,19.29,0,0,1,4,37,38,39,0,0,0,-1,-1,-1,-1,-1,-1,-1,0,0,1,0,0,0,6291712,0,0,0,0,0,0,0,1,0,0,0,0
3833,34635778,20,4,-1.6,0,0,7,19.29,0,0,1,4,37,38,-1,25,128,123,0,7,19.29,0,0,1,4,37,38,39,0,0,0,-1,-1,-1,-1,-1,-1,-1,0,0,1,0,0,0,6291712,0,0,0,0,0,0,0,1,0,0,0,0
3834,118514696,20,0,0,0,0,7,19.29,0,0,1,4,37,38,-1,102,128,123,0,7,19.29,0,0,1,4,37,38,39,0,0,0,-1,-1,-1,-1,-1,-1,-1,0,0,1,0,0,0,6291460,0,0,0,0,0,0,0,0,0,0,0,0
3846,402653185,14,0,0,0,2.5,7,19.29,0,0,1,4,37,38,-1,102,128,123,0,7,19.29,0,0,1,4,37,38,39,0,0,0,-1,201,-1,-1,-1,-1,-1,0,0,1,0,0,0,2097152,0,0,0,0,0,0,0,0,0,0,0,0
3866,33587209,1,-4.9,2.3,0,0,7,19.29,0,0,1,4,37,38,-1,102,128,123,0,7,19.29,0,0,1,4,37,38,39,0,-1.570796,0,-1,-1,-1,-1,-1,-1,-1,0,0,1,0,0,0,0,0,0,0,0,0,0,0,0,0,0,0,0
3867,33587209,1,-4.9,-2.3,0,0,7,19.29,0,0,1,4,37,38,-1,102,128,123,0,7,19.29,0,0,1,4,37,38,39,0,-1.570796,0,-1,-1,-1,-1,-1,-1,-1,0,0,1,0,0,0,0,0,0,0,0,0,0,0,0,0,0,0,0
3886,34653193,20,0,0,0,0,7,19.29,0,0,1,4,37,38,-1,102,128,123,0,7,19.29,0.5,0.5,0,0,37,38,39,0,0,0,-1,-1,-1,-1,-1,-1,-1,0,0,1,0,0,0,65540,0,0,0,0,0,0,0,0,0,0,0,0
3887,33587211,1,0,0.5,1.25,0,7,19.29,0,0,1,4,37,38,-1,132,128,123,0,7,19.29,0,0,1,4,37,38,39,0,0,0,34,-1,-1,97,-1,-1,1,0,0,1,0,0,0,0,0,0,0,0,0,0,0,0,0,0,0,0
3906,-1039087605,21,0,0,0,0,7,19.29,0,0,1,4,37,38,-1,476,89,26,0,7,19.29,0,0,1,3,37,38,39,0,0,0,-1,-1,-1,-1,-1,-1,-1,0,0,0,0,0,0,16,0,0,0,0,0,0,0,0,0,0,0,0
3926,-486504401,13,-0.2,0,-0.5,0,10,19.23,0,3,5,5,37,38,102,102,91,320,0,7,19.23,0,1,0,4,37,38,39,0,0,0,-1,-1,-1,-1,-1,-1,-1,0,0,1,0,0,1,0,0,0,0,0,0,0,0,0,0,0,0,0
3947,1081482,2,0,0,-10,0,7,19.29,0,0,1,4,37,38,0,0,91,91,0,20,19.29,0,0,1,4,5,5,5,0,0,0,19,-1,-1,-1,-1,-1,-1,0,0,1,0,0,0,2,0,0,0,0,0,0,0,0,0,0,0,0
3948,32778,2,0,0,0,0,7,19.29,0,0,1,4,37,38,0,0,91,91,0,7,19.29,0,0,1,4,5,5,5,0,0,0,19,-1,-1,-1,-1,-1,-1,0,0,1,0,0,0,0,0,0,0,0,0,0,0,0,0,0,0,0
3952,32906,2,0,0,-10,0,7,19.29,0,0,1,4,37,38,0,0,91,91,0,30,19.29,0,0,1,4,5,5,5,0,0,0,19,-1,-1,-1,-1,-1,-1,0,0,1,0,0,0,2,0,0,0,0,0,0,0,0,0,0,0,0
3953,32906,2,0,0,-10,0,7,19.29,0,0,1,4,37,38,0,0,91,91,0,25,19.29,0,0,1,4,5,5,5,0,0,0,19,-1,-1,-1,-1,-1,-1,0,0,1,0,0,0,2,0,0,0,0,0,0,0,0,0,0,0,0
3954,32906,2,0,0,-10,0,7,19.29,0,0,1,4,37,38,0,0,91,91,0,20,19.29,0,0,1,4,5,5,5,0,0,0,19,-1,-1,-1,-1,-1,-1,0,0,1,0,0,0,2,0,0,0,0,0,0,0,0,0,0,0,0
3955,33930,2,0,0,-10,0,7,19.29,0,0,1,4,37,38,0,0,91,91,0,20,19.29,0,0,1,4,0,0,0,0,0,0,19,-1,-1,-1,-1,-1,-1,0,0,1,0,0,0,2,0,0,0,0,0,0,0,0,0,0,0,0
3956,33930,2,0,0,-10,0,7,19.29,0,0,1,4,37,38,0,0,91,91,0,20,19.29,0,0,1,4,0,0,0,0,0,0,19,-1,-1,-1,-1,-1,-1,0,0,1,0,0,0,2,0,0,0,0,0,0,0,0,0,0,0,0
3957,33930,2,0,0,-10,0,7,19.29,0,0,1,4,37,38,0,0,91,91,0,20,19.29,0,0,1,4,0,0,0,0,0,0,19,-1,-1,-1,-1,-1,-1,0,0,1,0,0,0,2,0,0,0,0,0,0,0,0,0,0,0,0
3958,1081482,2,0,0,-10,0,7,19.29,0,0,1,4,37,38,0,0,91,91,0,20,19.29,0,0,1,4,5,5,5,0,0,0,19,-1,-1,-1,-1,-1,-1,0,0,1,0,0,0,2,0,0,0,0,0,0,0,0,0,0,0,0
3959,1081482,2,0,0,-10,0,7,19.29,0,0,1,4,37,38,0,0,91,91,0,20,19.29,0,0,1,4,5,5,5,0,0,0,19,-1,-1,-1,-1,-1,-1,0,0,1,0,0,0,2,0,0,0,0,0,0,0,0,0,0,0,0
3960,1081482,2,0,0,-10,0,7,19.29,0,0,1,4,37,38,0,0,91,91,0,20,19.29,0,0,1,4,5,5,5,0,0,0,19,-1,-1,-1,-1,-1,-1,0,0,1,0,0,0,2,0,0,0,0,0,0,0,0,0,0,0,0
3961,1081482,2,0,0,-10,0,7,19.29,0,0,1,4,37,38,0,0,91,91,0,20,19.29,0,0,1,4,5,5,5,0,0,0,19,-1,-1,-1,-1,-1,-1,0,0,1,0,0,0,2,0,0,0,0,0,0,0,0,0,0,0,0
3962,1081482,2,0,0,-10,0,7,19.29,0,0,1,4,37,38,0,0,91,91,0,20,19.29,0,0,1,4,5,5,5,0,0,0,19,-1,-1,-1,-1,-1,-1,0,0,1,0,0,0,2,0,0,0,0,0,0,0,0,0,0,0,0
3963,1081482,2,0,0,-10,0,7,19.29,0,0,1,4,37,38,0,0,91,91,0,20,19.29,0,0,1,4,5,5,5,0,0,0,19,-1,-1,-1,-1,-1,-1,0,0,1,0,0,0,2,0,0,0,0,0,0,0,0,0,0,0,0
3964,1081482,2,0,0,-10,0,7,19.29,0,0,1,4,37,38,0,0,91,91,0,20,19.29,0,0,1,4,5,5,5,0,0,0,19,-1,-1,-1,-1,-1,-1,0,0,1,0,0,0,2,0,0,0,0,0,0,0,0,0,0,0,0
3965,1081482,2,0,0,-10,0,7,19.29,0,0,1,4,37,38,0,0,91,91,0,20,19.29,0,0,1,4,5,5,5,0,0,0,19,-1,-1,-1,-1,-1,-1,0,0,1,0,0,0,2,0,0,0,0,0,0,0,0,0,0,0,0
3966,1081482,2,0,0,-10,0,7,19.29,0,0,1,4,37,38,0,0,91,91,0,20,19.29,0,0,1,4,5,5,5,0,0,0,19,-1,-1,-1,-1,-1,-1,0,0,1,0,0,0,2,0,0,0,0,0,0,0,0,0,0,0,0
3967,1081482,2,0,0,-10,0,7,19.29,0,0,1,4,37,38,0,0,91,91,0,20,19.29,0,0,1,4,5,5,5,0,0,0,19,-1,-1,-1,-1,-1,-1,0,0,1,0,0,0,2,0,0,0,0,0,0,0,0,0,0,0,0
3968,1081482,2,0,0,-10,0,7,19.29,0,0,1,4,37,38,0,0,91,91,0,20,19.29,0,0,1,4,5,5,5,0,0,0,19,-1,-1,-1,-1,-1,-1,0,0,1,0,0,0,2,0,0,0,0,0,0,0,0,0,0,0,0
3969,1081482,2,0,0,-10,0,7,19.29,0,0,1,4,37,38,0,0,91,91,0,20,19.29,0,0,1,4,5,5,5,0,0,0,19,-1,-1,-1,-1,-1,-1,0,0,1,0,0,0,2,0,0,0,0,0,0,0,0,0,0,0,0
3970,1081482,2,0,0,-10,0,7,19.29,0,0,1,4,37,38,0,0,91,91,0,20,19.29,0,0,1,4,5,5,5,0,0,0,19,-1,-1,-1,-1,-1,-1,0,0,1,0,0,0,2,0,0,0,0,0,0,0,0,0,0,0,0
3971,1081482,2,0,0,-10,0,7,19.29,0,0,1,4,37,38,0,0,91,91,0,20,19.29,0,0,1,4,5,5,5,0,0,0,19,-1,-1,-1,-1,-1,-1,0,0,1,0,0,0,2,0,0,0,0,0,0,0,0,0,0,0,0
3972,1081482,2,0,0,-10,0,7,19.29,0,0,1,4,37,38,0,0,91,91,0,20,19.29,0,0,1,4,5,5,5,0,0,0,19,-1,-1,-1,-1,-1,-1,0,0,1,0,0,0,2,0,0,0,0,0,0,0,0,0,0,0,0
3973,1081482,2,0,0,-10,0,7,19.29,0,0,1,4,37,38,0,0,91,91,0,20,19.29,0,0,1,4,5,5,5,0,0,0,19,-1,-1,-1,-1,-1,-1,0,0,1,0,0,0,2,0,0,0,0,0,0,0,0,0,0,0,0
3974,1081482,2,0,0,-10,0,7,19.29,0,0,1,4,37,38,0,0,91,91,0,20,19.29,0,0,1,4,5,5,5,0,0,0,19,-1,-1,-1,-1,-1,-1,0,0,1,0,0,0,2,0,0,0,0,0,0,0,0,0,0,0,0
3986,1645217803,21,0,0,0,0,7,19.29,0,1,0,4,37,38,-1,91,128,123,0,7,19.29,0,1,0,4,37,38,39,0,0,0,-1,-1,-1,-1,-1,-1,-1,0,0,1,0,0,1,4,0,0,0,0,0,0,0,0,0,0,0,0
4006,1645250575,21,-0.4,0,-0.2,0,7,19.29,0,0,1,4,37,38,-1,102,128,123,0,7,19.29,0,0,1,4,37,38,39,0,0,0,-1,-1,-1,-1,-1,-1,-1,0,0,1,0,0,1,4194304,0,0,0,0,0,0,0,0,0,0,0,0
4007,1108377615,21,-0.25,0,-0.3,0,7,19.29,0,0,1,4,37,38,-1,102,128,123,0,7,19.29,0,0,1,4,37,38,39,0,0,0,-1,-1,-1,-1,-1,-1,-1,0,0,1,0,0,1,2097152,0,0,0,0,0,0,0,0,0,0,0,0
4026,33295,14,0,0,0,0,7,19.29,0,0,1,4,37,38,-1,102,128,123,0,7,19.29,0,0,1,4,37,38,39,0,0,0,-1,-1,-1,-1,-1,-1,-1,0,0,1,0,0,0,2097152,0,0,0,0,0,0,0,0,0,0,0,0
4027,33295,15,0,0,0,0,7,19.29,0,0,1,4,37,38,-1,102,128,123,0,7,19.29,0,0,1,4,37,38,39,0,0,0,-1,-1,-1,-1,-1,-1,-1,0,0,1,0,0,0,2097152,0,0,0,0,0,0,0,0,0,0,0,0
4086,33587215,21,0,0,0,0,7,19.29,0,0,1,4,37,38,-1,91,-1,-1,0,7,19.29,0,0,1,4,37,38,39,0,0,0,-1,-1,-1,-1,-1,-1,-1,0,0,1,0,0,0,0,0,0,0,0,0,0,0,0,0,0,0,0
4126,1108377615,21,0,0,0,0,10,19.29,0,0,1,4,37,38,-1,102,-1,-1,0,7,19.29,0,0,1,4,37,38,39,0,0,0,-1,-1,-1,-1,-1,-1,-1,0,0,1,0,0,0,524289,0,0,0,0,0,0,0,0,0,0,0,0
4267,-569580471,9,-0.35,0,0,0,7,19.29,0.7,1.3,1,2,37,38,-1,115,-1,68,0,10,19.29,0.3,2,1,4,37,38,39,0,0,0,-1,54,32,83,-1,-1,6,0,0.35,1,0,0,0,1572896,0.2,1,0,0,0,0,0,0,0,0,0,0
4268,-973021073,-1,0,1.5,1.5,0,4,-3,0.5,1.3,-1,0,193,193,-1,193,-1,52,0,4,8,0,1.3,0,2,-1,193,-1,0,0,0,-1,9,32,83,4,-1,6,0,0,1,0,0,0,2097152,0,0,0,0,0,0,0,0,0,0,0,0
4269,-436166545,-1,0,-1.5,1.5,0,4,-3,0.5,1.3,-1,0,193,193,-1,193,-1,52,0,4,8,0,1.3,0,2,-1,193,-1,0,0,0,-1,9,32,83,4,-1,6,0,0,1,0,0,0,2097152,0,0,0,0,0,0,0,0,0,0,0,0
4486,172007432,4,0,0,0,0,7,19.29,0,0,1,4,37,38,-1,102,128,123,0,7,19.29,0,0,1,4,37,38,39,0,0,0,-1,112,-1,-1,-1,-1,-1,0.5,0,1,0,0,0,0,0,0,0,0,0,0,0,0,0,0,0,0
4487,138469384,14,0,0,0,0,7,19.29,0,0,1,4,37,38,-1,102,128,123,0,7,19.29,0,0,1,4,37,38,39,0,-0.349066,0,34,107,-1,-1,-1,-1,-1,0.8,0,1,0,0,0,256,0,0,0,0,0,0,0,5,0,0,0,0
4606,33587215,21,0,0,0,0,7,19.29,0,0,1,4,37,38,-1,91,-1,476,0,7,19.29,0,0,1,4,121,-1,6,0,0,0,19,-1,-1,91,-1,-1,-1,0,0,1,0,0,0,0,0,0,0,0,0,0,0,0,0,0,0,0
4686,1729137163,13,0.2,0,0,0,7,19.29,0.5,1.5,1,4,37,38,-1,91,128,123,0,7,19.29,0,1,1,4,37,38,39,0,0,0,-1,-1,-1,-1,-1,-1,-1,0,0,1,13836,13834,1,16,0,0,0,0,0,0,0,0,0,0,0,0
4687,1192264203,14,0,0,0,0,7,19.29,0.5,1.5,1,4,37,38,-1,91,128,123,0,7,19.29,0,1,1,4,37,38,39,0,0,0,-1,-1,-1,-1,-1,-1,-1,0,0,1,0,0,0,16,0,0,0,0,0,0,0,0,0,0,0,0
4688,1192264203,15,0,0,0,0,7,19.29,0.5,1.5,1,4,37,38,-1,91,128,123,0,7,19.29,0,1,1,4,37,38,39,0,0,0,-1,-1,-1,-1,-1,-1,-1,0,0,1,0,0,0,16,0,0,0,0,0,0,0,0,0,0,0,0
4689,51405832,20,0,0,0,0,7,19.29,0,0,1,4,37,38,-1,102,128,123,0,7,19.29,0,0,1,4,37,38,39,0,0,0,-1,-1,-1,-1,-1,-1,-1,0,0,1,0,0,0,38273028,0,0,0,0,0,0,0,0,0,0,0,0
4690,1729104399,-1,0,0,0,0,7,19.29,0,0,1,4,37,38,-1,102,128,123,0,7,19.29,0,0,1,4,37,38,39,0,0,0,-1,-1,-1,-1,-1,-1,-1,0,0,1,13836,13834,1,524305,0,0,0,0,0,0,0,0,0,0,0,0
4691,50357256,20,4.25,3.6,2.8,0,7,19.29,0,0,1,4,37,38,-1,102,128,123,0,7,19.29,0,0,1,4,37,38,39,0,0,0,-1,-1,-1,-1,-1,-1,-1,0,0,1,0,0,0,2621460,0,0,0,0,0,0,0,0,0,0,0,0
4692,51405832,20,4.25,-3.6,2.8,0,7,19.29,0,0,1,4,37,38,-1,102,128,123,0,7,19.29,0,0,1,4,37,38,39,0,0,0,-1,-1,-1,-1,-1,-1,-1,0,0,1,0,0,0,38273028,0,0,0,0,0,0,0,0,0,0,0,0
4693,51405832,20,4.25,3.6,2.8,0,7,19.29,0,0,1,4,37,38,-1,102,128,123,0,7,19.29,0,0,1,4,37,38,39,0,0,0,-1,-1,-1,-1,-1,-1,-1,0,0,1,0,0,0,38273028,0,0,0,0,0,0,0,0,0,0,0,0
4695,1729104399,-1,0,0,0,0,7,19.29,0,0,1,4,37,38,-1,102,128,123,0,7,19.29,0,0,1,4,37,38,39,0,0,0,-1,-1,-1,-1,-1,-1,-1,0,0,1,13836,13834,1,524305,0,0,0,0,0,0,0,0,0,0,0,0
4706,1930464267,13,0,0,0,0,7,19.29,0.7,2,1.5,4,37,38,-1,91,-1,91,0,7,19.29,0.7,2,1.5,4,37,38,39,0,0,0,-1,-1,107,111,-1,-1,-1,0,0.45,1,13836,13834,1,16,0,0,0,0,0,0,0,0,0,0,0,0
4726,2069561355,14,-0.5,0,-0.4,0,7,19.29,0.7,2,1.5,4,37,38,-1,97,-1,91,0,7,19.29,0.7,2,1.5,4,37,38,39,0,-0.523599,0,-1,112,107,111,-1,-1,-1,0.6,0.35,1,13836,13834,1,2097296,0,0,0,0.3,-1,-1,-6.5,0,0,0,0,0
4766,34635791,21,0.2,0.25,0.15,0,7,19.29,0,0,1,4,37,38,-1,102,128,123,0,7,19.29,0,0,1,4,37,38,39,0,0,0,-1,-1,-1,-1,-1,-1,-1,0,0,1,0,0,0,33554432,0,0,0,0,0,0,0,0,0,0,0,0
4767,34635791,21,0.2,-0.25,0.15,0,7,19.29,0,0,1,4,37,38,-1,102,128,123,0,7,19.29,0,0,1,4,37,38,39,0,0,0,-1,-1,-1,-1,-1,-1,-1,0,0,1,0,0,0,33554432,0,0,0,0,0,0,0,0,0,0,0,0
4768,33587215,21,-0.15,0.25,0,0,7,19.29,0,0,1,4,37,38,-1,102,128,123,0,7,19.29,0,0,1,4,37,38,39,0,0,0,-1,-1,-1,-1,-1,-1,-1,0,0,1,0,0,0,33554432,0,0,0,0,0,0,0,0,0,0,0,0
4769,33587215,21,-0.15,-0.25,0,0,7,19.29,0,0,1,4,37,38,-1,102,128,123,0,7,19.29,0,0,1,4,37,38,39,0,0,0,-1,-1,-1,-1,-1,-1,-1,0,0,1,0,0,0,33554432,0,0,0,0,0,0,0,0,0,0,0,0
4770,33587215,21,-0.5,0.25,-0.15,0,7,19.29,0,0,1,4,37,38,-1,102,128,123,0,7,19.29,0,0,1,4,37,38,39,0,0,0,-1,-1,-1,-1,-1,-1,-1,0,0,1,0,0,0,33554432,0,0,0,0,0,0,0,0,0,0,0,0
4773,33587215,1,-0.5,0,1.1,0,7,19.29,0,0,1,4,37,38,0,17,16,16,0,7,19.29,0,0,1,4,37,38,39,0,0,0,34,-1,-1,-1,-1,-1,-1,0,0,1,0,0,0,33554432,0,0,0,0,0,0,0,0,0,0,0,0
4774,33587215,1,-0.25,0,1.15,0,7,19.29,0,0,1,4,37,38,0,17,16,16,0,7,19.29,0,0,1,4,37,38,39,0,0,0,34,-1,-1,-1,-1,-1,-1,0,0,1,0,0,0,33554432,0,0,0,0,0,0,0,0,0,0,0,0
4775,33587215,1,-0.4,0,1,0,7,19.29,0,0,1,4,37,38,0,17,16,16,0,7,19.29,0,0,1,4,37,38,39,0,0,0,34,-1,-1,-1,-1,-1,-1,0,0,1,0,0,0,33554432,0,0,0,0,0,0,0,0,0,0,0,0
4786,4366414,1,0.6,0,0,0,7,0,0.1,0.1,0,0,37,-1,-1,474,474,474,0,10,19.29,1.1,1.1,4,4,37,38,39,0,0,0,16,213,-1,126,-1,-1,-1,1.3,0,1,0,0,0,42467393,0,0.5,0,0,0,0,0,0,0,0,0,0
4806,1729136651,13,0,0,0,0,7,19.29,0,0,1,4,37,38,-1,91,128,123,0,14,19.29,0,0,1,4,37,38,39,0,0,0,-1,-1,-1,-1,-1,-1,-1,0,0,1,0,0,1,0,0,0,0,0,0,0,0,0,0,0,0,0
4846,34635791,21,-0.2,0.25,0.05,0,7,19.29,0,0,1,4,37,38,-1,102,128,123,0,7,19.29,0,0,1,4,37,38,39,0,0,0,-1,-1,-1,-1,-1,-1,-1,0,0,1,0,0,0,33554432,0,0,0,0,0,0,0,0,0,0,0,0
4847,34635791,21,-0.2,-0.25,0.05,0,7,19.29,0,0,1,4,37,38,-1,102,128,123,0,7,19.29,0,0,1,4,37,38,39,0,0,0,-1,-1,-1,-1,-1,-1,-1,0,0,1,0,0,0,33554432,0,0,0,0,0,0,0,0,0,0,0,0
4848,950415,3,0,0,0,0,7,19.29,0,0,1,4,37,38,-1,102,128,123,0,21,19.29,0,0,1,4,37,38,39,0,0,1.570796,-1,-1,214,213,-1,-1,-1,0,0,1,0,0,0,33554432,0,0,0,0,0,0,0,0,0,0,0,0
4866,-502233077,21,0,0,0,0,7,19.29,0,0,1,4,37,38,-1,476,91,91,0,7,19.29,0,0,1,4,37,38,39,0,0,0,-1,-1,-1,-1,-1,-1,-1,0,0,1,0,0,0,0,0,0,0,0,0,0,0,0,0,0,0,0
4888,1660979215,1,0,0,0,0,7,19.29,0,0,1,4,37,38,-1,102,128,123,0,7,19.29,0,0,1,4,37,38,39,0,0,0,-1,-1,-1,-1,-1,-1,-1,0,0,1,0,0,1,33554432,0,0,0,0,0,0,0,0,0,0,0,0
4906,1660979213,2,0,0,0,0,7,19.29,0,0,1,4,37,38,-1,102,128,123,0,7,19.29,0,0,1,4,37,38,39,0,0,0,-1,-1,-1,-1,-1,-1,-1,0,0,1,0,0,1,33554432,0,0,0,0,0,0,0,0,0,0,0,0
4966,33587215,14,0,0,0,0,7,19.29,0,0,1,4,37,38,-1,102,128,123,0,7,19.29,0,0,1,4,37,38,39,0,0,0,-1,-1,-1,-1,-1,-1,-1,0,0,1,0,0,0,33554432,0,0,0,0,0,0,0,0,0,0,0,0
5066,33718281,21,0,0,0,0,7,19.29,0,0,1,4,37,38,-1,102,128,123,0,7,19.29,0,0,1,4,37,38,39,0,0,0,-1,-1,-1,108,-1,-1,-1,0,0,0,0,0,0,0,0,0,0,0,0,0,0,0,0,0,0,0
5226,33587209,2,35,0,25,0,7,19.29,0,0,1,4,37,38,-1,102,128,123,0,7,19.29,0,0,1,4,37,38,39,0,0,0,-1,-1,-1,-1,-1,-1,-1,0,0,1,0,0,0,33554432,0,0,0,0,0,0,0,0,0,0,0,0
5227,33587209,2,25,10,10,0,7,19.29,0,0,1,4,37,38,-1,102,128,123,0,7,19.29,0,0,1,4,37,38,39,0,0,0,-1,-1,-1,-1,-1,-1,-1,0,0,1,0,0,0,33554432,0,0,0,0,0,0,0,0,0,0,0,0
5246,33587209,2,20,-10,10,0,7,19.29,0,0,1,4,37,38,-1,102,128,123,0,7,19.29,0,0,1,4,37,38,39,0,0,0,-1,-1,-1,-1,-1,-1,-1,0,0,1,0,0,0,33554432,0,0,0,0,0,0,0,0,0,0,0,0
5247,33587209,2,5,-5,15,0,7,19.29,0,0,1,4,37,38,-1,102,128,123,0,7,19.29,0,0,1,4,37,38,39,0,0,0,-1,-1,-1,-1,-1,-1,-1,0,0,1,0,0,0,33554432,0,0,0,0,0,0,0,0,0,0,0,0
5248,33587209,2,-15,0,20,0,7,19.29,0,0,1,4,37,38,-1,102,128,123,0,7,19.29,0,0,1,4,37,38,39,0,0,0,-1,-1,-1,-1,-1,-1,-1,0,0,1,0,0,0,33554432,0,0,0,0,0,0,0,0,0,0,0,0
5249,33587209,2,50,0,20,0,7,19.29,0,0,1,4,37,38,-1,102,128,123,0,7,19.29,0,0,1,4,37,38,39,0,0,0,-1,-1,-1,-1,-1,-1,-1,0,0,1,0,0,0,33554432,0,0,0,0,0,0,0,0,0,0,0,0
5250,33587209,2,30,10,12,0,7,19.29,0,0,1,4,37,38,-1,102,128,123,0,7,19.29,0,0,1,4,37,38,39,0,0,0,-1,-1,-1,-1,-1,-1,-1,0,0,1,0,0,0,33554432,0,0,0,0,0,0,0,0,0,0,0,0
5251,33587209,2,20,-10,10,0,7,19.29,0,0,1,4,37,38,-1,102,128,123,0,7,19.29,0,0,1,4,37,38,39,0,0,0,-1,-1,-1,-1,-1,-1,-1,0,0,1,0,0,0,33554432,0,0,0,0,0,0,0,0,0,0,0,0
5252,33587209,2,5,0,10,0,7,19.29,0,0,1,4,37,38,-1,102,128,123,0,7,19.29,0,0,1,4,37,38,39,0,0,0,-1,-1,-1,-1,-1,-1,-1,0,0,1,0,0,0,33554432,0,0,0,0,0,0,0,0,0,0,0,0
5253,33587209,2,-15,0,20,0,7,19.29,0,0,1,4,37,38,-1,102,128,123,0,7,19.29,0,0,1,4,37,38,39,0,0,0,-1,-1,-1,-1,-1,-1,-1,0,0,1,0,0,0,33554432,0,0,0,0,0,0,0,0,0,0,0,0
5346,73748,2,0.65,0,0,0,7,19.29,0,0,1,4,37,38,-1,102,-1,14,0,7,19.29,0,0,1,4,37,38,39,0,0,0,19,-1,-1,123,-1,-1,-1,0,0,1,0,0,0,33554432,0,0,0,0,0,0,0,0,0,0,0,0
5366,33587215,21,0,0,0,0,7,19.29,0,0,1,4,37,38,-1,91,-1,476,0,7,19.29,0,0,1,4,121,-1,6,0,0,0,19,-1,-1,91,-1,-1,-1,0,0,1,0,0,0,0,0,0,0,0,0,0,0,0,0,0,0,0
5386,33587215,21,0,0,0,0,7,19.29,0,0,1,4,37,38,-1,91,-1,476,0,7,19.29,0,0,1,4,121,-1,6,0,0,0,19,-1,-1,91,-1,-1,-1,0,0,1,0,0,0,0,0,0,0,0,0,0,0,0,0,0,0,0
5387,33587215,21,0,0,0,0,7,19.29,0,0,1,4,37,38,-1,91,-1,476,0,7,19.29,0,0,1,4,121,-1,6,0,0,0,19,-1,-1,91,-1,-1,-1,0,0,1,0,0,0,0,0,0,0,0,0,0,0,0,0,0,0,0
5388,33587215,21,0,0,0,0,7,19.29,0,0,1,4,37,38,-1,91,-1,476,0,7,19.29,0,0,1,4,121,-1,6,0,0,0,19,-1,-1,91,-1,-1,-1,0,0,1,0,0,0,0,0,0,0,0,0,0,0,0,0,0,0,0
5389,33587215,21,0,0,0,0,7,19.29,0,0,1,4,37,38,-1,91,-1,476,0,7,19.29,0,0,1,4,121,-1,6,0,0,0,19,-1,-1,91,-1,-1,-1,0,0,1,0,0,0,0,0,0,0,0,0,0,0,0,0,0,0,0
5390,33587215,21,0,0,0,0,7,19.29,0,0,1,4,37,38,-1,91,-1,476,0,7,19.29,0,0,1,4,121,-1,6,0,0,0,19,-1,-1,91,-1,-1,-1,0,0,1,0,0,0,0,0,0,0,0,0,0,0,0,0,0,0,0
5391,33587215,21,0,0,0,0,7,19.29,0,0,1,4,37,38,-1,91,-1,476,0,7,19.29,0,0,1,4,121,-1,6,0,0,0,19,-1,-1,91,-1,-1,-1,0,0,1,0,0,0,0,0,0,0,0,0,0,0,0,0,0,0,0
5392,33587215,21,0,0,0,0,7,19.29,0,0,1,4,37,38,-1,91,-1,476,0,7,19.29,0,0,1,4,121,-1,6,0,0,0,19,-1,-1,91,-1,-1,-1,0,0,1,0,0,0,0,0,0,0,0,0,0,0,0,0,0,0,0
5406,-502233077,21,0,0,0,0,7,19.29,0,0,1,4,37,38,-1,476,89,476,0,7,19.29,0,0,1,3,37,38,39,0,0,0,-1,-1,-1,-1,-1,-1,-1,0,0,1,0,0,0,16,0,0,0,0,0,0,0,0,0,0,0,0
5426,306643085,2,-0.1,-0.4,0,0,7,19.29,0,0,1,4,37,38,40,40,40,40,0,0,0,0,0,0,0,40,40,1,3.316126,-0.872665,1.570796,20,-1,107,353,-1,26,26,0,1,1,0,0,0,33554434,0,0,0,0,0,0,0,0,0,0,0,0
5446,33587215,21,0,0,0,0,7,19.29,0,0,1,4,37,38,-1,91,-1,476,0,7,19.29,0,0,1,4,121,-1,6,0,0,0,19,-1,-1,91,-1,-1,-1,0,0,1,0,0,0,0,0,0,0,0,0,0,0,0,0,0,0,0
5506,33587215,21,0,0,0,0,7,19.29,0,0,1,4,37,38,-1,91,91,91,0,7,19.29,0,0,1,4,37,38,39,0,0,0,-1,-1,-1,-1,-1,-1,-1,0,0,1,0,0,0,0,0,0,0,0,0,0,0,0,0,0,0,0
5566,33587247,1,-0.35,0,0.85,0,21,19.29,0,0,1,4,37,38,0,17,16,16,0,7,19.29,0,0,1,4,37,38,39,0,0,0,34,-1,-1,-1,-1,-1,-1,0,0,1,0,0,0,33554432,0,0,0,0,0,0,0,0,0,0,0,0
5586,33587215,1,-0.1,0,0.85,0,7,19.29,0,0,1,4,37,38,0,17,16,16,0,7,19.29,0,0,1,4,37,38,39,0,0,0,34,-1,-1,-1,-1,-1,-1,0,0,1,0,0,0,33554432,0,0,0,0,0,0,0,0,0,0,0,0
5587,33587215,1,-0.1,0,0.85,0,7,19.29,0,0,1,4,37,38,0,17,16,16,0,7,19.29,0,0,1,4,37,38,39,0,0,0,34,-1,-1,-1,-1,-1,-1,0,0,1,0,0,0,33554432,0,0,0,0,0,0,0,0,0,0,0,0
5588,33587215,1,-0.25,0,0.85,0,7,19.29,0,0,1,4,37,38,0,17,16,16,0,7,19.29,0,0,1,4,37,38,39,0,0,0,34,-1,-1,-1,-1,-1,-1,0,0,1,0,0,0,33554432,0,0,0,0,0,0,0,0,0,0,0,0
5666,34635791,21,0,0,0,0,7,19.29,0,0,1,4,37,38,91,91,26,26,0,7,19.29,0,0,1,4,37,38,39,0,0,0,-1,-1,-1,-1,-1,-1,-1,0,0,1,0,0,0,33554432,0,0,0,0,0,0,0,0,0,0,0,0
5766,1729136651,13,0,0,0,0,7,19.29,0,0,1,4,37,38,-1,91,128,123,0,14,19.29,0,0,1,4,37,38,39,0,0,0,-1,-1,-1,-1,-1,-1,-1,0,0,1,0,0,1,0,0,0,0,0,0,0,0,0,0,0,0,0
5767,1192281099,15,0,0,0,0,7,19.29,0,0,1,4,37,38,-1,-1,128,123,0,7,19.29,0,0,1,4,37,38,39,0,0,0,-1,-1,-1,-1,-1,-1,-1,0,0,1,0,0,0,524289,0,0,0,0,0,0,0,0,0,0,0,0
5768,1192281099,16,0,0,0,0,7,19.29,0,0,1,4,37,38,-1,-1,128,123,0,7,19.29,0,0,1,4,37,38,39,0,0,0,-1,-1,-1,-1,-1,-1,-1,0,0,1,0,0,0,524289,0,0,0,0,0,0,0,0,0,0,0,0
5786,1712326671,13,0,0,0,0,7,19.29,0,0,1,4,37,38,-1,484,128,123,0,14,19.29,0,0,1,4,37,38,39,0,0,0,-1,-1,-1,-1,-1,-1,-1,0,0,1,0,0,1,0,0,0,0,0,0,0,0,0,0,0,0,0
5826,1662027787,13,0,0,0,0,7,19.29,0,0,1,4,37,38,-1,484,128,123,0,7,19.29,0,0,1,4,37,38,39,0,0,0,-1,-1,-1,-1,-1,-1,-1,0,0,1,0,0,1,0,0,0,0,0,0,0,0,0,0,0,0,0
5866,1729137163,13,0.2,0,0,0,7,19.29,0.5,1.5,1,4,37,38,-1,91,128,123,0,7,19.29,0,1,1,4,37,38,39,0,0,0,-1,-1,-1,-1,-1,-1,-1,0,0,1,13836,13834,1,16,0,0,0,0,0,0,0,0,0,0,0,0
5867,51405832,20,4.25,-3.6,2.8,0,7,19.29,0,0,1,4,37,38,-1,102,128,123,0,7,19.29,0,0,1,4,37,38,39,0,0,0,-1,-1,-1,-1,-1,-1,-1,0,0,1,0,0,0,38273028,0,0,0,0,0,0,0,0,0,0,0,0
5868,51405832,20,4.25,3.6,2.8,0,7,19.29,0,0,1,4,37,38,-1,102,128,123,0,7,19.29,0,0,1,4,37,38,39,0,0,0,-1,-1,-1,-1,-1,-1,-1,0,0,1,0,0,0,38273028,0,0,0,0,0,0,0,0,0,0,0,0
5869,51405832,20,0,0,0,0,7,19.29,0,0,1,4,37,38,-1,102,128,123,0,7,19.29,0,0,1,4,37,38,39,0,0,0,-1,-1,-1,-1,-1,-1,-1,0,0,1,0,0,0,38273028,0,0,0,0,0,0,0,0,0,0,0,0
5986,34635791,10,0.25,-0.05,0.65,0,7,19.29,0,0,1,4,37,38,476,476,213,213,0,7,19.29,0,0,1,4,37,38,39,0,0.610865,0.034907,34,-1,-1,97,-1,-1,26,0,0,1,0,0,0,33554432,0,0,0,0,0,0,0,0,0,0,0,0
6126,33587215,21,0,0,0,0,7,19.29,0,0,1,4,37,38,-1,91,-1,476,0,7,19.29,0,0,1,3,121,-1,6,0,0,0,19,-1,-1,-1,-1,-1,-1,0,0,1,0,0,0,0,0,0,0,0,0,0,0,0,0,0,0,0
6166,8195,2,0,0,0,0,2,19.29,0,0,0,0,-1,474,-1,474,128,123,0,7,19.29,0,0,1,4,37,38,39,0,0,0,-1,-1,-1,132,-1,-1,-1,0,0,1,0,0,0,33554432,0,0,0,0,0,0,0,0,0,0,0,0
6186,138575882,3,0,0,0,0,7,19.29,0,0,0,0,-1,474,-1,474,128,123,0,7,19.29,0,0,1,4,37,38,39,3.141593,2.094395,0.872665,17,455,-1,234,-1,-1,-1,0.4,0,1,0,0,0,33685568,0,0.3,0,0,0,0,0,0,0,0,0,0
6206,8227,13,0,0,-2,0,20,0,0,0,1,10,131,132,131,132,131,132,0,7,19.29,0,0,1,4,37,38,39,0,0,0,50,-1,-1,125,-1,-1,26,0,0,1,0,0,0,33686274,1,1,0,0,0,0,3.3,1,0,0,0,0
6266,32783,21,-0.12,0,0.05,0,7,19.29,0,0,1,4,37,38,91,91,91,91,0,7,19.29,0,0,1,4,37,38,39,0,0,0,-1,-1,-1,-1,-1,-1,-1,0,0,1,0,0,0,0,0,0,0,0,0,0,0,0,0,0,0,0
6446,1174437903,2,-2.2,0.75,0.6,0,7,19.29,0,0,1,4,37,38,-1,102,-1,-1,0,7,19.29,0,0,1,4,37,38,39,0,0,0,-1,-1,-1,-1,-1,-1,-1,0,0,1,0,0,0,18,0,0,0,0,0,0,0,0,0,0,0,0
6447,1174437903,2,-2.2,-0.75,0.6,0,7,19.29,0,0,1,4,37,38,-1,102,-1,-1,0,7,19.29,0,0,1,4,37,38,39,0,0,0,-1,-1,-1,-1,-1,-1,-1,0,0,1,0,0,0,18,0,0,0,0,0,0,0,0,0,0,0,0
6450,1081359,21,-0.12,0,0.05,0,7,19.29,0,0,1,4,37,38,91,91,91,91,0,7,19.29,0,0,1,4,37,38,39,0,0,0,-1,-1,-1,-1,-1,-1,-1,0,0,1,0,0,0,33554432,0,0,0,0,0,0,0,0,0,0,0,0
6488,1662028303,1,0,0,0,0,7,19.29,0,0,1,4,37,38,-1,102,128,123,0,14,19.29,0,0,1.5,4,37,38,39,0,0,0,-1,-1,-1,-1,-1,-1,-1,0,0,1,0,0,1,33554434,0,0,0,0,0,0,0,0,0,0,0,0
6489,1662028301,2,0,0,0,0,7,19.29,0,0,1,4,37,38,-1,102,128,123,0,14,19.29,0,0,1.5,4,37,38,39,0,0,0,-1,-1,-1,-1,-1,-1,-1,0,0,1,0,0,1,33554434,0,0,0,0,0,0,0,0,0,0,0,0
6566,33587211,21,0,0,0,0,7,19.29,0,0,1,4,37,38,-1,91,128,123,0,7,19.29,0,0,1,4,37,38,39,0,0,0,-1,-1,-1,-1,-1,-1,-1,0,0,1,0,0,0,33554432,0,0,0,0,0,0,0,0,0,0,0,0
6586,5242886,13,0,0,0,0,7,19.29,0,0,1,4,225,225,131,132,131,132,0,7,19.29,0,0,1,4,37,38,39,0,0,0,12,16,-1,-1,-1,-1,-1,0,0,1,0,0,0,0,0,0,0,0,0,0,0,0,0,0,0,0
6587,33587209,5,0,0,0,0,7,19.29,0,0,1,4,37,38,-1,102,128,123,0,7,19.29,0,0,1,4,37,38,39,0,0,0,-1,-1,-1,-1,-1,-1,-1,0,0,1,0,0,0,0,0,0,0,0,0,0,0,0,0,0,0,0
6606,-1039128064,2,0,0,0,0,7,19.29,0,0,1,4,37,38,-1,102,128,123,0,7,19.29,0,0,1,4,37,38,39,0,0,0,19,-1,-1,-1,-1,-1,-1,0,0,1,0,0,0,33554432,0,0,0,0,0,0,0,0,0,0,0,0
6686,1645251087,2,0,0,0,0,7,19.29,0,0,1,4,37,38,-1,102,128,123,0,7,19.29,0,0,1,4,37,38,39,0,0,0,-1,-1,-1,-1,-1,-1,-1,0,0,1,0,0,0,16,0,0,0,0,0,0,0,0,0,0,0,0
6887,33587215,10,0,0,0,0,7,19.29,0,0,1,4,37,38,-1,102,128,0,0,7,19.29,0,0,1,4,37,38,39,0,-1.570796,0,-1,-1,-1,-1,-1,-1,-1,0,0,1,0,0,0,33554432,0,0,0,0,0,0,0,0,0,0,0,0
6888,33587215,10,0.1,0.25,0.05,0,7,19.29,0,0,1,4,37,38,-1,102,128,0,0,7,19.29,0,0,1,4,37,38,39,0.785398,-1.570796,0,-1,-1,-1,-1,-1,-1,-1,0,0,1,0,0,0,33554432,0,0,0,0,0,0,0,0,0,0,0,0
6889,33587215,10,0.1,-0.25,0.05,0,7,19.29,0,0,1,4,37,38,-1,102,128,0,0,7,19.29,0,0,1,4,37,38,39,-0.785398,-1.570796,1.570796,-1,-1,-1,-1,-1,-1,-1,0,0,1,0,0,0,33554432,0,0,0,0,0,0,0,0,0,0,0,0
6966,1745914400,21,0,0,0,0,20,19.29,0,0,1,4,37,38,-1,102,-1,-1,0,20,19.29,0,0,0,0,37,38,39,0,0,0,-1,216,-1,-1,-1,-1,-1,3,0,1,0,0,0,158024,0.25,1,0,0,0,0,0,0,0,60,40,0
7146,1179651,13,0.9,-0.25,0.2,0,7,19.29,0,0,1,1,503,503,503,503,503,503,0,7,19.29,0,0,1,4,37,38,39,0,1.570796,0,39,-1,-1,502,-1,-1,4,0,0,1,0,0,0,0,0,0,0,0,0,0,0,0,0,0,0,0
7151,33718283,13,0.9,-0.25,-0.15,0,7,19.29,0,0,1,4,37,38,503,503,503,503,0,7,19.29,0,0,1,4,37,38,39,0,1.570796,0,39,-1,-1,502,-1,-1,-1,0,0,1,0,0,0,33554436,0,0,0,0,0,0,0,0,0,0,0,0
7166,34635791,13,0,0,2,0,7,19.29,0,0,1,4,37,38,-1,102,128,123,0,7,19.29,0,0,1,4,37,38,39,0,4.712389,0,-1,-1,-1,-1,-1,-1,-1,0,0,1,0,0,0,33554464,0,0,0,0,0,0,0,0,0,0,0,0
7247,1048577,13,0,0,0,0,7,19.29,0,0,1,4,37,38,-1,102,128,123,0,7,19.29,0,0,1,4,37,38,39,0,0,0,-1,-1,-1,-1,-1,-1,-1,0,0,1,0,0,0,35651616,0,0,0,0,0,0,0,0,0,0,0,0
7248,34635785,1,0,0,0,0,0.2,20,5,10,1,4,-1,-1,-1,102,128,123,0,7,19.29,0,0,1,4,37,38,39,0,1.570796,0,-1,-1,-1,-1,-1,-1,-1,0,0,1,0,0,0,33554464,0,0,0,0,0,0,0,0,0,0,0,0
7266,33587214,21,0,0,0,0,7,19.29,0,0,1,4,37,38,-1,91,476,476,0,7,19.29,0,0,1,4,37,38,39,0,0,0,-1,-1,-1,-1,-1,-1,-1,0,0,1,0,0,0,33554436,0,0,0,0,0,0,0,0,0,0,0,0
7306,32777,21,0,0,0,0,7,19.29,0,0,1,4,37,38,-1,102,128,123,0,7,19.29,0,0,1,4,37,38,39,0,0,0,-1,-1,-1,108,-1,-1,-1,0,0,0,0,0,0,0,0,0,0,0,0,0,0,0,0,0,0,0
7326,1174437899,2,-1.1,0.8,0.5,0,7,19.29,0,0,1,4,37,38,-1,102,-1,-1,0,7,19.29,0,0,1,4,37,38,39,0,0,0,-1,-1,-1,-1,-1,-1,-1,0,0,1,0,0,0,18,0,0,0,0,0,0,0,0,0,0,0,0
7327,1174437903,2,-1,-0.75,0.5,0,7,19.29,0,0,1,4,37,38,-1,102,-1,-1,0,7,19.29,0,0,1,4,37,38,39,0,0,0,-1,-1,-1,-1,-1,-1,-1,0,0,1,0,0,0,18,0,0,0,0,0,0,0,0,0,0,0,0
7328,1174437903,2,-2,0.75,0.5,0,7,19.29,0,0,1,4,37,38,-1,102,-1,-1,0,7,19.29,0,0,1,4,37,38,39,0,0,0,-1,-1,-1,-1,-1,-1,-1,0,0,1,0,0,0,18,0,0,0,0,0,0,0,0,0,0,0,0
7329,1174437903,2,-2,-0.75,0.5,0,7,19.29,0,0,1,4,37,38,-1,102,-1,-1,0,7,19.29,0,0,1,4,37,38,39,0,0,0,-1,-1,-1,-1,-1,-1,-1,0,0,1,0,0,0,18,0,0,0,0,0,0,0,0,0,0,0,0
7430,33554433,13,0,0,0,0,7,19.29,0,0,1,4,37,38,-1,102,128,123,0,7,19.29,0,0,1,4,37,38,39,0,0,0,-1,-1,-1,-1,-1,-1,-1,0,0,1,0,0,0,33554432,0,0,0,0,0,0,0,0,0,0,0,0
7446,33587209,3,-0.4,0,0,0,15,19.29,0,0,0,1,37,38,-1,102,128,123,0,7,19.29,0,0,1,4,37,38,39,0,1.570796,0,-1,-1,-1,-1,-1,-1,-1,0,0,1,0,0,0,33554432,0,0,0,0,0,0,0,0,0,0,0,0
7467,33587215,10,0.15,0.25,0.05,0,7,19.29,0,0,1,4,37,38,-1,102,128,0,0,7,19.29,0,0,1,4,37,38,39,0.785398,-1.570796,0,-1,-1,-1,-1,-1,-1,-1,0,0,1,0,0,0,33554432,0,0,0,0,0,0,0,0,0,0,0,0
7468,33587215,10,0.15,-0.25,0.05,0,7,19.29,0,0,1,4,37,38,-1,102,128,0,0,7,19.29,0,0,1,4,37,38,39,-0.785398,-1.570796,1.570796,-1,-1,-1,-1,-1,-1,-1,0,0,1,0,0,0,33554432,0,0,0,0,0,0,0,0,0,0,0,0
7486,37748736,2,0,0,2.6,0,7,19.29,0,0,1,4,37,38,-1,-1,128,123,0,7,19.29,0,0,1,4,37,38,39,0,1.570796,0,-1,6,-1,-1,-1,-1,-1,0,0,1,0,0,0,33554432,0,0,0,0,0,0,0,0,0,0,0,0
7541,33587214,21,0,0,0,0,7,19.29,0,0,1,4,37,38,-1,91,476,476,0,7,19.29,0,0,1,4,37,38,39,0,0,0,-1,-1,-1,-1,-1,-1,-1,0,0,1,0,0,0,33554436,0,0,0,0,0,0,0,0,0,0,0,0
7542,33554433,13,0,0,0,0,7,19.29,0,0,1,4,37,38,-1,102,128,123,0,7,19.29,0,0,1,4,37,38,39,0,0,0,-1,-1,-1,-1,-1,-1,-1,0,0,1,0,0,0,33554432,0,0,0,0,0,0,0,0,0,0,0,0
7554,8227,13,-1,0,-3,0,20,0,0,0,1,10,131,132,131,132,131,132,0,7,19.29,0,0,1,4,37,38,39,0,0,0,50,-1,-1,125,-1,-1,26,0,0,1,0,0,0,33686274,1,1,0,0,0,0,3.3,1,0,0,0,0
7555,8227,13,1.4,0,-5,0,20,0,0,0,1,10,131,132,131,132,131,132,0,7,19.29,0,0,1,4,37,38,39,0,0,0,50,-1,-1,125,-1,-1,26,0,0,1,0,0,0,33686274,1,1,0,0,0,0,3.3,1,0,0,0,0
7642,1610647563,21,0,0,0,0,7,19.29,0,1,0,4,37,38,-1,91,128,123,0,8,19.29,0,0,5,8,37,38,39,0,0,0,-1,-1,-1,-1,-1,-1,-1,0,0,1,0,0,1,0,0,0,0,0,0,0,0,0,0,0,0,0
7657,1645250574,21,-0.35,0,-0.2,0,7,19.29,0,0,1,4,37,38,-1,102,128,123,0,7,19.29,0,0,1,4,37,38,39,0,0,0,-1,-1,-1,-1,-1,-1,-1,0,0,1,0,0,1,436207620,0,0,0,0,0,0,0,0,0,0,0,0
7666,1645250575,21,-0.3,0,-0.6,0,7,19.29,0,0,1,4,37,38,-1,102,128,123,0,7,19.29,0,0,1,4,37,38,39,0,0,0,-1,-1,-1,-1,-1,-1,-1,0,0,1,0,0,1,37748740,0,0,0,0,0,0,0,0,0,0,0,0
7673,16384,1,0,46,-2.5,0,7,19.29,0,0,1,4,37,38,-1,102,128,123,0,7,19.29,0,0,1,4,37,38,39,0,0,0,-1,-1,-1,-1,-1,-1,-1,0,0,1,0,0,0,33554432,0,0,0,0,0,0,0,0,0,0,0,0
7674,16384,1,0,-46,-2.5,0,7,19.29,0,0,1,4,37,38,-1,102,128,123,0,7,19.29,0,0,1,4,37,38,39,0,0,0,-1,-1,-1,-1,-1,-1,-1,0,0,1,0,0,0,33554432,0,0,0,0,0,0,0,0,0,0,0,0
7694,1107329032,2,0,0,0.7,0,7,19.29,0,0,1,4,37,38,-1,91,128,123,0,7,19.29,0,0,0,0,37,38,39,0,0,0,-1,-1,-1,-1,-1,-1,-1,0,0,0,0,0,0,0,0,0,0,0,0,0,0,0,0,0,0,0
7709,-502265338,2,0,0,0,0,7,19.29,0,0,1,4,37,38,-1,102,128,123,0,7,19.29,0,0,1,4,37,38,39,0,0,0,-1,-1,-1,-1,-1,-1,-1,0,0,1,0,0,0,33554432,0,0,0,0,0,0,0,0,0,0,0,0
7722,1644201995,21,-0.2,0,0,0,7,19.29,0,1,0,4,37,38,-1,91,128,123,0,8,19.29,0,0,5,8,37,38,39,0,0,0,-1,-1,-1,-1,-1,-1,-1,0,0,1,0,0,1,0,0,0,0,0,0,0,0,0,0,0,0,0
7723,16384,1,0,46,-2.5,0,7,19.29,0,0,1,4,37,38,-1,102,128,123,0,7,19.29,0,0,1,4,37,38,39,0,0,0,-1,-1,-1,-1,-1,-1,-1,0,0,1,0,0,0,33554432,0,0,0,0,0,0,0,0,0,0,0,0
7724,16384,1,0,-46,-2.5,0,7,19.29,0,0,1,4,37,38,-1,102,128,123,0,7,19.29,0,0,1,4,37,38,39,0,0,0,-1,-1,-1,-1,-1,-1,-1,0,0,1,0,0,0,33554432,0,0,0,0,0,0,0,0,0,0,0,0
7725,16384,1,46,0,-2.5,0,7,19.29,0,0,1,4,37,38,-1,102,128,123,0,7,19.29,0,0,1,4,37,38,39,0,0,0,-1,-1,-1,-1,-1,-1,-1,0,0,1,0,0,0,33554432,0,0,0,0,0,0,0,0,0,0,0,0
7726,16384,1,-46,0,-2.5,0,7,19.29,0,0,1,4,37,38,-1,102,128,123,0,7,19.29,0,0,1,4,37,38,39,0,0,0,-1,-1,-1,-1,-1,-1,-1,0,0,1,0,0,0,33554432,0,0,0,0,0,0,0,0,0,0,0,0
7727,1074799106,21,0,0,0,0,7,19.29,0,1,0,4,37,38,-1,91,128,123,0,8,19.29,0,0,5,8,37,38,39,0,0,0,-1,-1,-1,-1,-1,-1,-1,0,0,1,0,0,1,402689280,0,0,0,0,0,0,0,0,0,0,0,0
7739,1108379662,13,0,0,-0.5,0,7,19.29,0,0,1,4,37,38,-1,102,128,123,0,7,19.29,0,0,1,4,37,38,39,0,0,0,-1,-1,-1,-1,-1,-1,-1,0,0,1,0,0,1,33554436,0,0,0,0,0,0,0,0,0,0,0,0
7753,1645250575,21,-0.25,0,-0.2,0,7,19.29,0,0,1,4,37,38,-1,102,128,123,0,7,19.29,0,0,1,4,37,38,39,0,0,0,-1,-1,-1,-1,-1,-1,-1,0,0,1,0,0,1,436207620,0,0,0,0,0,0,0,0,0,0,0,0
7770,-632520693,13,0,0,0,0,10,19.29,0.75,1.5,1,3,37,38,-1,91,128,123,0,10,19.29,0.5,1,1,4,37,38,39,0,0,0,-1,226,107,158,1,1,1,0,0,1,0,0,0,1073741872,0,0,0,0,0,0,0,0,0,0,0,0
7910,1213259786,6,0,0,0,0,7,19.29,0,0,1,4,37,38,-1,474,128,123,0,7,19.29,1.2,1.2,6,6,40,40,39,0,0,0,34,112,1,111,-1,-1,-1,1,0,1,0,0,0,48890177,3,1,0,0,0,0,0,3,0,0,0,0
7911,1213259786,7,0,0,0,0,7,19.29,0,0,1,4,37,38,-1,474,128,123,0,7,19.29,1.2,1.2,6,6,40,40,39,0,0,0,34,112,1,111,-1,-1,-1,1,0,1,0,0,0,48890177,3,1,0,0,0,0,0,3,0,0,0,0
7936,138502167,5,0,0,0.1,0,8,19.29,0,0,1,4,37,132,-1,102,128,123,0,7,19.29,0,0,1,4,37,38,121,0,1.570796,0,-1,16,-1,-1,-1,-1,-1,1.5,0,1,0,0,0,35783010,0.75,0,0,0,0,0,0,15,0,0,0,0
8051,0,14,0,0,0,0,7,19.29,0,0,1,4,37,38,-1,102,128,123,0,7,19.29,0,0,1,4,37,38,39,0,0,0,-1,-1,-1,-1,-1,-1,-1,0,0,1,0,0,0,35717120,0,0,0,0,0,0,0,0,0,0,0,0
9073,0,14,0,0,0,0,7,19.29,0,0,1,4,37,38,-1,102,128,123,0,7,19.29,0,0,1,4,37,38,39,0,0,0,-1,-1,-1,-1,-1,-1,-1,0,0,1,0,0,0,35717120,0,0,0,0,0,0,0,0,0,0,0,0
9609,0,14,0,0,0,0,7,19.29,0,0,1,4,37,38,-1,102,128,123,0,7,19.29,0,0,1,4,37,38,39,0,0,0,-1,-1,-1,-1,-1,-1,-1,0,0,1,0,0,0,35717120,0,0,0,0,0,0,0,0,0,0,0,0
7970,33587215,13,0,0,0,0,7,19.29,0,0,1,4,37,38,-1,102,128,123,0,7,19.29,0,0,1,4,37,38,39,0,0,0,-1,-1,-1,-1,-1,-1,-1,0,0,1,0,0,0,33554432,0,0,0,0,0,0,0,0,0,0,0,0
8052,33587215,2,-15,0,1,0,7,19.29,0,0,1,4,37,38,-1,102,128,123,0,7,19.29,0,0,1,4,37,38,39,0,0,0,-1,-1,-1,-1,-1,-1,-1,0,0,1,0,0,0,33554432,0,0,0,0,0,0,0,0,0,0,0,0
8143,8198,5,1,0,0.5,1,7,19.29,0,0,1,4,37,38,474,474,474,474,0,7,19.29,0,0,1,4,37,38,39,0,-1.047198,3.141593,-1,-1,-1,-1,-1,-1,-1,0,0,1,0,0,0,34078977,0,0,0,0,0,0,0,1,0,0,0,0
9677,134242307,2,0,0,0,0,10,19.29,0.5,3,10,15,40,40,-1,0,126,126,0,7,19.29,1.2,1.2,10,10,40,40,39,0,0,0,19,-1,1,126,-1,-1,26,1,0,1,0,0,0,9061633,0.15,1,0,0,0,0,0,100,20,0,25,0
9678,134242307,2,0,0,0,0,10,19.29,0.5,2,10,15,40,40,-1,0,126,126,0,7,19.29,1.2,1.2,10,10,40,40,39,0,0,0,19,-1,1,126,-1,-1,26,1,0,1,0,0,0,9062145,0.15,1,0,0,0,0,0,100,20,0,25,0
9679,134242307,2,0,0,0,0,10,19.29,0.5,2,10,15,40,40,-1,0,126,126,0,7,19.29,1.2,1.2,10,10,40,40,39,0,0,0,19,-1,1,126,-1,-1,26,1,0,1,0,0,0,9062145,0.15,1,0,0,0,0,0,100,20,0,25,0
9680,134242307,2,0,0,0,0,10,19.29,0.5,2,10,15,40,40,-1,0,126,126,0,7,19.29,1.2,1.2,10,10,40,40,39,0,0,0,19,-1,1,126,-1,-1,26,1,0,1,0,0,0,9062145,0.15,1,0,0,0,0,0,100,20,0,25,0
9681,134242307,2,0,0,0,0,10,19.29,0.5,2,10,15,40,40,-1,0,126,126,0,7,19.29,1.2,1.2,10,10,40,40,39,0,0,0,19,-1,1,126,-1,-1,26,1,0,1,0,0,0,9062145,0.15,1,0,0,0,0,0,100,20,0,25,0
9682,134242307,2,0,0,0,0,10,19.29,0.5,2,10,15,40,40,-1,0,126,126,0,7,19.29,1.2,1.2,10,10,40,40,39,0,0,0,19,-1,1,126,-1,-1,26,1,0,1,0,0,0,9062145,0.15,1,0,0,0,0,0,100,20,0,25,0
9683,134242307,2,0,0,0,0,10,19.29,0.5,2,10,15,40,40,-1,0,126,126,0,7,19.29,1.2,1.2,10,10,40,40,39,0,0,0,19,-1,1,126,-1,-1,26,1,0,1,0,0,0,9062145,0.15,1,0,0,0,0,0,100,20,0,25,0
9684,134242307,2,0,0,0,0,10,19.29,0.5,2,10,15,40,40,-1,0,126,126,0,7,19.29,1.2,1.2,10,10,40,40,39,0,0,0,19,-1,1,126,-1,-1,26,1,0,1,0,0,0,9062145,0.15,1,0,0,0,0,0,100,20,0,25,0
7647,33718287,2,-1.5,0.0,3.0,0.0,7.0,19.290001,0.0,0.0,1.0,4.0,37,38,-1,38,-1,38,0.0,7.0,19.290001,0.0,0.0,1.0,4.0,37,38,39,0.0,1.570796,0.0,-1,-1,-1,-1,-1,-1,-1,0.0,0.0,1,0,0,0,34078721,0.0,0.0,0.0,0.0,0.0,0.0,0.0,0.0,0.0,0.0,0.0,0.0
7655,1074855959,5,-0.5,0.0,0.2,0.0,7.0,19.290001,0.0,0.0,1.0,4.0,37,38,-1,478,89,478,0.0,7.0,19.290001,0.0,0.0,1.0,3.0,37,38,39,0.0,0.0,0.0,-1,-1,-1,-1,-1,-1,-1,0.0,0.0,1,0,0,0,16,0.0,0.0,0.0,0.0,0.0,0.0,0.0,0.0,0.0,0.0,0.0,0.0
7656,33587215,21,0.0,0.0,0.0,0.0,7.0,19.290001,0.0,0.0,1.0,4.0,37,38,-1,91,128,123,0.0,7.0,19.290001,0.0,0.0,1.0,4.0,37,38,39,0.0,0.0,0.0,-1,-1,-1,-1,-1,-1,-1,0.0,0.0,1,0,0,0,0,0.0,0.0,0.0,0.0,0.0,0.0,0.0,0.0,0.0,0.0,0.0,0.0
7685,-535787505,2,-0.29,0.0,1.3,0.0,7.0,19.290001,0.0,0.0,1.0,2.0,37,38,37,120,112,111,0.0,7.0,19.290001,0.0,0.0,0.01,0.01,37,38,39,0.0,-0.349066,0.0,-1,-1,-1,-1,-1,-1,-1,0.0,0.0,1,17465,0,0,33566208,0.0,0.0,0.0,0.0,0.0,0.0,5.0,0.0,0.0,10.0,0.0,0.0
7686,-535787505,2,-0.03,0.0,2.7,0.0,7.0,19.290001,0.0,0.0,1.0,4.0,37,38,37,120,112,111,0.0,7.0,19.290001,0.0,0.0,0.2,0.5,37,38,39,0.0,-0.349066,0.0,-1,-1,-1,-1,-1,-1,-1,0.0,0.0,1,17465,0,0,33566208,0.0,0.0,0.0,0.0,0.0,0.0,13.0,0.0,0.0,10.0,0.0,0.0
7688,-535787505,2,0.08,0.0,3.9,0.0,7.0,19.290001,0.0,0.0,1.0,4.0,37,38,37,120,112,111,0.0,7.0,19.290001,0.0,0.0,0.2,0.5,37,38,39,0.0,-0.349066,0.0,-1,-1,-1,-1,-1,-1,-1,0.0,0.0,1,17465,0,0,33566208,0.0,0.0,0.0,0.0,0.0,0.0,18.5,0.0,0.0,10.0,0.0,0.0
7689,-535787505,2,0.3,0.0,4.9,0.0,7.0,19.290001,0.0,0.0,1.0,4.0,37,38,37,120,112,111,0.0,7.0,19.290001,0.0,0.0,0.05,0.1,37,38,39,0.0,-0.349066,0.0,-1,-1,-1,-1,-1,-1,-1,0.0,0.0,1,17465,0,0,33566208,0.0,0.0,0.0,0.0,0.0,0.0,24.0,0.0,0.0,10.0,0.0,0.0
7690,1073775625,2,0.5,0.0,6.5,0.0,7.0,19.290001,0.0,0.0,1.0,4.0,37,38,37,120,112,111,0.0,7.0,19.290001,0.0,0.0,0.05,0.1,37,38,39,0.0,-0.349066,0.0,-1,-1,-1,-1,-1,-1,-1,0.0,0.0,1,17465,0,0,33582594,0.0,0.0,0.0,0.0,0.0,0.0,30.0,0.0,0.0,10.0,5.0,0.0
7731,33587215,9,-1.0,-0.5,1.0,0.0,7.0,19.290001,0.0,0.0,1.0,4.0,37,38,-1,120,37,62,0.0,7.0,19.290001,0.0,0.0,1.0,4.0,37,38,39,0.0,0.0,0.0,-1,-1,-1,-1,-1,-1,-1,0.0,0.0,1,0,0,0,33554688,0.0,0.0,0.0,0.0,0.0,0.0,0.0,0.0,0.0,0.0,0.0,0.0
7735,33587215,9,-1.4,-0.5,1.0,0.0,7.0,19.290001,0.0,0.0,1.0,4.0,37,38,-1,120,37,62,0.0,7.0,19.290001,0.0,0.0,1.0,4.0,37,38,39,0.0,0.0,0.0,-1,-1,-1,-1,-1,-1,-1,0.0,0.0,1,0,0,0,33554688,0.0,0.0,0.0,0.0,0.0,0.0,0.0,0.0,0.0,0.0,0.0,0.0
7736,33587215,9,-0.6,-0.5,1.0,0.0,7.0,19.290001,0.0,0.0,1.0,4.0,37,38,-1,120,37,62,0.0,7.0,19.290001,0.0,0.0,1.0,4.0,37,38,39,0.0,0.0,0.0,-1,-1,-1,-1,-1,-1,-1,0.0,0.0,1,0,0,0,33554688,0.0,0.0,0.0,0.0,0.0,0.0,0.0,0.0,0.0,0.0,0.0,0.0
7737,33587215,9,-1.0,-0.7,0.5,0.0,7.0,19.290001,0.0,0.0,1.0,4.0,37,38,-1,120,37,62,0.0,7.0,19.290001,0.0,0.0,1.0,4.0,37,38,39,0.0,0.0,0.0,-1,-1,-1,-1,-1,-1,-1,0.0,0.0,1,0,0,0,33554688,0.0,0.0,0.0,0.0,0.0,0.0,0.0,0.0,0.0,0.0,0.0,0.0
7738,33587215,9,-1.6,-0.7,0.5,0.0,7.0,19.290001,0.0,0.0,1.0,4.0,37,38,-1,120,37,62,0.0,7.0,19.290001,0.0,0.0,1.0,4.0,37,38,39,0.0,0.0,0.0,-1,-1,-1,-1,-1,-1,-1,0.0,0.0,1,0,0,0,33554688,0.0,0.0,0.0,0.0,0.0,0.0,0.0,0.0,0.0,0.0,0.0,0.0
7746,33587211,21,0.0,0.0,0.0,0.0,7.0,19.290001,0.0,0.0,1.0,4.0,37,38,-1,91,128,123,0.0,7.0,19.290001,0.0,0.0,1.0,4.0,135,135,135,0.0,0.0,0.0,-1,-1,-1,-1,-1,-1,-1,0.0,0.0,1,0,0,0,0,0.0,0.0,0.0,0.0,0.0,0.0,0.0,0.0,0.0,0.0,0.0,0.0
7747,1107462413,5,0.0,0.0,0.0,0.0,20.0,10.0,0.0,0.0,1.0,4.0,17,38,-1,102,0,54,1.2,30.0,19.290001,0.0,0.0,0.0,0.0,-1,41,-1,0.0,0.698132,0.0,16,-1,-1,238,-1,-1,-1,0.0,0.0,1,0,0,0,33959104,2.0,2.0,2.0,2.0,0.0,0.0,-5.0,1.0,0.0,200.0,0.0,0.0
7760,1074855959,5,-0.5,0.0,0.2,0.0,7.0,19.290001,0.0,0.0,1.0,4.0,37,38,-1,478,89,478,0.0,7.0,19.290001,0.0,0.0,1.0,3.0,37,38,39,0.0,0.0,0.0,-1,-1,-1,-1,-1,-1,-1,0.0,0.0,1,0,0,0,16,0.0,0.0,0.0,0.0,0.0,0.0,0.0,0.0,0.0,0.0,0.0,0.0
8112,33587215,21,0.0,0.0,0.0,0.0,7.0,19.290001,0.0,0.0,1.0,4.0,37,38,91,91,91,91,0.0,7.0,19.290001,0.0,0.0,1.0,4.0,37,38,39,0.0,0.0,0.0,-1,-1,-1,-1,-1,-1,-1,0.0,0.0,1,0,0,0,33554432,0.0,0.0,0.0,0.0,0.0,0.0,0.0,0.0,0.0,0.0,0.0,0.0
8149,33587215,2,0.0,0.0,0.0,0.0,7.0,19.290001,0.0,0.0,1.0,4.0,37,38,-1,102,128,123,0.0,7.0,19.290001,0.0,0.0,1.0,4.0,37,38,39,0.0,2.617994,0.0,-1,-1,-1,-1,-1,-1,-1,0.0,0.0,1,0,0,0,33554432,0.0,0.0,0.0,0.0,0.0,0.0,0.0,0.0,0.0,0.0,0.0,0.0
8327,1661995019,13,0.0,0.0,-0.5,0.0,7.0,19.290001,0.5,0.0,1.0,4.0,37,38,-1,102,-1,-1,0.0,7.0,19.290001,0.7,0.0,1.0,4.0,37,38,39,0.0,0.0,0.0,-1,-1,-1,-1,-1,-1,-1,0.0,0.0,1,13836,13834,1,402653184,0.0,0.0,0.0,0.0,0.0,0.0,0.0,0.0,0.0,8.0,0.0,0.0
8373,34635784,5,0.15,0.0,-0.2,0.0,7.0,19.290001,0.0,0.0,1.0,4.0,37,38,-1,-1,-1,-1,0.0,7.0,19.290001,0.0,0.0,1.0,4.0,37,38,39,0.0,0.0,0.0,19,-1,-1,-1,-1,-1,-1,0.0,0.0,1,0,0,0,33554432,0.0,0.0,0.0,0.0,0.0,0.0,0.0,0.0,0.0,0.0,0.0,0.0
8428,1081385,9,0.0,0.0,0.25,0.0,14.0,19.290001,0.2,0.2,0.01,0.01,40,40,-1,-1,-1,-1,0.0,7.0,19.290001,0.0,0.0,1.0,4.0,37,38,39,0.0,1.570796,0.0,34,-1,-1,-1,-1,-1,-1,0.0,0.0,1,0,0,0,33554688,0.0,0.0,0.0,0.0,0.0,0.0,-0.7,0.0,0.0,0.0,0.0,0.0
8481,-2113866741,1,2.5,0.9,-2.0,0.0,12.0,19.290001,0.0,0.0,1.0,4.0,37,38,-1,25,128,123,0.0,12.0,19.290001,0.0,0.0,1.0,4.0,37,38,39,0.0,0.0,0.0,-1,-1,-1,-1,-1,-1,-1,0.0,0.0,1,0,0,0,33554450,0.0,0.0,0.0,0.0,0.0,0.0,0.0,0.0,0.0,0.0,0.0,0.0
8482,302809097,4,0.0,0.0,0.0,0.0,7.0,19.290001,0.0,0.0,1.0,4.0,37,38,-1,102,128,123,0.0,7.0,19.290001,0.0,0.0,1.0,4.0,37,38,39,0.0,0.0,0.0,-1,-1,107,-1,-1,26,-1,0.0,0.5,1,0,0,0,33554432,0.0,0.0,0.0,0.0,0.0,0.0,0.0,0.0,0.0,0.0,0.0,0.0
8491,-2113866741,1,0.0,0.0,-0.35,0.0,12.0,19.290001,0.0,0.0,1.0,4.0,37,38,-1,25,128,123,0.0,12.0,19.290001,0.0,0.0,1.0,4.0,37,38,39,0.0,0.0,0.0,-1,-1,-1,-1,-1,-1,-1,0.0,0.0,1,0,0,0,33554450,0.0,0.0,0.0,0.0,0.0,0.0,0.0,0.0,0.0,0.0,0.0,0.0
8492,-2113866741,1,-2.0,-2.0,-1.9,0.0,12.0,19.290001,0.0,0.0,1.0,4.0,37,38,-1,25,128,123,0.0,12.0,19.290001,0.0,0.0,1.0,4.0,37,38,39,0.0,0.0,0.0,-1,-1,-1,-1,-1,-1,-1,0.0,0.0,1,0,0,0,33554706,0.0,0.0,0.0,0.0,0.0,0.0,0.0,0.0,0.0,0.0,0.0,0.0
8925,1048576,2,0.0,0.0,0.0,0.0,7.0,19.290001,0.0,0.0,1.0,4.0,37,38,-1,102,128,123,0.0,7.0,19.290001,0.0,0.0,1.0,4.0,37,38,39,0.0,0.0,0.0,19,-1,-1,-1,-1,-1,-1,0.0,0.0,1,0,0,0,33554432,0.0,0.0,0.0,0.0,0.0,0.0,0.0,0.0,0.0,0.0,0.0,0.0
8926,1048576,2,0.0,0.0,0.0,0.0,7.0,19.290001,0.0,0.0,1.0,4.0,37,38,-1,102,128,123,0.0,7.0,19.290001,0.0,0.0,1.0,4.0,37,38,39,0.0,0.0,0.0,19,-1,-1,-1,-1,-1,-1,0.0,0.0,1,0,0,0,33554432,0.0,0.0,0.0,0.0,0.0,0.0,0.0,0.0,0.0,0.0,0.0,0.0
8927,1048576,2,0.0,0.0,0.0,0.0,7.0,19.290001,0.0,0.0,1.0,4.0,37,38,-1,102,128,123,0.0,7.0,19.290001,0.0,0.0,1.0,4.0,37,38,39,0.0,0.0,0.0,19,-1,-1,-1,-1,-1,-1,0.0,0.0,1,0,0,0,33554432,0.0,0.0,0.0,0.0,0.0,0.0,0.0,0.0,0.0,0.0,0.0,0.0
8976,-1040138229,21,0.0,0.0,0.0,0.0,7.0,19.290001,0.0,0.0,1.0,4.0,37,38,-1,91,91,91,0.0,7.0,19.290001,0.0,0.0,1.0,4.0,37,38,39,0.0,0.0,0.0,-1,-1,-1,-1,-1,-1,-1,0.0,0.0,1,0,0,0,33554432,0.0,0.0,0.0,0.0,0.0,0.0,0.0,0.0,0.0,0.0,0.0,0.0
9337,33587215,5,-0.1,0.0,0.1,0.0,7.0,19.290001,0.0,0.0,1.0,4.0,37,38,227,227,227,227,0.0,7.0,19.290001,0.0,0.0,1.0,4.0,37,38,39,0.0,-1.22173,0.0,-1,-1,-1,-1,-1,-1,-1,0.0,0.0,1,0,0,0,33554432,0.0,0.0,0.0,0.0,0.0,0.0,0.0,0.0,0.0,0.0,0.0,0.0
9670,1081385,9,0.5,0.1,0.25,0.0,14.0,19.290001,0.2,0.2,0.01,0.01,40,40,-1,-1,-1,-1,0.0,7.0,19.290001,0.0,0.0,1.0,4.0,37,38,39,0.0,1.570796,0.0,34,-1,-1,-1,-1,-1,-1,0.0,0.0,1,0,0,0,33554688,0.0,0.0,0.0,0.0,0.0,0.0,-0.7,0.0,0.0,0.0,0.0,0.0
9671,1081385,9,-0.5,0.15,0.15,0.0,14.0,19.290001,0.2,0.2,0.01,0.01,40,40,-1,-1,-1,-1,0.0,7.0,19.290001,0.0,0.0,1.0,4.0,37,38,39,0.0,1.570796,0.0,34,-1,-1,-1,-1,-1,-1,0.0,0.0,1,0,0,0,33554688,0.0,0.0,0.0,0.0,0.0,0.0,-0.7,0.0,0.0,0.0,0.0,0.0
9672,1081385,9,-0.5,0.2,0.25,0.0,14.0,19.290001,0.2,0.2,0.01,0.01,40,40,-1,-1,-1,-1,0.0,7.0,19.290001,0.0,0.0,1.0,4.0,37,38,39,0.0,1.570796,0.0,34,-1,-1,-1,-1,-1,-1,0.0,0.0,1,0,0,0,33554688,0.0,0.0,0.0,0.0,0.0,0.0,-0.7,0.0,0.0,0.0,0.0,0.0
9673,1081385,9,0.3,-0.2,0.35,0.0,14.0,19.290001,0.2,0.2,0.01,0.01,40,40,-1,-1,-1,-1,0.0,7.0,19.290001,0.0,0.0,1.0,4.0,37,38,39,0.0,1.570796,0.0,34,-1,-1,-1,-1,-1,-1,0.0,0.0,1,0,0,0,33554688,0.0,0.0,0.0,0.0,0.0,0.0,-0.7,0.0,0.0,0.0,0.0,0.0
9674,1081385,9,-0.1,-0.1,0.45,0.0,14.0,19.290001,0.2,0.2,0.01,0.01,40,40,-1,-1,-1,-1,0.0,7.0,19.290001,0.0,0.0,1.0,4.0,37,38,39,0.0,1.570796,0.0,34,-1,-1,-1,-1,-1,-1,0.0,0.0,1,0,0,0,33554688,0.0,0.0,0.0,0.0,0.0,0.0,-0.7,0.0,0.0,0.0,0.0,0.0
9675,1081385,9,-0.1,0.2,-0.05,0.0,14.0,19.290001,0.2,0.2,0.01,0.01,40,40,-1,-1,-1,-1,0.0,7.0,19.290001,0.0,0.0,1.0,4.0,37,38,39,0.0,1.570796,0.0,34,-1,-1,-1,-1,-1,-1,0.0,0.0,1,0,0,0,33554688,0.0,0.0,0.0,0.0,0.0,0.0,-0.7,0.0,0.0,0.0,0.0,0.0
9676,1081385,9,0.7,-0.2,0.15,0.0,14.0,19.290001,0.2,0.2,0.01,0.01,40,40,-1,-1,-1,-1,0.0,7.0,19.290001,0.0,0.0,1.0,4.0,37,38,39,0.0,1.570796,0.0,34,-1,-1,-1,-1,-1,-1,0.0,0.0,1,0,0,0,33554688,0.0,0.0,0.0,0.0,0.0,0.0,-0.7,0.0,0.0,0.0,0.0,0.0
7643,-502233073,21,0,0,0,0,7,19.290001,0,0,1,4,37,38,-1,478,89,478,0,7,19.290001,0,0,1,3,37,38,39,0,0,0,-1,-1,-1,-1,-1,-1,-1,0,0,1,0,0,0,11280,0,0,0,0,0,0,0,0,0,20,0,0
7897,1074823177,2,0,0,0,0,7,19.290001,0,1,0,4,37,38,-1,-1,-1,-1,0,7,19.290001,0,1,0,4,37,38,39,0,0,0,-1,-1,-1,-1,-1,-1,-1,0,0,1,0,0,0,-2147472384,0,0,0,0,0,0,0,0,0,10,0,0
7898,33587209,2,5,0,-7.5,0,7,19.290001,0,0,1,4,37,38,-1,-1,-1,-1,0,7,19.290001,0,0,1,4,37,38,39,0,0,0,-1,-1,-1,-1,-1,-1,-1,0,0,1,0,0,0,33554432,0,0,0,0,0,0,0,0,0,0,0,0
9840,33587209,14,0,0,0,0,7,19.290001,0,0,1,4,37,38,-1,102,128,123,0,7,19.290001,0,0,1,4,37,38,39,0,0,0,-1,-1,-1,-1,-1,-1,-1,0,0,1,0,0,0,33554432,0,0,0,0,0,0,0,0,0,0,0,0
9859,33587209,15,0,0,0,0,7,19.290001,0,0,1,4,37,38,-1,102,128,123,0,7,19.290001,0,0,1,4,37,38,39,0,0,0,-1,-1,-1,-1,-1,-1,-1,0,0,1,0,0,0,33554432,0,0,0,0,0,0,0,0,0,0,0,0
9280,1108380174,13,0,0,0,0,7,19.290001,0,0,1,4,37,38,-1,102,128,123,0,7,19.290001,0,0,1,4,37,38,39,0,0,0,-1,-1,-1,-1,-1,-1,-1,0,0,1,0,0,0,-2113918976,0,0,0,0,0,0,0,0,0,50,0,0
9854,1645283863,9,0,0,0,0,0.2,0,4.6,4.6,0,0,193,193,-1,102,128,123,0,7,19.290001,0,0,1,4,37,38,39,0,0,0,-1,-1,-1,-1,-1,-1,-1,0,0,1,0,0,0,33554432,0,0,0,0,0,0,2.2,0,0,0,0,0
9935,1073775631,14,0,0,0,0,15,0,0,0,1,4,37,125,-1,103,-1,125,0,7,19.290001,0,0,1,4,37,38,39,0,0,0.349066,-1,-1,-1,-1,-1,-1,-1,0,0,1,0,0,0,-2113929216,0,0,0,0,0,0,0,0,0,0,0,0
9954,1073775657,14,0,0,0,0,15,0,0,0,1,4,37,38,-1,-1,-1,-1,0,7,19.290001,0,0,1,4,37,38,39,0,0,0.349066,-1,-1,-1,-1,-1,-1,-1,0,0,1,0,0,0,-2113929216,0,0,0,0,0,0,0,0,0,0,0,0
10135,1073775657,14,0,0,0,0,15,0,0,0,1,4,37,38,-1,-1,-1,-1,0,7,19.290001,0,0,1,4,37,38,39,0,0,0.349066,-1,-1,-1,-1,-1,-1,-1,0,0,1,0,0,0,-2113929216,0,0,0,0,0,0,0,0,0,0,0,0
2883,1779476655,10,0.200000003,0,0.600000024,0,20,19.2900009,0,0,1,4,37,38,96,97,96,97,0,20,19.2900009,0,0,1,4,37,38,39,0,0,0,4294967295,216,4294967295,4294967295,4294967295,4294967295,4294967295,3,0,1,13837,13835,0,27648,0,0,0,0,0,0,0,0,0,25,15,0
2983,1098793,3,10,0,0,0,7,19.2900009,0,0,1,4,37,38,4294967295,102,128,123,0,7,19.2900009,0,0,1,4,37,38,39,0,0,0,4294967295,4294967295,4294967295,4294967295,4294967295,4294967295,4294967295,0,0,1,0,0,0,0,0,0,0,0,0,0,0,0,0,0,0,0
2984,1098793,3,-10,0,0,0,7,19.2900009,0,0,1,4,37,38,4294967295,102,128,123,0,7,19.2900009,0,0,1,4,37,38,39,0,0,0,4294967295,4294967295,4294967295,4294967295,4294967295,4294967295,4294967295,0,0,1,0,0,0,0,0,0,0,0,0,0,0,0,0,0,0,0
2985,1098793,3,0,10,0,0,7,19.2900009,0,0,1,4,37,38,4294967295,102,128,123,0,7,19.2900009,0,0,1,4,37,38,39,0,0,0,4294967295,4294967295,4294967295,4294967295,4294967295,4294967295,4294967295,0,0,1,0,0,0,0,0,0,0,0,0,0,0,0,0,0,0,0
2986,1098793,3,0,-10,0,0,7,19.2900009,0,0,1,4,37,38,4294967295,102,128,123,0,7,19.2900009,0,0,1,4,37,38,39,0,0,0,4294967295,4294967295,4294967295,4294967295,4294967295,4294967295,4294967295,0,0,1,0,0,0,0,0,0,0,0,0,0,0,0,0,0,0,0
2987,1098793,3,5,5,0,0,7,19.2900009,0,0,1,4,37,38,4294967295,102,128,123,0,7,19.2900009,0,0,1,4,37,38,39,0,0,0,4294967295,4294967295,4294967295,4294967295,4294967295,4294967295,4294967295,0,0,1,0,0,0,0,0,0,0,0,0,0,0,0,0,0,0,0
3426,1081483,13,0,0,0,0,7,19.2900009,0,0,1,4,37,38,4294967295,97,128,123,0,7,19.2900009,2,3,5,8,37,38,39,0,0,0,4294967295,4294967295,4294967295,4294967295,4294967295,4294967295,4294967295,0,0,1,0,0,0,0,0,0,0,0,0,0,0,0,0,0,0,0
3489,1081483,14,0,0,0,0,7,19.2900009,0,0,1,4,37,38,4294967295,97,128,123,0,7,19.2900009,2,3,5,8,37,38,39,0,0,0,4294967295,4294967295,4294967295,4294967295,4294967295,4294967295,4294967295,0,0,1,0,0,0,0,0,0,0,0,0,0,0,0,0,0,0,0
3490,1081483,15,0,0,0,0,7,19.2900009,0,0,1,4,37,38,4294967295,97,128,123,0,7,19.2900009,2,3,5,8,37,38,39,0,0,0,4294967295,4294967295,4294967295,4294967295,4294967295,4294967295,4294967295,0,0,1,0,0,0,0,0,0,0,0,0,0,0,0,0,0,0,0
3491,1081483,16,0,0,0,0,7,19.2900009,0,0,1,4,37,38,4294967295,97,128,123,0,7,19.2900009,2,3,5,8,37,38,39,0,0,0,4294967295,4294967295,4294967295,4294967295,4294967295,4294967295,4294967295,0,0,1,0,0,0,0,0,0,0,0,0,0,0,0,0,0,0,0
3687,1645251081,21,0,0,0,0,7,19.2900009,0,0,1,4,37,38,4294967295,102,128,123,0,7,19.2900009,0,0,1,4,37,38,39,0,0,0,4294967295,4294967295,4294967295,4294967295,4294967295,4294967295,4294967295,0,0,1,13836,13834,1,3088,0,0,0,0,0,0,2.25,0,0,10,0,0
3689,33587215,13,0,0,0,0,7,19.2900009,0,0,1,4,37,38,4294967295,102,4294967295,4294967295,0,7,19.2900009,0,0,1,4,37,38,39,0,0,0,4294967295,4294967295,4294967295,4294967295,4294967295,4294967295,4294967295,0,0,1,0,0,0,0,0,0,0,0,0,0,0,0,0,0,0,0
3946,1644201997,13,0,0,0,0,7,19.2900009,0,0,1,4,37,38,4294967295,102,4294967295,484,0,7,19.2900009,0,0,1,4,37,38,39,0,0,0,4294967295,4294967295,4294967295,4294967295,4294967295,4294967295,4294967295,0,0,1,13836,13834,1,19456,0,0,0,0,0,0,0,0,0,7,7,0
3988,1048715,21,0,0,0,0,7,19.2900009,0,0,1,4,37,38,4294967295,91,4294967295,4294967295,0,3.5,19.2900009,0,0,0,4,37,38,39,0,0,0,4294967295,4294967295,4294967295,4294967295,4294967295,4294967295,4294967295,0,0,1,0,0,0,18,0,0,0,0,0,0,0,0,0,0,0,0
4046,1645218310,13,0,0,0,0,7,19.2900009,0,0,1,4,37,38,4294967295,102,128,123,0,7,19.2900009,0,0,1,4,37,38,39,0,0,0,4294967295,4294967295,4294967295,4294967295,4294967295,4294967295,4294967295,0,0,1,0,0,1,0,0,0,0,0,0,0,0,0,0,0,0,0
4106,33587215,21,0,0,0,0,7,19.2900009,0,0,1,4,37,38,4294967295,91,128,123,0,7,19.2900009,0,0,1,4,37,38,39,0,0,0,4294967295,4294967295,4294967295,4294967295,4294967295,4294967295,4294967295,0,0,1,0,0,0,0,0,0,0,0,0,0,0,0,0,0,0,0
4287,139419666,13,-0.300000012,-0.200000003,0.800000012,0,7,19.2900009,0,0,1,4,37,38,4294967295,474,128,123,0,7,19.2900009,1.20000005,1.20000005,6,6,40,40,39,0,-1.57079601,0,34,112,107,111,4294967295,4294967295,4294967295,1,0,1,0,0,0,9309633,0,1,1,1,0,0,0,4,0,15,0,0
5946,3254847503,5,-0.200000003,0,0.0700000003,0,2,19.2900009,0.5,1,0.100000001,1.5,37,38,4294967295,91,128,91,0,7,19.2900009,0,0,1,4,37,38,39,0,0,0,4294967295,4294967295,4294967295,4294967295,4294967295,4294967295,4294967295,0,0,1,0,0,0,33561616,0,0,0,0,0,0,0,0,0,3,0,0
6106,33587215,2,4.5,0,5.5,0,5,19.2900009,0,3,2,5,37,38,4294967295,26,4294967295,4294967295,0,5,19.2900009,0,0,1,4,37,38,39,0,0,0,4294967295,4294967295,4294967295,4294967295,4294967295,4294967295,4294967295,0,0,1,0,0,0,33554432,0,0,0,0,0,0,0,0,0,0,0,0
6292,1048715,21,0,0,0,0,7,19.2900009,0,0,1,4,37,38,4294967295,91,4294967295,4294967295,0,3.5,19.2900009,0,0,0,4,37,38,39,0,0,0,4294967295,4294967295,4294967295,4294967295,4294967295,4294967295,4294967295,0,0,1,0,0,0,18,0,0,0,0,0,0,0,0,0,0,0,0
6346,33587215,2,2.4000001,0,0,0,7,19.2900009,0,0,1,4,37,38,4294967295,102,125,125,0,7,19.2900009,0,0,3,4,37,38,39,0,-0.785398006,0,4294967295,4294967295,4294967295,4294967295,4294967295,4294967295,4294967295,0,0,1,0,0,0,33565952,0,0,0,0,-8,-10,2,0,0,15,0,0
6349,33587215,2,-4,0,-5,0,7,19.2900009,0,0,1,4,37,38,4294967295,102,125,125,0,7,19.2900009,0,0,2,4,37,38,39,0,-0.785398006,0,4294967295,4294967295,4294967295,4294967295,4294967295,4294967295,4294967295,0,0,1,0,0,0,34090241,0,0,0,0,-8,-10,5,0,0,15,0,0
6386,33587215,10,0,0,0,0,7,19.2900009,0,0,1,4,37,38,4294967295,102,128,123,0,7,19.2900009,0,0,1,4,37,38,39,0,0,-4.71238899,4294967295,4294967295,4294967295,4294967295,4294967295,4294967295,4294967295,0,0,1,0,0,0,33554432,0,0,0,0,0,0,0,0,0,0,0,0
6388,1644169222,2,-1.5,0,0,0,7,19.2900009,0,0,1,4,37,38,114,115,114,115,0,7,19.2900009,0,0,1,4,37,38,39,0,0,0,19,4294967295,4294967295,4294967295,4294967295,4294967295,4294967295,0,0,1,0,0,1,34080768,0,0,0,0,1,0,5,0,0,0,0,0
6391,33587215,10,-0.5,0,-1,0,7,19.2900009,0,0,1,4,37,38,4294967295,193,128,478,0,7,19.2900009,0,0,1,4,37,38,39,3.14159298,0,0,4294967295,4294967295,4294967295,4294967295,4294967295,4294967295,4294967295,0,0,1,0,0,0,33565696,0,0,0,0,0,0,0,0,0,15,0,0
6426,1048576,10,0.200000003,0,-0.800000012,0,7,19.2900009,0,0,1,4,37,38,4294967295,102,128,123,0,7,19.2900009,0,0,1,4,37,38,39,0,0,0,4294967295,4294967295,4294967295,4294967295,4294967295,4294967295,4294967295,0,0,1,0,0,0,0,0,0,0,0,0,0,0,0,0,0,0,0
6528,34635791,21,0,0,0,0,7,19.2900009,0,0,1,4,37,38,4294967295,91,128,91,0,7,19.2900009,0,0,1,4,37,38,39,0,0,0,4294967295,4294967295,4294967295,4294967295,4294967295,4294967295,4294967295,0,0,1,0,0,0,33554432,0,0,0,0,0,0,0,0,0,0,0,0
6746,138477590,14,0,0,0,0,7,19.2900009,0,0,1,4,4294967295,4294967295,131,132,131,132,0,7,19.2900009,0,0,1,4,37,38,39,0,0,0,16,455,4294967295,4294967295,26,4294967295,4294967295,0.5,0,1,0,0,0,34078977,0,0,0,0,0,0,0,0,0,0,0,0
6786,33587215,13,-0.5,-0.100000001,-0.699999988,0,7,19.2900009,0,0,1,4,37,38,4294967295,102,484,484,0,7,19.2900009,0,0,1,4,37,38,39,0,0.523599029,0,4294967295,4294967295,4294967295,4294967295,4294967295,4294967295,4294967295,0,0,1,0,0,0,33554432,0,0,0,0,0,0,0,0,0,0,0,0
6787,33619991,14,0.200000003,0,-0.200000003,0,7,19.2900009,0,0,1,4,37,38,4294967295,102,102,102,0,7,19.2900009,0,0,1,4,37,38,39,0,0,0,4294967295,4294967295,4294967295,4294967295,4294967295,4294967295,4294967295,0,0,1,0,0,0,34078977,0,0,0,0,0,0,0,0,0,0,0,0
7026,34766863,14,2.75,2.5,0.75,0,7,19.2900009,0,0,1,4,37,38,6,6,6,6,0,7,19.2900009,0,0,1,4,37,38,39,0,1.57079601,-0.959931016,16,4294967295,4294967295,456,4294967295,4294967295,4294967295,0,0,1,0,0,0,33554432,0,0,0,0,0,0,0,0,0,0,0,0
7683,1073774603,21,0,0,0,0,7,19.2900009,0,0,1,4,37,38,4294967295,91,128,123,0,7,19.2900009,0,0,1,4,37,38,39,0,0,0,4294967295,4294967295,4294967295,4294967295,4294967295,4294967295,4294967295,0,0,1,0,0,0,33554432,0,0,0,0,0,0,0,0,0,0,0,0
7791,1048576,15,3.5,0,0,0,7,19.2900009,0,0,1,4,37,38,4294967295,4294967295,4294967295,4294967295,0,7,19.2900009,0,0,1,4,37,38,39,0,0,0,4294967295,4294967295,4294967295,4294967295,4294967295,4294967295,4294967295,0,0,1,0,0,0,33619968,0,0,0,0,0,0,0,0,0,0,0,0
7793,1048576,16,0,0,0,0,7,19.2900009,0,0,1,4,37,38,4294967295,102,128,123,0,7,19.2900009,0,0,1,4,37,38,39,0,0,0,4294967295,4294967295,4294967295,4294967295,4294967295,4294967295,4294967295,0,0,1,0,0,0,100728836,0,0,0,0,0,0,0,0,0,0,0,0
7794,1644201995,20,-1.5,0,4.8499999,0,7,19.2900009,0,0,1,4,37,38,4294967295,484,128,123,0,15,19.2900009,1,1,8,10,37,38,39,0,0,0,4294967295,4294967295,4294967295,4294967295,4294967295,4294967295,4294967295,0,0,1,0,0,0,33554434,0,0,0,0,0,0,0,0,0,0,0,0
7801,32782,13,0,0,0,0,7,19.2900009,0,0,1,4,37,38,4294967295,225,4294967295,225,0,7,19.2900009,0,0,1,4,37,38,39,0,0,0,4294967295,4294967295,4294967295,36,4294967295,4294967295,4294967295,0,0,1,0,0,0,33554432,0,0,0,0,0,0,0,0,0,0,0,0
7802,32782,19,0,0,0,0,7,19.2900009,0,0,1,4,37,38,4294967295,225,4294967295,225,0,7,19.2900009,0,0,1,4,37,38,39,0,0,0,4294967295,4294967295,4294967295,4294967295,4294967295,4294967295,4294967295,0,0,1,0,0,0,33554432,0,0,0,0,0,0,0,0,0,0,0,0
7803,1048582,19,1,0,0.100000001,0,7,19.2900009,0,0,1,4,37,38,4294967295,6,4294967295,6,0,7,19.2900009,0,0,1,4,37,38,39,0,0,0,4294967295,4294967295,4294967295,4294967295,4294967295,4294967295,4294967295,0,0,1,0,0,0,33554432,0,0,0,0,0,0,0,0,0,0,0,0
7804,1048582,19,1.60000002,-1.29999995,0,0,7,19.2900009,0,0,1,4,37,38,4294967295,6,4294967295,6,0,7,19.2900009,0,0,1,4,37,38,39,0,0,0,4294967295,4294967295,4294967295,4294967295,4294967295,4294967295,4294967295,0,0,1,0,0,0,33554432,0,0,0,0,0,0,0,0,0,0,0,0
7805,1048582,19,1.29999995,-2.29999995,0,0,7,19.2900009,0,0,1,4,37,38,4294967295,6,4294967295,6,0,7,19.2900009,0,0,1,4,37,38,39,0,0,0,4294967295,4294967295,4294967295,4294967295,4294967295,4294967295,4294967295,0,0,1,0,0,0,33554432,0,0,0,0,0,0,0,0,0,0,0,0
7806,1048582,19,2.0999999,-2,0.100000001,0,7,19.2900009,0,0,1,4,37,38,4294967295,6,4294967295,6,0,7,19.2900009,0,0,1,4,37,38,39,0,0,0,4294967295,4294967295,4294967295,4294967295,4294967295,4294967295,4294967295,0,0,1,0,0,0,33554432,0,0,0,0,0,0,0,0,0,0,0,0
7807,1048582,19,2.25,0,0.100000001,0,7,19.2900009,0,0,1,4,37,38,4294967295,6,4294967295,6,0,7,19.2900009,0,0,1,4,37,38,39,0,0,0,4294967295,4294967295,4294967295,4294967295,4294967295,4294967295,4294967295,0,0,1,0,0,0,33554432,0,0,0,0,0,0,0,0,0,0,0,0
7924,33587211,21,-0.100000001,0,-0.649999976,0,7,19.2900009,0,0,1,4,37,38,4294967295,102,128,123,0,7,19.2900009,0,0,1,4,37,38,39,0,0,0,4294967295,4294967295,4294967295,4294967295,4294967295,4294967295,4294967295,0,0,1,0,0,0,33554432,0,0,0,0,0,0,0,0,0,0,0,0
7925,33554432,15,3,0,0,0,7,19.2900009,0,0,1,4,37,38,4294967295,102,128,123,0,7,19.2900009,0,0,1,4,37,38,39,0,0,0,4294967295,4294967295,4294967295,4294967295,4294967295,4294967295,4294967295,0,0,1,0,0,0,35651584,0,0,0,0,0,0,0,0,0,0,0,0
8195,33587209,17,0,0,0,0,7,19.2900009,0,0,1,4,37,38,4294967295,102,128,123,0,7,19.2900009,0,0,1,4,37,38,39,0,0,0,4294967295,4294967295,4294967295,4294967295,4294967295,4294967295,4294967295,0,0,1,0,0,0,102825984,0,0,0,0,0,0,0,0,0,0,0,0
8196,33587209,18,0,0,0,0,7,19.2900009,0,0,1,4,37,38,4294967295,102,128,123,0,7,19.2900009,0,0,1,4,37,38,39,0,0,0,4294967295,4294967295,4294967295,4294967295,4294967295,4294967295,4294967295,0,0,1,0,0,0,102825984,0,0,0,0,0,0,0,0,0,0,0,0
8197,33587215,2,0,0,0,0,7,19.2900009,0,0,1,4,37,38,4294967295,102,128,123,0,7,19.2900009,0,0,1,4,37,38,39,0,0,0,4294967295,4294967295,4294967295,4294967295,4294967295,4294967295,4294967295,0,0,1,0,0,0,104923136,0,0,0,0,0,0,0,0,0,0,0,0
8369,33554432,2,0,0,1.5,0,7,19.2900009,0,0,1,4,37,38,4294967295,4294967295,4294967295,4294967295,0,7,19.2900009,0,0,1,4,37,38,39,0,3.92699003,0,4294967295,4294967295,4294967295,4294967295,4294967295,4294967295,4294967295,0,0,1,0,0,0,33554432,0,0,0,0,0,0,0,0,0,0,0,0
8371,33554437,2,0,0,0,0,7,19.2900009,0,0,1,4,37,38,4294967295,4294967295,4294967295,16,0,7,19.2900009,0,0,1,4,37,38,39,0,0,0,4294967295,4294967295,4294967295,4294967295,4294967295,4294967295,4294967295,0,0,1,0,0,0,33554432,0,0,0,0,0,0,0,0,0,0,0,0
8436,1048583,1,-1.89999998,0,-1.29999995,0,7,19.2900009,0,0,1,4,225,225,131,132,131,132,0,7,19.2900009,0,0,1,4,37,38,39,0,0,0,4294967295,4294967295,4294967295,4294967295,4294967295,4294967295,4294967295,0,0,1,0,0,0,0,0,0,0,0,0,0,0,0,0,0,0,0
8581,34635789,3,0,0,0,0,7,19.2900009,0,0,1,4,37,38,4294967295,102,4294967295,66,0,7,19.2900009,0,0,1,4,37,38,39,0,0,0,4294967295,4294967295,4294967295,4294967295,4294967295,4294967295,4294967295,0,0,1,0,0,0,33554432,0,0,0,0,0,0,0,0,0,0,0,0
8582,34635789,13,0,0.600000024,-0.300000012,0,7,19.2900009,0,0,1,4,37,38,4294967295,102,4294967295,508,0,7,19.2900009,0,0,1,4,37,38,39,0,0,0,4294967295,4294967295,4294967295,4294967295,4294967295,4294967295,4294967295,0,0,1,0,0,0,33554432,0,0,0,0,0,0,0,0,0,0,0,0
8583,34635785,5,1.5,0,-0.5,0,7,19.2900009,0,0,1,4,37,38,4294967295,102,4294967295,40,0,7,19.2900009,0,0,1,4,37,38,39,0,0,0,4294967295,4294967295,4294967295,4294967295,4294967295,4294967295,4294967295,0,0,1,0,0,0,33619968,0,0,0,0,0,0,0,0,0,0,0,0
8584,34635789,3,0,0,0,0,7,19.2900009,0,0,1,4,37,38,4294967295,102,4294967295,17,0,7,19.2900009,0,0,1,4,37,38,39,0,0,0,4294967295,4294967295,4294967295,4294967295,4294967295,4294967295,4294967295,0,0,1,0,0,0,33554432,0,0,0,0,0,0,0,0,0,0,0,0
8585,34635789,13,-0.600000024,0,-0.5,0,7,19.2900009,0,0,1,4,37,38,4294967295,102,4294967295,19,0,7,19.2900009,0,0,1,4,37,38,39,0,0,0,4294967295,4294967295,4294967295,4294967295,4294967295,4294967295,4294967295,0,0,1,0,0,0,33554432,0,0,0,0,0,0,0,0,0,0,0,0
8586,34635785,2,0,0,0,0,7,19.2900009,0,0,1,4,37,38,4294967295,102,4294967295,55,0,7,19.2900009,0,0,1,4,37,38,39,0,0,0,4294967295,4294967295,4294967295,4294967295,4294967295,4294967295,4294967295,0,0,1,0,0,0,33554432,0,0,0,0,0,0,0,0,0,0,0,0
8587,34635789,13,-1.29999995,1.39999998,-0.699999988,0,7,19.2900009,0,0,1,4,37,38,4294967295,102,4294967295,19,0,7,19.2900009,0,0,1,4,37,38,39,0,0,0,4294967295,4294967295,4294967295,4294967295,4294967295,4294967295,4294967295,0,0,1,0,0,0,33554432,0,0,0,0,0,0,0,0,0,0,0,0
8588,34635789,13,0,0.699999988,2,0,7,19.2900009,0,0,1,4,37,38,4294967295,102,4294967295,17,0,7,19.2900009,0,0,1,4,37,38,39,0,3.14159012,0,4294967295,4294967295,4294967295,4294967295,4294967295,4294967295,4294967295,0,0,1,0,0,0,33554432,0,0,0,0,0,0,0,0,0,0,0,0
8800,134291601,13,0,0,0,0.300000012,2,1,0,0,0,0,474,474,4294967295,474,128,123,0,10,10.29,0,0,2,3,121,4294967295,121,0,0,0,20,112,1,42,4294967295,4294967295,4294967295,1,0,1,0,0,0,8784576,0.300000012,3,0,1,0,0,-1,30,0,2,0,0
8858,32782,5,-0.800000012,0,0.5,0,7,19.2900009,0,0,1,4,37,38,4294967295,102,128,91,0,7,19.2900009,0,0,1,4,37,38,39,0,0,0,4294967295,4294967295,4294967295,4294967295,4294967295,4294967295,4294967295,0,0,1,0,0,0,33554432,0,0,0,0,0,0,0,0,0,0,0,0
9019,33587209,10,0,0,0,0,7,19.2900009,0,0,1,4,37,38,4294967295,102,128,123,0,7,19.2900009,0,0,1,4,37,38,39,0,0,0,4294967295,4294967295,4294967295,4294967295,4294967295,4294967295,4294967295,0,0,1,0,0,0,33554432,0,0,0,0,0,0,0,0,0,0,0,0
9020,33587209,10,0,0,0,0,7,19.2900009,0,0,1,4,37,38,4294967295,102,128,123,0,7,19.2900009,0,0,1,4,37,38,39,0,0,0,4294967295,4294967295,4294967295,4294967295,4294967295,4294967295,4294967295,0,0,1,0,0,0,33554432,0,0,0,0,0,0,0,0,0,0,0,0
9021,33587209,10,0,0,0,0,7,19.2900009,0,0,1,4,37,38,4294967295,102,128,123,0,7,19.2900009,0,0,1,4,37,38,39,0,0,0,4294967295,4294967295,4294967295,4294967295,4294967295,4294967295,4294967295,0,0,1,0,0,0,33554432,0,0,0,0,0,0,0,0,0,0,0,0
9090,34635791,4,0,0.0500000007,-0.100000001,0,7,19.2900009,0,0,1,4,37,38,4294967295,102,128,123,0,7,19.2900009,0.5,0.5,1,1,37,38,39,0,-0.261799395,-1.83259571,4294967295,4294967295,4294967295,4294967295,4294967295,4294967295,4294967295,0,0,1,0,0,0,33554434,0,0,0,0,0,0,0,0,0,0,0,0
9095,34635791,4,0.0399999991,0.100000001,-0.0500000007,0,7,19.2900009,0,0,1,4,37,38,4294967295,102,128,123,0,3,19.2900009,0.5,0.5,1,1,37,38,39,0,-0.261799395,-1.83259571,4294967295,4294967295,4294967295,4294967295,4294967295,4294967295,4294967295,0,0,1,0,0,0,33554432,0,0,0,0,0,0,0,0,0,0,0,0
9096,34635791,4,0.109999999,0.0900000036,-0.150000006,0,7,19.2900009,0,0,1,4,37,38,4294967295,102,128,123,0,3,19.2900009,0.5,0.5,1,1,37,38,39,0,-0.261799395,-1.83259571,4294967295,4294967295,4294967295,4294967295,4294967295,4294967295,4294967295,0,0,1,0,0,0,33554432,0,0,0,0,0,0,0,0,0,0,0,0
9097,34635791,4,0,0.00999999978,-0.25,0,7,19.2900009,0,0,1,4,37,38,4294967295,102,128,123,0,3,19.2900009,0.5,0.5,1,1,37,38,39,0,-0.261799395,-1.83259571,4294967295,4294967295,4294967295,4294967295,4294967295,4294967295,4294967295,0,0,1,0,0,0,33554432,0,0,0,0,0,0,0,0,0,0,0,0
9098,34635791,4,-0.150000006,0.0299999993,-0.0500000007,0,7,19.2900009,0,0,1,4,37,38,4294967295,102,128,123,0,3,19.2900009,0.5,0.5,1,1,37,38,39,0,-0.261799395,-1.83259571,4294967295,4294967295,4294967295,4294967295,4294967295,4294967295,4294967295,0,0,1,0,0,0,33554432,0,0,0,0,0,0,0,0,0,0,0,0
9906,3791652870,13,0,0,0,0,7,19.2900009,0,0,1,4,37,38,4294967295,102,128,123,0,7,19.2900009,0,0,1,4,37,38,39,0,0,0,4294967295,4294967295,4294967295,4294967295,4294967295,4294967295,4294967295,0,0,1,0,0,0,2181103632,0,0,0,0,0,0,0,0,0,0,0,0
9907,1074790918,13,0,0,0,0,7,19.2900009,0,0,1,4,37,38,4294967295,102,128,123,0,7,19.2900009,0,0,1,4,37,38,39,0,0,0,4294967295,4294967295,4294967295,4294967295,4294967295,4294967295,4294967295,0,0,0,0,0,0,2181038080,0,0,0,0,0,0,0,0,0,0,0,0
9916,138567680,13,0,0,0,0,7,19.2900009,0,0,1,4,37,38,4294967295,474,128,123,0,7,19.2900009,1.20000005,1.20000005,6,6,40,40,39,0,0,0,34,112,107,111,4294967295,4294967295,4294967295,1,0,1,0,0,0,9309665,0,1,1,1,0,0,0,4,0,15,0,0
9952,1610614787,21,0,0,0.100000001,0,7,19.2900009,0,0,1,4,37,38,4294967295,91,128,123,0,7,19.2900009,0,0,1,4,37,38,39,0,0,0,4294967295,4294967295,4294967295,4294967295,4294967295,4294967295,4294967295,0,0,1,0,0,0,436759553,0,0,0,0,0,0,0,0,0,30,20,0
10134,32783,5,-0.800000012,0,0.5,0,7,19.2900009,0,0,1,4,37,38,4294967295,102,128,91,0,7,19.2900009,0,0,1,4,37,38,39,0,0,0,4294967295,4294967295,4294967295,4294967295,4294967295,4294967295,4294967295,0,0,1,0,0,0,33554432,0,0,0,0,0,0,0,0,0,0,0,0
7696,1611696143,2,0,0,-10,0,7,19.2900009,0,0,0,0,37,38,37,120,112,111,0,7,19.2900009,0,0,0.0500000007,0.100000001,37,38,39,0,0,0,4294967295,4294967295,4294967295,4294967295,4294967295,4294967295,4294967295,0,0,1,17465,0,0,33631744,0,0,0,0,0,0,3,0,0,14,0,0
10200,-570392565,-1,-1.11933,-1.43600,3.07769,0,10,19.29,0.5,1,1,4,37,38,-1,91,128,123,0,10,19.29,0.5,2,1,4,37,38,39,0,0,0,-1,226,107,158,1,1,1,0,0,1,0,0,0,48,0,0,0,0,0,0,0,0,0,0,0,0
10201,-570392565,-1,-1.05240,1.49983,3.15338,0,10,19.29,0.5,1,1,4,37,38,-1,91,128,123,0,10,19.29,0.5,2,1,4,37,38,39,0,0,0,-1,226,107,158,1,1,1,0,0,1,0,0,0,48,0,0,0,0,0,0,0,0,0,0,0,0
10202,-570392565,-1,-1.00514,-1.88608,3.31704,0,10,19.29,0.5,1,1,4,37,38,-1,91,128,123,0,10,19.29,0.5,2,1,4,37,38,39,0,0,0,-1,226,107,158,1,1,1,0,0,1,0,0,0,48,0,0,0,0,0,0,0,0,0,0,0,0
10203,-570392565,-1,-0.94144,1.86619,3.33562,0,10,19.29,0.5,1,1,4,37,38,-1,91,128,123,0,10,19.29,0.5,2,1,4,37,38,39,0,0,0,-1,226,107,158,1,1,1,0,0,1,0,0,0,48,0,0,0,0,0,0,0,0,0,0,0,0
10204,-570392565,-1,-0.19532,2.16692,2.68162,0,10,19.29,0.5,1,1,4,37,38,-1,91,128,123,0,10,19.29,0.5,2,1,4,37,38,39,0,0,0,-1,226,107,158,1,1,1,0,0,1,0,0,0,48,0,0,0,0,0,0,0,0,0,0,0,0
10205,-570392565,-1,-0.14650,-2.21928,2.68497,0,10,19.29,0.5,1,1,4,37,38,-1,91,128,123,0,10,19.29,0.5,2,1,4,37,38,39,0,0,0,-1,226,107,158,1,1,1,0,0,1,0,0,0,48,0,0,0,0,0,0,0,0,0,0,0,0
10206,-570392565,-1,-0.14114,1.74186,2.86352,0,10,19.29,0.5,1,1,4,37,38,-1,91,128,123,0,10,19.29,0.5,2,1,4,37,38,39,0,0,0,-1,226,107,158,1,1,1,0,0,1,0,0,0,48,0,0,0,0,0,0,0,0,0,0,0,0
10207,-570392565,-1,-0.14650,-1.80667,2.92767,0,10,19.29,0.5,1,1,4,37,38,-1,91,128,123,0,10,19.29,0.5,2,1,4,37,38,39,0,0,0,-1,226,107,158,1,1,1,0,0,1,0,0,0,48,0,0,0,0,0,0,0,0,0,0,0,0
10208,-570392565,-1,-0.00000,0.51352,0.76239,0,10,19.29,0.5,1,1,4,37,38,-1,91,128,123,0,10,19.29,0.5,2,1,4,37,38,39,0,0,0,-1,226,107,158,1,1,1,0,0,1,0,0,0,48,0,0,0,0,0,0,0,0,0,0,0,0
10209,-570392565,-1,0.64011,0.47784,0.15777,0,10,19.29,0.5,1,1,4,37,38,-1,91,128,123,0,10,19.29,0.5,2,1,4,37,38,39,0,0,0,-1,226,107,158,1,1,1,0,0,1,0,0,0,48,0,0,0,0,0,0,0,0,0,0,0,0
10210,-570392565,-1,0.64011,-0.47785,0.15777,0,10,19.29,0.5,1,1,4,37,38,-1,91,128,123,0,10,19.29,0.5,2,1,4,37,38,39,0,0,0,-1,226,107,158,1,1,1,0,0,1,0,0,0,48,0,0,0,0,0,0,0,0,0,0,0,0
10211,-570392565,-1,-0.70011,0.00000,0.63326,0,10,19.29,0.5,1,1,4,37,38,-1,91,128,123,0,10,19.29,0.5,2,1,4,37,38,39,0,0,0,-1,226,107,158,1,1,1,0,0,1,0,0,0,48,0,0,0,0,0,0,0,0,0,0,0,0
10212,-570392565,-1,-1.73301,0.00000,0.09031,0,10,19.29,0.5,1,1,4,37,38,-1,91,128,123,0,10,19.29,0.5,2,1,4,37,38,39,0,0,0,-1,226,107,158,1,1,1,0,0,1,0,0,0,48,0,0,0,0,0,0,0,0,0,0,0,0
